transaction_id,customer_id,amount,transaction_type,status,transaction_date
TXN_000001,CUST_0126,93.85,withdrawal,success,2023-11-19
TXN_000002,CUST_0215,602.02,deposit,success,2022-01-12
TXN_000003,CUST_0288,263.35,deposit,success,2023-11-25
TXN_000004,CUST_0280,182.59,transfer,success,2022-10-07
TXN_000005,CUST_0280,33.92,purchase,success,2022-06-07
TXN_000006,CUST_0446,33.92,deposit,success,2023-03-28
TXN_000007,CUST_0380,11.97,transfer,success,2023-01-02
TXN_000008,CUST_0303,402.25,withdrawal,success,2022-07-02
TXN_000009,CUST_0303,183.82,withdrawal,success,2022-08-10
TXN_000010,CUST_0230,246.25,withdrawal,success,2022-02-05
TXN_000011,CUST_0288,4.16,withdrawal,success,2023-11-23
TXN_000012,CUST_0112,700.71,transfer,success,2023-06-30
TXN_000013,CUST_0413,357.29,purchase,fraud,2022-08-10
TXN_000014,CUST_0016,47.74,transfer,success,2023-03-29
TXN_000015,CUST_0347,40.14,purchase,failed,2023-12-15
TXN_000016,CUST_0014,40.52,withdrawal,success,2022-02-18
TXN_000017,CUST_0072,72.55,deposit,success,2023-10-13
TXN_000018,CUST_0014,148.79,deposit,success,2023-06-20
TXN_000019,CUST_0215,113.11,deposit,success,2023-10-19
TXN_000020,CUST_0113,68.84,purchase,success,2023-11-10
TXN_000021,CUST_0102,189.27,withdrawal,success,2023-11-07
TXN_000022,CUST_0048,30.05,transfer,success,2022-04-16
TXN_000023,CUST_0016,69.1,deposit,success,2023-02-04
TXN_000024,CUST_0053,91.26,purchase,success,2023-12-08
TXN_000025,CUST_0367,121.79,deposit,success,2022-11-12
TXN_000026,CUST_0016,307.59,transfer,failed,2023-03-31
TXN_000027,CUST_0230,44.55,withdrawal,success,2022-02-23
TXN_000028,CUST_0058,144.41,transfer,success,2023-09-05
TXN_000029,CUST_0016,179.5,withdrawal,success,2022-01-05
TXN_000030,CUST_0309,9.51,withdrawal,success,2022-02-19
TXN_000031,CUST_0328,187.07,withdrawal,success,2023-01-22
TXN_000032,CUST_0367,37.39,deposit,fraud,2022-07-26
TXN_000033,CUST_0112,13.45,transfer,success,2022-09-13
TXN_000034,CUST_0378,594.74,deposit,fraud,2023-01-19
TXN_000035,CUST_0380,674.13,transfer,success,2022-09-02
TXN_000036,CUST_0389,330.47,purchase,success,2022-07-24
TXN_000037,CUST_0013,72.66,purchase,success,2022-04-04
TXN_000038,CUST_0389,20.56,transfer,success,2022-01-17
TXN_000039,CUST_0112,230.55,transfer,failed,2023-03-08
TXN_000040,CUST_0112,116.02,transfer,success,2022-01-29
TXN_000041,CUST_0259,26.03,transfer,success,2022-01-15
TXN_000042,CUST_0280,136.71,withdrawal,success,2022-12-12
TXN_000043,CUST_0328,7.0,deposit,success,2022-07-16
TXN_000044,CUST_0053,480.08,withdrawal,success,2023-11-28
TXN_000045,CUST_0415,59.89,deposit,success,2023-11-17
TXN_000046,CUST_0048,217.25,deposit,success,2022-03-06
TXN_000047,CUST_0380,74.71,deposit,success,2022-08-14
TXN_000048,CUST_0378,146.82,withdrawal,success,2022-04-09
TXN_000049,CUST_0115,158.24,transfer,success,2023-11-12
TXN_000050,CUST_0013,40.88,withdrawal,success,2022-06-21
TXN_000051,CUST_0367,698.56,withdrawal,failed,2022-06-21
TXN_000052,CUST_0058,298.45,deposit,success,2022-02-15
TXN_000053,CUST_0045,561.02,purchase,success,2023-03-02
TXN_000054,CUST_0058,450.43,purchase,failed,2023-06-09
TXN_000055,CUST_0014,182.21,withdrawal,success,2022-04-21
TXN_000056,CUST_0280,509.89,deposit,success,2022-12-01
TXN_000057,CUST_0413,18.53,withdrawal,success,2022-11-27
TXN_000058,CUST_0017,43.63,withdrawal,success,2023-07-30
TXN_000059,CUST_0413,9.26,transfer,success,2023-10-04
TXN_000060,CUST_0004,78.71,deposit,success,2022-07-14
TXN_000061,CUST_0113,98.43,purchase,success,2023-10-02
TXN_000062,CUST_0217,63.31,purchase,success,2022-08-01
TXN_000063,CUST_0112,352.91,purchase,success,2023-07-09
TXN_000064,CUST_0143,88.25,withdrawal,success,2023-02-09
TXN_000065,CUST_0058,65.96,deposit,success,2023-03-15
TXN_000066,CUST_0217,156.48,transfer,success,2022-05-04
TXN_000067,CUST_0333,30.38,purchase,success,2022-08-26
TXN_000068,CUST_0259,324.1,deposit,success,2022-08-07
TXN_000069,CUST_0013,15.5,purchase,success,2022-04-19
TXN_000070,CUST_0072,866.83,transfer,fraud,2023-01-01
TXN_000071,CUST_0102,295.9,deposit,fraud,2022-11-28
TXN_000072,CUST_0457,44.31,withdrawal,success,2022-06-27
TXN_000073,CUST_0380,1.11,withdrawal,success,2022-01-16
TXN_000074,CUST_0309,337.98,purchase,success,2023-02-16
TXN_000075,CUST_0347,245.42,purchase,fraud,2023-11-01
TXN_000076,CUST_0309,261.13,deposit,success,2022-11-20
TXN_000077,CUST_0058,295.04,transfer,success,2022-01-13
TXN_000078,CUST_0360,15.39,purchase,success,2023-02-03
TXN_000079,CUST_0016,88.78,deposit,success,2022-08-06
TXN_000080,CUST_0302,24.63,transfer,success,2023-04-15
TXN_000081,CUST_0389,397.71,purchase,success,2022-08-14
TXN_000082,CUST_0113,195.26,purchase,success,2022-03-09
TXN_000083,CUST_0230,80.36,deposit,success,2023-11-05
TXN_000084,CUST_0303,13.13,purchase,success,2022-10-13
TXN_000085,CUST_0048,74.5,withdrawal,success,2023-10-28
TXN_000086,CUST_0016,78.66,transfer,success,2023-10-01
TXN_000087,CUST_0004,261.58,transfer,success,2023-01-13
TXN_000088,CUST_0014,202.98,withdrawal,success,2022-02-14
TXN_000089,CUST_0120,436.45,deposit,success,2022-03-10
TXN_000090,CUST_0333,127.81,withdrawal,success,2022-08-12
TXN_000091,CUST_0378,25.47,withdrawal,success,2023-02-25
TXN_000092,CUST_0048,249.83,transfer,success,2022-11-05
TXN_000093,CUST_0303,286.08,deposit,success,2023-09-06
TXN_000094,CUST_0389,164.78,purchase,success,2023-05-27
TXN_000095,CUST_0347,294.78,withdrawal,success,2022-04-15
TXN_000096,CUST_0013,136.16,withdrawal,success,2023-12-31
TXN_000097,CUST_0328,147.94,deposit,success,2023-07-04
TXN_000098,CUST_0113,111.56,withdrawal,success,2023-08-06
TXN_000099,CUST_0113,5.15,deposit,success,2022-06-25
TXN_000100,CUST_0102,22.83,purchase,success,2022-09-15
TXN_000101,CUST_0120,6.39,deposit,success,2022-04-08
TXN_000102,CUST_0014,202.35,purchase,success,2023-09-07
TXN_000103,CUST_0280,75.48,deposit,success,2022-11-29
TXN_000104,CUST_0045,142.09,withdrawal,success,2023-10-09
TXN_000105,CUST_0013,476.25,purchase,failed,2023-12-15
TXN_000106,CUST_0347,57.35,withdrawal,failed,2023-02-02
TXN_000107,CUST_0053,105.66,purchase,success,2023-11-26
TXN_000108,CUST_0259,281.75,deposit,success,2023-12-12
TXN_000109,CUST_0013,51.96,deposit,success,2022-05-17
TXN_000110,CUST_0309,16.02,deposit,success,2022-12-07
TXN_000111,CUST_0367,68.43,transfer,success,2022-06-29
TXN_000112,CUST_0045,35.16,transfer,success,2023-10-13
TXN_000113,CUST_0303,530.99,purchase,fraud,2023-12-06
TXN_000114,CUST_0143,330.18,transfer,success,2022-11-22
TXN_000115,CUST_0347,200.7,deposit,success,2023-11-14
TXN_000116,CUST_0280,410.3,transfer,success,2023-05-09
TXN_000117,CUST_0446,325.59,transfer,success,2022-03-11
TXN_000118,CUST_0126,41.3,withdrawal,failed,2022-12-10
TXN_000119,CUST_0302,446.16,purchase,success,2022-01-19
TXN_000120,CUST_0309,155.02,purchase,success,2023-09-16
TXN_000121,CUST_0230,329.47,purchase,success,2023-08-23
TXN_000122,CUST_0013,452.85,transfer,success,2023-04-05
TXN_000123,CUST_0016,76.55,deposit,success,2023-01-27
TXN_000124,CUST_0302,23.32,withdrawal,success,2023-06-08
TXN_000125,CUST_0143,51.74,purchase,success,2023-10-18
TXN_000126,CUST_0215,111.41,transfer,success,2022-08-27
TXN_000127,CUST_0014,340.77,deposit,success,2023-05-31
TXN_000128,CUST_0112,394.27,withdrawal,success,2023-08-25
TXN_000129,CUST_0014,1.4,withdrawal,failed,2023-12-23
TXN_000130,CUST_0415,142.98,purchase,success,2022-01-14
TXN_000131,CUST_0303,108.05,purchase,success,2022-08-27
TXN_000132,CUST_0217,50.23,deposit,fraud,2022-01-22
TXN_000133,CUST_0115,25.54,transfer,fraud,2023-09-24
TXN_000134,CUST_0217,82.38,deposit,success,2022-05-08
TXN_000135,CUST_0303,572.62,purchase,success,2022-11-13
TXN_000136,CUST_0302,78.08,deposit,success,2022-08-31
TXN_000137,CUST_0415,146.29,transfer,success,2023-03-15
TXN_000138,CUST_0115,242.82,withdrawal,success,2022-09-07
TXN_000139,CUST_0259,90.39,withdrawal,success,2023-09-27
TXN_000140,CUST_0217,713.56,withdrawal,success,2022-03-23
TXN_000141,CUST_0017,656.4,withdrawal,success,2022-03-03
TXN_000142,CUST_0217,58.01,purchase,fraud,2022-05-21
TXN_000143,CUST_0004,137.53,purchase,success,2023-01-19
TXN_000144,CUST_0380,71.59,transfer,success,2023-05-26
TXN_000145,CUST_0230,67.05,transfer,success,2022-10-31
TXN_000146,CUST_0072,7.52,transfer,fraud,2022-07-26
TXN_000147,CUST_0048,188.1,transfer,success,2022-06-05
TXN_000148,CUST_0333,139.7,deposit,success,2023-01-20
TXN_000149,CUST_0360,10.57,transfer,fraud,2022-07-29
TXN_000150,CUST_0126,65.33,withdrawal,success,2023-10-20
TXN_000151,CUST_0045,477.77,withdrawal,success,2022-02-08
TXN_000152,CUST_0115,54.77,withdrawal,failed,2022-09-01
TXN_000153,CUST_0413,31.31,deposit,fraud,2023-09-05
TXN_000154,CUST_0115,134.45,transfer,success,2023-03-31
TXN_000155,CUST_0333,848.81,withdrawal,success,2022-12-03
TXN_000156,CUST_0347,55.43,withdrawal,success,2022-05-18
TXN_000157,CUST_0415,223.03,withdrawal,success,2022-10-12
TXN_000158,CUST_0115,286.78,withdrawal,success,2022-11-22
TXN_000159,CUST_0215,54.27,purchase,success,2023-10-22
TXN_000160,CUST_0457,260.55,transfer,success,2022-02-10
TXN_000161,CUST_0014,91.7,transfer,success,2023-06-18
TXN_000162,CUST_0360,200.1,deposit,success,2023-03-01
TXN_000163,CUST_0217,200.77,purchase,success,2023-10-26
TXN_000164,CUST_0347,153.48,deposit,success,2022-10-23
TXN_000165,CUST_0288,18.93,withdrawal,success,2022-01-25
TXN_000166,CUST_0259,360.73,deposit,success,2022-08-23
TXN_000167,CUST_0378,77.36,withdrawal,success,2022-12-06
TXN_000168,CUST_0143,41.29,withdrawal,success,2022-12-17
TXN_000169,CUST_0415,8.33,transfer,success,2022-09-06
TXN_000170,CUST_0389,178.76,transfer,success,2022-07-30
TXN_000171,CUST_0360,226.37,transfer,success,2023-07-07
TXN_000172,CUST_0045,3.35,transfer,success,2022-02-25
TXN_000173,CUST_0016,143.53,transfer,success,2023-11-12
TXN_000174,CUST_0048,51.36,purchase,success,2022-09-12
TXN_000175,CUST_0413,207.22,transfer,fraud,2023-12-05
TXN_000176,CUST_0378,38.32,deposit,success,2023-12-14
TXN_000177,CUST_0141,234.84,withdrawal,success,2022-08-16
TXN_000178,CUST_0016,97.79,transfer,success,2023-09-15
TXN_000179,CUST_0112,552.07,purchase,success,2023-01-26
TXN_000180,CUST_0457,29.59,deposit,success,2023-06-18
TXN_000181,CUST_0053,83.43,deposit,success,2022-11-26
TXN_000182,CUST_0115,24.09,withdrawal,success,2022-07-07
TXN_000183,CUST_0120,517.24,deposit,success,2023-03-29
TXN_000184,CUST_0048,419.67,deposit,success,2023-10-07
TXN_000185,CUST_0143,59.67,deposit,success,2022-01-07
TXN_000186,CUST_0230,215.75,deposit,success,2022-03-08
TXN_000187,CUST_0389,339.9,purchase,success,2023-05-19
TXN_000188,CUST_0217,162.03,withdrawal,success,2022-03-13
TXN_000189,CUST_0045,150.86,transfer,success,2022-07-17
TXN_000190,CUST_0415,55.38,deposit,success,2022-02-23
TXN_000191,CUST_0014,19.55,purchase,fraud,2023-10-12
TXN_000192,CUST_0141,455.02,withdrawal,success,2022-05-25
TXN_000193,CUST_0378,461.35,transfer,success,2022-07-29
TXN_000194,CUST_0004,200.53,withdrawal,success,2022-05-09
TXN_000195,CUST_0302,82.81,purchase,success,2022-04-04
TXN_000196,CUST_0143,85.91,purchase,success,2022-06-27
TXN_000197,CUST_0115,258.89,purchase,success,2023-08-30
TXN_000198,CUST_0347,454.82,deposit,fraud,2023-07-17
TXN_000199,CUST_0347,436.23,purchase,success,2022-07-29
TXN_000200,CUST_0280,302.71,transfer,success,2022-08-30
TXN_000201,CUST_0014,205.46,deposit,success,2023-06-04
TXN_000202,CUST_0380,17.58,withdrawal,success,2022-03-22
TXN_000203,CUST_0367,35.26,transfer,success,2023-03-13
TXN_000204,CUST_0014,457.65,deposit,success,2023-04-24
TXN_000205,CUST_0413,186.5,purchase,success,2022-11-15
TXN_000206,CUST_0415,1.85,withdrawal,success,2022-06-18
TXN_000207,CUST_0115,21.4,purchase,success,2022-07-22
TXN_000208,CUST_0217,217.83,transfer,success,2022-09-08
TXN_000209,CUST_0141,1.01,transfer,success,2023-03-11
TXN_000210,CUST_0415,35.06,deposit,success,2022-06-30
TXN_000211,CUST_0113,159.14,transfer,fraud,2023-09-13
TXN_000212,CUST_0367,235.46,withdrawal,success,2022-09-12
TXN_000213,CUST_0413,211.09,deposit,failed,2022-11-07
TXN_000214,CUST_0328,50.79,withdrawal,success,2022-10-20
TXN_000215,CUST_0004,249.08,purchase,success,2023-08-14
TXN_000216,CUST_0367,54.16,withdrawal,success,2023-04-05
TXN_000217,CUST_0048,78.73,withdrawal,failed,2023-10-13
TXN_000218,CUST_0014,274.47,transfer,success,2022-07-26
TXN_000219,CUST_0112,209.75,purchase,success,2022-10-06
TXN_000220,CUST_0013,378.39,transfer,success,2023-05-08
TXN_000221,CUST_0413,214.36,purchase,failed,2022-03-23
TXN_000222,CUST_0217,168.01,purchase,fraud,2023-01-04
TXN_000223,CUST_0380,19.67,withdrawal,fraud,2023-02-12
TXN_000224,CUST_0302,91.68,transfer,fraud,2023-01-22
TXN_000225,CUST_0347,61.63,withdrawal,success,2022-06-21
TXN_000226,CUST_0115,55.94,withdrawal,success,2023-04-28
TXN_000227,CUST_0378,722.46,withdrawal,success,2023-03-28
TXN_000228,CUST_0112,99.88,purchase,success,2023-03-09
TXN_000229,CUST_0053,445.21,transfer,success,2023-06-02
TXN_000230,CUST_0045,199.47,transfer,failed,2023-09-17
TXN_000231,CUST_0143,316.77,withdrawal,success,2023-03-20
TXN_000232,CUST_0230,139.69,purchase,success,2022-06-09
TXN_000233,CUST_0217,172.03,transfer,fraud,2023-05-09
TXN_000234,CUST_0413,135.66,deposit,success,2022-01-21
TXN_000235,CUST_0004,43.44,transfer,success,2023-01-26
TXN_000236,CUST_0102,256.35,withdrawal,success,2023-03-14
TXN_000237,CUST_0143,65.92,deposit,success,2022-03-27
TXN_000238,CUST_0309,4.92,purchase,success,2022-11-04
TXN_000239,CUST_0004,207.39,deposit,success,2023-09-02
TXN_000240,CUST_0347,38.99,deposit,success,2023-07-05
TXN_000241,CUST_0415,564.22,withdrawal,fraud,2022-06-06
TXN_000242,CUST_0413,615.51,transfer,success,2023-07-21
TXN_000243,CUST_0126,492.7,purchase,success,2022-06-29
TXN_000244,CUST_0120,92.46,deposit,fraud,2022-09-21
TXN_000245,CUST_0230,3.12,withdrawal,success,2023-01-25
TXN_000246,CUST_0141,527.1,transfer,success,2023-04-20
TXN_000247,CUST_0288,111.79,deposit,success,2022-11-10
TXN_000248,CUST_0112,680.17,withdrawal,success,2023-04-10
TXN_000249,CUST_0126,662.75,withdrawal,success,2022-10-18
TXN_000250,CUST_0230,383.48,withdrawal,success,2023-01-20
TXN_000251,CUST_0215,69.76,purchase,success,2023-07-30
TXN_000252,CUST_0309,97.26,transfer,success,2023-09-13
TXN_000253,CUST_0215,380.95,deposit,success,2023-05-08
TXN_000254,CUST_0415,76.23,transfer,success,2022-03-15
TXN_000255,CUST_0014,37.14,transfer,success,2022-12-08
TXN_000256,CUST_0053,162.75,deposit,fraud,2022-05-20
TXN_000257,CUST_0112,550.26,transfer,success,2023-04-26
TXN_000258,CUST_0413,238.17,purchase,success,2022-07-20
TXN_000259,CUST_0333,168.82,deposit,success,2022-06-08
TXN_000260,CUST_0072,20.45,deposit,success,2022-07-14
TXN_000261,CUST_0217,190.91,withdrawal,success,2022-01-05
TXN_000262,CUST_0302,922.11,transfer,success,2022-01-14
TXN_000263,CUST_0389,30.18,deposit,success,2023-05-28
TXN_000264,CUST_0215,146.1,deposit,success,2023-01-19
TXN_000265,CUST_0457,419.72,purchase,success,2023-05-19
TXN_000266,CUST_0446,270.01,withdrawal,success,2023-02-19
TXN_000267,CUST_0058,238.81,deposit,success,2023-03-02
TXN_000268,CUST_0347,242.46,purchase,success,2023-02-09
TXN_000269,CUST_0367,89.1,deposit,success,2023-01-18
TXN_000270,CUST_0347,69.51,deposit,success,2023-01-29
TXN_000271,CUST_0016,331.47,deposit,success,2023-05-17
TXN_000272,CUST_0380,332.27,purchase,success,2022-11-12
TXN_000273,CUST_0126,403.59,transfer,success,2023-10-19
TXN_000274,CUST_0045,488.92,deposit,success,2023-08-26
TXN_000275,CUST_0457,143.22,deposit,success,2022-03-14
TXN_000276,CUST_0457,139.24,transfer,success,2023-02-23
TXN_000277,CUST_0446,320.19,deposit,success,2022-02-09
TXN_000278,CUST_0004,209.94,withdrawal,success,2022-05-08
TXN_000279,CUST_0058,242.11,deposit,success,2023-01-30
TXN_000280,CUST_0389,317.72,withdrawal,fraud,2023-08-03
TXN_000281,CUST_0288,441.46,transfer,fraud,2022-06-16
TXN_000282,CUST_0333,82.5,purchase,success,2022-07-18
TXN_000283,CUST_0380,94.19,transfer,fraud,2023-03-23
TXN_000284,CUST_0230,19.74,deposit,success,2022-09-19
TXN_000285,CUST_0053,172.68,withdrawal,success,2022-12-23
TXN_000286,CUST_0280,7.32,purchase,success,2023-06-06
,CUST_0215,125.32,deposit,success,2023-12-28
TXN_000288,CUST_0303,156.46,purchase,failed,2023-05-16
TXN_000289,CUST_0413,67.53,purchase,success,2023-10-13
TXN_000290,CUST_0217,178.73,deposit,fraud,2023-12-07
TXN_000291,CUST_0280,6.2,transfer,success,2023-01-13
TXN_000292,CUST_0115,7.61,deposit,success,2023-12-15
TXN_000293,CUST_0389,345.87,deposit,success,2022-03-01
TXN_000294,CUST_0120,89.32,transfer,success,2023-10-29
TXN_000295,CUST_0328,27.18,withdrawal,success,2023-01-30
TXN_000296,CUST_0017,147.73,deposit,success,2023-03-11
TXN_000297,CUST_0302,293.93,purchase,fraud,2022-09-10
TXN_000298,CUST_0415,48.62,deposit,success,2022-09-06
TXN_000299,CUST_0288,195.04,deposit,success,2023-05-05
TXN_000300,CUST_0333,17.84,purchase,success,2022-02-05
TXN_000301,CUST_0016,10.61,transfer,fraud,2023-01-06
TXN_000302,CUST_0302,151.58,withdrawal,success,2023-10-09
TXN_000303,CUST_0141,155.58,withdrawal,success,2023-12-25
TXN_000304,CUST_0215,202.91,purchase,success,2023-11-24
TXN_000305,CUST_0380,258.99,transfer,success,2022-01-29
TXN_000306,CUST_0446,744.71,deposit,success,2023-12-16
TXN_000307,CUST_0014,145.26,deposit,success,2023-11-13
TXN_000308,CUST_0302,78.0,deposit,fraud,2023-10-23
TXN_000309,CUST_0120,317.13,deposit,failed,2022-06-01
TXN_000310,CUST_0053,63.17,deposit,success,2022-09-25
TXN_000311,CUST_0230,115.6,purchase,fraud,2023-09-12
TXN_000312,CUST_0347,16.34,deposit,success,2023-04-12
TXN_000313,CUST_0380,5.14,deposit,success,2023-11-29
TXN_000314,CUST_0333,657.48,transfer,success,2022-05-31
TXN_000315,CUST_0259,361.55,deposit,success,2022-09-18
TXN_000316,CUST_0378,238.13,withdrawal,success,2022-09-11
TXN_000317,CUST_0004,105.17,purchase,success,2023-09-09
TXN_000318,CUST_0004,38.06,purchase,success,2023-08-16
TXN_000319,CUST_0048,34.02,purchase,success,2023-11-10
TXN_000320,CUST_0259,57.6,withdrawal,success,2022-06-15
TXN_000321,CUST_0413,159.36,deposit,success,2022-01-13
TXN_000322,CUST_0120,250.77,purchase,success,2022-04-30
TXN_000323,CUST_0126,215.88,withdrawal,success,2022-04-05
TXN_000324,CUST_0302,65.68,transfer,failed,2023-10-22
TXN_000325,CUST_0014,619.62,deposit,success,2023-12-30
TXN_000326,CUST_0102,267.8,withdrawal,success,2023-01-29
TXN_000327,CUST_0280,161.65,deposit,success,2023-02-12
TXN_000328,CUST_0457,189.21,transfer,success,2023-12-25
TXN_000329,CUST_0053,108.81,withdrawal,fraud,2023-08-24
TXN_000330,CUST_0280,56.93,deposit,success,2022-03-24
TXN_000331,CUST_0115,88.0,withdrawal,success,2023-06-15
TXN_000332,CUST_0072,283.64,purchase,fraud,2022-07-13
TXN_000333,CUST_0215,2.9,deposit,success,2023-03-10
TXN_000334,CUST_0072,24.68,withdrawal,success,2022-06-19
TXN_000335,CUST_0013,9.42,purchase,success,2023-03-14
TXN_000336,CUST_0413,8.32,transfer,success,2022-09-16
TXN_000337,CUST_0389,386.84,deposit,success,2023-12-10
TXN_000338,CUST_0058,243.25,deposit,success,2022-11-06
TXN_000339,CUST_0389,128.56,transfer,success,2023-05-28
TXN_000340,CUST_0004,20.59,purchase,success,2023-06-30
TXN_000341,CUST_0045,135.3,transfer,success,2023-11-06
TXN_000342,CUST_0115,128.29,deposit,success,2023-01-27
TXN_000343,CUST_0014,38.04,withdrawal,success,2023-08-24
TXN_000344,CUST_0215,113.78,purchase,success,2022-11-12
TXN_000345,CUST_0013,101.67,purchase,success,2023-02-26
TXN_000346,CUST_0017,191.34,purchase,success,2022-04-02
TXN_000347,CUST_0457,201.62,transfer,success,2022-04-22
TXN_000348,CUST_0126,9.27,transfer,success,2023-10-14
TXN_000349,CUST_0413,93.88,withdrawal,success,2023-08-10
TXN_000350,CUST_0303,196.62,withdrawal,success,2022-12-19
TXN_000351,CUST_0217,139.89,purchase,success,2022-05-27
TXN_000352,CUST_0389,388.27,withdrawal,success,2022-10-03
TXN_000353,CUST_0378,214.99,transfer,success,2022-08-03
TXN_000354,CUST_0014,35.57,withdrawal,fraud,2023-02-12
TXN_000355,CUST_0004,14.64,transfer,success,2023-12-17
TXN_000356,CUST_0367,205.68,withdrawal,success,2022-11-12
TXN_000357,CUST_0120,5.37,deposit,success,2022-01-07
TXN_000358,CUST_0280,176.27,transfer,fraud,2022-06-22
TXN_000359,CUST_0309,563.45,deposit,success,2023-05-19
TXN_000360,CUST_0102,171.36,transfer,success,2022-01-02
TXN_000361,CUST_0004,98.26,withdrawal,failed,2022-04-10
TXN_000362,CUST_0367,206.17,deposit,success,2022-03-13
TXN_000363,CUST_0413,122.59,withdrawal,success,2023-12-15
TXN_000364,CUST_0333,157.76,transfer,success,2023-03-04
TXN_000365,CUST_0389,567.63,deposit,success,2023-06-22
TXN_000366,CUST_0413,97.59,purchase,success,2023-03-03
TXN_000367,CUST_0302,649.82,withdrawal,failed,2023-11-02
TXN_000368,CUST_0048,471.52,transfer,success,2022-10-23
TXN_000369,CUST_0347,43.58,deposit,success,2023-03-18
TXN_000370,CUST_0288,14.38,withdrawal,success,2022-06-24
TXN_000371,CUST_0215,21.25,deposit,success,2022-06-30
TXN_000372,CUST_0017,3.68,withdrawal,success,2023-01-19
TXN_000373,CUST_0004,19.84,withdrawal,success,2022-07-10
TXN_000374,CUST_0360,229.77,withdrawal,success,2023-12-22
TXN_000375,CUST_0120,14.77,deposit,success,2022-05-18
TXN_000376,CUST_0045,76.83,deposit,success,2022-07-22
TXN_000377,CUST_0112,372.71,withdrawal,success,2023-05-14
TXN_000378,CUST_0045,4.71,purchase,success,2022-07-06
TXN_000379,CUST_0017,336.91,purchase,success,2023-05-30
TXN_000380,CUST_0230,66.22,purchase,success,2022-04-23
TXN_000381,CUST_0303,25.15,transfer,failed,2023-04-07
TXN_000382,CUST_0303,238.63,purchase,success,2023-08-04
TXN_000383,CUST_0309,198.28,deposit,success,2022-08-06
TXN_000384,CUST_0230,419.88,purchase,success,2022-07-10
TXN_000385,CUST_0112,265.66,deposit,fraud,2022-07-25
TXN_000386,CUST_0115,325.4,transfer,success,2022-03-02
TXN_000387,CUST_0120,66.27,deposit,success,2022-07-07
TXN_000388,CUST_0048,39.07,deposit,success,2022-07-16
TXN_000389,CUST_0113,277.75,deposit,success,2022-09-23
TXN_000390,CUST_0230,328.84,purchase,failed,2023-02-23
TXN_000391,CUST_0143,931.4,withdrawal,success,2023-03-28
TXN_000392,CUST_0058,106.42,deposit,success,2023-10-04
TXN_000393,CUST_0230,93.05,purchase,success,2023-10-02
TXN_000394,CUST_0045,299.59,purchase,success,2022-04-22
TXN_000395,CUST_0259,83.35,purchase,fraud,2023-10-14
TXN_000396,CUST_0367,534.03,withdrawal,success,2022-06-20
TXN_000397,CUST_0004,390.97,withdrawal,success,2022-03-23
TXN_000398,CUST_0259,112.07,withdrawal,success,2022-10-28
TXN_000399,CUST_0115,277.96,withdrawal,success,2022-03-29
TXN_000400,CUST_0230,280.93,transfer,success,2023-01-22
TXN_000401,CUST_0058,21.77,withdrawal,success,2022-05-08
TXN_000402,CUST_0378,465.69,withdrawal,success,2022-10-11
TXN_000403,CUST_0328,140.74,withdrawal,success,2022-03-07
TXN_000404,CUST_0143,350.27,deposit,success,2022-12-17
TXN_000405,CUST_0112,77.15,deposit,fraud,2022-01-31
TXN_000406,CUST_0328,451.76,withdrawal,success,2023-08-23
TXN_000407,CUST_0120,98.6,transfer,success,2022-08-29
TXN_000408,CUST_0378,2.18,deposit,success,2023-05-05
TXN_000409,CUST_0230,471.58,purchase,success,2023-05-12
TXN_000410,CUST_0072,19.15,deposit,success,2023-11-20
TXN_000411,CUST_0113,76.93,purchase,success,2022-04-14
TXN_000412,CUST_0413,599.39,deposit,success,2022-01-10
TXN_000413,CUST_0016,601.59,withdrawal,failed,2022-03-04
TXN_000414,CUST_0380,170.4,deposit,success,2022-09-30
TXN_000415,CUST_0115,199.85,withdrawal,success,2022-01-08
TXN_000416,CUST_0058,119.0,withdrawal,success,2023-11-13
TXN_000417,CUST_0053,69.4,deposit,success,2023-08-20
TXN_000418,CUST_0259,79.7,purchase,success,2022-02-12
TXN_000419,CUST_0126,223.26,purchase,success,2022-04-10
TXN_000420,CUST_0333,279.17,deposit,success,2022-08-05
TXN_000421,CUST_0102,313.64,withdrawal,success,2023-06-19
TXN_000422,CUST_0446,311.77,purchase,success,2022-01-08
TXN_000423,CUST_0259,19.13,transfer,success,2023-01-20
TXN_000424,CUST_0309,136.41,withdrawal,success,2023-09-10
TXN_000425,CUST_0016,11.86,deposit,fraud,2023-06-17
TXN_000426,CUST_0120,159.49,withdrawal,success,2022-09-30
TXN_000427,CUST_0058,116.51,transfer,success,2023-05-13
TXN_000428,CUST_0389,437.32,transfer,success,2023-04-30
TXN_000429,CUST_0333,86.44,purchase,failed,2022-12-12
TXN_000430,CUST_0280,24.9,transfer,success,2023-09-11
TXN_000431,CUST_0328,30.86,withdrawal,success,2023-03-16
TXN_000432,CUST_0378,286.69,purchase,fraud,2022-12-11
TXN_000433,CUST_0004,192.58,transfer,success,2023-01-15
TXN_000434,CUST_0113,21.32,purchase,success,2023-11-30
TXN_000435,CUST_0102,17.57,purchase,success,2022-12-18
TXN_000436,CUST_0053,241.44,deposit,success,2022-11-19
TXN_000437,CUST_0413,15.11,purchase,success,2022-09-03
TXN_000438,CUST_0143,345.04,purchase,success,2023-01-05
TXN_000439,CUST_0141,245.0,transfer,success,2023-11-13
TXN_000440,CUST_0360,16.97,withdrawal,success,2023-02-13
TXN_000441,CUST_0367,17.73,withdrawal,failed,2023-01-23
TXN_000442,CUST_0328,863.09,transfer,success,2023-09-18
TXN_000443,CUST_0120,93.77,withdrawal,success,2022-02-28
TXN_000444,CUST_0217,92.61,purchase,success,2022-12-31
TXN_000445,CUST_0328,335.12,deposit,success,2022-12-05
TXN_000446,CUST_0045,588.43,purchase,success,2022-04-13
TXN_000447,CUST_0302,853.75,purchase,success,2022-01-04
TXN_000448,CUST_0141,279.98,deposit,success,2023-04-13
TXN_000449,CUST_0215,94.4,transfer,success,2023-12-17
TXN_000450,CUST_0126,17.44,purchase,success,2023-02-16
TXN_000451,CUST_0115,300.25,purchase,success,2022-05-23
TXN_000452,CUST_0126,163.47,transfer,success,2022-01-27
TXN_000453,CUST_0014,110.41,purchase,fraud,2023-09-09
TXN_006420,CUST_0309,473.65,purchase,success,2022-05-06
TXN_000455,CUST_0303,23.58,withdrawal,success,2023-06-28
TXN_000456,CUST_0013,135.7,transfer,success,2022-10-14
TXN_000457,CUST_0309,2.28,purchase,failed,2023-12-18
TXN_000458,CUST_0280,126.47,purchase,success,2022-09-12
TXN_000459,CUST_0215,11.59,deposit,success,2023-01-13
TXN_000460,CUST_0112,25.3,deposit,success,2023-04-08
TXN_000461,CUST_0288,25.01,deposit,success,2023-09-26
TXN_000462,CUST_0048,209.51,purchase,success,2023-12-04
TXN_000463,CUST_0141,274.12,purchase,success,2023-11-06
TXN_000464,CUST_0004,175.11,deposit,success,2023-05-02
TXN_000465,CUST_0016,654.94,withdrawal,success,2023-06-12
TXN_000466,CUST_0389,93.96,withdrawal,success,2023-02-28
TXN_000467,CUST_0367,67.29,withdrawal,failed,2023-11-08
TXN_000468,CUST_0048,405.9,withdrawal,success,2022-07-12
TXN_000469,CUST_0017,50.62,transfer,success,2022-01-04
TXN_000470,CUST_0360,660.57,deposit,success,2023-10-16
TXN_000471,CUST_0115,2.45,purchase,success,2022-11-26
TXN_000472,CUST_0457,700.51,deposit,success,2022-01-18
TXN_000473,CUST_0141,8.82,withdrawal,success,2023-10-11
TXN_000474,CUST_0115,443.54,purchase,success,2023-01-04
TXN_000475,CUST_0303,150.03,transfer,success,2022-02-16
TXN_000476,CUST_0259,991.37,deposit,success,2022-11-30
TXN_000477,CUST_0143,15.33,purchase,success,2023-11-26
TXN_000478,CUST_0048,161.42,purchase,success,2023-03-31
TXN_000479,CUST_0215,696.72,withdrawal,fraud,2022-08-28
TXN_000480,CUST_0120,148.09,withdrawal,success,2023-09-14
TXN_000481,CUST_0415,198.53,deposit,success,2023-05-12
TXN_000482,CUST_0053,237.98,transfer,success,2023-02-14
TXN_000483,CUST_0115,121.23,purchase,success,2023-09-20
TXN_000484,CUST_0004,197.53,withdrawal,success,2022-03-25
TXN_000485,CUST_0217,175.57,deposit,success,2022-12-23
TXN_000486,CUST_0215,462.85,withdrawal,success,2023-03-15
TXN_000487,CUST_0016,9.3,deposit,failed,2023-05-03
TXN_000488,CUST_0389,65.97,withdrawal,success,2023-11-06
TXN_000489,CUST_0347,600.8,transfer,success,2023-12-18
TXN_000490,CUST_0141,441.94,purchase,success,2022-04-13
TXN_000491,CUST_0347,121.64,withdrawal,success,2023-01-30
TXN_000492,CUST_0113,193.59,purchase,success,2022-10-28
TXN_000493,CUST_0288,64.97,deposit,success,2023-09-14
TXN_000494,CUST_0413,41.68,transfer,success,2022-07-19
TXN_000495,CUST_0120,124.61,purchase,success,2023-12-31
TXN_000496,CUST_0141,87.19,withdrawal,success,2022-05-27
TXN_000497,CUST_0309,175.25,purchase,success,2023-06-17
TXN_000498,CUST_0141,16.18,purchase,success,2023-08-09
TXN_000499,CUST_0280,732.99,deposit,success,2023-06-01
TXN_000500,CUST_0112,856.77,transfer,failed,2022-02-02
TXN_000501,CUST_0112,239.57,transfer,fraud,2022-05-11
TXN_000502,CUST_0017,153.62,purchase,success,2023-05-25
TXN_000503,CUST_0360,74.08,purchase,success,2022-03-31
TXN_000504,CUST_0115,336.18,deposit,fraud,2022-11-05
TXN_000505,CUST_0302,230.87,purchase,success,2023-11-21
TXN_000506,CUST_0048,35.49,deposit,success,2023-07-16
TXN_000507,CUST_0017,483.66,transfer,success,2023-04-24
TXN_000508,CUST_0217,345.8,transfer,success,2022-06-22
TXN_000509,CUST_0013,598.35,deposit,success,2023-04-02
TXN_000510,CUST_0112,258.72,purchase,success,2022-04-29
TXN_000511,CUST_0143,190.08,transfer,success,2023-05-09
TXN_000512,CUST_0058,108.34,withdrawal,success,2023-11-10
TXN_000513,CUST_0141,539.8,deposit,failed,2023-07-08
TXN_000514,CUST_0126,402.08,transfer,success,2022-09-04
TXN_000515,CUST_0259,9.25,transfer,success,2022-09-07
TXN_000516,CUST_0115,5.34,transfer,success,2022-08-05
TXN_000517,CUST_0113,94.47,withdrawal,success,2022-06-24
TXN_000518,CUST_0143,332.73,withdrawal,success,2023-11-07
TXN_000519,CUST_0378,872.86,withdrawal,success,2023-12-18
TXN_000520,CUST_0017,32.6,purchase,success,2022-04-02
,CUST_0288,180.34,deposit,success,2022-04-19
TXN_000522,CUST_0045,95.89,purchase,fraud,2023-03-22
TXN_000523,CUST_0048,700.74,withdrawal,success,2022-01-30
TXN_000524,CUST_0302,369.18,deposit,success,2022-06-14
TXN_000525,CUST_0380,364.44,purchase,success,2022-12-01
TXN_000526,CUST_0230,126.48,purchase,success,2023-01-28
TXN_000527,CUST_0328,107.17,purchase,success,2022-10-15
TXN_000528,CUST_0017,63.88,withdrawal,success,2022-08-14
TXN_000529,CUST_0053,11.61,transfer,success,2022-09-21
TXN_000530,CUST_0112,400.09,deposit,success,2023-11-13
TXN_000531,CUST_0143,335.22,withdrawal,success,2023-05-03
TXN_000532,CUST_0058,1634.49,deposit,success,2023-11-18
TXN_000533,CUST_0328,1138.97,withdrawal,fraud,2022-05-07
TXN_000534,CUST_0302,162.13,purchase,success,2023-11-13
TXN_000535,CUST_0112,293.06,purchase,success,2022-05-20
TXN_000536,CUST_0347,579.23,transfer,fraud,2023-07-02
TXN_000537,CUST_0457,378.95,transfer,success,2023-10-11
TXN_000538,CUST_0328,56.83,deposit,success,2023-05-19
TXN_000539,CUST_0328,119.77,transfer,success,2022-04-03
TXN_000540,CUST_0367,27.66,transfer,success,2023-12-10
TXN_000541,CUST_0347,616.04,deposit,success,2022-12-07
TXN_000542,CUST_0303,186.37,withdrawal,success,2022-08-18
TXN_000543,CUST_0048,51.92,transfer,success,2023-08-13
TXN_000544,CUST_0367,222.77,withdrawal,success,2023-09-08
TXN_000545,CUST_0288,192.53,purchase,success,2022-03-08
TXN_000546,CUST_0259,88.68,transfer,success,2023-10-22
TXN_000547,CUST_0141,24.11,purchase,success,2022-12-18
TXN_000548,CUST_0048,222.69,purchase,success,2023-01-22
TXN_000549,CUST_0112,146.92,withdrawal,success,2023-01-26
TXN_000550,CUST_0141,295.96,deposit,success,2023-11-01
TXN_000551,CUST_0017,146.86,transfer,success,2023-10-20
TXN_000552,CUST_0367,382.35,withdrawal,success,2023-07-30
TXN_000553,CUST_0016,160.55,deposit,success,2023-03-24
TXN_000554,CUST_0141,164.62,purchase,success,2022-08-27
TXN_000555,CUST_0217,418.55,transfer,success,2022-08-17
TXN_000556,CUST_0333,103.33,purchase,success,2022-09-23
TXN_000557,CUST_0446,28.78,purchase,fraud,2022-04-29
TXN_000558,CUST_0446,5.84,transfer,failed,2022-10-25
TXN_000559,CUST_0120,281.41,deposit,fraud,2022-03-31
TXN_000560,CUST_0389,193.68,deposit,fraud,2022-04-25
TXN_000561,CUST_0215,243.53,transfer,success,2022-04-02
TXN_000562,CUST_0457,47.9,transfer,success,2022-12-15
TXN_000563,CUST_0013,29.32,withdrawal,success,2023-08-30
TXN_000564,CUST_0217,2.93,withdrawal,success,2022-07-12
TXN_000565,CUST_0360,86.34,purchase,success,2022-04-29
TXN_000566,CUST_0058,178.28,transfer,success,2023-08-10
TXN_000567,CUST_0328,99.6,deposit,success,2023-01-12
TXN_000568,CUST_0113,115.06,purchase,success,2022-05-11
TXN_000569,CUST_0016,469.01,purchase,success,2022-11-17
TXN_000570,CUST_0072,85.62,purchase,success,2023-01-25
TXN_000571,CUST_0115,144.31,purchase,failed,2023-08-14
TXN_000572,CUST_0215,306.17,deposit,success,2022-01-02
TXN_000573,CUST_0143,101.02,purchase,failed,2022-11-15
TXN_000574,CUST_0302,194.62,transfer,success,2022-03-05
TXN_000575,CUST_0230,396.63,withdrawal,success,2023-08-28
TXN_000576,CUST_0112,597.24,deposit,success,2023-07-03
TXN_000577,CUST_0112,31.82,transfer,success,2022-07-14
TXN_000578,CUST_0333,522.33,transfer,success,2023-02-02
TXN_000579,CUST_0113,135.5,transfer,success,2023-03-10
TXN_000580,CUST_0309,59.75,withdrawal,success,2022-11-24
TXN_000581,CUST_0360,122.92,withdrawal,fraud,2023-01-09
TXN_000582,CUST_0446,782.73,withdrawal,success,2023-11-27
TXN_000583,CUST_0230,135.7,transfer,success,2022-05-10
TXN_000584,CUST_0413,79.72,withdrawal,success,2023-06-17
TXN_000585,CUST_0347,200.7,purchase,success,2023-11-11
TXN_000586,CUST_0457,54.93,withdrawal,success,2023-09-09
TXN_000587,CUST_0143,15.78,deposit,success,2023-08-28
TXN_000588,CUST_0288,27.6,transfer,success,2022-08-16
TXN_000589,CUST_0112,27.4,transfer,success,2022-04-20
TXN_000590,CUST_0457,32.95,purchase,success,2023-02-09
TXN_000591,CUST_0113,29.89,withdrawal,success,2022-01-10
TXN_000592,CUST_0415,204.82,withdrawal,success,2023-07-06
TXN_000593,CUST_0288,40.15,deposit,success,2023-04-17
TXN_000594,CUST_0004,84.83,purchase,success,2022-11-20
TXN_000595,CUST_0017,454.19,deposit,success,2022-05-29
TXN_000596,CUST_0457,128.48,deposit,success,2022-10-31
TXN_000597,CUST_0215,220.26,transfer,success,2022-08-13
TXN_000598,CUST_0120,37.83,transfer,success,2023-05-27
TXN_000599,CUST_0115,42.71,withdrawal,success,2023-11-28
TXN_000600,CUST_0215,8.35,withdrawal,success,2023-04-12
TXN_000601,CUST_0215,37.01,deposit,success,2022-05-31
TXN_000602,CUST_0378,65.31,withdrawal,fraud,2023-09-08
TXN_000603,CUST_0413,38.96,deposit,success,2022-10-18
TXN_000604,CUST_0302,18.58,withdrawal,success,2022-05-30
TXN_000605,CUST_0053,25.71,withdrawal,success,2023-11-13
TXN_000606,CUST_0113,123.53,transfer,success,2023-12-21
TXN_000607,CUST_0389,46.22,transfer,success,2022-02-05
TXN_000608,CUST_0302,90.6,transfer,success,2023-09-06
TXN_000609,CUST_0333,140.0,transfer,success,2022-11-24
TXN_000610,CUST_0389,234.49,purchase,success,2022-11-13
TXN_000611,CUST_0017,8.02,transfer,success,2023-05-30
TXN_000612,CUST_0072,321.3,purchase,success,2023-12-07
TXN_000613,CUST_0389,197.72,transfer,success,2022-05-07
TXN_000614,CUST_0217,17.06,withdrawal,success,2022-10-08
TXN_000615,CUST_0217,413.63,deposit,failed,2023-12-25
TXN_000616,CUST_0120,507.34,withdrawal,success,2023-08-11
TXN_000617,CUST_0014,12.6,withdrawal,success,2023-05-05
TXN_000618,CUST_0004,64.84,purchase,success,2023-10-09
TXN_000619,CUST_0053,328.19,transfer,fraud,2022-08-09
TXN_000620,CUST_0446,275.87,deposit,success,2023-05-22
TXN_000621,CUST_0004,40.8,deposit,success,2022-10-26
TXN_000622,CUST_0053,46.98,transfer,success,2023-12-23
TXN_000623,CUST_0053,92.56,purchase,success,2023-01-21
TXN_000624,CUST_0415,132.53,purchase,success,2022-03-02
TXN_000625,CUST_0217,192.6,purchase,success,2022-12-08
TXN_000626,CUST_0360,92.06,deposit,success,2022-06-06
TXN_000627,CUST_0013,124.18,purchase,success,2022-08-04
TXN_000628,CUST_0215,275.25,purchase,failed,2022-08-19
TXN_000629,CUST_0378,7.47,deposit,failed,2023-12-19
TXN_000630,CUST_0143,58.19,deposit,success,2022-02-23
TXN_000631,CUST_0004,249.9,withdrawal,success,2022-07-03
TXN_000632,CUST_0072,451.15,deposit,success,2023-05-15
TXN_000633,CUST_0102,143.36,transfer,fraud,2023-02-06
TXN_000634,CUST_0457,151.91,deposit,success,2022-11-03
TXN_000635,CUST_0215,22.67,deposit,success,2023-11-07
TXN_000636,CUST_0112,118.63,purchase,success,2022-06-13
TXN_000637,CUST_0045,152.12,withdrawal,success,2022-01-23
TXN_000638,CUST_0126,55.54,purchase,success,2023-07-16
TXN_000639,CUST_0280,62.73,withdrawal,success,2023-02-06
TXN_000640,CUST_0328,94.73,purchase,success,2022-12-12
TXN_000641,CUST_0112,4.06,transfer,success,2023-03-09
TXN_000642,CUST_0446,77.74,purchase,success,2023-11-26
TXN_000643,CUST_0230,47.51,purchase,failed,2023-04-30
TXN_000644,CUST_0415,79.35,transfer,success,2022-12-23
TXN_000645,CUST_0415,25.51,transfer,success,2023-02-05
TXN_000646,CUST_0013,442.42,deposit,fraud,2023-02-05
TXN_000647,CUST_0143,180.08,purchase,success,2022-03-15
TXN_000648,CUST_0413,227.33,transfer,success,2023-06-25
TXN_000649,CUST_0017,311.34,transfer,success,2022-10-17
TXN_000650,CUST_0347,138.01,deposit,success,2022-10-17
TXN_000651,CUST_0217,18.19,withdrawal,success,2023-12-15
TXN_000652,CUST_0413,154.05,transfer,success,2022-07-19
TXN_000653,CUST_0380,176.78,transfer,success,2023-12-19
TXN_000654,CUST_0017,273.64,purchase,success,2023-07-16
TXN_000655,CUST_0013,113.01,deposit,success,2023-02-08
TXN_000656,CUST_0280,27.3,purchase,success,2022-04-10
TXN_000657,CUST_0141,66.75,withdrawal,success,2022-05-15
TXN_000658,CUST_0230,90.22,deposit,fraud,2022-11-28
TXN_000659,CUST_0072,207.64,purchase,success,2023-08-18
TXN_000660,CUST_0302,169.16,transfer,success,2022-02-25
TXN_000661,CUST_0004,88.04,transfer,success,2023-12-28
TXN_000662,CUST_0378,861.24,deposit,success,2022-11-08
TXN_000663,CUST_0389,186.17,transfer,success,2023-04-14
TXN_000664,CUST_0360,54.16,purchase,success,2023-11-02
TXN_000665,CUST_0328,21.47,deposit,success,2022-06-17
TXN_000666,CUST_0102,33.18,transfer,success,2023-08-15
TXN_000667,CUST_0303,56.46,transfer,success,2022-05-21
TXN_000668,CUST_0141,35.03,withdrawal,success,2023-03-29
TXN_000669,CUST_0380,41.3,withdrawal,success,2023-12-14
TXN_000670,CUST_0309,67.12,deposit,success,2023-05-10
TXN_000671,CUST_0217,38.08,withdrawal,success,2022-10-26
TXN_000672,CUST_0367,454.15,purchase,success,2022-05-29
TXN_000673,CUST_0112,16.73,transfer,success,2022-08-03
TXN_000674,CUST_0378,148.68,transfer,success,2022-08-12
TXN_000675,CUST_0380,105.66,transfer,fraud,2022-07-20
TXN_000676,CUST_0446,807.73,deposit,success,2023-10-29
TXN_000677,CUST_0367,23.77,deposit,success,2022-01-10
TXN_000678,CUST_0360,101.45,withdrawal,success,2023-01-06
TXN_000679,CUST_0415,697.81,transfer,fraud,2023-08-13
TXN_000680,CUST_0045,401.25,transfer,success,2022-04-15
TXN_000681,CUST_0017,339.73,transfer,success,2023-11-26
TXN_000682,CUST_0016,59.66,transfer,success,2022-06-01
TXN_000683,CUST_0309,37.48,transfer,success,2023-01-21
TXN_000684,CUST_0415,220.91,purchase,success,2023-03-14
TXN_000685,CUST_0016,530.08,transfer,success,2023-11-27
TXN_000686,CUST_0004,162.73,purchase,success,2022-06-22
TXN_000687,CUST_0215,169.55,transfer,fraud,2022-02-27
TXN_000688,CUST_0347,65.7,deposit,success,2022-04-09
TXN_000689,CUST_0413,293.49,deposit,success,2022-12-31
TXN_000690,CUST_0215,41.42,purchase,fraud,2023-05-01
TXN_000691,CUST_0302,78.22,transfer,success,2022-07-03
TXN_000692,CUST_0120,110.83,deposit,success,2022-02-23
TXN_000693,CUST_0215,141.7,deposit,success,2022-05-01
TXN_000694,CUST_0230,55.52,transfer,success,2023-06-12
TXN_000695,CUST_0014,24.4,transfer,success,2023-10-28
TXN_000696,CUST_0058,188.64,deposit,success,2022-12-13
TXN_000697,CUST_0378,68.11,transfer,failed,2023-08-31
TXN_000698,CUST_0113,174.09,withdrawal,success,2023-03-21
TXN_000699,CUST_0347,33.53,transfer,success,2022-06-02
TXN_000700,CUST_0013,131.22,deposit,success,2023-10-05
TXN_000701,CUST_0102,152.11,deposit,success,2023-02-18
TXN_000702,CUST_0413,10.64,purchase,success,2022-09-08
TXN_000703,CUST_0302,82.08,withdrawal,success,2022-02-04
TXN_000704,CUST_0013,28.87,deposit,success,2022-05-02
TXN_000705,CUST_0217,13.09,withdrawal,success,2022-09-04
TXN_000706,CUST_0360,920.24,transfer,success,2023-02-11
TXN_000707,CUST_0302,77.83,deposit,success,2023-05-16
TXN_000708,CUST_0280,332.01,purchase,success,2022-11-06
TXN_000709,CUST_0014,58.78,deposit,success,2023-12-06
TXN_000710,CUST_0072,228.83,purchase,success,2023-09-03
TXN_000711,CUST_0014,285.61,withdrawal,success,2022-06-26
TXN_000712,CUST_0120,181.09,purchase,fraud,2023-10-31
TXN_000713,CUST_0004,127.57,transfer,success,2023-01-20
TXN_000714,CUST_0230,106.15,transfer,failed,2023-12-10
TXN_000715,CUST_0328,85.81,transfer,success,2023-11-18
TXN_000716,CUST_0446,530.51,deposit,failed,2023-11-06
TXN_000717,CUST_0141,355.12,transfer,success,2022-04-02
TXN_000718,CUST_0288,670.64,transfer,success,2023-04-20
TXN_000719,CUST_0309,26.55,deposit,success,2023-10-28
TXN_000720,CUST_0446,262.51,withdrawal,success,2023-01-27
TXN_000721,CUST_0259,557.23,transfer,success,2022-10-09
TXN_000722,CUST_0230,39.99,transfer,success,2023-10-10
TXN_000723,CUST_0302,13.76,deposit,success,2023-10-31
TXN_000724,CUST_0309,270.28,withdrawal,success,2023-04-01
TXN_000725,CUST_0014,170.89,withdrawal,fraud,2023-01-12
TXN_000726,CUST_0413,368.82,withdrawal,success,2022-01-12
TXN_000727,CUST_0215,30.11,deposit,success,2022-05-03
TXN_000728,CUST_0016,317.21,purchase,success,2022-04-30
TXN_000729,CUST_0013,45.04,purchase,success,2022-03-26
TXN_000730,CUST_0302,35.74,transfer,success,2022-05-05
TXN_000731,CUST_0013,35.89,transfer,success,2023-05-16
TXN_000732,CUST_0380,337.02,transfer,success,2023-10-19
TXN_000733,CUST_0045,218.84,purchase,fraud,2023-11-16
TXN_000734,CUST_0045,148.08,deposit,success,2023-06-06
TXN_000735,CUST_0013,88.89,transfer,success,2022-08-19
TXN_000736,CUST_0302,419.44,deposit,success,2022-01-24
TXN_000737,CUST_0014,99.66,transfer,success,2023-08-24
TXN_000738,CUST_0072,339.22,deposit,success,2023-08-10
TXN_000739,CUST_0380,115.65,deposit,success,2023-08-10
TXN_000740,CUST_0360,94.62,purchase,success,2023-05-07
TXN_000741,CUST_0141,124.23,deposit,success,2022-10-08
TXN_000742,CUST_0360,71.73,withdrawal,success,2023-12-12
TXN_000743,CUST_0017,275.36,purchase,fraud,2022-04-07
TXN_000744,CUST_0303,139.72,transfer,success,2023-08-31
TXN_000745,CUST_0302,52.85,purchase,success,2022-07-05
TXN_000746,CUST_0328,459.67,withdrawal,success,2023-01-29
TXN_000747,CUST_0217,96.87,withdrawal,success,2023-05-11
TXN_000748,CUST_0303,156.86,deposit,success,2023-10-23
TXN_000749,CUST_0230,473.9,withdrawal,success,2023-12-21
TXN_000750,CUST_0048,195.76,withdrawal,success,2023-03-21
TXN_000751,CUST_0072,24.86,withdrawal,success,2022-11-02
TXN_000752,CUST_0113,562.12,withdrawal,success,2023-08-09
TXN_000753,CUST_0016,197.62,transfer,success,2022-05-09
TXN_000754,CUST_0367,81.57,transfer,success,2022-04-12
TXN_000755,CUST_0288,30.0,purchase,fraud,2022-11-30
TXN_000756,CUST_0309,316.0,deposit,success,2022-03-07
TXN_000757,CUST_0215,193.56,transfer,success,2024-01-01
TXN_000758,CUST_0048,152.48,withdrawal,success,2023-07-05
TXN_000759,CUST_0333,448.66,deposit,success,2022-07-09
TXN_000760,CUST_0360,310.8,transfer,success,2023-02-20
TXN_000761,CUST_0457,32.9,purchase,success,2023-12-19
TXN_000762,CUST_0112,74.71,withdrawal,success,2022-01-21
TXN_000763,CUST_0058,57.13,deposit,success,2023-02-08
TXN_000764,CUST_0141,272.47,transfer,success,2023-07-24
TXN_000765,CUST_0126,6.82,deposit,success,2023-07-04
TXN_000766,CUST_0072,168.74,transfer,success,2023-06-27
TXN_000767,CUST_0367,287.48,purchase,success,2023-05-16
TXN_000768,CUST_0058,418.73,withdrawal,success,2022-03-07
TXN_000769,CUST_0328,83.73,purchase,success,2023-06-16
TXN_000770,CUST_0309,344.36,withdrawal,success,2023-08-22
TXN_000771,CUST_0259,23.45,withdrawal,success,2023-07-06
TXN_000772,CUST_0053,374.75,deposit,success,2024-01-01
TXN_000773,CUST_0360,27.28,transfer,success,2023-10-30
TXN_000774,CUST_0045,101.26,purchase,failed,2022-05-08
TXN_000775,CUST_0013,319.2,purchase,fraud,2022-08-01
TXN_000776,CUST_0048,32.48,purchase,success,2023-11-06
TXN_000777,CUST_0259,52.08,deposit,fraud,2022-05-01
TXN_000778,CUST_0309,256.21,deposit,success,2022-07-05
TXN_000779,CUST_0280,254.62,deposit,success,2023-09-06
TXN_000780,CUST_0303,204.97,withdrawal,fraud,2023-12-13
TXN_000781,CUST_0113,236.8,purchase,success,2022-07-04
TXN_000782,CUST_0378,156.49,withdrawal,success,2022-01-06
TXN_000783,CUST_0217,58.02,purchase,success,2023-07-23
TXN_000784,CUST_0309,84.84,purchase,success,2023-04-03
TXN_000785,CUST_0058,40.08,transfer,success,2022-11-18
TXN_000786,CUST_0380,478.18,purchase,success,2022-05-06
TXN_000787,CUST_0378,175.12,deposit,success,2022-02-10
TXN_000788,CUST_0413,102.45,deposit,success,2022-05-12
TXN_000789,CUST_0457,123.98,deposit,success,2023-08-12
TXN_000790,CUST_0115,588.56,transfer,fraud,2022-07-31
TXN_000791,CUST_0446,33.29,transfer,success,2023-10-31
TXN_000792,CUST_0113,176.49,withdrawal,success,2022-06-15
TXN_000793,CUST_0347,141.0,purchase,success,2022-03-31
TXN_000794,CUST_0415,189.07,purchase,success,2023-07-30
TXN_000795,CUST_0302,3.66,deposit,success,2022-09-20
TXN_000796,CUST_0112,411.34,deposit,success,2022-02-05
TXN_000797,CUST_0288,538.0,deposit,success,2022-03-28
TXN_000798,CUST_0389,166.54,deposit,failed,2022-05-08
TXN_000799,CUST_0309,238.57,deposit,success,2023-06-03
TXN_000800,CUST_0259,511.49,deposit,success,2022-11-02
TXN_000801,CUST_0389,245.68,purchase,success,2023-01-08
TXN_000802,CUST_0415,33.1,transfer,success,2023-07-12
TXN_000803,CUST_0045,171.74,deposit,success,2022-06-25
TXN_000804,CUST_0230,186.64,purchase,success,2023-03-10
TXN_000805,CUST_0215,110.37,deposit,success,2023-11-05
TXN_000806,CUST_0415,266.7,withdrawal,success,2022-01-01
TXN_000807,CUST_0309,544.74,withdrawal,success,2022-09-12
TXN_000808,CUST_0378,519.58,purchase,success,2022-11-04
TXN_000809,CUST_0302,119.87,transfer,failed,2022-02-17
TXN_000810,CUST_0217,24.04,withdrawal,success,2023-06-16
TXN_000811,CUST_0360,837.83,withdrawal,success,2022-10-28
TXN_000812,CUST_0367,365.14,transfer,success,2023-11-06
TXN_000813,CUST_0367,26.63,withdrawal,success,2023-07-01
TXN_000814,CUST_0378,507.26,deposit,success,2023-04-01
TXN_000815,CUST_0102,407.88,transfer,success,2022-05-24
TXN_000816,CUST_0120,146.31,withdrawal,success,2023-08-14
TXN_000817,CUST_0378,178.94,transfer,success,2023-05-18
TXN_000818,CUST_0389,101.83,deposit,fraud,2023-12-13
TXN_000819,CUST_0102,11.26,withdrawal,success,2022-11-17
TXN_000820,CUST_0380,81.65,purchase,success,2023-06-20
TXN_000821,CUST_0288,324.76,withdrawal,success,2022-12-27
TXN_000822,CUST_0112,0.93,withdrawal,failed,2023-09-13
TXN_000823,CUST_0215,81.14,deposit,success,2023-07-06
TXN_000824,CUST_0389,101.56,purchase,success,2023-06-07
TXN_000825,CUST_0230,154.18,purchase,success,2022-08-03
TXN_000826,CUST_0143,504.79,purchase,success,2023-12-06
TXN_000827,CUST_0367,85.04,deposit,success,2022-04-12
TXN_000828,CUST_0328,85.22,deposit,success,2023-11-10
TXN_000829,CUST_0215,267.5,deposit,success,2022-02-15
TXN_000830,CUST_0126,120.38,deposit,success,2022-08-31
TXN_000831,CUST_0126,50.88,deposit,success,2022-02-07
TXN_000832,CUST_0367,120.46,purchase,success,2022-07-12
TXN_000833,CUST_0302,30.36,transfer,success,2022-05-26
TXN_000834,CUST_0303,38.81,deposit,success,2022-11-03
TXN_000835,CUST_0217,137.98,transfer,success,2022-08-09
TXN_000836,CUST_0126,108.58,withdrawal,success,2022-05-18
TXN_000837,CUST_0102,492.66,withdrawal,fraud,2023-09-09
TXN_000838,CUST_0302,90.01,deposit,success,2023-07-20
TXN_000839,CUST_0113,173.78,withdrawal,fraud,2022-08-10
TXN_000840,CUST_0115,200.08,transfer,failed,2023-08-29
TXN_000841,CUST_0333,2.64,withdrawal,success,2023-01-03
TXN_000842,CUST_0115,217.85,withdrawal,fraud,2022-10-12
TXN_000843,CUST_0072,39.21,transfer,success,2022-05-12
TXN_000844,CUST_0215,649.2,withdrawal,success,2023-09-30
TXN_000845,CUST_0217,32.19,deposit,success,2023-03-09
TXN_000846,CUST_0013,107.1,transfer,success,2022-03-18
TXN_000847,CUST_0309,17.84,transfer,success,2023-07-18
TXN_000848,CUST_0113,1153.62,purchase,success,2022-09-19
TXN_000849,CUST_0141,139.51,purchase,success,2022-09-24
TXN_000850,CUST_0360,180.96,transfer,success,2023-01-26
TXN_000851,CUST_0048,13.89,transfer,success,2023-10-28
TXN_000852,CUST_0303,277.23,purchase,success,2022-06-17
TXN_000853,CUST_0360,47.12,deposit,success,2023-02-14
TXN_000854,CUST_0446,456.66,withdrawal,fraud,2023-04-13
TXN_000855,CUST_0360,45.92,withdrawal,success,2022-03-27
TXN_000856,CUST_0380,42.31,withdrawal,success,2022-09-18
TXN_000857,CUST_0017,7.45,transfer,failed,2023-11-24
TXN_000858,CUST_0058,127.76,deposit,success,2023-03-12
TXN_000859,CUST_0280,166.41,purchase,success,2023-12-13
TXN_000860,CUST_0309,13.59,deposit,success,2022-05-27
TXN_000861,CUST_0014,298.8,deposit,success,2023-07-03
TXN_000862,CUST_0143,120.77,withdrawal,fraud,2022-07-28
TXN_000863,CUST_0120,148.63,purchase,success,2022-03-14
TXN_000864,CUST_0328,116.24,deposit,success,2023-10-07
TXN_000865,CUST_0302,102.42,purchase,success,2022-10-03
TXN_000866,CUST_0413,164.03,transfer,success,2023-10-11
TXN_000867,CUST_0141,33.74,withdrawal,success,2023-12-15
TXN_000868,CUST_0328,40.16,purchase,fraud,2023-10-24
TXN_000869,CUST_0303,395.79,transfer,failed,2022-07-17
TXN_000870,CUST_0004,584.18,transfer,success,2023-01-17
TXN_000871,CUST_0347,93.46,transfer,success,2023-08-01
TXN_000872,CUST_0045,63.15,deposit,success,2023-11-05
TXN_000873,CUST_0413,206.56,deposit,success,2023-10-26
TXN_000874,CUST_0058,105.1,withdrawal,success,2023-06-08
TXN_000875,CUST_0113,5.14,withdrawal,success,2023-09-12
TXN_000876,CUST_0112,33.96,transfer,fraud,2022-06-17
TXN_000877,CUST_0058,251.74,withdrawal,success,2023-03-06
TXN_000878,CUST_0309,215.13,deposit,success,2022-06-07
TXN_000879,CUST_0048,5.49,withdrawal,success,2022-11-20
TXN_000880,CUST_0457,50.2,purchase,success,2023-03-21
TXN_000881,CUST_0215,52.55,deposit,success,2023-01-24
TXN_000882,CUST_0415,222.88,transfer,success,2022-01-27
TXN_000883,CUST_0347,3.98,transfer,success,2023-09-11
TXN_000884,CUST_0280,21.99,withdrawal,success,2022-09-11
TXN_000885,CUST_0333,321.8,deposit,success,2022-03-21
TXN_000886,CUST_0457,39.34,transfer,success,2022-10-04
TXN_000887,CUST_0333,211.54,transfer,success,2022-05-08
TXN_000888,CUST_0141,54.41,deposit,success,2023-06-29
TXN_000889,CUST_0072,20.95,deposit,success,2022-04-23
TXN_000890,CUST_0004,55.72,transfer,fraud,2023-12-02
TXN_000891,CUST_0328,256.22,withdrawal,success,2023-07-16
TXN_000892,CUST_0045,387.17,withdrawal,success,2023-02-21
TXN_000893,CUST_0126,354.65,withdrawal,failed,2022-03-09
TXN_000894,CUST_0446,101.23,purchase,success,2022-12-04
TXN_000895,CUST_0045,220.58,deposit,success,2023-10-18
TXN_000896,CUST_0115,45.88,transfer,success,2022-04-02
TXN_000897,CUST_0328,69.39,purchase,success,2023-01-07
TXN_000898,CUST_0415,453.32,withdrawal,failed,2022-12-08
TXN_000899,CUST_0072,2.62,purchase,success,2022-10-07
TXN_000900,CUST_0302,17.88,transfer,success,2022-05-30
TXN_000901,CUST_0415,46.61,transfer,success,2022-08-20
TXN_000902,CUST_0302,5.38,deposit,success,2022-10-08
TXN_000903,CUST_0004,40.04,withdrawal,success,2022-01-11
TXN_000904,CUST_0288,174.95,withdrawal,success,2022-04-11
TXN_000905,CUST_0367,109.44,purchase,success,2023-01-22
TXN_000906,CUST_0120,446.37,withdrawal,success,2022-08-16
TXN_000907,CUST_0413,340.14,purchase,fraud,2023-01-23
TXN_000908,CUST_0072,83.65,transfer,success,2022-04-18
TXN_000909,CUST_0328,60.07,transfer,success,2022-05-07
TXN_000910,CUST_0367,95.51,transfer,success,2022-06-29
TXN_000911,CUST_0217,178.46,transfer,fraud,2023-06-24
TXN_000912,CUST_0143,62.41,transfer,success,2022-11-10
TXN_000913,CUST_0446,195.71,purchase,success,2023-08-26
TXN_000914,CUST_0112,105.33,transfer,success,2023-05-17
TXN_000915,CUST_0013,160.61,purchase,success,2022-04-08
TXN_000916,CUST_0058,114.59,transfer,success,2023-06-26
TXN_000917,CUST_0380,69.76,purchase,success,2022-12-24
TXN_000918,CUST_0457,593.05,purchase,success,2023-12-19
TXN_000919,CUST_0378,288.45,purchase,success,2023-08-09
TXN_000920,CUST_0303,30.19,withdrawal,success,2022-10-16
TXN_000921,CUST_0347,405.7,purchase,failed,2023-07-19
TXN_000922,CUST_0143,133.66,purchase,fraud,2022-10-05
TXN_000923,CUST_0112,449.91,transfer,success,2023-09-15
TXN_000924,CUST_0328,321.74,purchase,success,2022-04-12
TXN_000925,CUST_0112,110.75,purchase,success,2022-02-19
TXN_000926,CUST_0457,4.55,deposit,failed,2022-06-24
TXN_000927,CUST_0113,62.58,withdrawal,success,2022-11-22
TXN_000928,CUST_0113,156.02,deposit,failed,2023-02-03
TXN_000929,CUST_0367,200.74,transfer,success,2022-07-05
TXN_000930,CUST_0058,59.65,withdrawal,success,2022-12-20
TXN_000931,CUST_0446,30.01,withdrawal,success,2023-11-26
TXN_000932,CUST_0045,360.28,deposit,success,2023-06-29
TXN_000933,CUST_0389,832.12,withdrawal,failed,2023-07-19
TXN_000934,CUST_0112,149.18,deposit,success,2023-09-01
TXN_000935,CUST_0115,37.67,purchase,success,2023-02-17
TXN_000936,CUST_0367,63.58,deposit,success,2023-05-04
TXN_000937,CUST_0120,3.71,withdrawal,success,2023-08-30
TXN_000938,CUST_0126,491.38,withdrawal,success,2022-05-11
TXN_000939,CUST_0360,25.06,transfer,success,2022-09-23
TXN_000940,CUST_0457,171.85,transfer,failed,2022-01-10
TXN_000941,CUST_0016,64.06,transfer,success,2023-12-05
TXN_000942,CUST_0013,161.57,transfer,success,2023-06-10
TXN_000943,CUST_0112,210.78,withdrawal,success,2024-01-01
TXN_000944,CUST_0072,354.09,transfer,success,2022-06-09
TXN_000945,CUST_0378,46.24,deposit,success,2023-11-05
TXN_000946,CUST_0367,2.21,purchase,success,2022-05-10
TXN_000947,CUST_0413,29.44,withdrawal,success,2022-05-27
TXN_000948,CUST_0380,460.55,transfer,success,2023-01-23
TXN_000949,CUST_0112,414.12,withdrawal,success,2023-08-05
TXN_000950,CUST_0288,181.97,transfer,success,2022-10-01
TXN_000951,CUST_0048,183.52,withdrawal,fraud,2022-02-24
TXN_000952,CUST_0053,218.75,transfer,success,2023-10-17
TXN_000953,CUST_0302,38.56,purchase,success,2023-01-15
TXN_000954,CUST_0058,491.64,transfer,success,2023-12-26
TXN_000955,CUST_0048,108.52,deposit,success,2022-09-13
TXN_000956,CUST_0058,96.62,withdrawal,success,2023-11-26
TXN_000957,CUST_0328,146.34,withdrawal,success,2023-09-16
TXN_000958,CUST_0115,9.62,deposit,success,2023-03-05
TXN_000959,CUST_0120,36.37,deposit,success,2023-12-25
TXN_000960,CUST_0102,267.91,purchase,success,2023-04-14
TXN_000961,CUST_0004,17.29,withdrawal,success,2022-07-07
TXN_000962,CUST_0053,184.84,purchase,success,2023-03-26
TXN_000963,CUST_0048,56.3,withdrawal,success,2022-12-29
TXN_000964,CUST_0413,98.63,withdrawal,success,2023-04-25
TXN_000965,CUST_0115,68.13,purchase,success,2023-05-30
TXN_000966,CUST_0112,87.91,withdrawal,success,2022-10-21
TXN_000967,CUST_0017,253.91,withdrawal,success,2022-10-10
TXN_000968,CUST_0113,70.51,purchase,success,2023-03-15
TXN_000969,CUST_0016,167.13,transfer,success,2023-06-18
TXN_000970,CUST_0446,129.27,purchase,success,2022-08-23
TXN_000971,CUST_0017,217.93,withdrawal,failed,2022-11-09
TXN_000972,CUST_0457,552.38,deposit,success,2023-10-13
TXN_000973,CUST_0113,263.78,transfer,fraud,2022-03-31
TXN_000974,CUST_0016,48.4,deposit,success,2022-11-09
TXN_000975,CUST_0328,6.34,transfer,success,2023-02-21
TXN_000976,CUST_0347,60.83,deposit,failed,2022-11-17
TXN_000977,CUST_0367,180.81,transfer,success,2022-04-03
TXN_000978,CUST_0415,10.56,purchase,success,2023-10-12
TXN_000979,CUST_0347,137.18,transfer,success,2022-03-23
TXN_000980,CUST_0230,181.69,transfer,success,2022-03-20
TXN_000981,CUST_0309,81.37,transfer,success,2022-09-03
TXN_000982,CUST_0302,294.73,withdrawal,failed,2022-04-06
TXN_000983,CUST_0115,22.54,deposit,failed,2022-06-19
TXN_000984,CUST_0141,15.62,purchase,success,2023-08-13
TXN_000985,CUST_0457,260.53,deposit,success,2022-02-28
TXN_000986,CUST_0017,136.83,deposit,success,2022-03-28
TXN_000987,CUST_0217,233.21,purchase,fraud,2022-10-20
TXN_000988,CUST_0302,114.12,withdrawal,success,2023-07-22
TXN_000989,CUST_0367,56.58,transfer,success,2023-05-20
TXN_000990,CUST_0380,341.96,withdrawal,success,2022-01-11
TXN_000991,CUST_0016,321.3,withdrawal,success,2023-03-11
TXN_000992,CUST_0113,237.29,transfer,success,2023-11-25
TXN_000993,CUST_0333,63.53,deposit,fraud,2023-06-05
TXN_000994,CUST_0302,178.43,transfer,success,2022-05-20
TXN_000995,CUST_0014,89.56,purchase,fraud,2023-05-07
TXN_000996,CUST_0014,19.21,transfer,success,2023-05-25
TXN_000997,CUST_0230,498.54,deposit,success,2023-06-12
TXN_000998,CUST_0048,29.43,withdrawal,success,2023-12-03
TXN_000999,CUST_0126,600.1,withdrawal,success,2023-11-25
TXN_001000,CUST_0288,118.12,transfer,fraud,2023-06-30
TXN_001001,CUST_0347,40.95,purchase,success,2023-12-16
TXN_001002,CUST_0215,156.13,deposit,success,2022-05-08
TXN_001003,CUST_0415,412.63,withdrawal,success,2023-02-20
TXN_001004,CUST_0302,263.52,transfer,success,2022-01-15
TXN_001005,CUST_0303,328.56,purchase,fraud,2023-09-24
TXN_001006,CUST_0115,215.05,purchase,success,2022-07-14
TXN_001007,CUST_0309,235.71,withdrawal,success,2022-01-08
TXN_001008,CUST_0058,378.35,withdrawal,success,2023-03-12
TXN_001009,CUST_0230,57.45,deposit,success,2023-12-21
TXN_001010,CUST_0072,134.44,purchase,success,2023-07-02
TXN_001011,CUST_0013,50.0,deposit,success,2022-12-20
TXN_001012,CUST_0004,879.11,purchase,success,2022-09-08
TXN_001013,CUST_0016,576.69,purchase,success,2023-11-09
TXN_001014,CUST_0017,8.05,transfer,fraud,2023-06-25
TXN_001015,CUST_0058,244.55,withdrawal,success,2023-12-02
TXN_001016,CUST_0378,518.72,purchase,success,2023-09-16
TXN_001017,CUST_0333,39.83,deposit,fraud,2022-02-13
TXN_001018,CUST_0360,167.84,withdrawal,success,2023-09-14
TXN_001019,CUST_0347,494.17,deposit,fraud,2023-04-05
TXN_001020,CUST_0380,6.91,withdrawal,fraud,2022-06-22
TXN_001021,CUST_0367,239.08,withdrawal,success,2023-11-22
TXN_001022,CUST_0413,70.58,purchase,success,2023-06-21
TXN_001023,CUST_0380,516.45,transfer,success,2022-08-19
TXN_001024,CUST_0347,708.49,purchase,success,2022-06-29
TXN_001025,CUST_0230,577.43,withdrawal,success,2022-03-18
TXN_001026,CUST_0333,128.57,purchase,success,2023-01-11
TXN_001027,CUST_0288,396.16,purchase,success,2022-05-17
TXN_001028,CUST_0113,372.29,withdrawal,success,2023-06-11
TXN_001029,CUST_0048,76.87,withdrawal,success,2022-12-28
TXN_001030,CUST_0113,353.12,purchase,failed,2022-02-22
TXN_001031,CUST_0115,7.54,purchase,success,2023-03-09
TXN_001032,CUST_0004,181.4,purchase,success,2023-05-23
TXN_001033,CUST_0259,52.28,deposit,failed,2023-01-24
TXN_001034,CUST_0303,25.7,purchase,success,2022-06-24
TXN_001035,CUST_0333,16.02,deposit,success,2023-01-18
TXN_001036,CUST_0446,238.34,transfer,success,2022-04-26
TXN_001037,CUST_0288,83.07,deposit,success,2022-12-13
TXN_001038,CUST_0367,258.03,purchase,success,2023-11-27
TXN_001039,CUST_0389,13.52,transfer,success,2022-09-13
TXN_001040,CUST_0380,75.75,deposit,success,2023-07-07
TXN_001041,CUST_0053,155.08,deposit,success,2022-05-01
TXN_001042,CUST_0415,312.82,withdrawal,failed,2022-10-25
TXN_001043,CUST_0112,76.77,transfer,success,2022-11-03
TXN_001044,CUST_0102,196.64,withdrawal,failed,2023-05-10
TXN_001045,CUST_0389,434.27,transfer,success,2022-10-28
TXN_001046,CUST_0141,191.35,deposit,success,2022-09-29
TXN_001047,CUST_0378,53.04,withdrawal,fraud,2022-08-07
TXN_001048,CUST_0360,4.94,purchase,success,2022-01-03
TXN_001049,CUST_0115,408.2,deposit,success,2023-10-09
TXN_001050,CUST_0446,4.3,transfer,success,2023-08-06
TXN_001051,CUST_0016,415.41,transfer,success,2023-02-08
TXN_001052,CUST_0288,150.55,withdrawal,success,2022-08-11
TXN_001053,CUST_0303,559.6,withdrawal,success,2022-11-09
TXN_001054,CUST_0259,320.67,transfer,success,2023-10-21
TXN_001055,CUST_0380,1236.44,deposit,success,2023-06-12
TXN_001056,CUST_0120,86.38,withdrawal,success,2022-02-06
TXN_001057,CUST_0217,291.51,purchase,success,2023-04-20
TXN_001058,CUST_0380,102.81,transfer,fraud,2023-09-25
TXN_001059,CUST_0360,130.74,purchase,success,2023-05-15
TXN_001060,CUST_0045,197.51,transfer,success,2022-02-28
TXN_001061,CUST_0004,413.78,purchase,success,2022-12-31
TXN_001062,CUST_0333,828.08,deposit,success,2022-01-07
TXN_001063,CUST_0259,292.44,transfer,success,2023-09-23
TXN_001064,CUST_0367,108.18,deposit,success,2023-04-17
TXN_001065,CUST_0017,109.41,withdrawal,success,2022-12-03
TXN_001066,CUST_0389,267.56,transfer,success,2022-11-02
TXN_001067,CUST_0328,54.57,deposit,success,2022-12-29
TXN_001068,CUST_0457,23.41,purchase,success,2022-04-20
TXN_001069,CUST_0013,87.58,deposit,success,2022-01-06
TXN_001070,CUST_0016,67.72,transfer,success,2022-12-25
TXN_001071,CUST_0217,70.28,deposit,success,2022-07-10
TXN_001072,CUST_0347,53.21,purchase,success,2023-02-16
TXN_001073,CUST_0389,8.6,purchase,fraud,2022-12-30
TXN_001074,CUST_0014,3.61,purchase,failed,2022-01-10
TXN_001075,CUST_0115,880.0,withdrawal,failed,2022-04-14
TXN_001076,CUST_0367,111.64,transfer,success,2023-03-18
TXN_001077,CUST_0280,97.01,purchase,success,2023-05-19
TXN_001078,CUST_0415,227.67,withdrawal,success,2022-07-22
TXN_001079,CUST_0347,49.25,purchase,success,2022-03-28
TXN_001080,CUST_0215,598.99,deposit,success,2023-06-26
TXN_001081,CUST_0389,308.68,transfer,success,2023-06-11
TXN_001082,CUST_0143,18.73,deposit,success,2022-06-07
TXN_001083,CUST_0120,108.11,withdrawal,success,2023-02-25
TXN_001084,CUST_0112,422.59,deposit,fraud,2022-05-07
TXN_001085,CUST_0259,579.11,deposit,success,2023-05-15
TXN_001086,CUST_0302,126.0,purchase,success,2022-01-08
TXN_001087,CUST_0113,190.08,deposit,success,2022-06-09
TXN_001088,CUST_0045,36.55,purchase,failed,2023-11-04
TXN_001089,CUST_0389,945.89,purchase,success,2022-09-14
TXN_001090,CUST_0288,52.71,transfer,fraud,2022-08-20
TXN_001091,CUST_0415,572.0,withdrawal,success,2023-04-27
TXN_001092,CUST_0016,209.76,withdrawal,success,2023-02-09
TXN_001093,CUST_0120,187.16,withdrawal,success,2023-01-19
TXN_001094,CUST_0048,143.77,purchase,success,2022-11-03
TXN_001095,CUST_0113,52.45,withdrawal,failed,2023-01-09
TXN_001096,CUST_0415,38.85,purchase,fraud,2023-03-15
TXN_001097,CUST_0446,49.82,transfer,success,2022-07-06
TXN_001098,CUST_0014,41.27,withdrawal,success,2023-07-04
TXN_001099,CUST_0113,302.45,purchase,success,2022-10-03
TXN_001100,CUST_0457,86.2,withdrawal,failed,2022-04-22
TXN_001101,CUST_0115,11.92,withdrawal,success,2023-03-26
TXN_001102,CUST_0259,695.42,transfer,success,2023-11-04
TXN_001103,CUST_0004,430.46,deposit,success,2023-03-26
TXN_001104,CUST_0102,525.53,withdrawal,success,2022-06-15
TXN_001105,CUST_0367,1056.01,transfer,success,2022-05-24
TXN_001106,CUST_0102,38.21,withdrawal,success,2022-12-29
TXN_001107,CUST_0215,100.92,withdrawal,success,2023-03-21
TXN_001108,CUST_0115,283.96,withdrawal,success,2022-01-06
TXN_001109,CUST_0120,238.16,withdrawal,success,2023-01-03
TXN_001110,CUST_0120,33.42,deposit,success,2023-12-28
TXN_001111,CUST_0347,338.38,deposit,success,2022-07-23
TXN_001112,CUST_0333,50.83,withdrawal,success,2022-04-24
TXN_001113,CUST_0102,50.67,withdrawal,success,2022-07-14
TXN_001114,CUST_0141,153.99,transfer,fraud,2022-10-19
TXN_001115,CUST_0380,179.76,transfer,success,2022-02-11
TXN_001116,CUST_0347,173.54,purchase,failed,2022-05-17
TXN_001117,CUST_0259,19.19,deposit,fraud,2023-02-09
TXN_001118,CUST_0415,419.86,withdrawal,success,2023-03-08
TXN_001119,CUST_0013,61.74,deposit,success,2022-12-06
TXN_001120,CUST_0017,27.74,transfer,success,2022-02-02
TXN_001121,CUST_0017,439.19,deposit,success,2022-06-14
TXN_001122,CUST_0014,623.14,deposit,success,2023-11-14
TXN_001123,CUST_0013,396.29,withdrawal,success,2022-07-23
TXN_001124,CUST_0360,331.64,withdrawal,success,2023-05-06
TXN_001125,CUST_0230,212.98,transfer,success,2023-11-13
TXN_001126,CUST_0126,160.08,withdrawal,success,2022-09-30
TXN_001127,CUST_0457,18.2,transfer,failed,2022-05-02
TXN_001128,CUST_0303,105.0,transfer,success,2023-03-08
TXN_001129,CUST_0288,93.26,purchase,fraud,2023-05-16
TXN_001130,CUST_0126,60.15,purchase,success,2023-07-18
TXN_001131,CUST_0413,257.05,purchase,success,2023-05-23
TXN_001132,CUST_0112,136.99,deposit,fraud,2023-11-30
TXN_001133,CUST_0215,16.9,purchase,fraud,2022-05-11
TXN_001134,CUST_0302,49.74,withdrawal,success,2022-11-29
TXN_001135,CUST_0380,229.93,withdrawal,success,2023-02-14
TXN_001136,CUST_0013,15.84,purchase,success,2023-05-29
TXN_001137,CUST_0014,381.04,deposit,success,2023-02-03
TXN_001138,CUST_0328,136.7,transfer,success,2022-05-15
TXN_001139,CUST_0053,131.01,deposit,fraud,2022-04-23
TXN_001140,CUST_0141,179.5,deposit,success,2022-04-21
TXN_001141,CUST_0102,348.23,transfer,success,2022-01-22
TXN_001142,CUST_0115,85.48,transfer,success,2022-05-10
TXN_001143,CUST_0045,226.65,transfer,failed,2022-06-09
TXN_001144,CUST_0120,166.82,withdrawal,fraud,2022-12-19
TXN_001145,CUST_0102,62.13,transfer,success,2023-05-28
TXN_001146,CUST_0014,421.78,transfer,success,2022-01-14
TXN_001147,CUST_0113,319.33,deposit,success,2023-12-02
TXN_001148,CUST_0230,214.85,deposit,success,2022-08-31
TXN_001149,CUST_0215,380.2,purchase,success,2022-02-23
TXN_001150,CUST_0053,403.92,deposit,failed,2023-11-26
TXN_001151,CUST_0141,246.45,transfer,fraud,2022-12-17
TXN_001152,CUST_0457,362.82,withdrawal,success,2023-03-16
TXN_001153,CUST_0120,239.12,deposit,success,2023-09-04
TXN_001154,CUST_0360,227.97,deposit,success,2022-01-09
TXN_001155,CUST_0446,192.79,transfer,success,2023-03-21
TXN_001156,CUST_0072,279.44,deposit,success,2023-05-07
TXN_001157,CUST_0016,34.54,deposit,success,2022-10-24
TXN_001158,CUST_0017,425.51,transfer,success,2022-10-16
TXN_001159,CUST_0415,410.9,deposit,success,2023-05-13
TXN_001160,CUST_0013,5.94,withdrawal,success,2022-03-26
TXN_001161,CUST_0004,349.53,purchase,success,2023-03-16
TXN_001162,CUST_0120,27.59,deposit,success,2022-09-11
TXN_001163,CUST_0141,81.63,withdrawal,success,2023-09-25
TXN_001164,CUST_0413,272.13,deposit,success,2022-06-06
TXN_001165,CUST_0115,35.05,purchase,success,2023-06-08
TXN_001166,CUST_0115,340.71,transfer,success,2022-07-11
TXN_001167,CUST_0333,356.92,purchase,success,2022-09-13
TXN_001168,CUST_0215,141.64,deposit,fraud,2022-10-15
TXN_001169,CUST_0115,1.28,purchase,success,2022-04-28
TXN_001170,CUST_0380,67.67,purchase,success,2022-09-27
TXN_001171,CUST_0045,191.91,transfer,success,2023-12-19
TXN_001172,CUST_0415,794.63,deposit,success,2022-09-11
TXN_001173,CUST_0413,199.83,purchase,failed,2023-11-14
TXN_001174,CUST_0102,60.17,purchase,fraud,2023-03-16
TXN_001175,CUST_0446,201.03,transfer,fraud,2022-07-23
TXN_001176,CUST_0143,155.3,withdrawal,success,2023-05-01
TXN_001177,CUST_0328,302.69,deposit,success,2023-12-25
TXN_001178,CUST_0288,22.63,withdrawal,success,2022-04-16
TXN_001179,CUST_0457,286.28,withdrawal,success,2023-12-19
TXN_001180,CUST_0115,155.86,transfer,success,2023-05-30
TXN_001181,CUST_0102,659.32,transfer,failed,2023-09-18
TXN_001182,CUST_0112,83.67,deposit,fraud,2022-07-05
TXN_001183,CUST_0102,200.27,withdrawal,success,2022-07-13
TXN_001184,CUST_0413,537.73,purchase,success,2023-08-29
TXN_001185,CUST_0017,21.63,withdrawal,success,2023-10-07
TXN_001186,CUST_0053,553.65,transfer,success,2023-10-12
TXN_001187,CUST_0367,232.88,purchase,success,2022-06-02
TXN_001188,CUST_0141,14.05,purchase,fraud,2022-08-23
TXN_001189,CUST_0328,,transfer,success,2022-05-04
TXN_001190,CUST_0141,246.32,purchase,success,2022-05-16
TXN_001191,CUST_0215,13.95,withdrawal,success,2023-02-15
TXN_001192,CUST_0360,174.54,transfer,success,2022-02-09
TXN_001193,CUST_0328,84.89,deposit,fraud,2022-10-08
TXN_001194,CUST_0380,194.0,transfer,success,2022-07-16
TXN_001195,CUST_0380,9.36,deposit,fraud,2022-05-30
TXN_001196,CUST_0457,410.42,deposit,success,2023-03-13
TXN_001197,CUST_0215,726.04,transfer,success,2022-01-19
TXN_001198,CUST_0389,693.97,transfer,success,2023-09-24
TXN_001199,CUST_0115,276.98,deposit,success,2022-07-24
TXN_001200,CUST_0013,27.87,deposit,success,2022-04-04
TXN_001201,CUST_0360,283.98,purchase,success,2022-02-22
TXN_001202,CUST_0309,4.98,transfer,success,2023-01-25
TXN_001203,CUST_0112,4.47,transfer,success,2023-02-22
TXN_001204,CUST_0347,78.2,purchase,fraud,2023-06-22
TXN_001205,CUST_0367,134.14,transfer,fraud,2022-11-10
TXN_001206,CUST_0415,294.29,purchase,success,2023-12-18
TXN_001207,CUST_0446,229.96,purchase,fraud,2023-10-11
TXN_001208,CUST_0333,118.08,transfer,success,2022-08-25
TXN_001209,CUST_0347,63.94,withdrawal,success,2022-08-16
TXN_001210,CUST_0143,1170.31,deposit,success,2022-12-11
TXN_001211,CUST_0230,111.09,transfer,fraud,2023-03-13
TXN_001212,CUST_0380,120.07,withdrawal,success,2023-05-06
TXN_001213,CUST_0378,35.74,purchase,success,2022-03-04
TXN_001214,CUST_0259,316.76,withdrawal,success,2023-06-07
TXN_001215,CUST_0045,236.63,transfer,success,2023-03-14
TXN_001216,CUST_0126,49.89,transfer,success,2023-10-22
TXN_001217,CUST_0120,17.19,withdrawal,success,2022-02-22
TXN_001218,CUST_0058,228.2,transfer,success,2022-11-08
TXN_001219,CUST_0302,212.56,deposit,fraud,2022-04-23
TXN_001220,CUST_0045,63.84,withdrawal,success,2022-10-03
TXN_001221,CUST_0045,602.63,purchase,failed,2023-01-08
TXN_001222,CUST_0328,32.75,withdrawal,success,2022-10-15
TXN_001223,CUST_0048,113.24,withdrawal,success,2022-12-26
TXN_001224,CUST_0014,575.11,withdrawal,success,2023-12-30
TXN_001225,CUST_0360,108.85,withdrawal,success,2023-03-05
TXN_001226,CUST_0016,203.51,purchase,fraud,2022-09-10
TXN_001227,CUST_0013,101.36,purchase,success,2022-11-24
TXN_001228,CUST_0302,64.1,purchase,fraud,2022-02-18
TXN_001229,CUST_0215,826.75,withdrawal,success,2022-07-06
TXN_001230,CUST_0016,105.3,deposit,success,2022-02-11
TXN_001231,CUST_0380,449.05,deposit,success,2022-01-01
TXN_001232,CUST_0045,52.26,purchase,success,2022-02-23
TXN_001233,CUST_0058,47.93,deposit,success,2023-11-08
TXN_001234,CUST_0347,6.33,deposit,success,2022-11-26
TXN_001235,CUST_0126,210.92,deposit,success,2022-08-06
TXN_001236,CUST_0380,91.94,deposit,success,2022-10-20
TXN_001237,CUST_0113,399.55,deposit,success,2023-04-29
TXN_001238,CUST_0367,128.19,transfer,fraud,2022-10-14
TXN_001239,CUST_0360,689.62,purchase,success,2023-09-14
TXN_001240,CUST_0347,41.04,withdrawal,success,2022-04-14
TXN_001241,CUST_0280,405.94,deposit,success,2023-03-18
TXN_001242,CUST_0457,299.76,transfer,success,2022-07-09
TXN_001243,CUST_0309,294.74,withdrawal,success,2022-09-16
TXN_001244,CUST_0112,372.59,transfer,success,2023-05-19
TXN_001245,CUST_0045,286.28,deposit,success,2023-01-08
TXN_001246,CUST_0072,196.82,deposit,success,2022-12-09
TXN_001247,CUST_0380,28.14,deposit,success,2022-11-08
TXN_001248,CUST_0302,6.61,deposit,success,2022-04-25
TXN_001249,CUST_0259,507.28,withdrawal,success,2022-04-10
TXN_001250,CUST_0112,191.76,withdrawal,success,2023-11-17
TXN_001251,CUST_0446,318.45,transfer,success,2022-01-14
TXN_001252,CUST_0333,131.37,purchase,success,2023-12-01
TXN_001253,CUST_0143,24.96,deposit,success,2023-07-20
TXN_001254,CUST_0446,26.75,transfer,success,2022-05-14
TXN_001255,CUST_0013,231.4,transfer,success,2022-12-06
TXN_001256,CUST_0120,112.53,transfer,fraud,2023-01-05
TXN_001257,CUST_0389,44.76,deposit,success,2023-01-06
TXN_001258,CUST_0415,135.3,deposit,success,2023-08-27
TXN_001259,CUST_0045,13.27,transfer,success,2023-06-26
TXN_001260,CUST_0347,174.44,deposit,success,2023-09-12
TXN_001261,CUST_0367,62.67,transfer,success,2023-01-16
TXN_001262,CUST_0380,319.46,withdrawal,success,2022-09-01
TXN_001263,CUST_0045,74.32,deposit,fraud,2023-10-28
TXN_001264,CUST_0115,121.47,withdrawal,success,2022-10-10
TXN_001265,CUST_0115,2.34,purchase,success,2022-08-04
TXN_001266,CUST_0014,15.04,deposit,success,2023-08-22
TXN_001267,CUST_0415,99.68,purchase,fraud,2023-01-29
TXN_001268,CUST_0048,130.76,transfer,success,2022-03-31
TXN_001269,CUST_0112,183.27,deposit,success,2022-04-19
TXN_001270,CUST_0259,68.97,deposit,success,2022-05-14
TXN_001271,CUST_0143,237.48,deposit,success,2023-10-07
TXN_001272,CUST_0215,393.4,purchase,success,2023-09-09
TXN_001273,CUST_0115,302.69,purchase,fraud,2022-05-04
TXN_001274,CUST_0112,8.09,transfer,success,2022-02-12
TXN_001275,CUST_0360,130.98,withdrawal,success,2023-08-24
TXN_001276,CUST_0328,22.17,withdrawal,success,2023-11-02
TXN_001277,CUST_0230,55.43,purchase,success,2022-07-15
TXN_001278,CUST_0016,863.44,deposit,success,2022-07-17
TXN_001279,CUST_0141,30.75,withdrawal,success,2023-12-23
TXN_001280,CUST_0120,138.19,withdrawal,success,2023-04-02
TXN_001281,CUST_0126,192.55,purchase,success,2022-04-12
TXN_001282,CUST_0347,242.44,transfer,success,2022-03-18
TXN_001283,CUST_0048,164.04,purchase,success,2023-07-14
TXN_001284,CUST_0120,1.96,purchase,success,2023-09-26
TXN_001285,CUST_0303,79.04,deposit,success,2022-12-18
TXN_001286,CUST_0378,145.84,purchase,success,2022-11-05
TXN_001287,CUST_0045,18.39,deposit,fraud,2023-05-01
TXN_001288,CUST_0141,86.35,transfer,success,2022-07-26
TXN_001289,CUST_0053,6.75,deposit,success,2023-07-01
TXN_001290,CUST_0347,16.37,transfer,success,2022-06-07
TXN_001291,CUST_0053,101.14,transfer,success,2022-02-14
TXN_001292,CUST_0380,28.48,transfer,success,2022-05-11
TXN_001293,CUST_0048,167.65,purchase,success,2022-07-16
TXN_001294,CUST_0217,233.89,deposit,success,2023-03-05
TXN_001295,CUST_0045,322.48,withdrawal,success,2023-07-18
TXN_001296,CUST_0013,44.67,purchase,success,2023-12-30
TXN_001297,CUST_0215,36.66,transfer,success,2022-09-16
TXN_001298,CUST_0013,22.09,withdrawal,fraud,2023-07-28
TXN_001299,CUST_0360,202.36,purchase,success,2022-12-22
TXN_001300,CUST_0415,245.16,withdrawal,success,2023-01-10
TXN_001301,CUST_0309,6.42,transfer,success,2023-04-05
TXN_001302,CUST_0288,550.44,withdrawal,success,2023-10-07
TXN_001303,CUST_0360,10.67,withdrawal,success,2022-05-01
TXN_001304,CUST_0017,155.87,transfer,success,2023-03-23
TXN_001305,CUST_0072,246.93,withdrawal,success,2022-03-11
TXN_001306,CUST_0360,409.54,purchase,success,2023-05-10
TXN_001307,CUST_0017,250.41,withdrawal,success,2023-03-06
TXN_001308,CUST_0017,323.62,deposit,success,2023-06-21
TXN_001309,CUST_0389,82.94,purchase,success,2023-05-31
TXN_001310,CUST_0347,337.29,withdrawal,success,2022-01-23
TXN_001311,CUST_0126,16.7,deposit,success,2022-06-20
TXN_001312,CUST_0045,450.41,deposit,fraud,2023-09-06
TXN_001313,CUST_0014,158.63,deposit,success,2022-10-08
TXN_001314,CUST_0380,339.98,withdrawal,success,2023-12-15
TXN_001315,CUST_0360,120.41,transfer,success,2022-05-13
TXN_001316,CUST_0126,206.33,deposit,success,2022-10-24
TXN_001317,CUST_0288,149.48,transfer,success,2022-02-16
TXN_001318,CUST_0004,263.05,purchase,success,2023-08-03
TXN_001319,CUST_0389,17.03,transfer,success,2022-03-04
TXN_001320,CUST_0413,12.45,transfer,success,2023-12-12
TXN_001321,CUST_0126,56.77,transfer,failed,2022-07-14
TXN_001322,CUST_0367,34.76,transfer,fraud,2023-02-12
TXN_001323,CUST_0413,410.81,transfer,fraud,2023-05-22
TXN_001324,CUST_0058,49.49,purchase,success,2023-12-03
TXN_001325,CUST_0347,744.82,purchase,fraud,2023-06-30
TXN_001326,CUST_0058,82.16,transfer,success,2023-06-10
TXN_001327,CUST_0048,40.21,transfer,success,2022-03-18
TXN_001328,CUST_0058,311.84,deposit,success,2022-06-19
TXN_001329,CUST_0328,215.0,purchase,success,2023-03-25
TXN_001330,CUST_0072,137.91,withdrawal,fraud,2023-06-06
TXN_001331,CUST_0360,162.1,purchase,success,2023-01-29
TXN_001332,CUST_0115,254.02,withdrawal,success,2023-07-30
TXN_001333,CUST_0328,51.87,deposit,success,2023-02-04
TXN_001334,CUST_0048,1121.73,transfer,fraud,2023-02-15
TXN_001335,CUST_0230,736.13,deposit,success,2023-09-14
TXN_001336,CUST_0017,210.15,transfer,fraud,2022-10-06
TXN_001337,CUST_0378,44.51,purchase,success,2022-07-31
TXN_001338,CUST_0302,228.03,transfer,success,2022-07-08
TXN_001339,CUST_0113,14.99,withdrawal,success,2022-01-04
TXN_001340,CUST_0141,6.23,withdrawal,success,2022-06-13
TXN_001341,CUST_0113,59.6,deposit,success,2023-08-09
TXN_001342,CUST_0004,124.21,purchase,success,2022-08-12
TXN_001343,CUST_0367,405.4,withdrawal,success,2023-08-30
TXN_001344,CUST_0446,259.78,deposit,success,2023-12-15
TXN_001345,CUST_0288,271.51,purchase,success,2022-01-10
TXN_001346,CUST_0120,110.85,purchase,success,2023-06-10
TXN_001347,CUST_0112,84.91,deposit,success,2023-04-12
TXN_001348,CUST_0058,92.74,withdrawal,success,2023-05-31
TXN_001349,CUST_0215,878.81,withdrawal,success,2023-12-26
TXN_001350,CUST_0217,8.19,deposit,success,2023-06-22
TXN_001351,CUST_0072,403.53,withdrawal,success,2022-09-23
TXN_001352,CUST_0360,172.87,deposit,success,2022-11-07
TXN_001353,CUST_0004,115.47,withdrawal,success,2022-08-14
TXN_001354,CUST_0141,258.38,withdrawal,fraud,2022-10-31
TXN_001355,CUST_0413,133.37,deposit,success,2023-12-27
TXN_001356,CUST_0017,413.38,deposit,fraud,2022-10-02
TXN_001357,CUST_0217,461.93,withdrawal,success,2023-07-20
TXN_001358,CUST_0045,109.54,deposit,success,2022-05-02
TXN_001359,CUST_0328,64.82,withdrawal,success,2022-06-25
TXN_001360,CUST_0215,179.47,transfer,success,2022-08-18
TXN_001361,CUST_0415,486.91,purchase,success,2022-02-16
TXN_001362,CUST_0058,47.31,purchase,success,2023-07-01
TXN_001363,CUST_0053,195.08,withdrawal,failed,2022-09-01
TXN_001364,CUST_0280,199.7,purchase,success,2022-10-26
TXN_001365,CUST_0017,264.19,withdrawal,success,2022-02-10
TXN_001366,CUST_0017,28.21,deposit,success,2023-10-17
TXN_001367,CUST_0380,251.63,transfer,success,2022-06-01
TXN_001368,CUST_0102,479.45,purchase,success,2022-10-12
TXN_001369,CUST_0230,39.61,purchase,success,2022-05-17
TXN_001370,CUST_0102,54.24,deposit,success,2022-10-04
TXN_001371,CUST_0259,710.84,transfer,success,2022-02-22
TXN_001372,CUST_0328,39.93,transfer,success,2023-10-20
TXN_001373,CUST_0014,385.36,transfer,success,2022-09-12
TXN_001374,CUST_0072,135.56,deposit,success,2022-08-04
TXN_001375,CUST_0058,56.8,purchase,success,2023-07-02
TXN_001376,CUST_0309,409.2,purchase,success,2022-04-29
TXN_001377,CUST_0389,117.87,transfer,success,2022-01-02
TXN_001378,CUST_0113,144.65,deposit,success,2023-10-27
TXN_001379,CUST_0328,89.02,deposit,success,2022-12-22
TXN_001380,CUST_0045,179.76,deposit,fraud,2023-10-10
TXN_001381,CUST_0288,35.71,transfer,success,2023-09-12
TXN_001382,CUST_0333,99.21,deposit,success,2023-01-13
TXN_001383,CUST_0143,697.43,transfer,success,2022-11-29
TXN_001384,CUST_0280,59.72,transfer,success,2022-03-27
TXN_001385,CUST_0013,213.85,transfer,failed,2023-12-24
TXN_001386,CUST_0360,78.66,withdrawal,success,2023-07-17
TXN_001387,CUST_0102,296.98,transfer,success,2022-09-28
TXN_001388,CUST_0457,28.05,deposit,success,2022-05-17
TXN_001389,CUST_0413,700.12,withdrawal,success,2023-02-23
TXN_001390,CUST_0126,120.95,purchase,success,2023-09-19
TXN_001391,CUST_0413,53.85,purchase,success,2022-10-29
TXN_001392,CUST_0413,15.27,deposit,success,2022-11-29
TXN_001393,CUST_0415,37.21,deposit,success,2022-02-28
TXN_001394,CUST_0415,146.7,deposit,success,2023-10-03
TXN_001395,CUST_0309,82.2,deposit,success,2022-01-11
TXN_001396,CUST_0045,353.08,withdrawal,success,2022-12-31
TXN_001397,CUST_0017,112.74,deposit,success,2022-08-13
TXN_001398,CUST_0141,57.19,transfer,fraud,2022-10-14
TXN_001399,CUST_0004,192.02,purchase,success,2022-06-30
TXN_001400,CUST_0016,245.36,deposit,fraud,2022-09-20
TXN_001401,CUST_0102,36.55,transfer,success,2022-01-17
TXN_001402,CUST_0380,36.69,deposit,success,2023-07-05
TXN_001403,CUST_0389,7.47,transfer,success,2023-11-05
TXN_001404,CUST_0058,266.67,withdrawal,success,2023-08-21
TXN_001405,CUST_0016,218.01,purchase,failed,2022-04-19
TXN_001406,CUST_0378,128.73,purchase,failed,2023-12-06
TXN_001407,CUST_0102,371.8,withdrawal,success,2023-01-27
TXN_001408,CUST_0115,327.64,transfer,success,2023-11-01
TXN_001409,CUST_0013,176.07,deposit,success,2022-09-21
TXN_001410,CUST_0333,405.4,transfer,fraud,2023-10-04
TXN_001411,CUST_0048,46.09,purchase,success,2023-10-12
TXN_001412,CUST_0017,23.74,withdrawal,success,2023-09-11
TXN_001413,CUST_0303,62.87,withdrawal,success,2023-07-19
TXN_001414,CUST_0053,11.76,transfer,success,2022-07-31
TXN_001415,CUST_0072,151.5,transfer,success,2023-03-29
TXN_001416,CUST_0446,551.68,withdrawal,success,2022-08-14
TXN_001417,CUST_0112,8.03,purchase,fraud,2022-11-29
TXN_001418,CUST_0112,26.05,deposit,success,2022-10-03
TXN_001419,CUST_0017,120.37,deposit,success,2022-07-28
TXN_001420,CUST_0004,543.24,transfer,success,2023-08-19
TXN_001421,CUST_0415,76.01,withdrawal,success,2023-10-07
TXN_001422,CUST_0126,141.54,withdrawal,success,2023-02-09
TXN_001423,CUST_0217,8.49,withdrawal,success,2022-06-09
TXN_001424,CUST_0115,32.11,purchase,success,2023-04-02
TXN_001425,CUST_0126,862.95,,success,2022-08-26
TXN_001426,CUST_0045,671.16,transfer,success,2023-03-21
TXN_001427,CUST_0309,0.99,transfer,success,2023-01-13
TXN_001428,CUST_0413,606.53,purchase,success,2022-06-01
TXN_001429,CUST_0328,203.84,transfer,success,2023-05-06
TXN_001430,CUST_0328,404.87,deposit,success,2022-04-06
TXN_001431,CUST_0120,121.3,transfer,success,2023-05-23
TXN_001432,CUST_0016,144.97,transfer,success,2022-07-05
TXN_001433,CUST_0112,134.22,transfer,success,2023-04-16
TXN_001434,CUST_0217,219.84,purchase,success,2022-07-09
TXN_001435,CUST_0446,30.08,deposit,success,2022-06-30
TXN_001436,CUST_0215,6.09,deposit,success,2022-07-13
TXN_001437,CUST_0014,73.61,withdrawal,success,2023-08-07
TXN_001438,CUST_0072,243.94,withdrawal,success,2023-05-18
TXN_001439,CUST_0017,45.09,deposit,success,2022-07-04
TXN_001440,CUST_0217,223.82,transfer,success,2023-10-26
TXN_001441,CUST_0004,700.73,transfer,success,2022-10-16
TXN_001442,CUST_0013,19.72,transfer,success,2022-01-22
TXN_001443,CUST_0112,223.32,purchase,success,2022-11-14
TXN_001444,CUST_0415,117.31,transfer,success,2022-06-16
TXN_001445,CUST_0380,405.21,purchase,success,2022-07-01
TXN_001446,CUST_0014,39.0,deposit,fraud,2023-02-08
TXN_001447,CUST_0280,235.94,transfer,success,2023-12-05
TXN_001448,CUST_0141,364.17,transfer,failed,2023-09-15
TXN_001449,CUST_0288,578.69,withdrawal,fraud,2022-07-12
TXN_001450,CUST_0328,229.93,deposit,success,2022-03-13
TXN_001451,CUST_0112,137.5,transfer,success,2022-05-27
TXN_001452,CUST_0013,192.39,purchase,success,2022-03-15
TXN_001453,CUST_0113,406.37,deposit,success,2023-03-13
TXN_001454,CUST_0217,169.08,withdrawal,success,2022-09-09
TXN_001455,CUST_0415,6.17,deposit,success,2023-04-11
TXN_001456,CUST_0309,534.58,purchase,fraud,2023-10-23
TXN_001457,CUST_0457,233.93,withdrawal,success,2023-02-17
TXN_001458,CUST_0380,225.72,purchase,success,2022-04-13
TXN_001459,CUST_0016,48.59,deposit,success,2023-06-24
TXN_001460,CUST_0389,215.11,withdrawal,success,2022-05-21
,CUST_0347,100.13,purchase,success,2022-01-13
TXN_001462,CUST_0347,210.67,deposit,success,2023-09-10
TXN_001463,CUST_0378,22.54,purchase,success,2022-04-13
TXN_001464,CUST_0378,214.5,transfer,success,2023-01-22
TXN_001465,CUST_0415,1488.34,deposit,success,2023-01-29
TXN_001466,CUST_0230,9.88,withdrawal,success,2022-01-22
TXN_001467,CUST_0004,755.97,withdrawal,success,2022-04-23
TXN_001468,CUST_0446,104.48,transfer,success,2022-01-14
TXN_001469,CUST_0017,409.21,purchase,success,2023-10-22
TXN_001470,CUST_0217,305.01,purchase,success,2022-02-14
TXN_001471,CUST_0014,167.41,withdrawal,success,2022-05-16
TXN_001472,CUST_0048,268.23,purchase,success,2022-09-12
TXN_001473,CUST_0058,421.59,deposit,success,2022-03-27
TXN_001474,CUST_0217,103.55,deposit,success,2022-10-02
TXN_001475,CUST_0053,79.21,withdrawal,success,2022-05-27
TXN_001476,CUST_0048,220.28,deposit,success,2023-10-05
TXN_001477,CUST_0017,329.89,withdrawal,success,2023-09-07
TXN_001478,CUST_0259,287.34,purchase,success,2022-01-14
TXN_001479,CUST_0302,319.71,purchase,success,2022-01-10
TXN_001480,CUST_0045,114.39,purchase,success,2022-04-19
TXN_001481,CUST_0016,340.57,transfer,success,2023-07-10
TXN_001482,CUST_0013,25.61,withdrawal,success,2022-12-13
TXN_001483,CUST_0230,157.27,deposit,success,2023-12-26
TXN_001484,CUST_0120,1.16,purchase,success,2022-03-29
TXN_001485,CUST_0230,78.49,transfer,success,2022-07-27
TXN_001486,CUST_0058,91.29,deposit,success,2022-05-23
TXN_001487,CUST_0120,100.89,deposit,fraud,2023-05-07
TXN_001488,CUST_0004,237.8,deposit,success,2023-07-31
TXN_001489,CUST_0446,98.39,purchase,fraud,2023-03-31
TXN_001490,CUST_0217,119.09,deposit,success,2022-06-17
TXN_001491,CUST_0141,54.24,withdrawal,success,2022-11-11
TXN_001492,CUST_0413,93.44,transfer,success,2022-12-06
TXN_001493,CUST_0328,51.57,deposit,success,2023-05-06
TXN_001494,CUST_0072,15.2,deposit,success,2022-06-08
TXN_001495,CUST_0333,184.99,withdrawal,success,2022-09-07
TXN_001496,CUST_0126,220.65,deposit,success,2022-02-27
TXN_001497,CUST_0016,193.25,purchase,success,2023-07-11
TXN_001498,CUST_0045,124.54,purchase,success,2023-12-10
TXN_001499,CUST_0072,95.54,purchase,success,2022-10-01
TXN_001500,CUST_0280,398.04,deposit,failed,2023-10-05
TXN_001501,CUST_0215,146.41,transfer,success,2023-07-11
TXN_001502,CUST_0120,130.47,transfer,success,2022-05-07
TXN_001503,CUST_0230,5.2,deposit,success,2022-01-22
TXN_001504,CUST_0215,83.48,transfer,success,2022-02-15
TXN_001505,CUST_0303,95.67,transfer,success,2022-04-16
TXN_001506,CUST_0389,101.77,deposit,success,2023-07-12
TXN_001507,CUST_0120,173.58,purchase,success,2022-10-31
TXN_001508,CUST_0115,152.54,deposit,success,2022-04-16
TXN_001509,CUST_0120,187.25,purchase,success,2023-06-08
TXN_001510,CUST_0017,289.53,purchase,success,2023-03-02
TXN_001511,CUST_0230,335.31,transfer,failed,2022-05-26
TXN_001512,CUST_0215,253.26,transfer,success,2022-01-02
TXN_001513,CUST_0378,622.56,purchase,success,2022-08-18
TXN_001514,CUST_0389,3.68,purchase,success,2022-01-25
TXN_001515,CUST_0102,43.58,transfer,failed,2022-08-21
TXN_001516,CUST_0013,1.52,withdrawal,success,2023-03-14
TXN_001517,CUST_0360,208.53,purchase,success,2023-01-30
TXN_001518,CUST_0013,456.62,purchase,fraud,2022-05-31
TXN_001519,CUST_0017,55.81,purchase,success,2022-12-28
TXN_001520,CUST_0115,523.55,transfer,success,2023-11-03
TXN_001521,CUST_0302,12.43,deposit,success,2022-10-21
TXN_001522,CUST_0017,544.95,purchase,success,2022-08-20
TXN_001523,CUST_0328,86.66,purchase,success,2023-12-02
TXN_001524,CUST_0217,21.39,purchase,success,2023-01-29
TXN_001525,CUST_0303,133.06,deposit,success,2023-12-05
TXN_001526,CUST_0288,59.35,deposit,success,2022-04-26
TXN_001527,CUST_0309,67.06,purchase,success,2023-05-19
TXN_001528,CUST_0360,73.43,purchase,success,2022-06-23
TXN_001529,CUST_0360,324.94,withdrawal,success,2022-04-23
TXN_001530,CUST_0053,154.94,deposit,fraud,2022-08-18
TXN_001531,CUST_0017,74.59,withdrawal,success,2022-04-15
TXN_001532,CUST_0389,188.49,purchase,success,2022-10-16
TXN_001533,CUST_0217,251.86,purchase,success,2023-01-01
TXN_001534,CUST_0309,63.66,purchase,success,2022-03-20
TXN_001535,CUST_0004,106.73,purchase,success,2023-09-23
TXN_001536,CUST_0413,26.0,transfer,success,2022-12-08
TXN_001537,CUST_0446,39.97,transfer,success,2022-05-02
TXN_001538,CUST_0016,228.59,transfer,success,2023-01-05
TXN_001539,CUST_0058,40.04,withdrawal,success,2022-03-28
TXN_001540,CUST_0328,148.96,deposit,success,2022-02-14
TXN_001541,CUST_0280,246.92,purchase,success,2023-09-12
TXN_001542,CUST_0102,22.61,deposit,success,2022-06-04
TXN_001543,CUST_0280,167.55,transfer,success,2022-07-02
TXN_001544,CUST_0112,59.29,purchase,success,2023-03-15
TXN_001545,CUST_0302,658.97,purchase,success,2023-06-28
TXN_001546,CUST_0309,132.15,withdrawal,success,2022-12-09
TXN_001547,CUST_0380,327.97,deposit,fraud,2023-09-07
TXN_001548,CUST_0215,159.8,withdrawal,success,2022-07-05
TXN_001549,CUST_0303,8.88,transfer,success,2023-11-27
TXN_001550,CUST_0126,200.56,deposit,success,2023-03-12
TXN_001551,CUST_0415,604.84,transfer,success,2022-06-03
TXN_001552,CUST_0413,184.07,withdrawal,success,2023-11-15
TXN_001553,CUST_0014,342.06,withdrawal,success,2023-12-05
TXN_001554,CUST_0446,431.19,purchase,fraud,2022-11-05
TXN_001555,CUST_0288,51.77,deposit,fraud,2023-10-02
TXN_001556,CUST_0309,47.66,deposit,success,2022-10-21
TXN_001557,CUST_0380,188.83,purchase,success,2022-12-23
TXN_001558,CUST_0045,105.88,deposit,success,2022-04-17
TXN_001559,CUST_0058,366.34,transfer,success,2022-10-05
TXN_001560,CUST_0288,460.56,transfer,success,2023-05-27
TXN_001561,CUST_0309,87.21,withdrawal,success,2023-11-09
TXN_001562,CUST_0016,54.07,transfer,success,2023-01-13
TXN_001563,CUST_0259,303.3,deposit,success,2022-09-29
TXN_001564,CUST_0112,64.26,purchase,success,2023-12-30
TXN_001565,CUST_0120,345.89,withdrawal,fraud,2022-03-20
TXN_001566,CUST_0058,110.24,purchase,fraud,2022-01-03
TXN_001567,CUST_0058,220.25,withdrawal,success,2022-06-02
TXN_001568,CUST_0328,20.08,withdrawal,success,2023-11-03
TXN_001569,CUST_0380,195.56,purchase,fraud,2022-05-31
TXN_001570,CUST_0045,120.21,transfer,success,2022-11-24
TXN_001571,CUST_0014,176.67,transfer,success,2022-06-01
TXN_001572,CUST_0017,36.79,transfer,success,2023-02-04
TXN_001573,CUST_0016,267.02,transfer,failed,2023-04-03
TXN_001574,CUST_0280,397.26,purchase,success,2023-05-05
TXN_001575,CUST_0309,48.86,deposit,success,2022-03-10
TXN_001576,CUST_0143,20.12,withdrawal,fraud,2022-04-26
TXN_001577,CUST_0457,4.78,purchase,success,2023-08-15
TXN_001578,CUST_0259,205.43,transfer,failed,2023-03-14
TXN_001579,CUST_0053,186.84,transfer,success,2022-10-13
TXN_001580,CUST_0230,158.24,purchase,success,2022-05-29
TXN_001581,CUST_0141,52.78,withdrawal,success,2022-04-03
TXN_001582,CUST_0360,99.16,purchase,success,2022-11-27
TXN_001583,CUST_0115,180.52,purchase,success,2022-05-11
TXN_001584,CUST_0457,137.34,deposit,success,2022-07-06
TXN_001585,CUST_0367,881.03,purchase,success,2023-01-30
TXN_001586,CUST_0115,29.34,deposit,success,2022-12-28
TXN_001587,CUST_0380,237.58,withdrawal,success,2022-11-23
TXN_001588,CUST_0217,103.61,purchase,success,2023-05-22
TXN_001589,CUST_0389,111.79,purchase,success,2023-03-11
TXN_001590,CUST_0013,252.88,transfer,success,2023-05-08
TXN_001591,CUST_0380,235.81,purchase,success,2023-12-12
TXN_001592,CUST_0457,947.88,transfer,success,2023-02-28
TXN_001593,CUST_0347,27.48,transfer,success,2023-09-09
TXN_001594,CUST_0303,21.99,transfer,success,2023-10-14
TXN_001595,CUST_0053,257.72,withdrawal,success,2022-12-08
TXN_001596,CUST_0113,172.73,deposit,success,2022-05-22
TXN_001597,CUST_0302,64.09,transfer,success,2023-11-01
TXN_001598,CUST_0303,16.55,purchase,success,2022-09-09
TXN_001599,CUST_0378,17.91,purchase,success,2023-01-28
TXN_001600,CUST_0288,449.22,transfer,success,2023-03-05
TXN_001601,CUST_0347,42.61,transfer,success,2023-07-17
TXN_001602,CUST_0230,78.13,purchase,success,2023-05-25
TXN_001603,CUST_0115,51.41,transfer,success,2023-07-06
TXN_001604,CUST_0120,87.7,deposit,fraud,2023-07-01
TXN_001605,CUST_0215,14.39,deposit,success,2023-05-20
TXN_001606,CUST_0120,146.4,withdrawal,success,2023-06-30
TXN_001607,CUST_0280,14.0,transfer,success,2023-07-04
TXN_001608,CUST_0004,322.24,withdrawal,fraud,2022-08-24
TXN_001609,CUST_0143,53.24,withdrawal,success,2023-01-29
TXN_001610,CUST_0017,155.31,withdrawal,success,2022-03-27
TXN_001611,CUST_0378,424.18,transfer,success,2023-08-18
TXN_001612,CUST_0302,210.47,withdrawal,success,2023-03-08
TXN_001613,CUST_0143,152.27,deposit,success,2023-06-24
TXN_001614,CUST_0014,78.41,withdrawal,success,2023-08-15
TXN_001615,CUST_0013,80.99,deposit,success,2023-12-12
TXN_001616,CUST_0333,221.42,deposit,success,2022-08-13
TXN_001617,CUST_0259,1027.9,transfer,success,2023-12-21
TXN_001618,CUST_0280,216.85,withdrawal,success,2022-03-31
TXN_001619,CUST_0215,163.19,transfer,success,2022-08-29
TXN_001620,CUST_0016,262.35,deposit,fraud,2023-01-06
TXN_001621,CUST_0288,125.17,purchase,success,2022-01-03
TXN_001622,CUST_0230,12.41,withdrawal,success,2022-07-28
TXN_001623,CUST_0302,165.24,transfer,success,2022-01-18
TXN_001624,CUST_0048,632.24,purchase,fraud,2023-01-07
TXN_001625,CUST_0072,38.55,withdrawal,success,2023-07-26
TXN_001626,CUST_0415,234.24,withdrawal,success,2023-05-01
TXN_001627,CUST_0217,44.86,transfer,success,2022-05-17
TXN_001628,CUST_0048,153.5,purchase,success,2022-04-23
TXN_001629,CUST_0415,20.33,transfer,success,2022-03-03
TXN_001630,CUST_0013,119.7,withdrawal,success,2022-12-24
TXN_001631,CUST_0016,282.25,withdrawal,success,2023-01-05
TXN_001632,CUST_0309,85.41,deposit,success,2022-05-23
TXN_001633,CUST_0115,218.67,withdrawal,success,2022-10-29
TXN_001634,CUST_0016,317.39,withdrawal,success,2023-04-17
TXN_001635,CUST_0215,523.95,purchase,success,2022-05-28
TXN_001636,CUST_0143,53.48,purchase,success,2023-07-19
TXN_001637,CUST_0004,101.94,deposit,success,2023-03-08
TXN_001638,CUST_0004,33.07,deposit,success,2022-09-06
TXN_001639,CUST_0112,978.13,deposit,success,2022-08-04
TXN_001640,CUST_0141,523.46,transfer,success,2022-08-18
TXN_001641,CUST_0016,155.29,transfer,success,2022-02-27
TXN_001642,CUST_0280,369.07,deposit,success,2022-05-22
TXN_001643,CUST_0017,147.19,transfer,success,2022-05-01
TXN_001644,CUST_0102,195.41,withdrawal,success,2023-12-14
TXN_001645,CUST_0126,18.67,deposit,success,2023-12-22
TXN_001646,CUST_0017,281.52,deposit,fraud,2022-05-27
TXN_001647,CUST_0230,27.33,transfer,fraud,2023-01-22
TXN_001648,CUST_0288,349.82,purchase,success,2022-01-27
TXN_001649,CUST_0215,304.68,deposit,success,2023-12-14
TXN_001650,CUST_0389,246.71,transfer,success,2023-03-11
TXN_001651,CUST_0143,7.37,transfer,success,2023-01-16
TXN_001652,CUST_0380,72.23,purchase,success,2022-02-25
TXN_001653,CUST_0333,61.06,deposit,success,2023-12-20
TXN_001654,CUST_0457,89.3,purchase,fraud,2022-04-19
TXN_001655,CUST_0120,18.34,withdrawal,failed,2023-11-10
TXN_001656,CUST_0115,552.79,purchase,success,2023-08-19
TXN_001657,CUST_0413,161.4,purchase,success,2022-03-17
TXN_001658,CUST_0004,72.92,transfer,success,2023-05-04
TXN_001659,CUST_0230,101.16,purchase,success,2023-09-01
TXN_001660,CUST_0053,118.55,withdrawal,success,2022-06-11
TXN_001661,CUST_0048,183.56,transfer,success,2022-01-31
TXN_001662,CUST_0115,145.0,withdrawal,success,2022-05-31
TXN_001663,CUST_0004,503.63,purchase,failed,2023-01-10
TXN_001664,CUST_0115,137.42,withdrawal,success,2022-05-25
TXN_001665,CUST_0280,969.65,withdrawal,success,2022-03-22
TXN_001666,CUST_0360,381.33,purchase,success,2022-09-08
TXN_001667,CUST_0280,46.77,purchase,success,2022-03-20
TXN_001668,CUST_0016,533.56,transfer,fraud,2022-01-13
TXN_001669,CUST_0288,24.74,transfer,success,2023-08-06
TXN_001670,CUST_0058,340.15,deposit,success,2023-03-03
TXN_001671,CUST_0215,95.81,transfer,success,2022-06-03
TXN_001672,CUST_0016,420.7,purchase,success,2022-07-06
TXN_001673,CUST_0017,405.08,withdrawal,fraud,2023-04-27
TXN_001674,CUST_0347,327.9,withdrawal,success,2022-05-24
TXN_001675,CUST_0457,312.16,transfer,success,2023-06-25
TXN_001676,CUST_0378,72.68,transfer,success,2023-12-17
TXN_001677,CUST_0415,16.88,purchase,success,2022-11-03
TXN_001678,CUST_0112,103.16,withdrawal,success,2023-04-27
TXN_001679,CUST_0215,38.12,deposit,,2023-02-26
TXN_001680,CUST_0280,237.46,deposit,success,2022-12-12
TXN_001681,CUST_0457,84.96,transfer,fraud,2023-03-31
TXN_001682,CUST_0389,742.72,deposit,success,2023-10-23
TXN_001683,CUST_0113,204.87,purchase,success,2023-12-13
TXN_001684,CUST_0143,345.74,deposit,failed,2022-01-14
TXN_001685,CUST_0120,28.43,transfer,success,2022-10-21
TXN_001686,CUST_0113,396.12,purchase,success,2022-04-24
TXN_001687,CUST_0288,512.16,withdrawal,success,2022-06-09
TXN_001688,CUST_0230,133.52,purchase,success,2022-03-03
TXN_001689,CUST_0072,186.41,transfer,success,2023-10-20
TXN_001690,CUST_0367,289.47,transfer,success,2022-02-02
TXN_001691,CUST_0347,38.44,deposit,success,2023-09-11
TXN_001692,CUST_0378,139.66,deposit,success,2022-06-27
TXN_001693,CUST_0333,101.72,withdrawal,success,2023-05-31
TXN_001694,CUST_0280,31.65,withdrawal,success,2022-06-14
TXN_001695,CUST_0380,91.63,transfer,success,2022-01-12
TXN_001696,CUST_0014,14.12,transfer,success,2023-02-10
TXN_001697,CUST_0302,5.23,transfer,success,2023-03-10
TXN_001698,CUST_0004,29.04,withdrawal,success,2023-11-28
TXN_001699,CUST_0303,659.99,transfer,success,2023-04-11
TXN_001700,CUST_0328,159.49,withdrawal,success,2023-07-22
TXN_001701,CUST_0230,675.24,transfer,failed,2023-12-30
TXN_001702,CUST_0045,113.3,purchase,success,2022-09-22
TXN_001703,CUST_0378,74.74,purchase,success,2023-08-09
TXN_001704,CUST_0259,141.1,transfer,success,2023-05-29
TXN_001705,CUST_0143,115.79,purchase,success,2022-11-10
TXN_001706,CUST_0058,22.33,withdrawal,success,2023-12-28
TXN_001707,CUST_0259,204.79,deposit,fraud,2022-08-21
TXN_001708,CUST_0389,48.68,purchase,fraud,2023-03-10
TXN_001709,CUST_0389,193.3,deposit,success,2022-06-10
TXN_001710,CUST_0141,210.08,purchase,success,2022-10-06
TXN_001711,CUST_0014,32.98,withdrawal,success,2022-04-05
TXN_001712,CUST_0360,12.66,purchase,success,2023-06-19
TXN_001713,CUST_0446,303.52,purchase,success,2023-01-22
TXN_001714,CUST_0415,123.16,transfer,fraud,2022-05-09
TXN_001715,CUST_0120,11.98,deposit,fraud,2022-08-05
TXN_001716,CUST_0053,1054.39,deposit,fraud,2023-02-15
TXN_001717,CUST_0378,11.9,withdrawal,success,2023-09-26
TXN_001718,CUST_0328,237.51,withdrawal,success,2022-02-27
TXN_001719,CUST_0457,823.06,deposit,success,2022-08-13
TXN_001720,CUST_0360,54.67,transfer,success,2023-02-06
TXN_001721,CUST_0141,30.69,transfer,success,2022-07-08
TXN_001722,CUST_0143,25.88,deposit,success,2023-07-27
TXN_001723,CUST_0143,72.27,purchase,success,2023-09-12
TXN_001724,CUST_0259,21.3,deposit,success,2022-03-21
TXN_001725,CUST_0017,235.64,purchase,success,2023-12-11
TXN_001726,CUST_0302,12.86,deposit,success,2023-04-25
TXN_001727,CUST_0347,142.43,purchase,success,2023-05-04
TXN_001728,CUST_0230,1142.58,transfer,success,2022-11-17
TXN_001729,CUST_0113,336.37,deposit,success,2023-10-31
TXN_001730,CUST_0013,191.02,withdrawal,success,2023-10-20
TXN_001731,CUST_0259,73.13,purchase,success,2023-02-19
TXN_001732,CUST_0016,195.58,transfer,success,2023-01-25
TXN_001733,CUST_0302,149.75,withdrawal,success,2022-06-18
TXN_001734,CUST_0143,111.05,transfer,success,2022-02-25
TXN_001735,CUST_0016,28.02,purchase,failed,2023-01-16
TXN_001736,CUST_0120,435.37,deposit,fraud,2023-10-25
TXN_001737,CUST_0446,119.49,transfer,success,2023-03-11
TXN_001738,CUST_0113,43.29,deposit,success,2022-07-19
TXN_001739,CUST_0217,91.7,deposit,success,2022-10-04
TXN_001740,CUST_0280,106.93,transfer,success,2022-04-22
TXN_001741,CUST_0378,351.52,transfer,success,2022-04-17
TXN_001742,CUST_0303,264.56,transfer,fraud,2022-03-21
TXN_001743,CUST_0347,293.33,deposit,success,2023-01-07
TXN_001744,CUST_0413,2.22,withdrawal,fraud,2023-09-10
TXN_001745,CUST_0378,107.62,purchase,success,2022-12-10
TXN_001746,CUST_0347,131.3,withdrawal,success,2022-01-29
TXN_001747,CUST_0045,3.88,deposit,success,2022-09-03
TXN_001748,CUST_0102,60.17,transfer,success,2022-10-16
TXN_001749,CUST_0215,285.66,transfer,success,2022-06-16
TXN_001750,CUST_0309,29.49,purchase,success,2023-07-09
TXN_001751,CUST_0347,153.28,purchase,success,2022-04-20
TXN_001752,CUST_0141,48.47,withdrawal,success,2022-03-08
TXN_001753,CUST_0333,2.44,withdrawal,success,2022-08-05
TXN_001754,CUST_0112,55.2,purchase,success,2023-09-04
TXN_001755,CUST_0302,744.89,deposit,success,2022-01-12
TXN_001756,CUST_0126,323.43,withdrawal,success,2022-11-13
TXN_001757,CUST_0415,641.67,transfer,success,2022-07-12
TXN_001758,CUST_0045,133.83,transfer,failed,2023-07-19
TXN_001759,CUST_0126,23.25,deposit,success,2022-07-26
TXN_001760,CUST_0048,158.8,purchase,success,2023-10-16
TXN_001761,CUST_0058,121.17,withdrawal,success,2022-02-03
TXN_001762,CUST_0016,372.04,transfer,fraud,2022-09-04
TXN_001763,CUST_0309,20.65,purchase,success,2022-10-03
TXN_001764,CUST_0389,133.98,withdrawal,success,2022-03-29
TXN_001765,CUST_0141,32.52,deposit,success,2023-08-07
TXN_001766,CUST_0072,78.51,transfer,success,2023-08-02
TXN_001767,CUST_0112,267.39,deposit,success,2022-02-15
TXN_001768,CUST_0230,129.26,deposit,success,2023-08-01
TXN_001769,CUST_0045,94.29,deposit,success,2023-05-11
TXN_001770,CUST_0113,100.33,withdrawal,success,2022-02-16
TXN_001771,CUST_0360,123.03,deposit,failed,2022-02-19
TXN_001772,CUST_0389,307.44,withdrawal,failed,2022-11-19
TXN_001773,CUST_0378,445.28,withdrawal,success,2022-04-06
TXN_001774,CUST_0115,621.71,deposit,success,2022-11-13
TXN_001775,CUST_0302,309.2,deposit,success,2022-01-09
TXN_001776,CUST_0215,75.79,purchase,success,2023-01-01
TXN_001777,CUST_0415,233.04,transfer,success,2022-10-17
TXN_001778,CUST_0347,115.11,purchase,fraud,2023-02-12
TXN_001779,CUST_0016,58.79,transfer,success,2023-05-28
TXN_001780,CUST_0230,367.61,transfer,success,2022-07-19
TXN_001781,CUST_0017,7.84,purchase,success,2022-11-19
TXN_001782,CUST_0113,464.07,purchase,success,2023-02-05
TXN_001783,CUST_0259,123.79,transfer,success,2022-12-31
TXN_001784,CUST_0259,202.78,transfer,success,2022-05-13
TXN_001785,CUST_0013,215.38,transfer,success,2023-12-21
TXN_001786,CUST_0126,450.98,withdrawal,success,2023-11-22
TXN_001787,CUST_0014,202.49,transfer,success,2022-04-10
TXN_001788,CUST_0102,190.35,deposit,success,2022-12-06
TXN_001789,CUST_0126,13.8,deposit,failed,2023-02-22
TXN_001790,CUST_0053,146.13,deposit,fraud,2023-05-31
TXN_001791,CUST_0446,32.54,purchase,success,2022-04-14
TXN_001792,CUST_0457,267.45,purchase,success,2023-05-30
TXN_001793,CUST_0303,143.58,purchase,fraud,2022-06-03
TXN_001794,CUST_0378,228.03,transfer,success,2022-01-25
TXN_001795,CUST_0457,8.51,deposit,success,2023-08-25
TXN_001796,CUST_0126,17.72,transfer,success,2023-01-27
TXN_001797,CUST_0457,251.98,withdrawal,success,2023-05-04
TXN_001798,CUST_0115,14.96,withdrawal,success,2023-08-24
TXN_001799,CUST_0328,14.78,purchase,success,2022-02-08
TXN_001800,CUST_0333,2.44,withdrawal,fraud,2022-10-25
TXN_001801,CUST_0413,627.01,deposit,success,2022-06-15
TXN_001802,CUST_0014,267.51,withdrawal,success,2022-06-05
TXN_001803,CUST_0004,87.16,purchase,success,2023-11-30
TXN_001804,CUST_0016,70.35,transfer,success,2023-04-20
TXN_001805,CUST_0115,86.07,withdrawal,failed,2022-03-22
TXN_001806,CUST_0014,298.02,deposit,fraud,2023-10-03
TXN_001807,CUST_0413,216.57,deposit,success,2022-04-06
TXN_001808,CUST_0360,40.96,deposit,fraud,2022-08-26
TXN_001809,CUST_0380,38.26,transfer,success,2022-08-09
TXN_001810,CUST_0115,20.72,deposit,success,2023-11-29
TXN_001811,CUST_0413,215.94,purchase,success,2023-11-01
TXN_001812,CUST_0113,289.1,purchase,success,2022-05-25
TXN_001813,CUST_0112,61.59,deposit,fraud,2022-06-14
TXN_001814,CUST_0013,4.23,withdrawal,success,2023-05-29
TXN_001815,CUST_0230,17.15,deposit,success,2023-06-13
TXN_001816,CUST_0215,687.53,purchase,success,2023-09-16
TXN_001817,CUST_0380,70.04,purchase,success,2023-10-30
TXN_001818,CUST_0347,293.26,purchase,success,2023-06-20
TXN_001819,CUST_0115,195.99,withdrawal,success,2022-12-16
TXN_001820,CUST_0302,96.23,withdrawal,success,2023-04-04
TXN_001821,CUST_0215,46.06,withdrawal,success,2022-05-15
TXN_001822,CUST_0013,25.88,purchase,success,2022-12-14
TXN_001823,CUST_0280,190.91,transfer,success,2022-10-25
TXN_001824,CUST_0309,298.01,deposit,success,2023-01-04
TXN_001825,CUST_0230,,deposit,success,2023-10-01
TXN_001826,CUST_0347,151.13,purchase,success,2023-03-18
TXN_001827,CUST_0072,8.57,withdrawal,success,2022-02-10
TXN_001828,CUST_0367,691.48,transfer,success,2023-12-31
TXN_001829,CUST_0113,320.61,transfer,success,2023-12-01
TXN_001830,CUST_0058,69.29,withdrawal,success,2023-02-01
TXN_001831,CUST_0115,782.11,deposit,success,2022-09-02
TXN_001832,CUST_0360,184.2,deposit,success,2022-08-02
TXN_001833,CUST_0072,174.66,transfer,success,2023-09-18
TXN_001834,CUST_0347,275.72,transfer,success,2023-09-14
TXN_001835,CUST_0415,334.02,withdrawal,success,2022-03-18
TXN_001836,CUST_0102,213.7,deposit,success,2022-06-06
TXN_001837,CUST_0217,27.42,transfer,success,2023-08-04
TXN_001838,CUST_0347,82.58,deposit,success,2023-10-05
TXN_001839,CUST_0380,526.45,transfer,success,2023-05-25
TXN_001840,CUST_0120,50.88,withdrawal,failed,2022-04-10
TXN_001841,CUST_0048,93.1,deposit,fraud,2022-01-16
TXN_001842,CUST_0004,113.15,transfer,failed,2022-05-27
TXN_001843,CUST_0045,115.75,transfer,success,2022-11-13
TXN_001844,CUST_0328,189.83,transfer,success,2023-07-15
TXN_001845,CUST_0112,573.21,transfer,success,2022-03-31
TXN_001846,CUST_0045,55.07,withdrawal,success,2023-05-26
TXN_001847,CUST_0048,25.91,deposit,success,2022-04-07
TXN_001848,CUST_0048,44.0,deposit,success,2023-04-11
TXN_001849,CUST_0126,435.94,purchase,success,2022-11-18
TXN_001850,CUST_0053,207.58,deposit,success,2022-06-23
TXN_001851,CUST_0013,67.35,purchase,failed,2022-10-30
TXN_001852,CUST_0017,338.51,transfer,success,2022-06-15
TXN_001853,CUST_0302,395.19,withdrawal,success,2022-03-11
TXN_001854,CUST_0004,374.83,withdrawal,fraud,2022-10-14
TXN_001855,CUST_0457,502.48,transfer,success,2023-08-14
TXN_001856,CUST_0457,58.13,purchase,fraud,2023-01-08
TXN_001857,CUST_0004,281.33,transfer,success,2022-12-28
TXN_001858,CUST_0360,123.44,withdrawal,success,2022-04-02
TXN_001859,CUST_0014,369.03,withdrawal,success,2022-03-14
TXN_001860,CUST_0367,260.75,deposit,success,2022-07-03
TXN_001861,CUST_0053,299.62,purchase,success,2023-12-29
TXN_001862,CUST_0115,213.52,deposit,success,2023-04-17
TXN_001863,CUST_0288,39.06,withdrawal,success,2022-09-22
TXN_001864,CUST_0303,157.5,withdrawal,success,2023-04-30
TXN_001865,CUST_0347,835.59,deposit,success,2022-09-20
TXN_001866,CUST_0053,554.16,deposit,success,2023-03-29
TXN_001867,CUST_0280,8.83,withdrawal,success,2023-10-28
TXN_001868,CUST_0302,36.02,deposit,success,2022-05-24
TXN_001869,CUST_0014,28.25,deposit,success,2022-05-07
TXN_001870,CUST_0413,258.91,purchase,success,2023-08-06
TXN_001871,CUST_0333,340.51,withdrawal,success,2023-05-15
TXN_001872,CUST_0303,48.04,transfer,fraud,2022-02-10
TXN_001873,CUST_0013,140.98,purchase,success,2023-01-08
TXN_001874,CUST_0058,367.4,transfer,failed,2022-10-21
TXN_001875,CUST_0016,263.95,deposit,success,2023-02-15
TXN_001876,CUST_0120,156.28,deposit,success,2023-02-23
TXN_001877,CUST_0072,178.49,transfer,success,2023-09-27
TXN_001878,CUST_0288,142.0,deposit,success,2023-11-28
TXN_001879,CUST_0004,70.64,deposit,success,2022-05-13
TXN_001880,CUST_0309,166.49,purchase,success,2023-03-28
TXN_001881,CUST_0048,233.52,transfer,success,2023-01-11
TXN_001882,CUST_0102,413.22,purchase,success,2023-06-09
TXN_001883,CUST_0415,202.28,transfer,success,2023-10-02
TXN_001884,CUST_0045,286.36,purchase,success,2022-11-18
TXN_001885,CUST_0215,34.89,withdrawal,success,2023-01-18
TXN_001886,CUST_0415,123.81,withdrawal,success,2022-03-27
TXN_001887,CUST_0378,1.88,transfer,fraud,2023-11-30
TXN_001888,CUST_0333,56.65,withdrawal,success,2023-02-28
TXN_001889,CUST_0328,259.26,purchase,success,2023-06-03
TXN_001890,CUST_0288,960.97,transfer,success,2023-04-06
TXN_001891,CUST_0360,20.89,withdrawal,success,2022-09-27
TXN_001892,CUST_0058,102.66,withdrawal,success,2023-11-30
TXN_001893,CUST_0120,321.96,transfer,success,2022-02-13
TXN_001894,CUST_0347,45.64,withdrawal,success,2023-09-28
TXN_001895,CUST_0113,161.97,withdrawal,success,2023-10-22
TXN_001896,CUST_0230,264.15,transfer,success,2022-02-28
TXN_001897,CUST_0413,191.41,withdrawal,success,2022-09-08
TXN_001898,CUST_0328,41.66,withdrawal,success,2023-12-18
TXN_001899,CUST_0302,87.82,withdrawal,fraud,2023-07-29
TXN_001900,CUST_0102,306.3,withdrawal,failed,2022-01-09
TXN_001901,CUST_0380,161.59,deposit,success,2022-06-08
TXN_001902,CUST_0367,1.05,transfer,success,2022-04-18
TXN_001903,CUST_0259,286.25,deposit,success,2022-10-25
TXN_001904,CUST_0415,7.19,deposit,success,2023-01-20
TXN_001905,CUST_0302,273.87,purchase,success,2022-06-12
TXN_001906,CUST_0016,45.25,deposit,fraud,2023-08-07
TXN_001907,CUST_0112,634.37,deposit,success,2023-02-13
TXN_001908,CUST_0113,91.75,purchase,success,2022-03-16
TXN_001909,CUST_0303,79.18,withdrawal,failed,2022-08-17
TXN_001910,CUST_0215,32.24,withdrawal,success,2023-02-02
TXN_001911,CUST_0288,72.94,deposit,fraud,2023-04-19
TXN_001912,CUST_0309,418.55,purchase,success,2023-11-17
TXN_001913,CUST_0302,1121.75,withdrawal,fraud,2022-04-06
TXN_001914,CUST_0288,91.87,purchase,success,2022-12-24
TXN_001915,CUST_0045,119.06,transfer,success,2023-04-23
TXN_001916,CUST_0360,256.08,transfer,success,2023-04-25
TXN_001917,CUST_0389,434.66,transfer,success,2023-10-20
TXN_001918,CUST_0072,179.81,transfer,success,2023-07-02
TXN_001919,CUST_0380,99.36,deposit,fraud,2023-04-22
TXN_001920,CUST_0058,106.42,transfer,success,2022-04-22
TXN_001921,,237.89,transfer,success,2022-03-29
TXN_001922,CUST_0303,0.64,purchase,success,2022-07-04
TXN_001923,CUST_0303,193.3,withdrawal,success,2022-04-21
TXN_001924,CUST_0141,87.85,purchase,success,2023-02-11
TXN_001925,CUST_0113,316.17,deposit,success,2023-03-20
TXN_001926,CUST_0126,19.52,transfer,fraud,2022-07-24
TXN_001927,CUST_0017,177.44,withdrawal,success,2023-02-16
TXN_001928,CUST_0328,131.16,withdrawal,success,2022-12-03
TXN_001929,CUST_0072,205.63,transfer,success,2022-03-08
TXN_001930,CUST_0360,13.41,transfer,success,2022-11-21
TXN_001931,CUST_0126,173.49,deposit,success,2022-12-17
TXN_001932,CUST_0112,164.87,deposit,success,2023-09-11
TXN_001933,CUST_0360,164.5,transfer,success,2023-05-13
TXN_001934,CUST_0457,185.01,transfer,success,2022-08-06
TXN_001935,CUST_0280,225.69,transfer,success,2023-12-21
TXN_001936,CUST_0120,326.94,transfer,success,2023-05-03
TXN_001937,CUST_0014,62.89,withdrawal,success,2022-04-28
TXN_001938,CUST_0215,348.65,deposit,success,2022-10-13
TXN_001939,CUST_0048,137.93,transfer,failed,2023-04-11
TXN_001940,CUST_0013,16.04,transfer,success,2022-02-09
TXN_001941,CUST_0378,12.07,withdrawal,success,2023-07-13
TXN_001942,CUST_0288,81.36,purchase,success,2022-06-09
TXN_001943,CUST_0415,307.33,transfer,success,2023-04-27
TXN_001944,CUST_0302,245.98,withdrawal,success,2022-05-30
TXN_001945,CUST_0360,310.81,withdrawal,success,2023-10-18
TXN_001946,CUST_0333,145.66,purchase,success,2022-08-07
TXN_001947,CUST_0215,116.03,deposit,failed,2022-11-24
TXN_001948,CUST_0457,31.91,deposit,fraud,2023-08-05
TXN_001949,CUST_0328,79.56,deposit,success,2022-02-02
TXN_001950,CUST_0004,113.84,transfer,success,2023-09-08
TXN_001951,CUST_0280,18.55,deposit,fraud,2023-01-25
TXN_001952,CUST_0141,49.85,transfer,success,2022-03-05
TXN_001953,CUST_0457,182.37,transfer,success,2023-01-06
TXN_001954,CUST_0328,266.11,withdrawal,fraud,2023-03-17
TXN_001955,CUST_0053,1281.09,deposit,fraud,2023-04-30
TXN_001956,CUST_0115,540.95,deposit,success,2022-08-07
TXN_001957,CUST_0328,205.76,deposit,success,2022-02-25
TXN_001958,CUST_0328,109.38,transfer,success,2022-08-05
TXN_001959,CUST_0280,202.22,transfer,failed,2022-01-24
TXN_001960,CUST_0380,308.03,deposit,fraud,2023-12-02
TXN_001961,CUST_0017,25.19,transfer,success,2023-03-10
TXN_001962,CUST_0048,105.49,transfer,success,2022-10-04
TXN_001963,CUST_0303,366.27,purchase,success,2022-09-16
TXN_001964,CUST_0446,96.85,purchase,success,2023-10-13
TXN_001965,CUST_0303,169.67,deposit,success,2022-06-30
TXN_001966,CUST_0280,177.23,deposit,success,2022-03-27
TXN_001967,CUST_0415,40.78,purchase,success,2022-05-26
TXN_001968,CUST_0013,89.96,transfer,success,2022-03-12
TXN_001969,CUST_0217,81.45,transfer,success,2022-10-08
TXN_001970,CUST_0303,5.31,withdrawal,success,2023-02-19
TXN_001971,CUST_0058,4.9,deposit,success,2022-03-25
TXN_001972,CUST_0347,356.4,deposit,success,2022-11-02
TXN_001973,CUST_0280,63.79,deposit,success,2023-12-31
TXN_001974,CUST_0309,145.99,withdrawal,fraud,2023-04-08
TXN_001975,CUST_0120,70.97,withdrawal,success,2023-03-06
TXN_001976,CUST_0360,564.96,transfer,success,2023-06-22
TXN_001977,CUST_0328,60.03,purchase,success,2022-08-08
TXN_001978,CUST_0072,112.3,purchase,fraud,2023-11-17
TXN_001979,CUST_0303,412.29,purchase,success,2022-09-23
TXN_001980,CUST_0259,368.95,transfer,success,2022-07-08
TXN_001981,CUST_0413,41.18,purchase,success,2022-02-25
TXN_001982,CUST_0120,324.55,withdrawal,success,2022-04-05
TXN_001983,CUST_0280,122.57,withdrawal,fraud,2023-03-15
TXN_001984,CUST_0333,131.93,deposit,failed,2022-12-17
TXN_001985,CUST_0013,28.65,purchase,success,2022-11-01
TXN_001986,CUST_0112,16.81,withdrawal,success,2022-06-18
TXN_001987,CUST_0115,260.35,deposit,success,2022-07-23
TXN_001988,CUST_0280,137.22,purchase,success,2022-12-24
TXN_001989,CUST_0415,114.84,purchase,failed,2023-03-06
TXN_001990,CUST_0058,261.5,withdrawal,fraud,2023-05-09
TXN_001991,CUST_0004,290.07,deposit,success,2023-05-02
TXN_001992,CUST_0280,34.61,deposit,success,2023-07-03
TXN_001993,CUST_0378,188.44,withdrawal,success,2023-12-07
TXN_001994,CUST_0302,29.09,withdrawal,success,2022-06-14
TXN_001995,CUST_0217,278.36,withdrawal,success,2023-12-15
TXN_001996,CUST_0141,213.98,purchase,success,2023-03-24
TXN_001997,CUST_0126,627.53,withdrawal,success,2022-12-30
TXN_001998,CUST_0016,14.29,withdrawal,success,2023-12-11
TXN_001999,CUST_0113,11.75,transfer,success,2023-08-08
TXN_002000,CUST_0004,66.31,withdrawal,success,2023-02-03
TXN_002001,CUST_0415,60.68,withdrawal,success,2022-01-11
TXN_002002,CUST_0347,56.73,purchase,success,2023-07-29
TXN_002003,CUST_0302,473.43,deposit,failed,2023-09-04
TXN_002004,CUST_0217,57.42,purchase,success,2022-07-23
TXN_002005,CUST_0347,63.48,transfer,failed,2022-03-21
TXN_002006,CUST_0230,284.92,withdrawal,failed,2023-11-15
TXN_002007,CUST_0280,119.47,withdrawal,success,2023-08-16
TXN_002008,CUST_0045,299.86,withdrawal,success,2023-09-24
TXN_002009,CUST_0230,13.52,withdrawal,fraud,2022-05-29
TXN_002010,CUST_0113,133.72,withdrawal,success,2022-11-28
TXN_002011,CUST_0367,6.84,withdrawal,fraud,2023-11-12
TXN_002012,CUST_0013,12.94,transfer,success,2022-11-21
TXN_002013,CUST_0045,473.83,withdrawal,success,2022-01-15
TXN_002014,CUST_0415,29.99,withdrawal,success,2022-06-04
TXN_002015,CUST_0115,152.04,withdrawal,success,2023-04-15
TXN_002016,CUST_0048,105.9,transfer,fraud,2022-06-01
TXN_002017,CUST_0112,85.34,withdrawal,success,2023-05-27
TXN_002018,CUST_0230,460.18,transfer,success,2022-11-21
TXN_002019,CUST_0053,4.41,purchase,success,2022-04-27
TXN_002020,CUST_0217,218.0,withdrawal,success,2023-11-22
TXN_002021,CUST_0017,661.51,deposit,success,2023-02-21
TXN_002022,CUST_0058,164.27,transfer,success,2022-09-27
TXN_002023,CUST_0380,552.36,purchase,success,2023-06-18
TXN_002024,CUST_0016,10.73,transfer,success,2022-01-04
TXN_002025,CUST_0309,108.53,transfer,success,2023-04-07
TXN_002026,CUST_0360,60.26,purchase,success,2022-05-09
TXN_002027,CUST_0017,262.48,withdrawal,failed,2023-10-12
TXN_002028,CUST_0072,795.82,withdrawal,success,2023-04-06
TXN_002029,CUST_0378,59.29,transfer,success,2023-10-17
TXN_002030,CUST_0141,212.36,purchase,success,2023-08-16
TXN_002031,CUST_0072,44.15,withdrawal,success,2022-04-10
TXN_002032,CUST_0378,166.63,transfer,success,2022-02-07
TXN_002033,CUST_0280,124.7,deposit,success,2022-08-12
TXN_002034,CUST_0360,715.15,purchase,success,2022-07-12
TXN_002035,CUST_0303,187.57,deposit,success,2023-03-07
TXN_002036,CUST_0415,86.0,deposit,success,2023-12-15
TXN_002037,CUST_0378,24.23,transfer,success,2023-07-14
TXN_002038,CUST_0389,32.8,purchase,success,2022-06-20
TXN_002039,CUST_0126,51.06,withdrawal,fraud,2023-09-08
TXN_002040,CUST_0072,57.79,withdrawal,success,2023-01-22
TXN_002041,CUST_0288,380.25,transfer,success,2022-08-10
TXN_002042,CUST_0014,164.75,withdrawal,success,2022-12-23
TXN_002043,CUST_0378,148.21,withdrawal,success,2022-08-03
TXN_002044,CUST_0126,24.38,deposit,success,2022-07-15
TXN_002045,CUST_0302,393.42,deposit,success,2023-11-27
TXN_002046,CUST_0072,256.61,purchase,success,2023-08-14
TXN_002047,CUST_0113,14.01,deposit,success,2022-01-15
TXN_002048,CUST_0367,246.09,withdrawal,fraud,2023-01-15
TXN_002049,CUST_0113,156.85,purchase,success,2023-01-08
TXN_002050,CUST_0360,17.05,purchase,success,2022-01-17
TXN_002051,CUST_0259,122.61,transfer,success,2022-11-06
TXN_002052,CUST_0102,132.6,deposit,success,2022-11-11
TXN_002053,CUST_0259,36.25,purchase,success,2023-05-30
TXN_002054,CUST_0389,582.64,withdrawal,success,2022-05-08
TXN_002055,CUST_0302,379.39,purchase,success,2023-12-18
TXN_002056,CUST_0053,221.14,purchase,success,2023-05-27
TXN_002057,CUST_0378,124.09,transfer,success,2023-10-27
TXN_002058,CUST_0280,106.13,withdrawal,fraud,2023-04-12
TXN_002059,CUST_0446,210.52,withdrawal,success,2023-02-28
TXN_002060,CUST_0014,157.68,deposit,success,2023-02-25
TXN_002061,CUST_0112,12.86,withdrawal,success,2022-12-27
TXN_002062,CUST_0053,143.69,purchase,success,2022-12-27
TXN_002063,CUST_0259,328.4,withdrawal,failed,2023-07-10
TXN_002064,CUST_0446,122.96,withdrawal,success,2023-03-13
TXN_002065,CUST_0217,10.67,purchase,success,2023-06-20
TXN_002066,CUST_0017,308.62,transfer,success,2022-12-10
TXN_002067,CUST_0413,44.97,deposit,success,2022-04-27
TXN_002068,CUST_0053,59.85,deposit,fraud,2022-06-30
TXN_002069,CUST_0360,35.99,transfer,success,2023-04-15
TXN_002070,CUST_0058,80.16,purchase,failed,2023-03-15
TXN_002071,CUST_0302,282.73,deposit,success,2023-01-18
TXN_002072,CUST_0413,146.54,transfer,success,2022-07-01
TXN_002073,CUST_0215,45.85,transfer,success,2023-07-21
TXN_002074,CUST_0446,420.47,transfer,success,2023-09-02
TXN_002075,CUST_0004,423.36,deposit,success,2022-06-16
TXN_002076,CUST_0259,408.94,deposit,success,2023-07-10
TXN_002077,CUST_0141,54.57,deposit,success,2023-03-23
TXN_002078,CUST_0360,120.02,deposit,success,2023-01-26
TXN_002079,CUST_0058,839.8,withdrawal,success,2022-10-19
TXN_002080,CUST_0303,295.69,transfer,fraud,2023-11-07
TXN_002081,CUST_0380,5.51,withdrawal,success,2023-12-07
TXN_002082,CUST_0259,13.49,transfer,success,2023-11-28
TXN_002083,CUST_0045,124.7,deposit,success,2023-03-24
TXN_002084,CUST_0217,479.86,deposit,fraud,2023-10-12
TXN_002085,CUST_0013,154.74,withdrawal,success,2022-10-18
TXN_002086,CUST_0126,137.76,purchase,success,2023-12-20
TXN_002087,CUST_0072,22.29,deposit,success,2023-09-28
TXN_002088,CUST_0143,213.88,purchase,success,2022-04-12
TXN_002089,CUST_0367,345.31,transfer,success,2022-03-31
TXN_002090,CUST_0048,95.74,withdrawal,fraud,2022-04-17
TXN_002091,CUST_0302,298.88,purchase,success,2022-04-02
TXN_002092,CUST_0072,667.51,purchase,success,2023-10-28
TXN_002093,CUST_0120,45.57,deposit,fraud,2022-01-17
TXN_002094,CUST_0112,148.19,purchase,success,2023-09-24
TXN_002095,CUST_0215,67.69,purchase,failed,2023-02-26
TXN_002096,CUST_0378,314.87,transfer,fraud,2022-04-17
TXN_002097,CUST_0413,172.36,withdrawal,success,2023-05-24
TXN_002098,CUST_0120,201.34,deposit,success,2023-10-01
TXN_002099,CUST_0048,319.81,deposit,success,2023-07-12
TXN_002100,CUST_0328,100.83,purchase,success,2022-04-13
TXN_002101,CUST_0259,493.23,transfer,success,2023-10-11
TXN_002102,CUST_0389,152.3,purchase,success,2023-03-31
TXN_002103,CUST_0360,34.38,purchase,success,2023-05-31
TXN_002104,CUST_0446,238.08,deposit,success,2023-08-19
TXN_002105,CUST_0215,315.26,purchase,success,2022-02-03
TXN_002106,CUST_0457,76.18,purchase,success,2023-11-15
TXN_002107,CUST_0328,389.23,transfer,success,2022-10-24
TXN_002108,CUST_0367,473.2,deposit,fraud,2023-03-07
TXN_002109,CUST_0045,64.84,withdrawal,success,2022-08-05
TXN_002110,CUST_0045,821.14,transfer,success,2022-08-17
TXN_002111,CUST_0102,30.33,transfer,success,2023-04-11
TXN_002112,CUST_0230,45.13,transfer,success,2023-07-19
TXN_002113,CUST_0017,40.72,deposit,success,2023-01-26
TXN_002114,CUST_0303,448.84,purchase,fraud,2022-04-28
TXN_002115,CUST_0215,212.43,withdrawal,success,2022-07-20
TXN_002116,CUST_0288,33.0,deposit,success,2023-04-26
TXN_002117,CUST_0102,116.08,purchase,success,2022-05-08
TXN_002118,CUST_0367,191.06,transfer,success,2022-12-26
TXN_002119,CUST_0102,17.43,deposit,success,2023-04-21
TXN_002120,CUST_0053,428.12,purchase,success,2023-02-27
TXN_002121,CUST_0053,325.52,withdrawal,success,2023-10-23
TXN_002122,CUST_0120,140.72,withdrawal,success,2023-12-22
TXN_002123,CUST_0347,683.02,purchase,success,2023-02-10
TXN_002124,CUST_0457,108.17,deposit,success,2022-01-08
TXN_002125,CUST_0115,828.42,transfer,success,2023-01-19
TXN_002126,CUST_0415,220.48,purchase,success,2022-08-18
TXN_002127,CUST_0328,201.39,transfer,success,2023-06-04
TXN_002128,CUST_0126,36.29,withdrawal,success,2022-10-18
TXN_002129,CUST_0347,427.29,purchase,success,2022-10-02
TXN_002130,CUST_0058,111.54,withdrawal,success,2023-11-06
TXN_002131,CUST_0328,35.4,transfer,success,2022-09-28
TXN_002132,CUST_0014,2.54,transfer,success,2022-11-11
TXN_002133,CUST_0004,164.09,purchase,success,2023-03-01
TXN_002134,CUST_0302,149.9,purchase,success,2023-11-21
TXN_002135,CUST_0053,254.13,purchase,fraud,2022-09-05
TXN_002136,CUST_0014,441.92,withdrawal,fraud,2022-01-05
TXN_002137,CUST_0115,16.55,transfer,success,2023-03-01
TXN_002138,CUST_0017,262.98,transfer,success,2022-02-03
TXN_002139,CUST_0141,41.51,withdrawal,success,2022-01-16
TXN_002140,CUST_0115,390.64,purchase,success,2022-01-27
TXN_002141,CUST_0004,341.92,deposit,success,2022-06-07
TXN_002142,CUST_0413,155.65,purchase,fraud,2023-01-19
TXN_002143,CUST_0013,247.74,deposit,success,2023-06-16
TXN_002144,CUST_0288,75.48,deposit,success,2023-09-07
TXN_002145,CUST_0389,127.42,withdrawal,success,2022-11-22
TXN_002146,CUST_0112,344.79,transfer,success,2022-12-10
TXN_002147,CUST_0058,122.97,transfer,success,2022-06-24
TXN_002148,CUST_0045,88.57,transfer,success,2023-08-09
TXN_002149,CUST_0112,136.33,transfer,success,2023-03-17
TXN_002150,CUST_0017,352.34,withdrawal,success,2022-09-05
TXN_002151,CUST_0045,81.66,deposit,success,2023-07-24
TXN_002152,CUST_0115,38.17,transfer,success,2023-02-05
TXN_002153,CUST_0367,248.97,deposit,fraud,2022-07-17
TXN_002154,CUST_0389,349.71,withdrawal,success,2023-09-24
TXN_002155,CUST_0141,21.21,purchase,success,2023-10-22
TXN_002156,CUST_0302,54.85,withdrawal,success,2023-02-07
TXN_002157,CUST_0004,30.62,transfer,success,2022-02-22
TXN_002158,CUST_0328,85.52,purchase,success,2023-08-15
TXN_002159,CUST_0014,119.7,withdrawal,success,2023-03-16
TXN_002160,CUST_0053,276.32,withdrawal,success,2022-05-12
TXN_002161,CUST_0115,210.62,deposit,success,2023-10-14
TXN_002162,CUST_0004,194.01,withdrawal,success,2023-02-04
TXN_002163,CUST_0045,86.89,purchase,success,2022-06-27
TXN_002164,CUST_0303,368.33,withdrawal,fraud,2023-02-17
TXN_002165,CUST_0230,127.46,transfer,failed,2022-11-22
TXN_002166,CUST_0115,773.65,deposit,fraud,2023-06-14
TXN_002167,CUST_0215,201.1,purchase,success,2022-06-12
TXN_002168,CUST_0259,27.0,purchase,fraud,2023-03-24
TXN_002169,CUST_0347,225.51,withdrawal,success,2022-08-25
TXN_002170,CUST_0141,78.64,transfer,success,2022-04-12
TXN_002171,CUST_0302,231.88,deposit,success,2023-12-29
TXN_002172,CUST_0045,14.44,purchase,success,2022-05-10
TXN_002173,CUST_0360,38.45,deposit,success,2023-06-01
TXN_002174,CUST_0141,387.22,withdrawal,success,2022-05-02
TXN_002175,CUST_0303,51.54,transfer,success,2023-10-09
TXN_002176,CUST_0045,362.85,withdrawal,success,2023-08-14
TXN_002177,CUST_0120,65.5,deposit,success,2023-02-06
TXN_002178,CUST_0113,205.94,withdrawal,success,2023-10-05
TXN_002179,CUST_0058,236.93,deposit,success,2022-09-24
TXN_002180,CUST_0215,143.76,purchase,success,2023-07-21
TXN_002181,CUST_0333,72.86,purchase,fraud,2022-06-12
TXN_002182,CUST_0013,47.82,withdrawal,success,2022-11-27
TXN_002183,CUST_0288,6.75,purchase,success,2022-07-28
TXN_002184,CUST_0360,72.47,deposit,success,2022-04-06
TXN_002185,CUST_0112,211.78,purchase,success,2022-04-06
TXN_002186,CUST_0053,557.11,transfer,success,2022-01-27
TXN_002187,CUST_0360,409.91,transfer,success,2023-03-24
TXN_002188,CUST_0389,290.54,withdrawal,fraud,2022-01-12
TXN_002189,CUST_0053,310.66,withdrawal,success,2023-10-06
TXN_002190,CUST_0058,218.72,withdrawal,success,2023-08-31
TXN_002191,CUST_0328,60.3,withdrawal,success,2022-06-06
TXN_002192,CUST_0360,475.45,deposit,success,2022-01-29
TXN_002193,CUST_0413,222.18,deposit,success,2023-09-25
TXN_002194,CUST_0457,164.4,transfer,success,2023-12-26
TXN_002195,CUST_0072,23.53,deposit,success,2023-07-11
TXN_002196,CUST_0302,118.5,purchase,success,2022-03-22
TXN_002197,CUST_0058,123.37,transfer,success,2023-08-09
TXN_002198,CUST_0014,399.85,withdrawal,success,2023-01-27
TXN_002199,CUST_0004,158.22,withdrawal,success,2022-01-26
TXN_002200,CUST_0102,95.74,deposit,success,2022-05-14
TXN_002201,CUST_0141,752.72,transfer,success,2023-04-10
TXN_002202,CUST_0378,23.47,deposit,success,2023-10-12
TXN_002203,CUST_0048,109.83,deposit,success,2023-10-09
TXN_002204,CUST_0115,8.59,deposit,success,2023-01-02
TXN_002205,CUST_0378,269.34,transfer,success,2022-07-11
TXN_002206,CUST_0120,500.39,withdrawal,success,2022-09-03
TXN_002207,CUST_0115,65.71,purchase,success,2023-10-31
TXN_002208,CUST_0302,390.87,withdrawal,success,2022-08-16
TXN_002209,CUST_0215,69.12,transfer,success,2022-11-01
TXN_002210,CUST_0302,483.31,withdrawal,success,2022-07-18
TXN_002211,CUST_0303,280.45,withdrawal,success,2023-07-03
TXN_002212,CUST_0309,326.86,purchase,success,2022-09-09
TXN_002213,CUST_0347,3.63,withdrawal,success,2023-01-23
TXN_002214,CUST_0303,658.34,withdrawal,success,2022-09-24
TXN_002215,CUST_0288,259.42,withdrawal,success,2023-11-07
TXN_002216,CUST_0389,72.7,deposit,success,2022-02-22
TXN_002217,CUST_0017,353.68,transfer,success,2022-10-09
TXN_002218,CUST_0415,66.12,transfer,failed,2022-03-26
TXN_002219,CUST_0217,412.33,purchase,success,2022-05-28
TXN_002220,CUST_0013,23.89,deposit,success,2023-10-05
TXN_002221,CUST_0004,243.27,deposit,success,2022-01-24
TXN_002222,CUST_0303,155.61,withdrawal,success,2023-10-16
TXN_002223,CUST_0120,20.3,transfer,fraud,2023-08-17
TXN_002224,CUST_0013,55.39,purchase,success,2022-04-16
TXN_002225,CUST_0217,2.5,deposit,fraud,2022-04-24
TXN_002226,CUST_0230,126.51,withdrawal,success,2023-04-16
TXN_002227,CUST_0446,71.7,purchase,success,2023-09-03
TXN_002228,CUST_0367,182.44,deposit,success,2022-05-06
TXN_002229,CUST_0367,70.55,purchase,success,2022-04-20
TXN_002230,CUST_0143,71.31,deposit,success,2022-05-26
TXN_002231,CUST_0333,271.89,purchase,success,2022-10-17
TXN_002232,CUST_0048,9.87,deposit,success,2022-09-26
TXN_002233,CUST_0017,466.39,deposit,success,2022-07-04
TXN_002234,CUST_0126,382.47,purchase,success,2022-04-06
TXN_002235,CUST_0016,220.41,deposit,success,2022-03-21
TXN_002236,CUST_0143,179.9,deposit,success,2023-05-22
TXN_002237,CUST_0013,445.69,deposit,success,2023-01-06
TXN_002238,CUST_0016,40.99,purchase,success,2022-08-01
TXN_002239,CUST_0112,16.45,purchase,success,2023-02-05
TXN_002240,CUST_0215,54.76,deposit,fraud,2022-04-14
TXN_002241,CUST_0113,316.54,deposit,success,2023-05-18
TXN_002242,CUST_0347,7.06,purchase,success,2022-01-23
TXN_002243,CUST_0017,174.84,withdrawal,success,2023-02-28
TXN_002244,CUST_0014,1077.98,deposit,success,2022-03-17
TXN_002245,CUST_0141,387.17,withdrawal,success,2023-05-14
TXN_002246,CUST_0045,147.4,purchase,success,2023-10-03
TXN_002247,CUST_0058,13.15,deposit,success,2022-03-20
TXN_002248,CUST_0072,356.01,withdrawal,success,2022-08-04
TXN_002249,CUST_0120,182.75,purchase,success,2023-12-05
TXN_002250,CUST_0058,24.42,withdrawal,fraud,2023-03-06
TXN_002251,CUST_0045,19.71,transfer,success,2023-01-20
TXN_002252,CUST_0048,480.76,purchase,success,2022-11-18
TXN_002253,CUST_0259,221.25,transfer,success,2023-10-11
TXN_002254,CUST_0367,353.55,purchase,success,2023-04-07
TXN_002255,CUST_0333,422.36,purchase,success,2022-06-14
TXN_002256,CUST_0102,169.62,deposit,success,2022-07-04
TXN_002257,CUST_0017,145.73,transfer,success,2022-11-02
TXN_002258,CUST_0333,112.57,transfer,fraud,2022-01-11
TXN_002259,CUST_0058,76.24,transfer,success,2022-07-02
TXN_002260,CUST_0126,114.04,purchase,success,2023-11-07
TXN_002261,CUST_0045,297.34,transfer,success,2023-08-04
TXN_002262,CUST_0215,184.22,transfer,success,2023-10-09
TXN_002263,CUST_0014,446.1,deposit,success,2023-09-14
TXN_002264,CUST_0378,117.17,withdrawal,success,2022-02-02
TXN_002265,CUST_0380,186.83,withdrawal,failed,2022-05-01
TXN_002266,CUST_0045,199.56,transfer,success,2022-12-18
TXN_002267,CUST_0413,179.15,transfer,success,2022-12-22
TXN_002268,CUST_0143,242.56,transfer,success,2023-05-11
TXN_002269,CUST_0120,54.21,transfer,success,2023-09-21
TXN_002270,CUST_0230,143.64,withdrawal,success,2023-09-07
TXN_002271,CUST_0143,22.01,deposit,success,2023-07-14
TXN_002272,CUST_0013,97.07,purchase,failed,2022-01-06
TXN_002273,CUST_0004,133.76,transfer,success,2022-06-12
TXN_002274,CUST_0413,211.24,transfer,success,2023-06-19
TXN_002275,CUST_0347,601.28,withdrawal,success,2022-09-18
TXN_002276,CUST_0367,183.58,transfer,success,2022-05-05
TXN_002277,CUST_0058,272.2,deposit,success,2022-07-17
TXN_002278,CUST_0360,141.15,deposit,success,2023-09-13
TXN_002279,CUST_0415,201.08,transfer,success,2022-01-31
TXN_002280,CUST_0347,14.71,withdrawal,success,2023-07-03
TXN_002281,CUST_0141,58.71,transfer,success,2022-01-24
TXN_002282,CUST_0013,89.84,transfer,success,2023-06-15
TXN_002283,CUST_0280,127.92,withdrawal,success,2023-06-09
TXN_002284,CUST_0048,9.34,deposit,success,2022-06-06
TXN_002285,CUST_0328,30.17,purchase,success,2022-08-10
TXN_002286,CUST_0058,64.82,transfer,success,2023-01-09
TXN_002287,CUST_0328,711.8,deposit,success,2022-04-28
TXN_002288,CUST_0415,80.5,transfer,success,2022-08-11
TXN_002289,CUST_0280,131.57,purchase,success,2022-01-31
TXN_002290,CUST_0143,43.66,withdrawal,success,2022-12-02
TXN_002291,CUST_0048,188.72,deposit,,2022-05-22
TXN_002292,CUST_0367,65.89,purchase,success,2022-08-14
TXN_002293,CUST_0215,46.38,transfer,success,2022-03-27
TXN_002294,CUST_0141,145.37,purchase,failed,2023-12-10
TXN_002295,CUST_0013,1.1,deposit,success,2022-05-10
TXN_002296,CUST_0004,1.54,withdrawal,success,2022-10-02
TXN_002297,CUST_0415,49.45,transfer,failed,2022-10-08
TXN_002298,CUST_0288,7.48,withdrawal,success,2023-05-09
TXN_002299,CUST_0217,22.86,withdrawal,success,2022-07-24
TXN_002300,CUST_0004,82.76,purchase,success,2022-04-05
TXN_002301,CUST_0014,324.49,purchase,success,2022-12-23
TXN_002302,CUST_0017,169.75,deposit,success,2023-12-27
TXN_002303,CUST_0360,143.76,deposit,success,2023-07-19
TXN_002304,CUST_0413,69.48,withdrawal,success,2023-10-30
TXN_002305,CUST_0446,536.93,deposit,success,2022-10-29
TXN_002306,CUST_0303,101.17,withdrawal,success,2023-04-24
TXN_002307,CUST_0113,18.22,transfer,success,2023-05-23
TXN_002308,CUST_0446,191.98,withdrawal,success,2023-03-23
TXN_002309,CUST_0215,24.17,deposit,success,2023-06-09
TXN_002310,CUST_0045,84.69,deposit,success,2023-02-14
TXN_002311,CUST_0230,141.62,withdrawal,success,2022-07-17
TXN_002312,CUST_0378,414.65,purchase,success,2022-09-14
TXN_002313,CUST_0328,136.06,withdrawal,success,2022-06-27
TXN_002314,CUST_0413,242.31,withdrawal,success,2022-07-22
TXN_002315,CUST_0120,987.2,purchase,success,2023-12-05
TXN_002316,CUST_0016,28.2,transfer,success,2022-10-15
TXN_002317,CUST_0303,64.24,purchase,success,2023-02-07
TXN_002318,CUST_0112,100.37,deposit,success,2022-04-16
TXN_002319,CUST_0230,109.58,purchase,failed,2023-08-21
TXN_002320,CUST_0058,105.87,deposit,success,2023-08-25
TXN_002321,CUST_0058,476.35,deposit,success,2022-11-16
TXN_002322,CUST_0115,250.38,withdrawal,success,2022-06-19
TXN_002323,CUST_0303,187.25,withdrawal,success,2022-07-30
TXN_002324,CUST_0058,74.03,transfer,success,2023-05-15
TXN_002325,CUST_0048,347.22,deposit,success,2023-03-20
TXN_002326,CUST_0058,620.49,withdrawal,success,2023-04-02
TXN_002327,CUST_0259,344.3,deposit,success,2023-03-10
TXN_002328,CUST_0367,,transfer,success,2023-09-03
TXN_002329,CUST_0014,202.34,deposit,success,2022-10-06
TXN_002330,CUST_0302,10.5,transfer,success,2022-11-23
TXN_002331,CUST_0048,59.58,transfer,success,2023-09-30
TXN_002332,CUST_0360,12.27,transfer,success,2022-04-21
TXN_002333,CUST_0328,185.16,withdrawal,success,2023-09-14
TXN_002334,CUST_0215,232.05,purchase,fraud,2023-01-28
TXN_002335,CUST_0004,24.32,purchase,success,2023-03-16
TXN_002336,CUST_0045,96.85,withdrawal,fraud,2022-07-24
TXN_002337,CUST_0143,121.85,deposit,success,2023-08-04
TXN_002338,CUST_0053,92.11,withdrawal,success,2022-12-28
TXN_002339,CUST_0045,25.8,deposit,success,2023-01-18
TXN_002340,CUST_0120,108.58,transfer,success,2023-10-10
TXN_002341,CUST_0141,278.2,withdrawal,success,2022-03-07
TXN_002342,CUST_0126,14.73,purchase,success,2023-04-06
TXN_002343,CUST_0072,16.72,deposit,success,2022-06-21
TXN_002344,CUST_0230,87.63,withdrawal,success,2022-02-04
TXN_002345,CUST_0288,568.52,withdrawal,success,2023-06-08
TXN_002346,CUST_0016,220.87,deposit,success,2022-09-17
TXN_002347,CUST_0058,227.06,transfer,success,2023-08-24
TXN_002348,CUST_0217,89.86,transfer,success,2023-02-24
TXN_002349,CUST_0415,180.11,transfer,success,2022-10-28
TXN_002350,CUST_0217,2.04,transfer,success,2023-09-11
TXN_002351,CUST_0112,202.17,deposit,success,2023-10-23
TXN_002352,CUST_0378,489.03,purchase,success,2023-06-28
TXN_002353,CUST_0360,189.65,withdrawal,success,2022-12-27
TXN_002354,CUST_0333,413.82,withdrawal,success,2023-02-12
TXN_002355,CUST_0446,257.45,transfer,success,2022-01-31
TXN_002356,CUST_0380,25.69,deposit,success,2022-04-28
TXN_002357,CUST_0367,465.48,purchase,success,2022-07-04
TXN_002358,CUST_0013,13.75,purchase,success,2022-11-27
TXN_002359,CUST_0347,152.7,withdrawal,success,2023-03-16
TXN_002360,CUST_0415,30.66,transfer,success,2022-07-10
TXN_002361,CUST_0053,2.36,withdrawal,success,2023-01-02
TXN_002362,CUST_0120,109.65,withdrawal,success,2022-09-09
TXN_002363,CUST_0112,69.92,purchase,fraud,2022-03-16
TXN_002364,CUST_0347,133.11,deposit,success,2022-08-09
TXN_002365,CUST_0112,172.17,purchase,success,2023-11-04
TXN_002366,CUST_0113,8.94,withdrawal,fraud,2023-01-16
TXN_002367,CUST_0378,26.25,transfer,success,2023-01-16
TXN_002368,CUST_0280,163.58,transfer,fraud,2022-05-29
TXN_002369,CUST_0333,84.07,deposit,success,2022-11-18
TXN_002370,CUST_0053,261.26,deposit,success,2022-05-06
TXN_002371,CUST_0126,211.28,deposit,success,2022-01-10
TXN_002372,CUST_0333,373.65,withdrawal,success,2022-11-23
TXN_002373,CUST_0014,235.85,withdrawal,success,2023-12-06
TXN_002374,CUST_0309,112.4,deposit,success,2022-01-12
TXN_002375,CUST_0288,223.54,transfer,success,2022-12-03
TXN_002376,CUST_0457,64.42,transfer,success,2022-08-07
TXN_002377,CUST_0413,73.15,transfer,success,2023-04-22
TXN_002378,CUST_0126,311.17,withdrawal,success,2023-08-05
TXN_002379,CUST_0016,118.27,purchase,fraud,2022-11-26
TXN_002380,CUST_0333,320.27,transfer,success,2022-08-27
TXN_002381,CUST_0058,345.67,transfer,success,2023-07-30
TXN_002382,CUST_0013,389.77,transfer,success,2022-03-09
TXN_002383,CUST_0457,496.91,deposit,success,2023-01-30
TXN_002384,CUST_0378,112.77,withdrawal,success,2022-10-18
TXN_002385,CUST_0045,76.8,deposit,success,2023-09-09
TXN_002386,CUST_0378,174.55,deposit,success,2022-08-06
TXN_002387,CUST_0280,92.78,purchase,success,2023-06-24
TXN_002388,CUST_0048,183.8,deposit,success,2022-08-11
TXN_002389,CUST_0328,244.55,purchase,success,2022-04-16
TXN_002390,CUST_0120,233.21,deposit,success,2023-07-29
TXN_002391,CUST_0309,93.86,transfer,success,2022-10-12
TXN_002392,CUST_0446,36.51,withdrawal,failed,2023-09-15
TXN_002393,CUST_0360,112.61,deposit,failed,2023-11-19
TXN_002394,CUST_0045,30.77,purchase,success,2022-03-18
TXN_002395,CUST_0013,441.63,withdrawal,success,2023-08-11
TXN_002396,CUST_0053,84.89,purchase,fraud,2023-10-24
TXN_002397,CUST_0013,33.56,transfer,success,2023-03-08
TXN_002398,CUST_0280,5.16,deposit,success,2023-11-30
TXN_002399,CUST_0004,207.59,withdrawal,success,2023-03-22
TXN_002400,CUST_0013,202.62,transfer,fraud,2022-11-22
TXN_002401,CUST_0215,83.29,deposit,success,2022-11-24
TXN_002402,CUST_0014,14.88,deposit,success,2022-07-22
TXN_002403,CUST_0013,105.4,purchase,success,2022-07-21
TXN_002404,CUST_0217,74.57,purchase,success,2022-02-20
TXN_002405,CUST_0328,226.1,transfer,success,2023-05-21
TXN_002406,CUST_0302,186.17,purchase,success,2023-05-26
TXN_002407,CUST_0045,90.7,transfer,success,2022-02-17
TXN_002408,CUST_0120,49.15,transfer,success,2022-10-09
TXN_002409,CUST_0413,885.17,transfer,success,2023-03-08
TXN_002410,CUST_0457,121.03,purchase,success,2022-05-03
TXN_002411,CUST_0413,233.13,withdrawal,success,2022-05-08
TXN_002412,CUST_0280,30.29,transfer,success,2023-04-09
TXN_002413,CUST_0415,132.95,withdrawal,success,2022-06-25
TXN_002414,CUST_0259,5.58,deposit,success,2023-09-08
TXN_002415,CUST_0288,140.82,purchase,success,2022-12-01
TXN_002416,CUST_0126,664.94,purchase,fraud,2023-08-29
TXN_002417,CUST_0215,96.97,withdrawal,success,2023-01-28
TXN_002418,CUST_0072,7.96,deposit,success,2022-08-31
TXN_002419,CUST_0120,6.29,deposit,success,2023-08-14
TXN_002420,CUST_0058,98.2,transfer,success,2022-01-22
TXN_002421,CUST_0328,34.88,purchase,fraud,2022-10-19
TXN_002422,CUST_0017,4.73,deposit,success,2022-01-19
TXN_002423,CUST_0017,282.29,deposit,success,2023-10-22
TXN_002424,CUST_0016,122.69,transfer,fraud,2023-08-13
TXN_002425,CUST_0333,68.29,transfer,success,2022-01-05
TXN_002426,CUST_0415,460.68,withdrawal,success,2023-04-18
TXN_002427,CUST_0014,24.69,purchase,success,2022-10-19
TXN_002428,CUST_0333,624.34,deposit,success,2022-05-15
TXN_002429,CUST_0288,75.37,withdrawal,fraud,2023-02-17
TXN_002430,CUST_0360,438.57,purchase,success,2022-02-07
TXN_002431,CUST_0302,184.74,withdrawal,fraud,2023-07-01
TXN_002432,CUST_0102,350.55,purchase,fraud,2023-06-25
TXN_002433,CUST_0328,827.2,purchase,success,2022-02-10
TXN_002434,CUST_0004,68.05,deposit,success,2022-12-12
TXN_002435,CUST_0367,649.53,purchase,success,2023-10-23
TXN_002436,CUST_0302,98.69,transfer,success,2022-01-17
TXN_002437,CUST_0072,97.39,deposit,success,2022-03-13
TXN_002438,CUST_0415,83.22,transfer,success,2023-04-27
TXN_002439,CUST_0360,155.92,withdrawal,success,2022-04-08
TXN_002440,CUST_0141,33.48,withdrawal,fraud,2023-03-02
TXN_002441,CUST_0328,161.36,purchase,success,2022-11-05
TXN_002442,CUST_0016,156.05,purchase,success,2022-10-09
TXN_002443,CUST_0014,287.01,transfer,failed,2022-11-21
TXN_002444,CUST_0141,358.73,transfer,success,2022-12-21
TXN_002445,CUST_0115,116.12,transfer,success,2023-02-14
TXN_002446,CUST_0045,72.0,withdrawal,success,2022-03-23
TXN_002447,CUST_0013,60.04,transfer,success,2023-07-24
TXN_002448,CUST_0016,43.29,deposit,success,2022-11-17
TXN_002449,CUST_0017,11.88,deposit,success,2023-05-21
TXN_002450,CUST_0288,83.85,withdrawal,success,2023-09-20
TXN_002451,CUST_0378,63.01,transfer,fraud,2022-02-18
TXN_002452,CUST_0309,678.75,transfer,success,2023-02-07
TXN_002453,CUST_0230,163.16,purchase,success,2022-11-02
TXN_002454,CUST_0446,85.32,deposit,success,2023-12-15
TXN_002455,CUST_0115,173.72,withdrawal,success,2023-04-11
TXN_002456,CUST_0328,29.98,transfer,success,2023-05-21
TXN_002457,CUST_0045,117.41,purchase,fraud,2023-10-19
TXN_002458,CUST_0303,196.83,withdrawal,success,2022-05-05
TXN_002459,CUST_0413,134.24,withdrawal,success,2023-01-18
TXN_002460,CUST_0113,102.76,deposit,success,2023-09-25
TXN_002461,CUST_0215,1018.21,transfer,success,2022-04-16
TXN_002462,CUST_0280,424.58,withdrawal,success,2022-01-30
TXN_002463,,195.32,purchase,success,2022-08-18
TXN_002464,CUST_0143,168.5,purchase,success,2022-02-18
TXN_002465,CUST_0113,193.86,withdrawal,success,2022-01-11
TXN_002466,CUST_0413,44.96,purchase,success,2022-05-23
TXN_002467,CUST_0413,100.55,withdrawal,success,2022-04-18
TXN_002468,CUST_0415,8.05,purchase,success,2022-11-27
TXN_002469,CUST_0053,129.08,withdrawal,fraud,2023-12-06
TXN_002470,CUST_0367,156.63,withdrawal,success,2023-03-23
TXN_002471,CUST_0115,51.69,withdrawal,success,2022-08-20
TXN_002472,CUST_0115,665.01,purchase,success,2022-06-24
TXN_002473,CUST_0013,480.38,withdrawal,success,2022-04-01
TXN_002474,CUST_0048,256.13,deposit,success,2022-07-15
TXN_002475,CUST_0259,152.45,withdrawal,success,2023-01-13
TXN_002476,CUST_0115,408.0,transfer,success,2023-07-05
TXN_002477,CUST_0016,28.0,transfer,success,2022-01-06
TXN_002478,CUST_0016,312.62,deposit,failed,2023-12-06
TXN_002479,CUST_0016,26.67,withdrawal,success,2022-02-23
TXN_002480,CUST_0378,316.18,transfer,success,2022-09-23
TXN_002481,CUST_0120,64.53,withdrawal,success,2022-02-14
TXN_002482,CUST_0280,419.26,transfer,failed,2022-04-24
TXN_002483,,576.63,purchase,success,2022-02-19
TXN_002484,CUST_0143,32.22,purchase,success,2022-11-08
TXN_002485,CUST_0017,124.23,deposit,failed,2022-03-18
TXN_002486,CUST_0302,792.53,deposit,success,2022-09-28
TXN_002487,CUST_0053,132.1,withdrawal,success,2022-12-04
TXN_002488,CUST_0115,398.36,deposit,success,2023-12-06
TXN_002489,CUST_0053,177.7,withdrawal,failed,2023-09-20
TXN_002490,CUST_0115,94.11,purchase,fraud,2023-01-24
TXN_002491,CUST_0215,67.31,purchase,fraud,2022-10-04
TXN_002492,CUST_0115,45.44,transfer,success,2023-12-17
TXN_002493,CUST_0126,286.93,withdrawal,fraud,2022-06-24
TXN_002494,CUST_0457,97.73,purchase,success,2022-05-22
TXN_002495,CUST_0143,143.19,purchase,success,2023-08-21
TXN_002496,CUST_0053,135.58,withdrawal,success,2023-04-17
TXN_002497,CUST_0053,172.21,transfer,success,2022-05-03
TXN_002498,CUST_0126,401.35,transfer,success,2022-05-10
TXN_002499,CUST_0415,789.94,transfer,success,2022-11-23
TXN_002500,CUST_0013,104.71,transfer,fraud,2022-06-01
TXN_002501,CUST_0360,351.49,purchase,success,2023-08-22
TXN_002502,CUST_0016,289.23,withdrawal,success,2023-02-28
TXN_002503,CUST_0347,170.44,withdrawal,fraud,2023-10-15
TXN_002504,CUST_0102,624.93,purchase,success,2023-04-03
TXN_002505,CUST_0016,44.75,purchase,success,2023-11-16
TXN_002506,CUST_0333,23.14,purchase,success,2022-05-06
TXN_002507,CUST_0415,384.78,deposit,success,2023-06-19
TXN_002508,CUST_0413,115.66,withdrawal,success,2023-06-25
TXN_002509,CUST_0280,375.42,withdrawal,success,2022-09-04
TXN_002510,CUST_0380,447.15,withdrawal,failed,2023-08-15
TXN_002511,CUST_0014,12.9,transfer,success,2023-05-05
TXN_002512,CUST_0367,429.91,purchase,success,2023-11-09
TXN_002513,CUST_0004,118.96,purchase,success,2023-05-17
TXN_002514,CUST_0413,142.85,purchase,success,2022-10-15
TXN_002515,CUST_0113,197.02,deposit,success,2022-11-26
TXN_002516,CUST_0017,521.77,withdrawal,fraud,2023-05-10
TXN_002517,CUST_0058,3.86,purchase,success,2022-08-20
TXN_002518,CUST_0215,129.57,deposit,success,2022-04-05
TXN_002519,CUST_0280,232.77,purchase,fraud,2022-09-28
TXN_002520,CUST_0380,256.54,transfer,success,2022-10-31
TXN_002521,CUST_0259,235.88,withdrawal,success,2023-12-30
TXN_002522,CUST_0309,28.87,deposit,success,2022-03-26
TXN_002523,CUST_0016,71.16,purchase,success,2022-12-28
TXN_002524,CUST_0280,88.86,withdrawal,success,2023-07-26
TXN_002525,CUST_0288,326.37,deposit,success,2022-09-06
TXN_002526,CUST_0120,65.36,withdrawal,success,2023-11-07
TXN_002527,CUST_0303,47.32,withdrawal,success,2023-10-25
TXN_002528,CUST_0072,631.41,transfer,fraud,2022-07-30
TXN_002529,CUST_0288,1.78,withdrawal,failed,2023-12-13
TXN_002530,CUST_0143,1225.76,deposit,success,2022-03-21
TXN_002531,CUST_0413,225.91,withdrawal,success,2022-03-18
TXN_002532,CUST_0309,352.6,deposit,success,2023-05-22
TXN_002533,CUST_0113,69.8,withdrawal,success,2022-03-03
TXN_002534,CUST_0347,2.88,purchase,fraud,2022-08-06
TXN_002535,CUST_0280,267.78,transfer,fraud,2022-01-14
TXN_002536,CUST_0288,359.33,purchase,failed,2023-11-18
TXN_002537,CUST_0102,269.78,transfer,success,2022-08-10
TXN_002538,CUST_0014,30.83,deposit,failed,2023-04-25
TXN_002539,CUST_0112,280.02,transfer,fraud,2023-01-30
TXN_002540,CUST_0045,293.0,withdrawal,success,2022-07-12
TXN_002541,CUST_0309,214.91,withdrawal,success,2023-05-15
TXN_002542,CUST_0013,290.59,purchase,success,2022-04-18
TXN_002543,CUST_0215,374.06,transfer,success,2022-12-15
TXN_002544,CUST_0413,190.18,deposit,fraud,2022-08-02
TXN_002545,CUST_0230,18.56,deposit,success,2023-08-28
TXN_002546,CUST_0014,133.74,withdrawal,success,2023-06-25
TXN_002547,CUST_0004,16.17,deposit,success,2023-06-11
TXN_002548,CUST_0048,104.7,withdrawal,success,2022-11-17
TXN_002549,CUST_0016,104.55,withdrawal,failed,2022-11-16
TXN_002550,CUST_0014,13.66,withdrawal,success,2023-12-27
TXN_002551,CUST_0309,85.79,purchase,success,2023-04-10
TXN_002552,CUST_0013,23.53,purchase,success,2023-11-03
TXN_002553,CUST_0415,330.3,withdrawal,success,2022-06-07
TXN_002554,CUST_0072,590.11,withdrawal,success,2023-06-01
TXN_002555,CUST_0017,15.01,withdrawal,fraud,2022-04-19
TXN_002556,CUST_0143,620.73,deposit,success,2022-05-14
TXN_002557,CUST_0126,147.87,withdrawal,success,2022-08-13
TXN_002558,CUST_0415,71.21,withdrawal,success,2023-01-08
TXN_002559,CUST_0280,16.0,transfer,success,2023-01-30
TXN_002560,CUST_0302,138.88,transfer,fraud,2023-04-09
TXN_002561,CUST_0048,316.48,transfer,success,2023-09-28
TXN_002562,CUST_0013,245.58,transfer,success,2023-06-10
TXN_002563,CUST_0112,10.31,withdrawal,success,2022-07-27
TXN_002564,CUST_0280,15.14,transfer,success,2023-02-14
TXN_002565,CUST_0112,103.13,deposit,success,2022-07-12
TXN_002566,CUST_0120,69.99,deposit,success,2022-03-12
TXN_002567,CUST_0280,52.89,transfer,success,2022-10-12
TXN_002568,CUST_0045,65.98,purchase,failed,2023-03-10
TXN_002569,CUST_0017,325.4,deposit,success,2022-06-18
TXN_002570,CUST_0288,529.66,deposit,success,2023-12-04
TXN_002571,,103.87,transfer,fraud,2022-11-11
TXN_002572,CUST_0215,473.13,transfer,fraud,2023-08-15
TXN_002573,CUST_0013,77.57,withdrawal,success,2023-10-26
TXN_002574,CUST_0113,129.42,deposit,success,2022-04-15
TXN_002575,CUST_0113,51.24,transfer,success,2022-05-31
TXN_002576,CUST_0141,204.59,transfer,success,2023-04-18
TXN_002577,CUST_0413,772.47,withdrawal,success,2022-04-20
TXN_002578,CUST_0013,185.01,deposit,success,2022-04-23
TXN_002579,CUST_0333,88.58,transfer,success,2022-09-04
TXN_002580,CUST_0446,208.72,withdrawal,success,2022-01-17
TXN_002581,CUST_0004,26.23,transfer,success,2023-04-17
TXN_002582,CUST_0217,439.03,purchase,success,2022-07-11
TXN_002583,CUST_0014,139.87,purchase,success,2022-10-01
TXN_002584,CUST_0217,119.33,transfer,success,2022-01-30
TXN_002585,CUST_0328,176.31,deposit,success,2023-05-03
TXN_002586,CUST_0120,196.05,purchase,success,2023-11-09
TXN_002587,CUST_0302,14.9,withdrawal,success,2023-06-28
TXN_002588,CUST_0413,229.53,transfer,success,2023-04-09
TXN_002589,CUST_0302,55.4,withdrawal,success,2022-12-27
TXN_002590,CUST_0141,250.32,purchase,success,2022-09-29
TXN_002591,CUST_0215,345.8,deposit,success,2022-05-02
TXN_002592,CUST_0141,325.89,withdrawal,success,2023-07-18
TXN_002593,CUST_0004,160.82,purchase,success,2022-03-28
TXN_002594,CUST_0280,146.86,purchase,success,2022-12-29
TXN_002595,CUST_0280,30.83,purchase,success,2023-03-18
TXN_002596,CUST_0446,298.64,withdrawal,success,2022-08-06
TXN_002597,CUST_0045,63.33,purchase,success,2022-06-04
TXN_002598,CUST_0378,137.31,transfer,success,2023-02-11
TXN_002599,CUST_0389,66.89,purchase,success,2023-05-30
TXN_002600,CUST_0004,28.73,transfer,success,2023-03-18
TXN_002601,CUST_0016,198.61,deposit,success,2023-06-05
TXN_002602,CUST_0446,11.17,transfer,success,2022-12-08
TXN_002603,CUST_0004,276.18,deposit,success,2022-02-24
TXN_002604,CUST_0360,76.42,deposit,success,2023-03-28
TXN_002605,CUST_0347,0.03,transfer,success,2022-10-07
TXN_002606,CUST_0347,143.13,deposit,success,2023-01-14
TXN_002607,CUST_0217,9.6,transfer,success,2022-04-11
TXN_002608,CUST_0380,64.64,withdrawal,success,2022-02-20
TXN_002609,CUST_0328,245.5,deposit,success,2023-10-27
TXN_002610,CUST_0328,12.95,transfer,success,2023-01-27
TXN_002611,CUST_0013,365.69,deposit,success,2023-03-09
TXN_002612,CUST_0302,0.77,purchase,success,2022-07-18
TXN_002613,CUST_0415,56.69,transfer,success,2022-10-29
TXN_002614,CUST_0215,270.11,purchase,success,2022-07-13
TXN_002615,CUST_0120,76.04,deposit,success,2023-02-17
TXN_002616,CUST_0126,21.49,deposit,success,2022-06-30
TXN_002617,CUST_0302,89.33,withdrawal,success,2023-09-01
TXN_002618,CUST_0058,63.05,transfer,success,2022-10-10
TXN_002619,CUST_0378,369.94,purchase,fraud,2023-06-27
TXN_002620,CUST_0115,75.19,withdrawal,success,2023-09-15
TXN_002621,CUST_0141,311.12,deposit,success,2023-05-21
TXN_002622,CUST_0303,444.89,deposit,success,2023-06-16
TXN_002623,CUST_0280,113.77,withdrawal,fraud,2023-03-20
TXN_002624,CUST_0303,481.46,purchase,fraud,2022-04-22
TXN_002625,CUST_0380,94.74,deposit,success,2023-11-29
TXN_002626,CUST_0446,665.28,deposit,success,2022-02-21
TXN_002627,CUST_0360,18.71,transfer,success,2023-10-24
TXN_002628,CUST_0389,232.32,withdrawal,success,2022-09-12
TXN_002629,CUST_0360,136.17,deposit,success,2022-04-24
TXN_002630,CUST_0389,98.09,purchase,failed,2022-08-13
TXN_002631,CUST_0120,200.32,transfer,success,2022-04-28
TXN_002632,CUST_0309,243.38,withdrawal,success,2022-02-24
TXN_002633,CUST_0017,0.87,purchase,success,2022-02-06
TXN_002634,CUST_0048,36.53,deposit,success,2023-08-13
TXN_002635,CUST_0217,249.69,withdrawal,success,2022-09-30
TXN_002636,CUST_0333,219.55,withdrawal,success,2022-09-02
TXN_002637,CUST_0058,676.56,purchase,success,2022-03-09
TXN_002638,CUST_0058,286.29,withdrawal,success,2023-06-29
TXN_002639,CUST_0446,602.26,purchase,success,2022-04-14
TXN_002640,CUST_0013,242.5,deposit,success,2022-10-10
TXN_002641,CUST_0328,70.78,transfer,success,2022-08-20
TXN_002642,CUST_0017,22.27,purchase,success,2023-09-28
TXN_002643,CUST_0389,304.49,transfer,success,2023-12-18
TXN_002644,CUST_0367,206.65,withdrawal,success,2023-02-19
TXN_002645,CUST_0309,9.88,purchase,fraud,2023-02-06
TXN_002646,CUST_0120,89.27,deposit,failed,2023-02-07
TXN_002647,CUST_0302,628.38,purchase,success,2022-04-14
TXN_002648,CUST_0309,138.79,purchase,success,2022-08-14
TXN_002649,CUST_0446,113.38,purchase,success,2023-12-10
TXN_002650,CUST_0367,122.39,transfer,fraud,2022-10-02
TXN_002651,CUST_0112,46.86,transfer,success,2023-05-23
TXN_002652,CUST_0017,92.0,withdrawal,success,2022-07-30
TXN_002653,CUST_0347,92.35,withdrawal,success,2022-06-25
TXN_002654,CUST_0126,10.76,withdrawal,success,2022-07-28
TXN_002655,CUST_0017,291.83,withdrawal,success,2022-12-22
TXN_002656,CUST_0288,107.74,purchase,success,2023-10-15
TXN_002657,CUST_0328,345.4,transfer,success,2022-10-22
TXN_002658,CUST_0280,379.89,transfer,fraud,2023-12-24
TXN_002659,CUST_0112,47.65,transfer,success,2023-09-03
TXN_002660,CUST_0072,214.21,transfer,fraud,2022-10-22
TXN_002661,CUST_0141,127.84,withdrawal,success,2022-01-04
TXN_002662,CUST_0126,424.31,purchase,success,2022-04-07
TXN_002663,CUST_0126,48.6,transfer,fraud,2022-07-09
TXN_002664,CUST_0360,226.52,deposit,fraud,2023-05-31
TXN_002665,CUST_0303,187.17,purchase,success,2023-12-19
TXN_002666,CUST_0367,70.0,deposit,success,2023-09-30
TXN_002667,CUST_0389,29.38,purchase,success,2023-05-04
TXN_002668,CUST_0016,210.9,purchase,success,2022-11-09
TXN_002669,CUST_0446,268.34,purchase,success,2023-12-06
TXN_002670,CUST_0259,75.85,deposit,success,2022-09-02
TXN_002671,CUST_0045,207.03,transfer,success,2022-06-24
TXN_002672,CUST_0016,100.55,transfer,success,2022-11-19
TXN_002673,CUST_0143,249.8,deposit,success,2023-11-29
TXN_002674,CUST_0014,44.43,transfer,success,2022-03-13
TXN_002675,CUST_0288,441.85,withdrawal,success,2022-06-20
TXN_002676,CUST_0415,67.77,transfer,success,2022-07-11
TXN_002677,CUST_0378,91.71,withdrawal,success,2022-12-07
TXN_002678,CUST_0017,11.97,withdrawal,success,2023-04-12
TXN_002679,CUST_0367,23.65,withdrawal,success,2022-05-26
TXN_002680,CUST_0126,145.08,deposit,success,2022-01-14
TXN_002681,CUST_0347,62.28,transfer,success,2023-11-14
TXN_002682,CUST_0328,360.94,transfer,success,2023-05-01
TXN_002683,CUST_0457,2.96,deposit,success,2023-03-15
TXN_002684,CUST_0112,95.32,deposit,success,2022-12-09
TXN_002685,CUST_0112,82.3,transfer,success,2022-01-22
TXN_002686,CUST_0115,3.9,deposit,fraud,2022-07-01
TXN_002687,CUST_0302,26.56,deposit,success,2022-09-28
TXN_002688,CUST_0333,106.77,withdrawal,failed,2022-03-20
TXN_002689,CUST_0126,135.8,deposit,success,2022-06-24
TXN_002690,CUST_0230,103.6,withdrawal,success,2023-11-27
TXN_002691,CUST_0112,151.4,purchase,success,2022-01-10
TXN_002692,CUST_0143,180.84,withdrawal,success,2023-09-01
TXN_002693,CUST_0302,1.99,withdrawal,fraud,2022-12-27
TXN_002694,CUST_0446,124.76,deposit,success,2023-05-01
TXN_002695,CUST_0259,662.08,transfer,success,2023-08-21
TXN_002696,CUST_0309,146.39,purchase,success,2022-01-02
TXN_002697,CUST_0378,226.36,purchase,success,2023-05-16
TXN_002698,CUST_0457,74.75,purchase,success,2022-09-11
TXN_002699,CUST_0141,297.44,transfer,success,2023-04-29
TXN_002700,CUST_0115,296.49,purchase,failed,2022-04-23
TXN_002701,CUST_0288,147.33,purchase,success,2022-02-16
TXN_002702,CUST_0120,746.06,transfer,success,2022-01-18
TXN_002703,CUST_0259,26.83,purchase,success,2023-08-04
TXN_002704,CUST_0014,3.42,deposit,success,2023-11-28
TXN_002705,CUST_0115,294.07,deposit,success,2022-10-25
TXN_002706,CUST_0302,329.17,withdrawal,fraud,2022-08-22
TXN_002707,CUST_0309,25.61,withdrawal,success,2023-06-22
TXN_002708,CUST_0113,61.74,withdrawal,success,2023-05-31
TXN_002709,CUST_0016,3.54,deposit,failed,2022-06-21
TXN_002710,CUST_0302,69.43,deposit,success,2022-05-31
TXN_002711,CUST_0014,296.69,deposit,success,2022-04-07
TXN_002712,CUST_0126,145.95,withdrawal,success,2022-04-13
TXN_002713,CUST_0217,85.57,withdrawal,failed,2022-11-08
TXN_002714,CUST_0457,92.96,withdrawal,success,2022-12-10
TXN_002715,CUST_0013,0.27,withdrawal,success,2023-04-09
TXN_002716,CUST_0215,71.28,withdrawal,success,2023-05-18
TXN_002717,CUST_0143,207.95,withdrawal,success,2022-12-26
TXN_002718,CUST_0328,731.43,deposit,success,2023-07-13
TXN_002719,CUST_0102,375.54,transfer,success,2022-09-21
TXN_002720,CUST_0053,4.78,transfer,success,2023-11-11
TXN_002721,CUST_0017,457.66,withdrawal,fraud,2023-05-14
TXN_002722,CUST_0302,305.75,transfer,success,2022-09-17
TXN_002723,CUST_0120,303.17,transfer,success,2023-01-09
TXN_002724,CUST_0446,122.5,deposit,success,2023-04-15
TXN_002725,CUST_0333,101.5,withdrawal,success,2022-01-14
TXN_002726,CUST_0048,72.17,withdrawal,fraud,2022-12-28
TXN_002727,CUST_0347,13.59,transfer,success,2022-11-05
TXN_002728,CUST_0215,51.82,withdrawal,success,2023-12-29
TXN_002729,CUST_0288,56.63,withdrawal,success,2022-12-08
TXN_002730,CUST_0367,132.36,withdrawal,success,2023-06-15
TXN_002731,CUST_0259,275.22,withdrawal,success,2023-11-11
TXN_002732,CUST_0367,128.42,transfer,success,2023-09-03
TXN_002733,CUST_0115,11.92,purchase,success,2023-05-11
TXN_002734,CUST_0217,633.02,transfer,success,2022-04-26
TXN_002735,CUST_0378,571.98,deposit,success,2022-10-04
TXN_002736,CUST_0215,307.6,purchase,success,2023-12-04
TXN_002737,CUST_0288,949.53,purchase,success,2023-06-16
TXN_002738,CUST_0072,157.26,purchase,success,2023-10-18
TXN_002739,CUST_0302,658.12,transfer,success,2022-01-22
TXN_002740,CUST_0389,15.72,deposit,success,2022-06-01
TXN_002741,CUST_0072,91.04,transfer,success,2023-02-25
TXN_002742,CUST_0230,51.08,deposit,success,2022-08-14
TXN_002743,CUST_0378,43.59,transfer,success,2023-11-07
TXN_002744,CUST_0045,30.35,transfer,success,2022-05-26
TXN_002745,CUST_0017,194.79,transfer,success,2023-01-01
TXN_002746,CUST_0378,304.03,purchase,success,2023-05-25
TXN_002747,CUST_0004,172.69,transfer,fraud,2022-02-01
TXN_002748,CUST_0288,31.79,deposit,success,2022-09-08
TXN_002749,CUST_0230,333.33,deposit,success,2023-08-15
TXN_002750,CUST_0115,202.1,deposit,success,2023-12-14
TXN_002751,CUST_0143,98.26,purchase,success,2023-03-18
TXN_002752,CUST_0102,224.25,transfer,success,2023-01-04
TXN_002753,CUST_0230,60.2,transfer,success,2022-07-31
TXN_002754,CUST_0280,84.68,withdrawal,success,2022-04-02
TXN_002755,CUST_0380,498.96,purchase,success,2022-07-18
TXN_002756,CUST_0288,68.64,deposit,success,2023-01-22
TXN_002757,CUST_0115,126.97,deposit,success,2023-10-17
TXN_002758,CUST_0303,441.71,transfer,success,2022-04-21
TXN_002759,CUST_0380,246.01,deposit,success,2022-10-08
TXN_002760,CUST_0380,12.84,transfer,success,2023-10-04
TXN_002761,CUST_0115,31.87,transfer,success,2023-11-27
TXN_002762,CUST_0288,1.57,withdrawal,success,2023-07-12
TXN_002763,CUST_0389,199.35,purchase,success,2023-04-06
TXN_002764,CUST_0004,118.72,transfer,success,2023-06-24
TXN_002765,CUST_0367,28.84,transfer,success,2022-06-29
TXN_002766,CUST_0280,633.7,transfer,success,2022-09-29
TXN_002767,CUST_0380,150.86,withdrawal,success,2023-11-27
TXN_002768,CUST_0457,55.39,transfer,success,2022-12-24
TXN_002769,CUST_0378,138.87,purchase,success,2022-12-06
TXN_002770,CUST_0115,227.65,purchase,success,2023-02-05
TXN_002771,CUST_0058,15.86,deposit,success,2023-08-27
TXN_002772,CUST_0380,64.24,purchase,success,2023-03-04
TXN_002773,CUST_0302,328.98,deposit,success,2022-10-10
TXN_002774,CUST_0004,123.11,purchase,success,2022-11-13
TXN_002775,CUST_0017,158.19,deposit,fraud,2022-07-15
TXN_002776,CUST_0120,113.41,transfer,success,2022-02-12
TXN_002777,CUST_0280,8.98,withdrawal,success,2023-08-17
TXN_002778,CUST_0014,36.24,withdrawal,success,2023-06-17
TXN_002779,CUST_0016,117.95,withdrawal,success,2023-12-20
TXN_002780,CUST_0143,46.94,transfer,success,2022-12-18
TXN_002781,CUST_0380,10.25,withdrawal,success,2023-09-20
TXN_002782,CUST_0045,371.13,purchase,success,2022-05-06
TXN_002783,CUST_0333,794.7,deposit,success,2023-03-20
TXN_002784,CUST_0389,315.15,transfer,success,2023-04-11
TXN_002785,CUST_0215,384.54,withdrawal,success,2023-08-04
TXN_002786,CUST_0413,55.41,purchase,success,2022-12-22
TXN_002787,CUST_0058,646.93,purchase,success,2022-10-23
TXN_002788,CUST_0013,43.86,transfer,success,2022-04-23
TXN_002789,CUST_0120,604.95,transfer,success,2022-01-09
TXN_002790,CUST_0328,1052.56,withdrawal,success,2023-05-26
TXN_002791,CUST_0378,248.77,deposit,failed,2023-12-03
TXN_002792,CUST_0328,794.18,withdrawal,success,2022-05-31
TXN_002793,CUST_0045,168.58,withdrawal,success,2023-04-23
TXN_002794,CUST_0333,60.1,transfer,success,2023-11-29
TXN_002795,CUST_0143,114.89,withdrawal,fraud,2022-06-03
TXN_002796,CUST_0017,180.06,withdrawal,success,2023-06-20
TXN_002797,CUST_0230,15.18,deposit,success,2022-10-24
TXN_002798,CUST_0112,194.75,purchase,success,2023-10-01
TXN_002799,CUST_0120,794.54,purchase,success,2023-07-26
TXN_002800,CUST_0004,42.17,deposit,success,2023-11-12
TXN_002801,CUST_0259,314.62,purchase,fraud,2022-06-16
TXN_002802,CUST_0115,476.97,withdrawal,fraud,2022-11-07
TXN_002803,CUST_0143,575.42,deposit,success,2023-05-14
TXN_002804,CUST_0309,644.45,deposit,success,2022-10-23
TXN_002805,CUST_0017,147.4,transfer,fraud,2022-03-08
TXN_002806,CUST_0302,757.15,purchase,success,2022-10-29
TXN_002807,CUST_0303,283.19,transfer,success,2022-01-16
TXN_002808,CUST_0013,35.27,withdrawal,success,2023-04-10
TXN_002809,CUST_0115,129.6,deposit,success,2022-02-11
TXN_002810,CUST_0004,253.4,withdrawal,success,2022-08-11
TXN_002811,CUST_0072,56.83,purchase,failed,2022-10-17
TXN_002812,CUST_0288,204.67,transfer,success,2023-08-31
TXN_002813,CUST_0415,219.68,purchase,success,2022-05-07
TXN_002814,CUST_0113,35.51,withdrawal,success,2022-02-24
TXN_002815,CUST_0048,166.52,transfer,success,2023-05-16
TXN_002816,CUST_0102,295.35,purchase,success,2022-11-10
TXN_002817,CUST_0120,138.19,withdrawal,success,2022-01-06
TXN_002818,CUST_0115,2.44,purchase,success,2023-03-17
TXN_002819,CUST_0380,1.82,deposit,success,2022-12-27
TXN_002820,CUST_0446,88.33,transfer,success,2023-11-08
TXN_002821,CUST_0309,521.26,transfer,success,2022-01-01
TXN_002822,CUST_0045,51.93,transfer,success,2022-02-21
TXN_002823,CUST_0058,201.22,deposit,success,2022-09-15
TXN_002824,CUST_0215,50.23,transfer,success,2022-05-22
TXN_002825,CUST_0102,77.62,deposit,success,2022-12-25
TXN_002826,CUST_0016,376.83,transfer,success,2022-10-18
TXN_002827,CUST_0013,261.03,purchase,success,2023-05-30
TXN_002828,CUST_0115,20.05,purchase,success,2023-11-13
TXN_002829,CUST_0446,111.97,purchase,success,2023-07-29
TXN_002830,CUST_0045,5.92,purchase,success,2022-06-08
TXN_002831,CUST_0446,131.13,deposit,success,2022-03-30
TXN_002832,CUST_0014,217.2,withdrawal,success,2024-01-01
TXN_002833,CUST_0389,25.23,withdrawal,success,2022-10-05
TXN_002834,CUST_0045,68.18,purchase,success,2022-05-27
TXN_002835,CUST_0280,101.45,withdrawal,success,2022-07-21
TXN_002836,CUST_0378,503.98,withdrawal,success,2023-03-19
TXN_002837,CUST_0280,999.79,transfer,success,2023-08-23
TXN_002838,CUST_0217,9.19,deposit,success,2022-03-24
TXN_002839,CUST_0360,286.26,purchase,success,2022-10-25
TXN_002840,CUST_0013,92.96,withdrawal,success,2022-08-13
TXN_002841,CUST_0333,99.67,withdrawal,failed,2022-02-02
TXN_002842,CUST_0112,280.7,purchase,success,2023-04-30
TXN_002843,CUST_0058,501.25,transfer,fraud,2022-12-30
TXN_002844,CUST_0016,602.9,purchase,success,2022-09-12
TXN_002845,CUST_0288,172.13,transfer,fraud,2023-11-26
TXN_002846,CUST_0217,88.36,withdrawal,success,2023-10-15
TXN_002847,CUST_0288,309.81,deposit,success,2023-01-31
TXN_002848,CUST_0415,57.8,transfer,success,2023-03-09
TXN_002849,CUST_0280,166.06,transfer,success,2023-02-13
TXN_002850,CUST_0004,88.81,purchase,success,2022-04-11
TXN_002851,CUST_0141,213.79,withdrawal,success,2022-09-25
TXN_002852,CUST_0102,54.99,deposit,fraud,2022-11-06
TXN_002853,CUST_0303,42.54,purchase,success,2023-09-04
TXN_002854,CUST_0328,500.79,purchase,success,2022-11-15
TXN_002855,CUST_0360,21.47,deposit,success,2022-06-27
TXN_002856,CUST_0017,141.03,withdrawal,fraud,2023-08-01
TXN_002857,CUST_0013,49.91,deposit,success,2023-03-23
TXN_002858,CUST_0112,7.94,purchase,success,2023-11-27
TXN_002859,CUST_0413,7.34,purchase,success,2022-11-27
TXN_002860,CUST_0045,38.53,transfer,success,2023-08-16
TXN_002861,CUST_0347,403.14,deposit,fraud,2022-05-23
TXN_002862,CUST_0016,66.39,deposit,success,2023-12-01
TXN_002863,CUST_0415,600.99,deposit,success,2022-07-24
TXN_002864,CUST_0013,174.27,purchase,success,2022-09-14
TXN_002865,CUST_0259,114.76,withdrawal,success,2022-05-19
TXN_002866,CUST_0217,173.54,purchase,success,2023-03-03
TXN_002867,CUST_0143,145.42,transfer,success,2023-07-22
TXN_002868,CUST_0347,284.41,purchase,success,2022-07-24
TXN_002869,CUST_0217,66.4,purchase,success,2022-11-05
TXN_002870,CUST_0230,87.1,purchase,success,2022-11-09
TXN_002871,CUST_0280,449.04,transfer,success,2022-03-29
TXN_002872,CUST_0259,585.45,deposit,fraud,2022-11-01
TXN_002873,CUST_0112,446.16,withdrawal,fraud,2023-08-04
TXN_002874,CUST_0126,108.76,withdrawal,success,2023-10-06
TXN_002875,CUST_0446,303.16,transfer,success,2023-04-18
TXN_002876,CUST_0058,129.38,deposit,success,2023-07-13
TXN_002877,CUST_0217,137.65,deposit,success,2022-07-07
TXN_002878,CUST_0303,45.8,transfer,success,2023-01-20
TXN_002879,CUST_0446,178.87,purchase,success,2023-03-24
TXN_002880,CUST_0302,41.19,deposit,success,2022-04-09
TXN_002881,CUST_0378,80.56,withdrawal,success,2022-05-22
TXN_002882,CUST_0389,386.25,transfer,success,2023-06-24
TXN_002883,CUST_0333,46.41,withdrawal,success,2023-03-29
TXN_002884,CUST_0120,14.76,purchase,success,2023-12-12
TXN_002885,CUST_0333,14.3,transfer,success,2022-11-17
TXN_002886,CUST_0014,565.31,withdrawal,success,2023-05-31
TXN_002887,CUST_0333,141.42,withdrawal,success,2023-12-03
TXN_002888,CUST_0309,105.33,purchase,success,2023-12-31
TXN_002889,CUST_0016,333.07,transfer,success,2023-01-02
TXN_002890,CUST_0017,361.37,deposit,success,2023-04-25
TXN_002891,CUST_0413,80.75,deposit,success,2022-12-29
TXN_002892,CUST_0288,236.58,withdrawal,success,2023-03-14
TXN_002893,CUST_0413,294.91,purchase,fraud,2023-04-23
TXN_002894,CUST_0045,212.64,withdrawal,success,2023-03-07
TXN_002895,CUST_0013,32.88,purchase,success,2023-02-25
TXN_002896,CUST_0380,417.31,deposit,success,2023-04-18
TXN_002897,CUST_0115,154.91,withdrawal,success,2022-01-29
TXN_002898,CUST_0360,66.39,withdrawal,failed,2023-07-27
TXN_002899,CUST_0045,110.76,purchase,success,2022-01-28
TXN_002900,CUST_0113,7.66,transfer,success,2023-03-08
TXN_002901,CUST_0333,27.36,purchase,success,2022-04-01
TXN_002902,CUST_0288,290.1,transfer,success,2022-05-24
TXN_002903,CUST_0004,0.0,deposit,fraud,2023-09-22
TXN_002904,CUST_0309,107.76,withdrawal,success,2022-11-06
TXN_002905,CUST_0367,147.84,withdrawal,success,2022-09-06
TXN_002906,CUST_0102,11.24,purchase,fraud,2023-08-18
TXN_002907,CUST_0017,722.96,purchase,success,2023-06-09
TXN_002908,CUST_0115,51.27,deposit,success,2023-01-18
TXN_002909,CUST_0141,72.54,deposit,success,2022-05-11
TXN_002910,CUST_0053,72.46,transfer,success,2023-09-28
TXN_002911,CUST_0113,52.38,deposit,success,2023-07-11
TXN_002912,CUST_0457,0.29,deposit,success,2023-08-03
TXN_002913,CUST_0045,261.38,deposit,success,2022-10-28
TXN_002914,CUST_0113,681.32,deposit,fraud,2022-02-24
TXN_002915,CUST_0328,50.8,transfer,success,2023-02-07
TXN_002916,CUST_0217,217.56,deposit,success,2022-05-09
TXN_002917,CUST_0360,270.88,transfer,success,2023-02-17
TXN_002918,CUST_0072,377.34,purchase,success,2023-11-18
TXN_002919,CUST_0389,109.85,withdrawal,success,2022-01-07
TXN_002920,CUST_0333,72.17,purchase,failed,2023-04-19
TXN_002921,CUST_0333,78.7,deposit,success,2023-06-15
TXN_002922,CUST_0053,249.39,withdrawal,fraud,2023-04-17
TXN_002923,CUST_0230,339.41,deposit,success,2022-02-25
TXN_002924,CUST_0058,40.08,deposit,success,2022-03-28
TXN_002925,CUST_0446,92.71,purchase,success,2022-02-26
TXN_002926,CUST_0413,464.44,deposit,success,2022-10-04
TXN_002927,CUST_0120,328.7,purchase,success,2023-10-28
TXN_002928,CUST_0380,838.06,deposit,success,2022-04-20
TXN_002929,CUST_0115,280.69,transfer,success,2022-12-08
TXN_002930,CUST_0333,99.91,withdrawal,failed,2023-09-01
TXN_002931,CUST_0120,178.63,purchase,success,2022-04-10
TXN_002932,CUST_0126,216.36,purchase,success,2022-10-25
TXN_002933,CUST_0143,16.34,withdrawal,success,2023-08-03
TXN_002934,CUST_0415,157.27,purchase,success,2023-05-09
TXN_002935,CUST_0367,247.11,withdrawal,,2023-12-09
TXN_002936,CUST_0013,36.62,transfer,success,2022-12-06
TXN_002937,CUST_0389,303.4,deposit,success,2022-03-04
TXN_002938,CUST_0230,175.3,transfer,success,2022-05-05
TXN_002939,CUST_0413,608.24,deposit,fraud,2023-08-22
TXN_002940,CUST_0415,8.67,withdrawal,failed,2023-11-22
TXN_002941,CUST_0016,61.67,transfer,success,2023-06-08
TXN_002942,CUST_0053,184.04,deposit,success,2022-02-24
TXN_002943,CUST_0230,70.35,withdrawal,success,2023-12-20
TXN_002944,CUST_0048,250.65,deposit,success,2022-07-29
TXN_002945,CUST_0389,284.6,purchase,success,2023-06-13
TXN_002946,CUST_0360,21.63,purchase,success,2022-05-28
TXN_002947,CUST_0378,144.25,withdrawal,success,2023-07-30
TXN_002948,CUST_0053,142.22,deposit,success,2023-05-23
TXN_002949,CUST_0347,92.18,purchase,success,2022-05-20
TXN_002950,CUST_0058,540.39,transfer,success,2022-08-17
TXN_002951,CUST_0126,351.48,deposit,success,2023-11-23
TXN_002952,CUST_0004,238.94,deposit,success,2023-10-18
TXN_002953,CUST_0347,250.58,purchase,success,2022-06-08
TXN_002954,CUST_0120,123.87,purchase,success,2022-11-05
TXN_002955,CUST_0360,507.65,withdrawal,failed,2023-10-06
TXN_002956,CUST_0217,237.22,deposit,success,2022-11-15
TXN_002957,CUST_0259,261.11,transfer,success,2022-01-07
,CUST_0380,395.65,purchase,fraud,2023-05-12
TXN_002959,CUST_0017,64.06,deposit,success,2023-10-01
TXN_002960,CUST_0333,329.09,purchase,fraud,2023-12-06
TXN_002961,CUST_0309,43.44,withdrawal,success,2022-07-25
TXN_002962,CUST_0058,84.73,deposit,success,2022-04-28
TXN_002963,CUST_0415,81.78,deposit,success,2022-03-10
TXN_002964,CUST_0328,768.18,withdrawal,success,2022-01-01
TXN_002965,CUST_0302,388.34,transfer,success,2022-06-06
TXN_002966,CUST_0413,241.58,purchase,success,2023-09-11
TXN_002967,CUST_0230,259.7,withdrawal,success,2022-05-04
TXN_002968,CUST_0113,165.14,deposit,success,2023-06-17
TXN_002969,CUST_0360,587.84,withdrawal,success,2022-04-10
TXN_002970,CUST_0367,137.14,deposit,success,2022-09-11
TXN_002971,CUST_0120,95.77,withdrawal,success,2022-07-29
TXN_002972,CUST_0457,35.59,transfer,success,2022-04-17
TXN_002973,CUST_0013,308.55,deposit,success,2023-05-01
TXN_002974,CUST_0143,265.19,withdrawal,success,2022-01-26
TXN_002975,CUST_0415,97.02,transfer,success,2023-06-02
TXN_002976,CUST_0113,5.1,transfer,success,2023-03-31
TXN_002977,CUST_0215,365.27,purchase,success,2023-02-05
TXN_002978,CUST_0302,2.3,deposit,success,2022-02-26
TXN_002979,CUST_0302,243.28,purchase,success,2022-05-05
TXN_002980,CUST_0053,703.03,transfer,success,2022-11-04
TXN_002981,CUST_0288,115.13,purchase,success,2023-02-19
TXN_002982,CUST_0333,53.57,purchase,success,2023-05-11
TXN_002983,CUST_0045,244.07,withdrawal,success,2022-07-08
TXN_002984,CUST_0333,339.79,purchase,success,2022-08-29
TXN_002985,CUST_0215,158.12,transfer,success,2023-07-14
TXN_002986,CUST_0457,682.46,purchase,success,2022-09-24
TXN_002987,CUST_0112,10.61,deposit,success,2023-09-20
TXN_002988,CUST_0380,140.56,withdrawal,failed,2023-11-29
TXN_002989,CUST_0112,253.49,transfer,success,2023-03-26
TXN_002990,CUST_0259,397.03,purchase,success,2023-11-05
TXN_002991,CUST_0309,39.51,deposit,success,2023-09-24
TXN_002992,CUST_0303,321.89,transfer,failed,2022-05-07
TXN_002993,CUST_0143,160.91,purchase,success,2023-03-19
TXN_002994,CUST_0415,101.02,withdrawal,success,2022-05-30
TXN_002995,CUST_0347,28.25,purchase,success,2023-10-14
TXN_002996,CUST_0347,400.93,transfer,success,2022-01-23
TXN_002997,CUST_0215,34.22,transfer,success,2022-07-09
TXN_002998,CUST_0389,74.15,transfer,success,2022-05-26
TXN_002999,CUST_0367,68.51,deposit,success,2023-11-05
TXN_003000,CUST_0328,410.23,purchase,success,2022-09-04
TXN_003001,CUST_0415,223.38,purchase,success,2022-06-24
TXN_003002,CUST_0126,318.6,purchase,success,2023-06-08
TXN_003003,CUST_0217,57.66,withdrawal,success,2023-12-18
TXN_003004,CUST_0303,196.1,deposit,success,2023-07-14
TXN_003005,CUST_0302,169.61,deposit,failed,2022-07-25
TXN_003006,CUST_0120,357.75,withdrawal,success,2023-05-03
TXN_003007,CUST_0072,473.08,deposit,success,2023-05-07
TXN_003008,CUST_0259,2.45,withdrawal,fraud,2022-10-24
TXN_003009,CUST_0016,224.18,transfer,success,2022-10-24
TXN_003010,CUST_0217,10.65,transfer,success,2023-11-15
TXN_003011,CUST_0280,159.19,deposit,success,2022-04-13
TXN_003012,CUST_0280,67.83,transfer,fraud,2023-08-26
TXN_003013,CUST_0004,73.28,transfer,success,2023-05-20
TXN_003014,CUST_0004,87.07,transfer,success,2023-01-12
TXN_003015,CUST_0333,194.2,purchase,success,2023-11-15
TXN_003016,CUST_0380,81.31,transfer,failed,2022-10-09
TXN_003017,CUST_0102,263.88,purchase,success,2023-02-05
TXN_003018,CUST_0415,103.68,withdrawal,failed,2023-01-31
TXN_003019,CUST_0016,14.16,withdrawal,success,2023-12-16
TXN_003020,CUST_0360,306.27,withdrawal,success,2022-04-20
TXN_003021,CUST_0217,67.31,withdrawal,success,2023-04-21
TXN_003022,CUST_0013,113.4,withdrawal,success,2023-03-03
TXN_003023,CUST_0013,231.32,transfer,success,2023-03-12
TXN_003024,CUST_0413,80.83,transfer,fraud,2022-06-01
TXN_003025,CUST_0115,11.65,transfer,success,2022-01-29
TXN_003026,CUST_0120,93.66,withdrawal,failed,2022-10-18
TXN_003027,CUST_0230,578.09,withdrawal,success,2023-04-14
TXN_003028,CUST_0112,205.3,purchase,success,2022-05-04
TXN_003029,CUST_0045,222.63,deposit,success,2023-08-01
TXN_003030,CUST_0347,200.09,transfer,success,2023-02-03
TXN_003031,CUST_0016,44.38,deposit,success,2022-01-12
TXN_003032,CUST_0058,108.37,withdrawal,success,2023-08-18
TXN_003033,CUST_0446,278.01,withdrawal,success,2022-11-07
TXN_003034,CUST_0230,21.38,withdrawal,success,2022-02-04
TXN_003035,CUST_0141,65.11,deposit,success,2023-10-23
TXN_003036,CUST_0048,64.68,purchase,fraud,2023-10-29
TXN_003037,CUST_0102,113.13,withdrawal,success,2023-11-04
TXN_003038,CUST_0115,786.13,purchase,success,2023-09-27
TXN_003039,CUST_0415,13.98,purchase,success,2023-04-01
TXN_003040,CUST_0360,146.25,transfer,success,2022-02-13
TXN_003041,CUST_0013,39.54,deposit,success,2022-12-30
TXN_003042,CUST_0302,705.87,withdrawal,failed,2022-05-23
TXN_003043,CUST_0217,24.05,purchase,success,2023-04-25
TXN_003044,CUST_0141,103.37,deposit,success,2023-04-15
TXN_003045,CUST_0215,267.79,deposit,success,2022-10-11
TXN_003046,CUST_0058,243.85,withdrawal,success,2022-01-10
TXN_003047,CUST_0014,109.89,transfer,success,2022-06-12
TXN_003048,CUST_0230,85.09,transfer,success,2023-01-02
TXN_003049,CUST_0389,101.37,purchase,success,2023-05-28
TXN_003050,CUST_0058,61.38,transfer,fraud,2023-05-31
TXN_003051,CUST_0102,45.97,transfer,success,2022-08-04
TXN_003052,CUST_0309,131.96,transfer,success,2022-12-24
TXN_003053,CUST_0328,62.54,deposit,success,2023-12-25
TXN_003054,CUST_0112,67.78,withdrawal,success,2023-06-22
TXN_003055,CUST_0143,213.86,deposit,success,2023-02-04
TXN_003056,CUST_0309,691.79,deposit,success,2023-06-10
TXN_003057,CUST_0360,185.09,withdrawal,failed,2022-03-06
TXN_003058,CUST_0126,16.02,deposit,success,2022-06-28
TXN_003059,CUST_0378,15.72,purchase,success,2023-11-03
TXN_003060,CUST_0045,604.92,purchase,success,2022-06-05
TXN_003061,CUST_0143,70.56,deposit,success,2022-12-27
TXN_003062,CUST_0415,19.32,transfer,failed,2023-11-03
TXN_003063,CUST_0347,182.78,deposit,failed,2023-07-31
TXN_003064,CUST_0016,195.45,transfer,fraud,2022-12-14
TXN_003065,CUST_0328,209.11,deposit,success,2023-04-16
TXN_003066,CUST_0112,62.23,purchase,success,2022-05-24
TXN_003067,CUST_0378,3.05,transfer,success,2022-10-13
TXN_003068,CUST_0048,670.57,purchase,success,2023-11-06
TXN_003069,CUST_0280,57.77,deposit,success,2022-11-07
TXN_003070,CUST_0017,225.42,withdrawal,fraud,2023-02-08
TXN_003071,CUST_0004,245.26,transfer,success,2022-03-11
TXN_003072,CUST_0413,188.33,transfer,fraud,2023-10-23
TXN_003073,CUST_0415,75.06,deposit,failed,2023-05-11
TXN_003074,CUST_0457,63.24,deposit,failed,2023-01-21
TXN_003075,CUST_0102,182.1,transfer,success,2023-04-29
TXN_003076,CUST_0328,402.13,withdrawal,success,2023-09-13
TXN_003077,CUST_0045,586.49,deposit,success,2023-11-06
TXN_003078,CUST_0280,22.39,deposit,success,2022-07-04
TXN_003079,CUST_0014,33.64,deposit,success,2023-08-13
TXN_003080,CUST_0457,579.13,withdrawal,success,2023-12-27
TXN_003081,CUST_0013,266.77,transfer,success,2023-06-04
TXN_003082,CUST_0141,429.11,purchase,success,2023-11-06
TXN_003083,CUST_0115,45.29,deposit,success,2023-06-23
TXN_003084,CUST_0347,177.15,withdrawal,fraud,2022-09-23
TXN_003085,CUST_0328,241.56,transfer,success,2022-05-13
TXN_003086,CUST_0004,227.96,transfer,success,2023-12-16
TXN_003087,CUST_0347,104.9,withdrawal,success,2022-11-28
TXN_003088,CUST_0347,3.1,deposit,success,2023-08-26
TXN_003089,CUST_0230,174.9,purchase,success,2023-08-18
TXN_003090,CUST_0217,58.37,deposit,success,2022-12-23
TXN_003091,CUST_0303,119.66,transfer,fraud,2023-08-22
TXN_003092,CUST_0360,632.03,purchase,success,2023-09-25
TXN_003093,CUST_0380,101.84,deposit,success,2023-02-18
TXN_003094,CUST_0413,366.27,purchase,success,2022-03-11
TXN_003095,CUST_0217,41.78,withdrawal,success,2022-02-16
TXN_003096,CUST_0058,223.23,deposit,success,2022-01-31
TXN_003097,CUST_0415,754.51,transfer,success,2022-06-12
TXN_003098,CUST_0328,21.49,transfer,fraud,2022-08-26
TXN_003099,CUST_0389,1.67,purchase,success,2022-04-09
TXN_003100,CUST_0446,113.68,withdrawal,success,2023-11-13
TXN_003101,CUST_0120,19.44,deposit,success,2022-04-19
TXN_003102,CUST_0017,275.97,withdrawal,success,2023-05-27
TXN_003103,CUST_0058,491.96,withdrawal,success,2023-11-27
TXN_003104,CUST_0347,113.84,purchase,success,2023-05-03
TXN_003105,CUST_0053,59.87,purchase,success,2022-11-28
,,113.97,deposit,success,2022-08-26
TXN_003107,CUST_0259,257.07,transfer,success,2022-08-31
TXN_003108,CUST_0303,1.82,deposit,success,2022-04-18
TXN_003109,CUST_0045,178.05,withdrawal,success,2022-06-28
TXN_003110,CUST_0120,190.02,purchase,success,2023-01-29
TXN_003111,CUST_0072,203.05,withdrawal,success,2023-03-07
TXN_003112,CUST_0347,55.42,purchase,success,2022-03-07
TXN_003113,CUST_0288,250.39,transfer,success,2022-03-05
TXN_003114,CUST_0115,19.17,withdrawal,success,2023-09-19
TXN_003115,CUST_0259,44.45,purchase,success,2022-09-14
TXN_003116,CUST_0303,419.88,deposit,success,2022-04-28
TXN_003117,CUST_0072,268.43,deposit,success,2022-02-08
TXN_003118,CUST_0113,2.77,deposit,fraud,2022-03-16
TXN_003119,CUST_0115,57.1,withdrawal,success,2023-03-29
TXN_003120,CUST_0013,48.26,purchase,success,2023-01-19
TXN_003121,CUST_0141,63.16,purchase,failed,2023-09-14
TXN_003122,CUST_0141,56.89,purchase,fraud,2023-10-09
TXN_003123,CUST_0328,12.91,withdrawal,success,2022-01-31
TXN_003124,CUST_0302,122.85,purchase,success,2022-06-28
TXN_003125,CUST_0120,263.9,transfer,success,2022-11-25
TXN_003126,CUST_0113,186.65,withdrawal,success,2022-04-21
TXN_003127,CUST_0017,223.48,transfer,success,2023-12-17
TXN_003128,CUST_0360,16.93,transfer,fraud,2023-04-06
TXN_003129,CUST_0058,605.2,deposit,success,2023-01-22
TXN_003130,CUST_0013,364.64,withdrawal,success,2022-05-17
TXN_003131,CUST_0141,327.04,purchase,success,2023-10-15
TXN_003132,CUST_0126,346.3,transfer,success,2023-08-11
TXN_003133,CUST_0347,539.75,withdrawal,success,2023-07-24
TXN_003134,CUST_0347,157.16,purchase,success,2022-07-24
TXN_003135,CUST_0360,44.7,deposit,success,2022-07-20
TXN_003136,CUST_0141,191.83,withdrawal,success,2022-09-16
TXN_003137,CUST_0016,271.64,withdrawal,failed,2023-05-18
TXN_003138,CUST_0230,267.82,withdrawal,failed,2023-03-25
TXN_003139,CUST_0446,147.4,purchase,success,2023-11-27
TXN_003140,CUST_0016,14.18,transfer,failed,2022-10-20
TXN_003141,CUST_0004,92.76,transfer,success,2022-08-19
TXN_003142,CUST_0367,507.07,withdrawal,success,2022-07-26
TXN_003143,CUST_0141,175.63,withdrawal,success,2022-06-15
TXN_003144,CUST_0013,154.58,purchase,success,2023-03-21
TXN_003145,CUST_0457,62.63,deposit,success,2023-06-26
TXN_003146,CUST_0113,91.92,withdrawal,success,2022-07-16
TXN_003147,CUST_0013,451.42,withdrawal,success,2022-03-30
TXN_003148,CUST_0378,219.6,deposit,success,2023-08-20
TXN_003149,CUST_0143,309.66,withdrawal,success,2022-01-25
TXN_003150,CUST_0280,121.15,transfer,success,2023-10-07
TXN_003151,CUST_0280,198.98,withdrawal,success,2023-11-16
TXN_003152,CUST_0017,57.11,transfer,failed,2022-04-09
TXN_003153,CUST_0004,244.47,purchase,success,2022-07-28
TXN_003154,CUST_0112,111.58,purchase,success,2022-02-04
TXN_003155,CUST_0112,116.87,transfer,success,2022-05-24
TXN_003156,CUST_0259,209.58,transfer,success,2022-01-06
TXN_003157,CUST_0457,550.65,deposit,success,2023-01-04
TXN_003158,CUST_0058,13.23,transfer,success,2023-02-22
TXN_003159,CUST_0347,348.3,transfer,success,2023-08-05
TXN_003160,CUST_0113,69.17,withdrawal,success,2023-07-14
TXN_003161,CUST_0217,117.37,deposit,success,2022-03-15
TXN_003162,CUST_0120,4.43,transfer,success,2022-12-15
TXN_003163,CUST_0053,71.63,transfer,success,2022-07-09
TXN_003164,CUST_0328,139.68,transfer,success,2023-11-30
TXN_003165,CUST_0230,11.56,withdrawal,success,2023-10-20
TXN_003166,CUST_0053,135.1,withdrawal,success,2023-06-25
TXN_003167,CUST_0367,523.76,withdrawal,fraud,2023-05-24
TXN_003168,CUST_0328,22.27,purchase,success,2022-07-14
TXN_003169,CUST_0013,289.16,withdrawal,success,2022-08-01
TXN_003170,CUST_0141,105.42,transfer,success,2023-08-08
TXN_003171,CUST_0112,212.94,withdrawal,success,2023-05-01
TXN_003172,CUST_0457,60.28,withdrawal,fraud,2023-05-28
TXN_003173,CUST_0380,34.75,deposit,success,2022-12-27
TXN_003174,CUST_0112,34.98,transfer,success,2023-01-01
TXN_003175,CUST_0303,14.62,withdrawal,failed,2023-09-26
TXN_003176,CUST_0045,41.07,purchase,fraud,2023-07-27
TXN_003177,CUST_0058,218.26,deposit,success,2022-05-22
TXN_003178,CUST_0378,426.89,withdrawal,success,2022-03-10
TXN_003179,CUST_0058,336.54,deposit,success,2023-03-26
TXN_003180,CUST_0120,231.12,deposit,success,2023-03-14
TXN_003181,CUST_0280,23.4,purchase,failed,2023-10-03
TXN_003182,CUST_0328,68.27,purchase,success,2023-01-21
TXN_003183,CUST_0328,74.16,purchase,success,2022-03-14
TXN_003184,CUST_0347,57.52,transfer,success,2023-08-06
TXN_003185,CUST_0112,144.72,deposit,success,2022-03-22
TXN_003186,CUST_0378,153.38,withdrawal,success,2022-05-11
TXN_003187,CUST_0126,88.29,purchase,success,2023-06-14
TXN_003188,CUST_0014,87.33,purchase,success,2022-11-02
TXN_003189,CUST_0389,352.7,deposit,success,2022-04-14
TXN_003190,CUST_0347,311.46,deposit,fraud,2022-05-01
TXN_003191,CUST_0126,73.57,deposit,success,2023-05-26
TXN_003192,CUST_0004,490.19,withdrawal,success,2022-08-25
TXN_003193,CUST_0259,610.74,transfer,success,2022-02-22
TXN_003194,CUST_0016,79.13,transfer,success,2023-09-08
TXN_003195,CUST_0217,87.52,purchase,success,2023-07-08
TXN_003196,CUST_0230,140.9,transfer,success,2022-12-05
TXN_003197,CUST_0045,566.45,withdrawal,success,2022-01-24
TXN_003198,CUST_0380,418.01,transfer,success,2022-08-18
TXN_003199,CUST_0415,21.64,withdrawal,success,2022-10-24
TXN_003200,CUST_0230,99.76,purchase,success,2022-09-15
TXN_003201,CUST_0259,161.21,deposit,failed,2023-02-04
TXN_003202,CUST_0016,139.89,withdrawal,success,2023-12-22
TXN_003203,CUST_0115,43.1,deposit,fraud,2023-01-02
TXN_003204,CUST_0215,391.54,purchase,success,2022-03-11
TXN_003205,CUST_0347,225.98,withdrawal,success,2022-06-11
TXN_003206,CUST_0141,363.92,withdrawal,success,2022-10-22
TXN_003207,CUST_0446,391.47,transfer,success,2022-03-18
TXN_003208,CUST_0367,275.95,withdrawal,success,2023-07-02
TXN_003209,CUST_0004,115.68,purchase,success,2023-08-13
TXN_003210,CUST_0217,188.6,deposit,success,2022-09-05
TXN_003211,CUST_0120,34.96,withdrawal,success,2023-06-15
TXN_003212,CUST_0215,223.95,purchase,success,2023-09-18
TXN_003213,CUST_0413,39.51,purchase,success,2023-05-28
TXN_003214,CUST_0045,236.8,withdrawal,success,2022-11-16
TXN_003215,CUST_0217,52.17,transfer,success,2023-02-13
TXN_003216,CUST_0113,25.01,withdrawal,success,2023-09-26
TXN_003217,CUST_0045,36.13,withdrawal,success,2022-02-28
TXN_003218,CUST_0004,0.4,transfer,success,2023-07-14
TXN_003219,CUST_0328,253.69,purchase,success,2023-12-16
TXN_003220,CUST_0347,263.65,withdrawal,success,2022-04-24
TXN_003221,CUST_0378,144.69,transfer,success,2023-08-20
TXN_003222,CUST_0415,35.2,deposit,success,2023-04-28
TXN_003223,CUST_0347,17.45,deposit,success,2022-09-27
TXN_003224,CUST_0115,3.86,transfer,failed,2023-10-31
TXN_003225,CUST_0302,36.24,purchase,success,2022-01-31
TXN_003226,CUST_0217,443.02,transfer,success,2022-02-03
TXN_003227,CUST_0389,55.29,purchase,success,2022-12-13
TXN_003228,CUST_0045,87.48,deposit,success,2023-03-08
TXN_003229,CUST_0102,22.26,withdrawal,success,2022-09-25
TXN_003230,CUST_0302,50.3,transfer,success,2022-07-25
TXN_003231,CUST_0048,146.47,deposit,success,2022-12-09
TXN_003232,CUST_0360,187.17,withdrawal,success,2022-03-02
TXN_003233,CUST_0045,56.3,deposit,success,2022-05-23
TXN_003234,CUST_0014,11.89,transfer,success,2022-07-29
TXN_003235,CUST_0017,99.2,transfer,success,2023-07-15
TXN_003236,CUST_0389,53.37,withdrawal,success,2022-12-04
TXN_003237,CUST_0380,49.58,transfer,success,2023-11-11
TXN_003238,CUST_0017,643.09,deposit,success,2022-03-05
TXN_003239,CUST_0280,191.58,withdrawal,success,2022-08-30
TXN_003240,CUST_0120,162.78,withdrawal,success,2023-05-21
TXN_003241,CUST_0016,107.49,deposit,success,2022-03-16
TXN_003242,CUST_0333,112.05,purchase,success,2023-08-01
TXN_003243,CUST_0072,155.7,withdrawal,success,2023-09-17
TXN_003244,CUST_0014,238.43,purchase,success,2023-12-21
TXN_003245,CUST_0072,242.23,deposit,success,2022-02-06
TXN_003246,CUST_0230,37.67,deposit,success,2022-12-21
TXN_003247,CUST_0048,138.67,withdrawal,success,2022-03-14
TXN_003248,CUST_0014,106.19,transfer,success,2023-03-03
TXN_003249,CUST_0112,408.86,withdrawal,success,2023-09-05
TXN_003250,CUST_0014,199.62,transfer,success,2023-09-20
TXN_003251,CUST_0045,152.07,purchase,success,2022-03-24
TXN_003252,CUST_0328,24.52,transfer,success,2023-07-19
TXN_003253,CUST_0215,186.1,withdrawal,success,2023-05-06
TXN_003254,CUST_0413,24.93,transfer,success,2022-05-13
TXN_003255,CUST_0215,82.26,deposit,success,2022-10-05
TXN_003256,CUST_0380,30.83,purchase,success,2022-02-12
TXN_003257,CUST_0013,235.58,deposit,success,2022-04-17
TXN_003258,CUST_0217,46.2,deposit,success,2022-02-06
TXN_003259,CUST_0217,99.47,deposit,success,2023-05-24
TXN_003260,CUST_0115,452.05,deposit,success,2023-06-04
TXN_003261,CUST_0045,45.71,transfer,success,2022-08-19
TXN_003262,CUST_0230,141.78,deposit,success,2023-10-28
TXN_003263,CUST_0016,108.69,transfer,success,2022-12-25
TXN_003264,CUST_0113,3.66,deposit,fraud,2023-03-18
TXN_003265,CUST_0115,314.77,withdrawal,success,2023-05-05
TXN_003266,CUST_0280,14.31,deposit,success,2022-11-07
TXN_003267,CUST_0072,128.59,withdrawal,success,2022-08-22
TXN_003268,CUST_0367,164.5,transfer,success,2022-01-22
TXN_003269,CUST_0053,198.0,purchase,success,2022-02-26
TXN_003270,CUST_0120,233.36,transfer,success,2022-01-27
TXN_003271,CUST_0016,58.41,purchase,success,2022-07-20
TXN_003272,CUST_0126,2.01,purchase,success,2023-07-02
TXN_003273,CUST_0112,257.07,deposit,success,2023-09-15
TXN_003274,CUST_0378,153.43,purchase,success,2023-01-24
TXN_003275,CUST_0288,361.72,transfer,success,2023-11-30
TXN_003276,CUST_0217,344.51,deposit,success,2023-12-02
TXN_003277,CUST_0072,370.72,purchase,success,2022-01-19
TXN_003278,CUST_0045,132.75,transfer,success,2023-07-20
TXN_003279,CUST_0389,81.18,purchase,success,2023-05-09
TXN_003280,CUST_0280,313.62,purchase,success,2022-02-23
TXN_003281,CUST_0309,120.04,deposit,fraud,2023-02-01
TXN_003282,CUST_0367,40.53,deposit,success,2023-01-22
TXN_003283,CUST_0288,386.17,transfer,success,2023-12-14
TXN_003284,CUST_0120,428.37,deposit,success,2022-05-09
TXN_003285,CUST_0303,125.59,deposit,failed,2023-03-17
TXN_003286,CUST_0013,,withdrawal,success,2023-12-20
TXN_003287,CUST_0259,98.15,withdrawal,success,2023-03-14
TXN_003288,CUST_0053,325.46,transfer,fraud,2023-07-17
TXN_003289,CUST_0143,464.1,deposit,success,2022-05-22
TXN_003290,CUST_0446,45.5,transfer,success,2022-04-29
TXN_003291,CUST_0058,13.86,withdrawal,fraud,2023-03-25
TXN_003292,CUST_0457,419.68,withdrawal,success,2022-05-01
TXN_003293,CUST_0309,98.66,withdrawal,success,2023-09-23
TXN_003294,CUST_0413,156.07,transfer,success,2023-01-12
TXN_003295,CUST_0141,688.82,deposit,success,2022-12-27
TXN_003296,CUST_0415,13.78,purchase,success,2022-07-18
TXN_003297,CUST_0360,209.01,deposit,success,2022-12-18
TXN_003298,CUST_0058,15.4,transfer,fraud,2023-03-24
TXN_003299,CUST_0141,94.15,withdrawal,success,2022-03-01
TXN_003300,CUST_0360,325.74,purchase,success,2022-09-01
TXN_003301,CUST_0280,113.65,transfer,success,2022-08-26
TXN_003302,CUST_0058,1174.37,withdrawal,success,2022-04-05
TXN_003303,CUST_0367,163.77,transfer,success,2023-08-26
TXN_003304,CUST_0143,77.47,purchase,failed,2022-01-11
TXN_003305,CUST_0017,49.72,withdrawal,success,2022-08-21
TXN_003306,CUST_0017,86.32,deposit,success,2023-02-27
TXN_003307,CUST_0141,93.21,transfer,success,2023-07-04
TXN_003308,CUST_0302,14.24,purchase,success,2023-08-05
TXN_003309,CUST_0053,92.27,deposit,success,2022-02-16
TXN_003310,CUST_0360,124.81,purchase,success,2022-01-16
TXN_003311,CUST_0113,256.56,transfer,success,2022-09-13
TXN_003312,CUST_0347,213.85,purchase,failed,2022-02-28
TXN_003313,CUST_0328,246.73,withdrawal,success,2022-03-20
TXN_003314,CUST_0413,1.68,purchase,success,2022-02-28
TXN_003315,CUST_0013,49.1,transfer,fraud,2022-05-10
TXN_003316,CUST_0053,216.76,withdrawal,success,2023-03-26
TXN_003317,CUST_0072,132.33,purchase,success,2022-07-04
TXN_003318,CUST_0215,1.07,purchase,fraud,2022-10-17
TXN_003319,CUST_0045,326.43,withdrawal,success,2022-02-14
TXN_003320,CUST_0141,296.39,deposit,success,2022-11-18
TXN_003321,CUST_0143,159.0,deposit,success,2022-12-25
TXN_003322,CUST_0367,13.76,withdrawal,success,2023-09-09
TXN_003323,CUST_0413,290.93,purchase,success,2023-11-02
TXN_003324,CUST_0413,175.28,deposit,success,2022-09-08
TXN_003325,CUST_0309,304.62,withdrawal,success,2022-10-27
TXN_003326,CUST_0016,278.66,transfer,success,2022-05-13
TXN_003327,CUST_0446,324.91,purchase,success,2023-09-13
TXN_003328,CUST_0328,145.97,transfer,success,2023-02-12
TXN_003329,CUST_0112,30.24,purchase,success,2023-05-06
TXN_003330,CUST_0141,222.44,deposit,success,2023-11-05
TXN_003331,CUST_0141,193.77,transfer,success,2022-05-06
TXN_003332,CUST_0112,271.16,transfer,success,2023-11-04
TXN_003333,CUST_0126,37.24,withdrawal,success,2022-03-20
TXN_003334,CUST_0048,43.38,deposit,success,2022-03-20
TXN_003335,CUST_0126,442.2,deposit,success,2022-09-14
TXN_003336,CUST_0215,277.24,purchase,fraud,2023-07-11
TXN_003337,CUST_0053,477.69,withdrawal,success,2022-07-30
TXN_003338,CUST_0120,284.36,withdrawal,success,2023-05-22
TXN_003339,CUST_0333,181.84,purchase,success,2023-12-24
TXN_003340,CUST_0072,212.34,transfer,success,2023-01-01
TXN_003341,CUST_0072,439.88,purchase,success,2022-08-14
TXN_003342,CUST_0112,172.93,purchase,success,2023-03-31
TXN_003343,CUST_0280,200.15,purchase,success,2024-01-01
TXN_003344,CUST_0113,34.03,withdrawal,success,2022-11-06
TXN_003345,CUST_0126,128.46,purchase,success,2023-01-11
TXN_003346,CUST_0328,252.04,purchase,failed,2023-07-19
TXN_003347,CUST_0303,63.2,purchase,success,2022-10-27
TXN_003348,CUST_0303,45.19,deposit,success,2023-11-01
TXN_003349,CUST_0120,75.33,transfer,fraud,2022-09-08
TXN_003350,CUST_0280,55.28,transfer,success,2023-06-24
TXN_003351,CUST_0378,48.39,transfer,success,2022-10-01
TXN_003352,CUST_0415,110.63,transfer,failed,2022-11-23
TXN_003353,CUST_0413,476.84,withdrawal,success,2023-12-16
TXN_003354,CUST_0309,141.47,withdrawal,fraud,2023-07-09
TXN_003355,CUST_0360,41.63,purchase,success,2023-05-31
TXN_003356,CUST_0333,16.02,withdrawal,success,2022-04-17
TXN_003357,CUST_0112,238.25,transfer,success,2022-02-25
TXN_003358,CUST_0048,96.51,deposit,success,2022-12-21
TXN_003359,CUST_0072,345.0,purchase,success,2023-02-25
TXN_003360,CUST_0380,215.47,purchase,success,2023-12-24
TXN_003361,CUST_0113,318.16,transfer,success,2023-09-29
TXN_003362,CUST_0053,63.48,transfer,success,2023-05-13
TXN_003363,CUST_0309,235.76,transfer,success,2022-10-14
TXN_003364,CUST_0413,61.32,withdrawal,success,2022-03-22
TXN_003365,CUST_0378,559.6,purchase,success,2022-07-28
TXN_003366,CUST_0014,202.33,transfer,success,2022-05-21
TXN_003367,CUST_0141,78.46,deposit,fraud,2023-06-18
TXN_003368,CUST_0120,62.81,purchase,success,2022-08-25
TXN_003369,CUST_0102,42.37,purchase,success,2022-11-09
TXN_003370,CUST_0446,237.25,withdrawal,success,2023-07-21
TXN_003371,CUST_0112,49.36,purchase,success,2022-08-04
TXN_003372,CUST_0309,180.92,transfer,success,2022-05-06
TXN_003373,CUST_0215,61.48,transfer,success,2023-01-17
TXN_003374,CUST_0143,216.92,deposit,fraud,2022-05-26
TXN_003375,CUST_0302,337.41,purchase,success,2022-02-06
TXN_003376,CUST_0217,301.04,purchase,fraud,2022-08-29
TXN_003377,CUST_0053,286.13,withdrawal,success,2023-12-17
TXN_003378,CUST_0259,41.58,transfer,success,2023-03-27
TXN_003379,CUST_0120,18.51,deposit,success,2023-10-28
TXN_003380,CUST_0457,240.1,transfer,success,2023-04-10
TXN_003381,CUST_0072,91.88,purchase,success,2022-04-27
TXN_003382,CUST_0112,113.25,purchase,success,2022-01-22
TXN_003383,CUST_0328,6.33,deposit,fraud,2023-05-26
TXN_003384,CUST_0230,60.11,purchase,success,2022-02-04
TXN_003385,CUST_0446,6.85,deposit,success,2022-10-04
TXN_003386,CUST_0053,422.7,deposit,success,2022-10-12
TXN_003387,CUST_0378,55.78,transfer,success,2023-08-26
TXN_003388,CUST_0389,162.99,deposit,success,2023-01-29
TXN_003389,CUST_0259,7.95,purchase,success,2022-11-04
TXN_003390,CUST_0102,219.83,withdrawal,success,2022-03-28
TXN_003391,CUST_0217,78.02,withdrawal,success,2022-03-03
TXN_003392,CUST_0112,456.4,purchase,fraud,2022-10-13
TXN_003393,CUST_0004,438.06,withdrawal,success,2023-09-17
TXN_003394,CUST_0072,78.69,withdrawal,success,2023-01-29
TXN_003395,CUST_0215,462.45,deposit,success,2023-05-23
TXN_003396,CUST_0328,1112.34,withdrawal,success,2022-01-20
TXN_003397,CUST_0016,349.07,withdrawal,success,2023-01-27
TXN_003398,CUST_0143,372.7,withdrawal,success,2023-01-29
TXN_003399,CUST_0112,57.27,transfer,success,2023-03-31
TXN_003400,CUST_0302,171.94,purchase,success,2022-02-15
TXN_003401,CUST_0215,13.92,deposit,success,2022-08-18
TXN_003402,CUST_0288,19.95,withdrawal,success,2022-07-30
TXN_003403,CUST_0072,1361.15,purchase,fraud,2023-01-24
TXN_003404,CUST_0288,79.09,withdrawal,success,2022-07-08
TXN_003405,CUST_0016,275.81,transfer,success,2023-11-07
TXN_003406,CUST_0115,328.67,transfer,success,2023-03-18
TXN_003407,CUST_0389,390.42,withdrawal,failed,2023-06-30
TXN_003408,CUST_0072,1208.83,withdrawal,success,2022-02-23
TXN_003409,CUST_0302,55.28,withdrawal,success,2023-11-08
TXN_003410,CUST_0102,8.24,transfer,success,2022-11-09
TXN_003411,CUST_0115,105.93,transfer,success,2022-02-02
TXN_003412,CUST_0004,27.87,purchase,fraud,2023-07-09
TXN_003413,CUST_0302,4.54,deposit,fraud,2022-12-23
TXN_003414,CUST_0280,89.39,deposit,fraud,2022-01-27
TXN_003415,CUST_0288,306.25,transfer,failed,2023-09-16
TXN_003416,CUST_0115,167.03,deposit,fraud,2022-12-11
TXN_003417,CUST_0230,75.02,withdrawal,success,2022-09-26
TXN_003418,CUST_0347,212.46,purchase,success,2023-08-29
TXN_003419,CUST_0112,52.8,transfer,success,2022-08-10
TXN_003420,CUST_0004,2.9,transfer,fraud,2022-01-29
TXN_003421,CUST_0014,289.08,deposit,success,2022-12-16
TXN_003422,CUST_0115,195.5,withdrawal,success,2023-09-29
TXN_003423,CUST_0347,287.35,purchase,success,2023-03-21
TXN_003424,CUST_0113,7.94,deposit,success,2023-03-14
TXN_003425,CUST_0113,362.95,transfer,success,2022-02-28
TXN_003426,CUST_0013,193.27,transfer,success,2022-04-22
TXN_003427,CUST_0328,165.75,deposit,success,2023-07-21
TXN_003428,CUST_0415,195.96,withdrawal,success,2023-02-02
TXN_003429,CUST_0333,399.66,purchase,success,2023-11-26
TXN_003430,CUST_0328,176.83,purchase,success,2022-10-22
TXN_003431,CUST_0215,173.95,purchase,fraud,2023-07-02
TXN_003432,CUST_0120,935.1,purchase,success,2023-04-20
TXN_003433,CUST_0333,282.72,withdrawal,success,2023-03-11
TXN_003434,CUST_0143,116.78,transfer,success,2023-08-10
TXN_003435,CUST_0303,245.79,transfer,success,2023-08-05
TXN_003436,CUST_0115,98.61,purchase,success,2023-06-16
TXN_003437,CUST_0014,51.98,purchase,success,2022-09-24
TXN_003438,CUST_0115,181.69,purchase,success,2022-06-16
TXN_003439,CUST_0143,526.72,deposit,success,2023-01-26
TXN_003440,CUST_0013,529.41,deposit,success,2023-04-24
TXN_003441,CUST_0215,83.68,transfer,success,2022-09-01
TXN_003442,CUST_0102,150.02,transfer,success,2022-05-16
TXN_003443,CUST_0415,47.56,purchase,fraud,2022-01-16
TXN_003444,CUST_0230,1086.65,deposit,success,2022-10-15
TXN_003445,CUST_0288,793.91,withdrawal,success,2023-11-30
TXN_003446,CUST_0378,209.68,deposit,success,2022-10-08
TXN_003447,CUST_0115,326.35,transfer,success,2022-03-29
TXN_003448,CUST_0302,251.12,deposit,success,2022-09-13
TXN_003449,CUST_0259,179.87,transfer,success,2023-07-10
TXN_003450,CUST_0115,10.96,purchase,success,2022-10-30
TXN_003451,CUST_0048,121.31,withdrawal,success,2022-12-12
TXN_003452,CUST_0126,224.65,purchase,success,2023-08-08
TXN_003453,CUST_0053,226.35,purchase,success,2023-02-09
TXN_003454,CUST_0215,93.4,withdrawal,success,2022-02-09
TXN_003455,CUST_0259,568.4,withdrawal,failed,2023-09-23
TXN_003456,CUST_0102,36.63,withdrawal,success,2022-10-08
TXN_003457,CUST_0016,138.77,transfer,success,2023-01-06
TXN_003458,CUST_0380,234.81,purchase,success,2022-10-03
TXN_003459,CUST_0302,238.89,transfer,success,2023-11-07
TXN_003460,CUST_0141,209.19,withdrawal,success,2022-09-14
TXN_003461,CUST_0058,64.4,transfer,success,2023-10-31
TXN_003462,CUST_0126,33.97,withdrawal,success,2023-09-15
TXN_003463,CUST_0045,202.09,deposit,success,2022-01-13
TXN_003464,CUST_0378,182.91,withdrawal,success,2022-05-08
TXN_003465,CUST_0367,39.53,purchase,success,2022-11-11
TXN_003466,CUST_0328,244.25,purchase,success,2023-08-06
TXN_003467,CUST_0328,121.46,purchase,,2023-11-08
TXN_003468,CUST_0446,220.38,transfer,success,2022-11-25
TXN_003469,CUST_0126,363.25,purchase,success,2022-09-28
TXN_003470,CUST_0120,37.2,withdrawal,success,2022-07-03
TXN_003471,CUST_0143,3.87,deposit,success,2023-03-31
TXN_003472,CUST_0048,302.01,purchase,success,2023-04-19
TXN_003473,CUST_0288,188.17,transfer,success,2022-01-18
TXN_003474,CUST_0016,240.55,deposit,success,2023-03-27
TXN_003475,CUST_0378,364.22,purchase,fraud,2022-01-10
TXN_003476,CUST_0215,324.72,purchase,success,2023-04-23
TXN_003477,CUST_0446,648.43,deposit,success,2022-02-07
TXN_003478,CUST_0389,153.55,purchase,success,2023-01-03
TXN_003479,CUST_0288,134.08,transfer,success,2023-05-07
TXN_003480,CUST_0102,102.8,withdrawal,success,2023-10-16
TXN_003481,CUST_0457,33.37,withdrawal,success,2023-07-24
TXN_003482,CUST_0259,170.01,deposit,fraud,2022-08-12
TXN_003483,CUST_0141,64.87,withdrawal,failed,2023-02-23
TXN_003484,CUST_0347,508.44,purchase,success,2022-03-01
TXN_003485,CUST_0288,175.03,purchase,success,2023-08-17
TXN_003486,CUST_0120,179.71,transfer,success,2022-03-23
TXN_003487,CUST_0141,87.68,withdrawal,success,2022-10-11
TXN_003488,CUST_0309,10.68,deposit,success,2023-09-17
TXN_003489,CUST_0004,6.45,purchase,success,2023-07-19
TXN_003490,CUST_0415,110.1,deposit,success,2022-11-18
TXN_003491,CUST_0013,17.67,purchase,failed,2022-03-07
TXN_003492,CUST_0072,186.71,purchase,success,2023-03-28
TXN_003493,CUST_0016,425.68,transfer,success,2022-07-04
TXN_003494,CUST_0053,428.97,withdrawal,success,2022-09-22
TXN_003495,CUST_0115,215.2,transfer,success,2022-10-10
TXN_003496,CUST_0141,47.46,withdrawal,failed,2022-09-23
TXN_003497,CUST_0378,397.55,deposit,fraud,2023-05-22
TXN_003498,CUST_0072,434.48,withdrawal,success,2022-05-11
TXN_003499,CUST_0016,43.79,deposit,success,2022-08-21
TXN_003500,CUST_0347,267.44,purchase,success,2023-10-08
TXN_003501,CUST_0120,67.52,deposit,success,2022-06-28
TXN_003502,CUST_0302,324.55,deposit,success,2022-05-31
TXN_003503,CUST_0048,1178.35,purchase,success,2023-09-25
TXN_003504,CUST_0280,6.1,deposit,success,2023-11-03
TXN_003505,CUST_0367,455.32,deposit,success,2022-02-20
TXN_003506,CUST_0280,194.91,purchase,success,2022-08-27
TXN_003507,CUST_0053,725.24,purchase,success,2022-04-28
TXN_003508,CUST_0013,125.1,purchase,success,2023-11-02
TXN_003509,CUST_0045,375.97,withdrawal,success,2022-02-09
TXN_003510,CUST_0333,12.89,purchase,success,2022-07-08
TXN_003511,CUST_0058,81.68,purchase,success,2023-12-02
TXN_003512,CUST_0302,13.87,deposit,success,2023-06-03
TXN_003513,CUST_0413,740.54,transfer,fraud,2023-03-27
TXN_003514,CUST_0347,339.63,transfer,fraud,2023-08-17
TXN_003515,CUST_0333,382.85,withdrawal,success,2022-11-21
TXN_003516,CUST_0017,556.01,withdrawal,success,2022-02-12
TXN_003517,CUST_0302,17.79,transfer,success,2023-07-21
TXN_003518,CUST_0045,97.42,transfer,success,2022-08-22
TXN_003519,CUST_0309,14.74,purchase,success,2022-03-04
TXN_003520,CUST_0367,47.35,deposit,success,2022-09-23
TXN_003521,CUST_0217,52.11,purchase,success,2022-09-21
TXN_003522,CUST_0112,126.64,withdrawal,success,2022-01-17
TXN_003523,CUST_0120,62.55,transfer,success,2023-11-26
TXN_003524,CUST_0053,21.29,withdrawal,fraud,2022-12-28
TXN_003525,CUST_0328,36.66,purchase,success,2023-07-08
TXN_003526,CUST_0115,31.86,withdrawal,fraud,2022-02-15
TXN_003527,CUST_0217,722.95,withdrawal,success,2023-09-07
TXN_003528,CUST_0112,284.83,deposit,success,2022-08-29
TXN_003529,CUST_0017,686.92,withdrawal,success,2022-12-25
TXN_003530,CUST_0303,115.87,purchase,success,2022-04-22
TXN_003531,CUST_0058,65.25,deposit,success,2022-03-21
TXN_003532,CUST_0333,320.19,withdrawal,success,2023-06-04
TXN_003533,CUST_0102,78.98,purchase,success,2023-03-31
TXN_003534,CUST_0367,71.16,transfer,success,2022-04-26
TXN_003535,CUST_0303,52.92,deposit,success,2023-06-08
TXN_003536,CUST_0309,27.78,withdrawal,success,2022-03-21
TXN_003537,CUST_0413,59.27,withdrawal,success,2022-08-31
TXN_003538,CUST_0072,87.8,deposit,failed,2022-07-28
TXN_003539,CUST_0045,224.17,purchase,success,2022-11-30
TXN_003540,CUST_0309,12.92,withdrawal,success,2023-08-08
TXN_003541,CUST_0457,47.27,purchase,success,2023-01-16
TXN_003542,CUST_0457,331.12,deposit,fraud,2023-11-29
TXN_003543,CUST_0120,31.78,withdrawal,success,2023-03-02
TXN_003544,CUST_0113,83.91,transfer,success,2022-03-15
TXN_003545,CUST_0143,399.99,transfer,success,2023-10-20
TXN_003546,CUST_0014,33.67,transfer,success,2023-03-13
TXN_003547,CUST_0333,17.27,deposit,success,2022-10-17
TXN_003548,CUST_0457,132.54,withdrawal,success,2022-05-27
TXN_003549,CUST_0378,72.03,deposit,failed,2022-01-26
TXN_003550,CUST_0126,165.75,withdrawal,success,2022-12-01
TXN_003551,CUST_0288,325.73,transfer,failed,2023-09-14
TXN_003552,CUST_0360,29.5,transfer,failed,2023-01-04
TXN_003553,CUST_0115,173.83,purchase,success,2022-12-10
TXN_003554,CUST_0280,140.85,deposit,success,2023-02-22
TXN_003555,CUST_0288,31.12,deposit,success,2023-10-30
TXN_003556,CUST_0413,195.63,purchase,fraud,2023-01-19
TXN_003557,CUST_0446,63.94,transfer,success,2023-04-27
TXN_003558,CUST_0045,133.82,transfer,success,2022-10-29
TXN_003559,CUST_0259,17.17,deposit,success,2023-09-29
TXN_003560,CUST_0017,123.08,withdrawal,fraud,2022-02-01
TXN_003561,CUST_0288,73.19,transfer,success,2022-06-14
TXN_003562,CUST_0389,345.62,purchase,success,2023-01-13
TXN_003563,CUST_0113,11.73,purchase,success,2022-02-15
TXN_003564,CUST_0048,108.47,purchase,success,2022-10-25
TXN_003565,CUST_0288,122.66,deposit,success,2022-06-03
TXN_003566,CUST_0302,258.2,deposit,failed,2023-08-29
TXN_003567,CUST_0053,170.8,deposit,success,2022-01-27
TXN_003568,CUST_0415,220.05,deposit,success,2022-04-19
TXN_003569,CUST_0259,300.16,purchase,success,2023-09-16
TXN_003570,CUST_0053,396.39,purchase,success,2022-08-05
TXN_003571,CUST_0302,75.34,deposit,success,2022-11-17
TXN_003572,CUST_0072,154.45,deposit,success,2023-06-08
TXN_003573,CUST_0378,366.65,purchase,success,2023-06-05
TXN_003574,CUST_0230,910.35,deposit,success,2023-08-19
TXN_003575,CUST_0280,440.58,deposit,success,2023-12-31
TXN_003576,CUST_0058,92.87,deposit,success,2022-12-19
TXN_003577,CUST_0347,43.42,deposit,success,2022-08-09
TXN_003578,CUST_0378,134.43,transfer,success,2023-01-23
TXN_003579,CUST_0004,270.68,deposit,success,2023-08-20
TXN_003580,CUST_0102,135.68,purchase,success,2022-02-03
TXN_003581,CUST_0288,132.01,purchase,success,2023-11-04
TXN_003582,CUST_0415,364.32,purchase,success,2022-06-03
TXN_003583,CUST_0259,89.7,purchase,success,2023-01-26
TXN_003584,CUST_0004,392.93,deposit,success,2023-10-27
TXN_003585,CUST_0058,104.45,transfer,success,2022-03-22
TXN_003586,CUST_0378,79.57,withdrawal,success,2022-03-21
TXN_003587,CUST_0058,121.02,withdrawal,success,2022-08-18
TXN_003588,CUST_0446,287.47,withdrawal,success,2023-08-02
TXN_003589,CUST_0288,26.94,withdrawal,success,2023-05-31
TXN_003590,CUST_0102,43.74,purchase,success,2023-08-12
TXN_003591,CUST_0360,605.01,deposit,success,2023-10-08
TXN_003592,CUST_0141,38.59,deposit,success,2023-07-16
TXN_003593,CUST_0288,167.74,withdrawal,success,2023-03-05
TXN_003594,CUST_0045,173.17,withdrawal,success,2023-07-06
TXN_003595,CUST_0072,134.52,transfer,success,2022-05-05
TXN_003596,CUST_0360,206.98,transfer,fraud,2023-06-25
TXN_003597,CUST_0120,52.23,transfer,success,2022-02-22
TXN_003598,CUST_0058,160.89,purchase,success,2023-09-14
TXN_003599,CUST_0259,93.1,deposit,success,2023-04-29
TXN_003600,CUST_0215,216.75,purchase,success,2023-11-07
TXN_003601,CUST_0112,30.45,purchase,success,2023-06-22
TXN_003602,CUST_0102,169.2,deposit,success,2023-06-17
TXN_003603,CUST_0072,40.98,transfer,success,2023-03-28
TXN_003604,CUST_0230,65.32,deposit,success,2022-11-21
TXN_003605,CUST_0045,49.36,withdrawal,success,2022-10-03
TXN_003606,CUST_0389,40.38,transfer,success,2022-07-19
TXN_003607,CUST_0217,349.41,deposit,success,2023-08-13
TXN_003608,CUST_0415,67.29,purchase,success,2022-10-28
TXN_003609,CUST_0230,523.8,deposit,fraud,2022-09-07
TXN_003610,CUST_0013,700.82,transfer,success,2022-12-03
TXN_003611,CUST_0303,169.38,withdrawal,fraud,2022-09-06
TXN_003612,CUST_0126,30.86,purchase,success,2023-01-06
TXN_003613,CUST_0014,93.86,withdrawal,success,2022-08-25
TXN_003614,CUST_0333,319.63,withdrawal,success,2023-04-12
TXN_003615,CUST_0016,91.58,purchase,success,2022-11-19
TXN_003616,CUST_0389,18.21,deposit,success,2022-04-29
TXN_003617,CUST_0380,162.74,deposit,success,2023-12-11
TXN_003618,CUST_0309,373.02,withdrawal,fraud,2022-09-04
TXN_003619,CUST_0072,317.85,deposit,success,2023-04-01
TXN_003620,CUST_0016,38.5,transfer,success,2023-02-24
TXN_003621,CUST_0280,223.42,withdrawal,success,2023-01-06
TXN_003622,CUST_0014,49.82,withdrawal,success,2022-03-23
TXN_003623,CUST_0004,49.23,withdrawal,success,2022-12-27
TXN_003624,CUST_0347,414.41,transfer,success,2023-07-28
TXN_003625,CUST_0303,57.45,withdrawal,fraud,2023-06-02
TXN_003626,CUST_0072,61.1,deposit,success,2022-03-20
TXN_003627,CUST_0360,0.13,deposit,success,2023-01-06
TXN_003628,CUST_0360,409.08,deposit,success,2023-11-01
TXN_003629,CUST_0457,314.62,deposit,fraud,2023-05-11
TXN_003630,CUST_0280,197.41,withdrawal,success,2023-09-12
TXN_003631,CUST_0045,277.47,transfer,fraud,2022-08-24
TXN_003632,CUST_0120,32.99,purchase,success,2023-04-05
TXN_003633,CUST_0058,122.62,deposit,success,2023-03-05
TXN_003634,CUST_0378,86.53,purchase,success,2022-08-24
TXN_003635,CUST_0004,19.69,purchase,success,2023-08-07
TXN_003636,CUST_0112,133.16,withdrawal,success,2022-05-09
TXN_003637,CUST_0280,507.0,deposit,success,2023-07-05
TXN_003638,CUST_0017,8.18,deposit,success,2022-09-08
TXN_003639,CUST_0415,68.91,deposit,success,2023-02-22
TXN_003640,CUST_0014,46.52,purchase,success,2023-11-22
TXN_003641,CUST_0347,54.4,deposit,failed,2023-08-22
TXN_003642,CUST_0120,478.14,deposit,success,2023-11-13
TXN_003643,CUST_0457,126.25,transfer,success,2022-05-22
TXN_003644,CUST_0013,125.58,withdrawal,success,2023-09-13
TXN_003645,CUST_0045,285.9,deposit,success,2022-09-24
TXN_003646,CUST_0126,33.56,deposit,success,2022-10-21
TXN_003647,CUST_0360,133.6,withdrawal,success,2022-12-16
TXN_003648,CUST_0102,112.42,withdrawal,success,2022-11-18
TXN_003649,CUST_0053,181.72,purchase,success,2022-05-01
TXN_003650,CUST_0309,1544.71,purchase,success,2022-03-25
TXN_003651,CUST_0017,293.46,purchase,success,2023-02-23
TXN_003652,CUST_0288,101.45,withdrawal,success,2023-03-08
TXN_003653,CUST_0045,351.53,transfer,fraud,2023-06-02
TXN_003654,CUST_0446,37.44,deposit,success,2022-06-01
TXN_003655,CUST_0053,6.19,withdrawal,success,2023-08-13
TXN_003656,CUST_0017,45.74,transfer,success,2023-05-22
TXN_003657,CUST_0120,83.23,withdrawal,success,2023-10-10
TXN_003658,CUST_0048,142.91,transfer,success,2022-07-22
TXN_003659,CUST_0017,190.97,withdrawal,success,2022-07-04
TXN_003660,CUST_0115,482.94,withdrawal,fraud,2023-04-10
TXN_003661,CUST_0288,142.61,transfer,success,2022-01-16
TXN_003662,CUST_0058,139.14,transfer,fraud,2022-06-20
TXN_003663,CUST_0113,10.31,transfer,success,2022-05-04
TXN_003664,CUST_0115,7.11,transfer,success,2023-03-05
TXN_003665,CUST_0058,160.22,transfer,success,2022-09-27
TXN_003666,CUST_0328,115.31,transfer,success,2023-07-22
TXN_003667,CUST_0360,365.49,transfer,success,2023-12-30
TXN_003668,CUST_0446,35.03,transfer,fraud,2023-04-27
TXN_003669,CUST_0328,5.06,withdrawal,fraud,2022-04-14
TXN_003670,CUST_0058,119.22,transfer,fraud,2022-05-10
TXN_003671,CUST_0259,54.22,transfer,success,2022-02-04
TXN_003672,CUST_0446,10.18,withdrawal,fraud,2023-03-18
TXN_003673,CUST_0378,257.9,withdrawal,success,2022-01-25
TXN_003674,CUST_0126,23.67,purchase,failed,2023-12-08
TXN_003675,CUST_0303,187.46,purchase,success,2022-06-20
TXN_003676,CUST_0053,65.99,transfer,success,2022-03-16
TXN_003677,CUST_0302,38.11,transfer,fraud,2022-05-16
TXN_003678,CUST_0058,95.53,purchase,fraud,2023-06-12
TXN_003679,CUST_0013,323.34,purchase,success,2023-06-27
TXN_003680,CUST_0112,99.55,deposit,success,2023-02-02
TXN_003681,CUST_0053,277.88,deposit,success,2023-03-09
TXN_003682,CUST_0102,26.82,transfer,success,2022-12-29
TXN_003683,CUST_0280,296.36,deposit,success,2022-05-11
TXN_003684,CUST_0302,54.08,purchase,success,2023-02-16
TXN_003685,CUST_0013,226.26,transfer,success,2023-12-15
TXN_003686,CUST_0360,166.84,withdrawal,success,2023-07-25
TXN_003687,CUST_0120,529.42,withdrawal,success,2022-09-05
TXN_003688,CUST_0048,97.98,purchase,success,2023-12-31
TXN_003689,CUST_0126,13.69,deposit,success,2022-10-28
TXN_003690,CUST_0259,3.87,withdrawal,success,2022-05-02
TXN_003691,CUST_0113,350.73,deposit,success,2022-12-11
TXN_003692,CUST_0058,148.78,withdrawal,success,2022-12-11
TXN_003693,CUST_0378,298.55,deposit,success,2023-08-29
TXN_003694,CUST_0367,53.43,withdrawal,success,2023-09-16
TXN_003695,CUST_0053,84.65,withdrawal,success,2023-09-24
TXN_003696,CUST_0328,6.11,transfer,success,2022-04-21
TXN_003697,CUST_0058,651.38,transfer,failed,2022-02-16
TXN_003698,CUST_0141,220.44,purchase,success,2022-03-17
TXN_003699,CUST_0309,541.23,withdrawal,success,2022-12-30
TXN_003700,CUST_0367,61.71,deposit,success,2023-04-05
TXN_003701,CUST_0309,189.07,withdrawal,success,2023-02-23
TXN_003702,CUST_0143,226.95,deposit,success,2023-10-08
TXN_003703,CUST_0347,76.41,deposit,success,2023-04-06
TXN_003704,CUST_0215,376.92,withdrawal,success,2023-03-23
TXN_003705,CUST_0280,588.1,deposit,success,2022-10-24
TXN_003706,CUST_0367,432.31,purchase,success,2023-05-04
TXN_003707,CUST_0378,268.7,transfer,success,2023-12-18
TXN_003708,CUST_0143,65.0,deposit,success,2022-05-18
TXN_003709,CUST_0014,66.15,withdrawal,fraud,2022-07-07
TXN_003710,CUST_0309,661.32,transfer,success,2023-08-27
TXN_003711,CUST_0367,2.07,purchase,success,2023-06-06
TXN_003712,CUST_0302,251.79,deposit,success,2022-03-27
TXN_003713,CUST_0217,245.0,deposit,fraud,2022-06-05
TXN_003714,CUST_0288,194.94,transfer,success,2022-01-08
TXN_003715,CUST_0302,923.22,deposit,success,2023-08-31
TXN_003716,CUST_0120,74.76,withdrawal,success,2023-08-31
TXN_003717,CUST_0446,83.09,transfer,success,2023-01-14
TXN_003718,CUST_0389,16.45,transfer,success,2023-11-22
TXN_003719,CUST_0333,116.97,deposit,success,2023-10-27
TXN_003720,CUST_0302,60.5,purchase,fraud,2023-04-10
TXN_003721,CUST_0280,84.13,purchase,fraud,2023-01-24
TXN_003722,CUST_0302,359.84,purchase,success,2022-11-25
TXN_003723,CUST_0360,548.17,purchase,fraud,2023-03-26
TXN_003724,CUST_0378,41.09,transfer,success,2022-06-30
TXN_003725,CUST_0004,93.21,transfer,success,2023-06-05
TXN_003726,CUST_0328,527.98,deposit,success,2023-08-26
TXN_003727,CUST_0303,12.76,purchase,success,2022-10-14
TXN_003728,CUST_0017,19.38,purchase,success,2022-04-10
TXN_003729,CUST_0113,35.54,deposit,success,2022-08-26
TXN_003730,CUST_0017,180.88,deposit,success,2022-11-01
TXN_003731,CUST_0413,32.61,deposit,success,2023-05-21
TXN_003732,CUST_0389,688.88,withdrawal,failed,2022-12-16
TXN_003733,CUST_0217,118.38,deposit,success,2022-02-19
TXN_003734,CUST_0112,139.24,deposit,fraud,2023-08-01
TXN_003735,CUST_0328,56.65,withdrawal,success,2023-06-15
TXN_003736,CUST_0302,127.34,purchase,failed,2023-06-22
TXN_003737,CUST_0328,216.89,transfer,success,2023-08-17
TXN_003738,CUST_0333,278.2,purchase,success,2023-06-05
TXN_003739,CUST_0389,280.38,transfer,fraud,2023-03-13
TXN_003740,CUST_0045,172.5,transfer,success,2022-10-20
TXN_003741,CUST_0048,469.43,deposit,success,2022-11-27
TXN_003742,CUST_0115,340.1,deposit,success,2023-01-29
TXN_003743,CUST_0072,282.98,withdrawal,success,2022-11-23
TXN_003744,CUST_0328,11.44,purchase,fraud,2022-07-02
TXN_003745,CUST_0217,1.38,purchase,success,2022-05-27
TXN_003746,CUST_0309,47.76,transfer,failed,2022-02-12
TXN_003747,CUST_0013,217.85,deposit,success,2022-08-04
TXN_003748,CUST_0309,105.93,deposit,success,2023-03-17
TXN_003749,CUST_0143,102.97,purchase,success,2023-06-16
TXN_003750,CUST_0045,431.85,withdrawal,success,2022-10-12
TXN_003751,CUST_0215,451.83,deposit,success,2023-08-12
TXN_003752,CUST_0302,479.76,withdrawal,success,2023-09-23
TXN_003753,CUST_0413,75.34,purchase,success,2022-11-18
TXN_003754,CUST_0017,234.92,purchase,success,2022-04-12
TXN_003755,CUST_0126,63.39,withdrawal,success,2022-12-22
TXN_003756,CUST_0113,42.29,deposit,success,2022-10-19
TXN_003757,CUST_0141,40.82,purchase,success,2022-06-19
TXN_003758,CUST_0378,83.74,transfer,success,2022-05-02
TXN_003759,CUST_0045,112.41,purchase,success,2022-10-22
TXN_003760,CUST_0457,355.51,deposit,success,2022-10-08
TXN_003761,CUST_0072,25.54,transfer,success,2023-05-14
TXN_003762,CUST_0102,265.55,purchase,success,2023-03-26
TXN_003763,CUST_0360,151.62,deposit,success,2022-08-18
TXN_003764,CUST_0389,67.92,deposit,success,2022-06-23
TXN_003765,CUST_0217,135.78,purchase,failed,2022-10-23
TXN_003766,CUST_0016,71.32,deposit,success,2022-09-23
TXN_003767,CUST_0413,181.31,withdrawal,success,2023-09-13
TXN_003768,CUST_0389,113.78,transfer,success,2022-04-19
TXN_003769,CUST_0328,35.92,withdrawal,success,2022-08-26
TXN_003770,CUST_0378,24.79,purchase,success,2023-11-14
TXN_003771,CUST_0016,158.24,withdrawal,success,2022-10-13
TXN_003772,CUST_0415,465.4,purchase,success,2022-05-25
TXN_003773,CUST_0360,84.31,purchase,success,2022-04-09
TXN_003774,CUST_0309,264.1,deposit,success,2022-07-31
TXN_003775,CUST_0004,214.98,deposit,success,2023-07-20
TXN_003776,CUST_0016,536.34,purchase,success,2023-06-05
TXN_003777,CUST_0389,344.05,transfer,success,2022-06-22
TXN_003778,CUST_0215,167.22,transfer,success,2022-01-29
TXN_003779,CUST_0333,214.02,transfer,success,2023-09-05
TXN_003780,CUST_0389,457.32,withdrawal,success,2022-02-10
TXN_003781,CUST_0302,102.0,purchase,success,2023-07-07
TXN_003782,CUST_0259,79.14,deposit,success,2023-07-05
TXN_003783,CUST_0014,2.17,withdrawal,success,2022-07-19
TXN_003784,CUST_0141,350.37,withdrawal,success,2022-01-07
TXN_003785,,322.87,deposit,failed,2023-05-16
TXN_003786,CUST_0072,22.06,,success,2022-01-27
TXN_003787,CUST_0126,172.01,withdrawal,success,2023-01-14
TXN_003788,CUST_0380,124.72,purchase,fraud,2022-07-28
TXN_003789,CUST_0045,25.27,purchase,fraud,2022-10-16
TXN_003790,CUST_0072,788.17,purchase,success,2023-08-08
TXN_003791,CUST_0143,48.34,deposit,success,2023-03-13
TXN_003792,CUST_0413,13.92,purchase,success,2023-04-01
TXN_003793,CUST_0141,180.7,withdrawal,success,2023-06-18
TXN_003794,CUST_0328,268.54,deposit,fraud,2022-05-10
TXN_003795,CUST_0457,6.6,deposit,success,2023-04-10
TXN_003796,CUST_0333,215.01,withdrawal,success,2022-10-30
TXN_003797,CUST_0045,151.98,deposit,success,2022-04-23
TXN_003798,CUST_0457,21.8,withdrawal,failed,2023-12-25
TXN_003799,CUST_0016,37.88,transfer,failed,2022-05-03
TXN_003800,CUST_0280,167.85,withdrawal,fraud,2023-04-01
TXN_003801,CUST_0415,70.3,deposit,success,2023-03-19
TXN_003802,CUST_0045,557.15,withdrawal,success,2023-05-21
TXN_003803,CUST_0058,341.56,transfer,success,2022-09-27
TXN_003804,CUST_0053,821.7,purchase,success,2022-03-30
TXN_003805,CUST_0013,60.13,purchase,success,2022-05-21
TXN_003806,CUST_0112,699.48,purchase,success,2022-10-13
TXN_003807,CUST_0004,112.86,deposit,fraud,2023-11-16
TXN_003808,CUST_0053,85.39,transfer,success,2022-04-30
TXN_003809,CUST_0013,10.33,withdrawal,success,2022-12-29
TXN_003810,CUST_0045,10.84,withdrawal,success,2022-03-22
TXN_003811,CUST_0302,235.54,withdrawal,success,2022-08-16
TXN_003812,CUST_0360,122.47,withdrawal,fraud,2022-03-18
TXN_003813,CUST_0259,51.37,deposit,success,2022-12-01
TXN_003814,CUST_0113,190.37,deposit,success,2022-06-10
TXN_003815,CUST_0328,58.3,transfer,success,2023-06-04
TXN_003816,CUST_0045,172.38,withdrawal,success,2022-12-10
TXN_003817,CUST_0141,89.01,purchase,success,2022-10-10
TXN_003818,CUST_0302,346.95,deposit,success,2023-04-10
TXN_003819,CUST_0328,343.73,transfer,success,2023-10-08
TXN_003820,CUST_0333,129.77,transfer,success,2023-06-10
TXN_003821,CUST_0048,86.41,deposit,fraud,2023-11-20
TXN_003822,CUST_0415,90.06,purchase,success,2022-03-17
TXN_003823,CUST_0309,327.69,purchase,success,2023-12-25
TXN_003824,CUST_0280,79.55,withdrawal,failed,2023-12-06
TXN_003825,CUST_0309,46.91,deposit,success,2022-11-19
TXN_003826,CUST_0113,17.7,purchase,success,2022-02-09
TXN_003827,CUST_0004,125.73,deposit,success,2023-03-20
TXN_003828,CUST_0413,131.61,transfer,success,2022-04-13
TXN_003829,CUST_0309,367.66,transfer,failed,2023-12-24
TXN_003830,CUST_0415,50.01,transfer,success,2023-06-18
TXN_003831,CUST_0378,95.93,deposit,failed,2022-11-22
TXN_003832,CUST_0143,330.48,withdrawal,success,2022-07-14
TXN_003833,CUST_0347,347.03,withdrawal,success,2023-07-26
TXN_003834,CUST_0457,97.1,purchase,failed,2023-11-08
TXN_003835,CUST_0378,122.91,deposit,success,2023-10-04
TXN_003836,CUST_0141,72.28,withdrawal,fraud,2022-02-06
TXN_003837,CUST_0120,539.29,deposit,success,2023-10-12
TXN_003838,CUST_0045,25.26,withdrawal,success,2023-10-05
TXN_003839,CUST_0328,542.86,transfer,fraud,2022-01-09
TXN_003840,CUST_0280,230.32,transfer,success,2022-09-09
TXN_003841,CUST_0230,151.67,purchase,fraud,2022-05-21
TXN_003842,CUST_0048,6.64,transfer,fraud,2023-08-24
TXN_003843,CUST_0045,129.1,withdrawal,failed,2023-01-21
TXN_003844,CUST_0280,104.76,purchase,success,2022-08-14
TXN_003845,CUST_0014,35.16,purchase,success,2023-11-21
TXN_003846,CUST_0113,213.66,transfer,failed,2022-07-20
TXN_003847,CUST_0303,709.14,deposit,success,2022-09-29
TXN_003848,CUST_0230,165.19,transfer,success,2023-04-27
TXN_003849,CUST_0045,250.88,transfer,fraud,2022-06-05
TXN_003850,CUST_0367,14.18,purchase,success,2023-05-12
TXN_003851,CUST_0112,108.14,transfer,fraud,2022-07-11
TXN_003852,CUST_0347,24.74,withdrawal,success,2023-05-24
TXN_003853,CUST_0013,189.76,purchase,success,2022-10-17
TXN_003854,CUST_0072,557.69,transfer,success,2022-05-15
TXN_003855,CUST_0230,216.81,deposit,success,2022-07-23
TXN_003856,CUST_0360,15.98,withdrawal,success,2023-10-13
TXN_003857,CUST_0309,87.6,deposit,success,2022-04-01
TXN_003858,CUST_0280,160.0,withdrawal,fraud,2023-06-13
TXN_003859,CUST_0302,103.24,deposit,success,2022-08-08
TXN_003860,CUST_0303,358.73,transfer,success,2022-01-04
TXN_003861,CUST_0016,337.12,withdrawal,success,2023-03-21
TXN_003862,CUST_0014,189.26,purchase,success,2022-03-10
TXN_003863,CUST_0413,93.51,purchase,success,2023-05-18
TXN_003864,CUST_0014,58.96,deposit,success,2023-07-26
TXN_003865,CUST_0045,22.38,deposit,success,2023-09-18
TXN_003866,CUST_0415,87.67,deposit,success,2022-08-02
TXN_003867,CUST_0102,106.6,withdrawal,success,2023-12-29
TXN_003868,CUST_0017,225.29,purchase,success,2022-07-02
TXN_003869,CUST_0309,214.68,transfer,success,2022-02-09
TXN_003870,CUST_0328,14.54,withdrawal,success,2023-03-05
TXN_003871,CUST_0053,100.59,deposit,success,2023-12-06
TXN_003872,CUST_0016,40.12,purchase,success,2022-09-27
TXN_003873,CUST_0259,34.11,deposit,success,2023-09-21
TXN_003874,CUST_0230,351.24,transfer,success,2023-01-25
TXN_003875,CUST_0004,8.56,transfer,failed,2023-10-09
TXN_003876,CUST_0126,108.66,purchase,fraud,2023-08-21
TXN_003877,CUST_0347,36.83,withdrawal,success,2022-08-29
TXN_003878,CUST_0058,422.94,transfer,fraud,2023-10-16
TXN_003879,CUST_0415,162.86,transfer,success,2022-12-24
TXN_003880,CUST_0280,52.63,transfer,success,2023-05-11
TXN_003881,CUST_0126,139.6,transfer,success,2023-06-28
TXN_003882,CUST_0367,262.97,deposit,success,2023-11-04
TXN_003883,CUST_0016,634.58,deposit,success,2022-07-04
TXN_003884,CUST_0333,49.81,withdrawal,success,2022-11-04
TXN_003885,CUST_0016,434.63,purchase,success,2022-08-26
TXN_003886,CUST_0016,544.54,purchase,success,2022-10-27
TXN_003887,CUST_0259,496.39,purchase,success,2023-11-16
TXN_003888,CUST_0141,201.8,transfer,success,2023-05-12
TXN_003889,CUST_0141,198.75,deposit,fraud,2023-05-17
TXN_003890,CUST_0102,103.24,deposit,success,2023-10-08
TXN_003891,CUST_0380,279.19,withdrawal,success,2023-02-06
TXN_003892,CUST_0347,151.56,purchase,success,2023-09-05
TXN_003893,CUST_0259,226.29,deposit,success,2023-01-01
TXN_003894,CUST_0120,111.88,withdrawal,success,2023-07-11
TXN_003895,CUST_0347,262.98,purchase,success,2023-05-08
TXN_003896,CUST_0360,347.99,transfer,success,2022-10-30
TXN_003897,CUST_0014,31.67,deposit,success,2022-04-09
TXN_003898,CUST_0126,357.87,deposit,success,2022-08-13
TXN_003899,CUST_0446,155.43,purchase,success,2022-04-26
TXN_003900,CUST_0048,372.44,transfer,success,2022-10-22
TXN_003901,CUST_0102,112.88,transfer,success,2023-03-06
TXN_003902,CUST_0415,95.3,deposit,success,2023-04-03
TXN_003903,CUST_0053,493.16,purchase,fraud,2022-11-30
TXN_003904,CUST_0367,57.85,withdrawal,success,2022-09-11
TXN_003905,CUST_0309,371.85,deposit,success,2023-11-10
TXN_003906,CUST_0045,132.34,transfer,success,2023-03-12
TXN_003907,CUST_0389,144.35,withdrawal,success,2022-04-29
TXN_003908,CUST_0058,73.77,purchase,success,2022-06-30
TXN_003909,CUST_0389,170.21,transfer,success,2023-04-21
TXN_003910,CUST_0360,78.67,withdrawal,success,2022-11-23
TXN_003911,CUST_0112,8.01,deposit,success,2023-11-08
TXN_003912,CUST_0360,63.49,transfer,success,2022-04-27
TXN_003913,CUST_0058,1.28,purchase,fraud,2022-12-22
TXN_003914,CUST_0328,766.59,transfer,success,2023-12-15
TXN_003915,CUST_0288,674.8,deposit,success,2023-02-12
TXN_003916,CUST_0017,100.56,purchase,success,2023-12-23
TXN_003917,CUST_0446,260.66,deposit,success,2022-05-12
TXN_003918,CUST_0380,84.87,withdrawal,success,2023-05-11
TXN_003919,CUST_0415,222.4,transfer,success,2023-05-16
TXN_003920,CUST_0048,327.39,deposit,fraud,2023-09-08
TXN_003921,CUST_0013,586.57,withdrawal,success,2023-02-26
TXN_003922,CUST_0004,102.24,purchase,success,2023-12-05
TXN_003923,CUST_0302,305.85,purchase,success,2022-08-29
TXN_003924,CUST_0217,61.83,withdrawal,success,2022-01-30
TXN_003925,CUST_0004,927.79,withdrawal,success,2022-10-25
TXN_003926,CUST_0415,5.22,purchase,success,2022-10-02
TXN_003927,CUST_0415,185.03,deposit,success,2023-06-04
TXN_003928,CUST_0112,215.47,withdrawal,success,2022-08-09
TXN_003929,CUST_0378,232.98,deposit,success,2023-02-23
TXN_003930,CUST_0053,25.65,purchase,success,2022-03-04
TXN_003931,CUST_0058,557.84,deposit,success,2023-07-30
TXN_003932,CUST_0017,39.98,deposit,fraud,2022-11-27
TXN_003933,CUST_0126,194.97,withdrawal,success,2022-09-25
TXN_003934,CUST_0016,50.38,deposit,success,2023-11-23
TXN_003935,CUST_0053,73.41,deposit,success,2022-11-22
TXN_003936,CUST_0215,158.13,deposit,success,2023-02-26
TXN_003937,CUST_0413,107.98,purchase,success,2023-02-05
TXN_003938,CUST_0126,34.92,purchase,fraud,2023-03-29
TXN_003939,CUST_0048,37.49,transfer,success,2023-03-12
TXN_003940,CUST_0053,108.31,purchase,success,2023-02-13
TXN_003941,CUST_0115,283.17,purchase,success,2022-09-24
TXN_003942,CUST_0141,456.49,transfer,success,2022-02-25
TXN_003943,CUST_0457,17.58,transfer,success,2022-10-02
TXN_003944,CUST_0112,99.88,withdrawal,fraud,2023-05-13
TXN_003945,CUST_0303,21.13,withdrawal,success,2022-08-13
TXN_003946,CUST_0053,3.35,purchase,fraud,2022-12-14
TXN_003947,CUST_0230,216.78,deposit,success,2023-10-14
TXN_003948,CUST_0457,184.49,withdrawal,success,2022-02-16
TXN_003949,CUST_0288,35.59,withdrawal,success,2022-11-12
TXN_003950,CUST_0217,53.27,purchase,success,2023-04-04
TXN_003951,CUST_0112,4.8,deposit,fraud,2023-02-24
TXN_003952,CUST_0360,360.3,transfer,success,2022-08-15
TXN_003953,CUST_0457,735.32,transfer,failed,2023-08-10
TXN_003954,CUST_0053,29.11,purchase,success,2022-06-20
TXN_003955,CUST_0309,52.66,purchase,success,2023-07-03
TXN_003956,CUST_0328,405.61,deposit,fraud,2022-07-31
TXN_003957,CUST_0413,522.0,purchase,success,2023-10-03
TXN_003958,CUST_0215,108.82,purchase,success,2022-04-23
TXN_003959,CUST_0113,10.39,purchase,success,2023-09-21
TXN_003960,CUST_0014,8.04,deposit,failed,2023-09-18
TXN_003961,CUST_0378,170.64,purchase,success,2022-12-04
TXN_003962,CUST_0309,99.81,withdrawal,success,2022-05-13
TXN_003963,CUST_0378,5.81,deposit,success,2023-09-12
TXN_003964,CUST_0126,175.05,withdrawal,success,2023-07-07
TXN_003965,CUST_0215,2.27,deposit,success,2022-01-21
TXN_003966,CUST_0045,309.64,withdrawal,success,2022-01-22
TXN_003967,CUST_0048,73.18,deposit,success,2023-01-24
TXN_003968,CUST_0230,8.22,transfer,success,2022-04-03
TXN_003969,CUST_0143,177.52,purchase,success,2023-12-23
TXN_003970,CUST_0072,101.39,purchase,success,2022-12-08
TXN_003971,CUST_0259,728.4,deposit,success,2022-12-28
TXN_003972,CUST_0102,157.14,withdrawal,success,2023-07-21
TXN_003973,CUST_0415,64.38,transfer,success,2022-03-06
TXN_003974,CUST_0004,247.19,withdrawal,success,2023-11-02
TXN_003975,CUST_0115,63.35,purchase,success,2022-02-20
TXN_003976,CUST_0230,469.19,purchase,failed,2023-06-16
TXN_003977,CUST_0230,93.91,withdrawal,success,2022-08-04
TXN_003978,CUST_0215,159.64,deposit,success,2023-01-06
TXN_003979,CUST_0112,10.38,deposit,success,2023-07-03
TXN_003980,CUST_0014,111.07,withdrawal,success,2022-07-23
TXN_003981,CUST_0126,357.19,purchase,failed,2022-06-10
TXN_003982,CUST_0126,327.62,withdrawal,success,2023-07-03
TXN_003983,CUST_0017,50.8,purchase,success,2023-02-10
TXN_003984,CUST_0280,51.26,withdrawal,success,2022-08-23
TXN_003985,CUST_0230,339.99,deposit,success,2022-10-25
TXN_003986,CUST_0413,532.99,transfer,success,2022-06-15
TXN_003987,CUST_0303,20.04,purchase,failed,2023-01-18
TXN_003988,CUST_0389,119.59,transfer,success,2022-12-06
TXN_003989,CUST_0053,82.33,deposit,success,2023-02-28
TXN_003990,CUST_0280,409.11,withdrawal,success,2022-08-09
TXN_003991,CUST_0072,17.44,deposit,success,2023-07-21
TXN_003992,CUST_0309,47.43,transfer,success,2022-09-12
TXN_003993,CUST_0102,279.24,deposit,failed,2022-01-14
TXN_003994,CUST_0143,10.53,deposit,success,2022-02-06
TXN_003995,CUST_0280,135.67,withdrawal,success,2022-01-21
TXN_003996,CUST_0004,116.72,transfer,success,2023-06-24
TXN_003997,CUST_0102,81.41,transfer,success,2022-04-15
TXN_003998,CUST_0457,100.36,transfer,success,2023-05-29
TXN_003999,CUST_0215,150.98,purchase,success,2023-02-12
TXN_004000,CUST_0259,35.2,deposit,success,2023-05-12
TXN_004001,CUST_0413,169.72,transfer,success,2022-02-13
TXN_004002,CUST_0102,327.4,deposit,success,2022-06-10
TXN_004003,CUST_0347,285.56,withdrawal,success,2022-10-17
TXN_004004,CUST_0230,33.42,withdrawal,success,2022-11-05
TXN_004005,CUST_0013,32.33,purchase,success,2022-01-25
TXN_004006,CUST_0259,62.44,purchase,success,2022-08-24
TXN_004007,CUST_0017,89.59,withdrawal,success,2023-10-09
TXN_004008,CUST_0017,105.0,transfer,success,2023-12-06
TXN_004009,CUST_0302,227.7,withdrawal,success,2022-09-11
TXN_004010,CUST_0303,11.67,deposit,success,2022-02-04
TXN_004011,CUST_0367,7.06,purchase,success,2022-10-06
TXN_004012,CUST_0141,99.49,purchase,success,2022-05-07
TXN_004013,CUST_0360,238.91,withdrawal,success,2023-01-22
TXN_004014,CUST_0045,42.99,transfer,success,2023-11-03
TXN_004015,CUST_0053,205.17,transfer,success,2023-02-15
TXN_004016,CUST_0017,60.17,deposit,success,2022-05-15
TXN_004017,CUST_0004,434.46,purchase,success,2022-10-04
TXN_004018,CUST_0045,452.08,withdrawal,success,2022-03-28
TXN_004019,CUST_0302,70.56,withdrawal,success,2022-03-20
TXN_004020,CUST_0230,52.27,purchase,success,2022-03-17
TXN_004021,CUST_0014,105.97,withdrawal,success,2023-06-01
TXN_004022,CUST_0347,55.03,purchase,failed,2023-12-22
TXN_004023,CUST_0328,223.18,transfer,success,2023-03-02
TXN_004024,CUST_0102,349.81,transfer,fraud,2022-01-21
TXN_004025,CUST_0013,223.62,withdrawal,success,2022-01-16
TXN_004026,CUST_0413,347.85,transfer,success,2023-07-09
TXN_004027,CUST_0380,101.17,transfer,success,2023-09-12
TXN_004028,CUST_0120,34.0,deposit,success,2022-06-05
TXN_004029,CUST_0333,267.84,purchase,success,2022-04-08
TXN_004030,CUST_0378,89.41,purchase,success,2023-08-26
TXN_004031,CUST_0333,222.5,withdrawal,fraud,2023-02-05
TXN_004032,CUST_0333,63.12,purchase,success,2022-07-18
TXN_004033,CUST_0141,16.94,deposit,fraud,2023-09-13
TXN_004034,CUST_0113,980.76,withdrawal,success,2022-11-16
TXN_004035,CUST_0413,33.97,withdrawal,success,2022-11-28
TXN_004036,CUST_0380,891.71,purchase,success,2023-03-12
TXN_004037,CUST_0328,756.9,transfer,success,2023-06-09
TXN_004038,CUST_0053,315.8,transfer,success,2022-01-24
TXN_004039,CUST_0053,215.42,transfer,fraud,2022-11-06
TXN_004040,CUST_0017,172.46,transfer,success,2022-10-08
TXN_004041,CUST_0102,402.13,deposit,success,2023-04-15
TXN_004042,CUST_0115,68.34,withdrawal,success,2022-07-27
TXN_004043,CUST_0415,126.1,transfer,success,2022-04-13
TXN_004044,CUST_0072,193.2,deposit,success,2022-09-28
TXN_004045,CUST_0446,105.93,withdrawal,success,2023-11-03
TXN_004046,CUST_0415,111.54,purchase,success,2023-08-14
TXN_004047,CUST_0389,80.18,purchase,success,2023-04-28
TXN_004048,CUST_0380,166.13,deposit,success,2023-01-21
TXN_004049,CUST_0017,380.19,withdrawal,success,2022-10-26
TXN_004050,CUST_0360,45.01,transfer,success,2023-03-16
TXN_004051,CUST_0053,544.94,withdrawal,success,2022-04-06
TXN_004052,CUST_0328,233.65,transfer,success,2022-08-16
TXN_004053,CUST_0280,346.63,deposit,fraud,2023-02-21
TXN_004054,CUST_0004,162.47,transfer,fraud,2023-07-29
TXN_004055,CUST_0413,302.39,deposit,success,2022-10-13
TXN_004056,CUST_0045,3.27,withdrawal,fraud,2023-05-10
TXN_004057,CUST_0004,341.17,withdrawal,success,2022-10-19
TXN_004058,CUST_0048,8.19,transfer,success,2023-12-21
TXN_004059,CUST_0328,441.3,withdrawal,success,2023-07-01
TXN_004060,CUST_0141,964.73,transfer,fraud,2023-06-03
TXN_004061,CUST_0230,69.65,withdrawal,success,2022-09-08
TXN_004062,CUST_0053,47.23,purchase,success,2023-01-27
TXN_004063,CUST_0360,289.94,transfer,failed,2022-01-18
TXN_004064,CUST_0102,58.35,deposit,success,2023-05-24
TXN_004065,CUST_0217,401.33,purchase,success,2023-02-08
TXN_004066,CUST_0058,21.7,deposit,success,2023-01-17
TXN_004067,CUST_0303,26.92,withdrawal,success,2023-07-14
TXN_004068,CUST_0230,774.1,purchase,success,2022-04-21
TXN_004069,CUST_0217,224.07,withdrawal,success,2023-04-09
TXN_004070,CUST_0120,375.32,transfer,success,2022-08-18
TXN_004071,CUST_0141,78.41,deposit,success,2023-08-15
TXN_004072,CUST_0072,225.7,withdrawal,success,2022-01-26
TXN_004073,,180.4,deposit,success,2023-02-11
TXN_004074,CUST_0112,184.84,deposit,success,2022-08-26
TXN_004075,CUST_0367,229.48,withdrawal,success,2023-04-03
TXN_004076,CUST_0120,171.3,transfer,success,2023-01-14
TXN_004077,CUST_0141,112.1,deposit,fraud,2023-05-04
TXN_004078,CUST_0115,64.57,withdrawal,success,2023-07-31
TXN_004079,CUST_0102,292.71,transfer,success,2022-04-22
TXN_004080,CUST_0259,51.31,withdrawal,failed,2023-10-21
TXN_004081,CUST_0143,235.76,transfer,success,2022-11-15
TXN_004082,CUST_0013,53.14,deposit,success,2022-12-07
TXN_004083,CUST_0112,196.34,purchase,success,2022-05-28
TXN_004084,CUST_0045,274.94,withdrawal,success,2023-10-08
TXN_004085,CUST_0013,49.36,deposit,fraud,2022-03-27
TXN_004086,CUST_0143,12.36,withdrawal,success,2022-04-08
TXN_004087,CUST_0102,28.08,withdrawal,success,2023-07-29
TXN_004088,CUST_0347,186.28,transfer,failed,2022-06-23
TXN_004089,CUST_0045,378.69,withdrawal,success,2022-08-01
TXN_004090,CUST_0120,9.21,transfer,success,2023-05-17
TXN_004091,CUST_0048,264.97,deposit,success,2023-08-31
TXN_004092,CUST_0303,83.5,withdrawal,success,2022-09-13
TXN_004093,CUST_0013,130.22,deposit,success,2022-03-27
TXN_004094,CUST_0217,528.62,purchase,success,2022-05-25
TXN_004095,CUST_0102,80.68,deposit,success,2023-02-17
TXN_004096,CUST_0280,125.22,withdrawal,success,2023-09-24
TXN_004097,CUST_0102,2.76,purchase,success,2023-04-30
TXN_004098,CUST_0126,17.02,transfer,success,2023-06-20
TXN_004099,CUST_0280,59.84,purchase,success,2023-08-04
TXN_004100,CUST_0013,5.65,withdrawal,success,2022-08-27
TXN_004101,CUST_0389,199.6,withdrawal,fraud,2022-03-02
TXN_004102,CUST_0016,111.16,deposit,success,2023-05-21
TXN_004103,CUST_0113,158.88,transfer,success,2022-09-16
TXN_004104,CUST_0367,38.39,withdrawal,success,2023-02-26
TXN_004105,CUST_0102,70.18,withdrawal,success,2022-11-15
TXN_004106,CUST_0126,218.02,transfer,success,2022-12-12
TXN_004107,CUST_0120,672.22,transfer,success,2022-06-04
TXN_004108,CUST_0016,10.35,deposit,success,2022-02-07
TXN_004109,CUST_0120,442.15,purchase,fraud,2022-11-26
TXN_004110,CUST_0302,172.02,transfer,success,2023-12-07
TXN_004111,CUST_0288,165.99,withdrawal,success,2023-08-02
TXN_004112,CUST_0303,138.74,transfer,success,2023-09-06
TXN_004113,CUST_0302,14.38,withdrawal,success,2023-02-21
TXN_004114,CUST_0328,18.84,deposit,success,2022-01-06
TXN_004115,CUST_0303,183.71,purchase,success,2022-10-02
TXN_004116,CUST_0230,83.39,deposit,success,2023-12-08
TXN_004117,CUST_0045,498.43,transfer,success,2022-08-03
TXN_004118,CUST_0280,104.37,withdrawal,success,2023-07-30
TXN_004119,CUST_0415,30.93,transfer,success,2023-05-16
TXN_004120,CUST_0126,250.86,transfer,success,2023-07-13
TXN_004121,CUST_0215,69.44,transfer,success,2023-05-27
TXN_004122,CUST_0017,149.09,transfer,success,2022-11-17
TXN_004123,CUST_0288,239.35,purchase,success,2023-10-30
TXN_004124,CUST_0303,461.05,withdrawal,fraud,2022-08-30
TXN_004125,CUST_0303,314.23,transfer,success,2022-11-26
TXN_004126,CUST_0141,225.63,withdrawal,success,2023-04-18
TXN_004127,CUST_0017,227.66,purchase,fraud,2023-12-27
TXN_004128,CUST_0053,583.48,withdrawal,success,2023-05-10
TXN_004129,CUST_0259,70.15,withdrawal,fraud,2023-06-11
TXN_004130,CUST_0126,0.22,purchase,success,2023-07-23
TXN_004131,CUST_0303,63.48,transfer,success,2022-03-25
TXN_004132,CUST_0112,49.15,withdrawal,success,2022-04-18
TXN_004133,CUST_0053,216.84,deposit,success,2023-03-12
TXN_004134,CUST_0446,200.87,withdrawal,success,2023-12-18
TXN_004135,CUST_0045,180.02,transfer,success,2022-03-21
TXN_004136,CUST_0004,3.28,deposit,success,2023-01-20
TXN_004137,CUST_0016,260.96,transfer,success,2022-05-11
TXN_004138,CUST_0017,78.17,withdrawal,success,2022-01-14
TXN_004139,CUST_0259,218.76,purchase,fraud,2022-06-15
TXN_004140,CUST_0230,162.65,transfer,failed,2023-06-17
TXN_004141,CUST_0446,83.93,transfer,fraud,2022-05-05
TXN_004142,CUST_0072,28.91,purchase,success,2022-06-20
TXN_004143,CUST_0058,19.84,withdrawal,success,2022-07-22
TXN_004144,CUST_0303,356.19,transfer,success,2023-03-25
TXN_004145,CUST_0303,501.18,withdrawal,success,2022-04-27
TXN_004146,CUST_0215,209.84,withdrawal,success,2022-02-09
TXN_004147,CUST_0058,21.84,withdrawal,success,2023-03-11
TXN_004148,CUST_0333,102.84,purchase,failed,2023-05-23
TXN_004149,CUST_0053,261.08,withdrawal,success,2022-06-24
TXN_004150,CUST_0280,302.66,withdrawal,fraud,2023-10-04
TXN_004151,CUST_0446,25.16,deposit,success,2023-06-22
TXN_004152,CUST_0280,0.01,deposit,success,2023-05-14
TXN_004153,CUST_0102,249.05,deposit,success,2022-05-24
TXN_004154,CUST_0072,88.2,transfer,success,2023-07-15
TXN_004155,CUST_0014,58.74,transfer,fraud,2023-03-05
TXN_004156,CUST_0347,2.6,deposit,success,2023-02-13
TXN_004157,CUST_0017,155.44,purchase,success,2022-01-10
TXN_004158,CUST_0045,380.96,purchase,success,2022-10-31
TXN_004159,CUST_0367,632.27,deposit,success,2022-05-01
TXN_004160,CUST_0333,166.82,transfer,success,2023-03-22
TXN_004161,CUST_0115,144.5,transfer,success,2022-10-29
TXN_004162,CUST_0113,17.78,purchase,success,2023-11-24
TXN_004163,CUST_0072,159.2,withdrawal,success,2022-10-05
TXN_004164,CUST_0367,95.6,purchase,success,2023-06-20
TXN_004165,CUST_0378,186.86,withdrawal,success,2022-11-27
TXN_004166,CUST_0328,98.44,transfer,success,2023-09-22
TXN_004167,CUST_0112,54.97,transfer,success,2023-01-16
TXN_004168,CUST_0259,19.96,deposit,success,2023-08-01
TXN_004169,CUST_0415,75.64,transfer,success,2023-10-28
TXN_004170,CUST_0115,20.33,withdrawal,success,2022-06-19
TXN_004171,CUST_0302,38.93,purchase,success,2022-05-25
TXN_004172,CUST_0230,873.8,deposit,fraud,2022-10-25
TXN_004173,CUST_0302,117.43,withdrawal,success,2023-06-20
TXN_004174,CUST_0360,151.8,purchase,success,2023-12-03
TXN_004175,CUST_0302,413.69,purchase,success,2022-07-29
TXN_004176,CUST_0333,1083.82,purchase,success,2023-09-21
TXN_004177,CUST_0288,174.8,transfer,success,2023-01-16
TXN_004178,CUST_0217,334.77,purchase,success,2023-06-16
TXN_004179,CUST_0017,79.18,transfer,success,2023-09-12
TXN_004180,CUST_0141,72.98,purchase,success,2022-09-15
TXN_004181,CUST_0217,103.07,purchase,success,2023-04-29
TXN_004182,CUST_0013,223.26,transfer,success,2023-04-19
TXN_004183,CUST_0457,229.26,transfer,fraud,2022-08-04
TXN_004184,CUST_0367,75.74,withdrawal,fraud,2022-12-05
TXN_004185,CUST_0446,28.59,purchase,fraud,2022-05-19
TXN_004186,CUST_0004,200.15,transfer,success,2022-06-18
TXN_004187,CUST_0072,27.47,withdrawal,success,2023-06-21
TXN_004188,CUST_0378,172.78,withdrawal,success,2023-05-01
TXN_004189,CUST_0328,236.46,transfer,success,2022-01-11
TXN_004190,CUST_0126,241.2,purchase,success,2022-11-22
TXN_004191,CUST_0143,280.06,withdrawal,success,2023-03-03
TXN_004192,CUST_0380,412.49,purchase,fraud,2022-07-03
TXN_004193,CUST_0288,138.61,purchase,success,2022-06-03
TXN_004194,CUST_0141,262.05,withdrawal,success,2023-04-27
TXN_004195,CUST_0378,193.08,transfer,success,2022-03-10
TXN_004196,CUST_0215,41.32,purchase,fraud,2022-01-06
TXN_004197,CUST_0389,5.21,deposit,success,2022-11-16
TXN_004198,CUST_0045,66.97,transfer,success,2023-12-20
TXN_004199,CUST_0048,117.05,withdrawal,success,2022-07-12
TXN_004200,CUST_0302,192.0,deposit,success,2022-07-24
TXN_004201,CUST_0288,379.37,purchase,success,2023-12-12
TXN_004202,CUST_0143,43.69,transfer,success,2022-04-07
TXN_004203,CUST_0347,26.83,deposit,failed,2023-07-05
TXN_004204,CUST_0126,661.98,transfer,success,2023-04-15
TXN_004205,CUST_0446,22.87,purchase,success,2022-12-05
TXN_004206,CUST_0389,130.21,transfer,success,2022-04-07
TXN_004207,CUST_0446,176.17,deposit,fraud,2022-03-04
TXN_004208,CUST_0360,155.9,transfer,fraud,2023-10-02
TXN_004209,CUST_0141,17.99,withdrawal,success,2023-04-25
TXN_004210,CUST_0360,11.74,withdrawal,fraud,2023-09-01
TXN_004211,CUST_0141,22.29,deposit,success,2022-06-10
TXN_004212,CUST_0102,176.18,transfer,success,2022-03-10
TXN_004213,CUST_0112,157.2,deposit,success,2022-12-25
TXN_004214,CUST_0112,53.25,transfer,success,2023-10-14
TXN_004215,CUST_0141,203.1,purchase,success,2023-07-27
TXN_004216,CUST_0048,343.03,withdrawal,success,2022-08-20
TXN_004217,CUST_0446,8.49,purchase,failed,2022-12-20
TXN_004218,CUST_0112,137.88,transfer,success,2023-10-06
TXN_004219,CUST_0143,233.79,purchase,success,2022-01-15
TXN_004220,CUST_0053,58.15,deposit,success,2022-07-17
TXN_004221,CUST_0045,73.57,deposit,success,2022-10-09
TXN_004222,CUST_0446,190.2,transfer,fraud,2022-10-19
TXN_004223,CUST_0230,456.43,withdrawal,success,2023-03-13
TXN_004224,CUST_0045,332.07,deposit,fraud,2023-08-22
TXN_004225,CUST_0288,175.0,withdrawal,success,2022-11-10
TXN_004226,CUST_0415,262.03,transfer,success,2023-01-12
TXN_004227,CUST_0013,90.77,withdrawal,success,2023-10-02
TXN_004228,CUST_0367,204.87,transfer,success,2023-02-17
TXN_004229,CUST_0389,125.54,purchase,success,2022-09-18
TXN_004230,CUST_0347,42.13,transfer,success,2023-07-29
TXN_004231,CUST_0141,241.96,purchase,success,2023-07-09
TXN_004232,CUST_0259,162.6,transfer,success,2023-10-19
TXN_004233,CUST_0048,88.83,deposit,success,2023-11-07
TXN_004234,CUST_0367,484.59,deposit,success,2022-07-27
TXN_004235,CUST_0215,4.23,withdrawal,success,2022-03-21
TXN_004236,CUST_0378,75.89,transfer,success,2023-08-30
TXN_004237,CUST_0058,11.71,transfer,success,2022-06-06
TXN_004238,CUST_0378,290.94,transfer,success,2022-04-16
TXN_004239,CUST_0004,242.2,withdrawal,fraud,2022-08-10
TXN_004240,CUST_0072,80.5,deposit,fraud,2022-10-14
TXN_004241,CUST_0053,225.19,transfer,success,2022-07-02
TXN_004242,CUST_0457,100.82,withdrawal,success,2022-09-27
TXN_004243,CUST_0457,282.33,transfer,success,2023-08-01
TXN_004244,CUST_0333,121.09,purchase,success,2022-04-15
TXN_004245,CUST_0017,106.3,transfer,fraud,2022-05-10
TXN_004246,CUST_0389,545.84,purchase,fraud,2023-06-19
TXN_004247,CUST_0280,57.77,withdrawal,failed,2023-08-25
TXN_004248,CUST_0016,25.67,withdrawal,success,2023-10-23
TXN_004249,CUST_0347,175.68,deposit,fraud,2023-01-28
TXN_004250,CUST_0360,696.84,transfer,success,2022-12-05
TXN_004251,CUST_0102,94.91,withdrawal,success,2023-08-13
TXN_004252,CUST_0058,12.81,deposit,success,2023-08-30
TXN_004253,CUST_0328,82.89,transfer,success,2023-09-12
TXN_004254,CUST_0303,141.02,withdrawal,success,2022-10-11
TXN_004255,CUST_0217,35.33,purchase,success,2023-09-23
TXN_004256,CUST_0113,214.65,withdrawal,success,2023-11-16
TXN_004257,CUST_0004,1219.31,purchase,failed,2023-04-30
TXN_004258,CUST_0309,120.2,deposit,success,2022-08-03
TXN_004259,CUST_0367,87.62,deposit,success,2022-06-22
TXN_004260,CUST_0347,102.4,transfer,success,2022-01-03
TXN_004261,CUST_0360,24.47,transfer,success,2022-08-26
TXN_004262,CUST_0017,429.58,transfer,fraud,2022-08-10
TXN_004263,CUST_0113,107.17,deposit,success,2022-04-04
TXN_004264,CUST_0360,97.97,purchase,success,2023-09-22
TXN_004265,CUST_0360,215.58,transfer,fraud,2022-05-31
TXN_004266,CUST_0053,116.69,transfer,failed,2022-05-27
TXN_004267,CUST_0014,208.96,deposit,success,2022-06-18
TXN_004268,CUST_0380,12.68,purchase,success,2023-05-02
TXN_004269,CUST_0309,336.1,withdrawal,success,2022-01-01
TXN_004270,CUST_0017,564.37,transfer,success,2022-11-28
TXN_004271,CUST_0113,209.26,withdrawal,success,2022-03-21
TXN_004272,CUST_0013,618.3,withdrawal,fraud,2022-02-23
TXN_004273,CUST_0004,32.84,transfer,success,2022-05-21
TXN_004274,CUST_0303,129.79,deposit,success,2023-06-08
TXN_004275,CUST_0259,184.16,transfer,success,2023-03-27
TXN_004276,CUST_0048,174.33,purchase,success,2023-03-12
TXN_004277,CUST_0288,102.65,purchase,fraud,2023-11-12
TXN_004278,CUST_0378,82.52,transfer,success,2023-04-29
TXN_004279,CUST_0058,27.12,withdrawal,success,2022-12-01
TXN_004280,CUST_0389,99.43,purchase,success,2022-11-06
TXN_004281,CUST_0378,35.51,purchase,success,2023-05-28
TXN_004282,CUST_0302,265.13,transfer,fraud,2022-05-01
TXN_004283,CUST_0120,46.85,transfer,success,2022-09-04
TXN_004284,CUST_0328,12.07,deposit,success,2023-07-28
TXN_004285,CUST_0141,160.76,transfer,success,2023-02-07
TXN_004286,CUST_0259,180.89,transfer,success,2023-01-22
TXN_004287,CUST_0120,411.01,purchase,success,2023-01-30
TXN_004288,CUST_0004,172.07,purchase,success,2023-12-25
TXN_004289,CUST_0413,84.77,purchase,failed,2023-05-01
TXN_004290,CUST_0333,324.92,withdrawal,success,2022-12-30
TXN_004291,CUST_0115,155.43,purchase,success,2022-11-16
TXN_004292,CUST_0259,16.52,purchase,fraud,2023-06-19
TXN_004293,CUST_0328,166.87,transfer,success,2022-11-21
TXN_004294,CUST_0217,477.23,deposit,success,2023-06-28
TXN_004295,CUST_0303,100.94,purchase,fraud,2022-03-22
TXN_004296,CUST_0053,70.29,deposit,success,2023-09-12
TXN_004297,CUST_0302,30.97,purchase,success,2022-08-08
TXN_004298,CUST_0347,32.84,purchase,success,2022-06-20
TXN_004299,CUST_0360,113.4,deposit,success,2023-10-11
TXN_004300,CUST_0259,181.11,transfer,success,2022-10-12
TXN_004301,CUST_0141,16.81,purchase,success,2023-12-30
TXN_004302,CUST_0389,561.25,deposit,success,2022-05-27
TXN_004303,CUST_0102,281.41,purchase,fraud,2023-03-24
TXN_004304,CUST_0446,176.68,withdrawal,success,2023-07-28
TXN_004305,CUST_0143,352.56,withdrawal,success,2023-03-29
TXN_004306,CUST_0112,16.72,withdrawal,success,2023-05-17
TXN_004307,CUST_0259,129.57,withdrawal,success,2023-12-13
TXN_004308,CUST_0112,198.9,transfer,success,2022-09-14
TXN_004309,CUST_0072,352.81,withdrawal,failed,2023-12-03
TXN_004310,CUST_0058,306.0,deposit,success,2022-05-04
TXN_004311,CUST_0045,64.89,purchase,success,2023-07-26
TXN_004312,CUST_0004,565.64,deposit,success,2023-03-22
TXN_004313,CUST_0303,26.56,withdrawal,success,2023-10-30
TXN_004314,CUST_0457,416.1,transfer,success,2022-12-23
TXN_004315,CUST_0230,707.68,withdrawal,success,2022-07-02
TXN_004316,CUST_0230,39.0,withdrawal,fraud,2022-01-26
TXN_004317,CUST_0328,256.07,transfer,success,2023-01-10
TXN_004318,CUST_0347,8.22,transfer,fraud,2023-04-23
TXN_004319,CUST_0302,103.98,transfer,fraud,2023-11-18
TXN_004320,CUST_0115,145.25,transfer,fraud,2022-12-21
TXN_004321,CUST_0215,173.81,transfer,success,2023-03-11
TXN_004322,CUST_0413,549.58,transfer,fraud,2022-08-07
TXN_004323,CUST_0230,223.1,purchase,success,2023-09-24
TXN_004324,CUST_0413,131.28,withdrawal,success,2023-07-28
TXN_004325,CUST_0004,331.8,withdrawal,success,2022-07-15
TXN_004326,CUST_0016,601.29,transfer,fraud,2023-01-27
TXN_004327,CUST_0120,4.46,deposit,success,2023-01-19
TXN_004328,CUST_0045,809.35,transfer,success,2022-07-03
TXN_004329,CUST_0378,18.01,purchase,success,2022-01-11
TXN_004330,CUST_0013,336.82,deposit,success,2022-07-20
TXN_004331,CUST_0113,65.79,purchase,success,2023-03-29
TXN_004332,CUST_0072,28.35,deposit,failed,2023-01-05
TXN_004333,CUST_0288,115.91,deposit,success,2023-06-23
TXN_004334,CUST_0112,206.54,transfer,fraud,2022-07-19
TXN_004335,CUST_0280,95.91,purchase,success,2022-01-06
TXN_004336,CUST_0016,11.22,deposit,fraud,2023-08-24
TXN_004337,CUST_0004,182.99,purchase,success,2022-11-14
TXN_004338,CUST_0217,465.38,transfer,success,2022-12-03
TXN_004339,CUST_0141,96.65,transfer,success,2022-04-07
TXN_004340,CUST_0102,48.75,transfer,success,2023-01-13
TXN_004341,CUST_0333,116.89,transfer,success,2022-09-17
TXN_004342,CUST_0217,9.91,withdrawal,success,2023-05-30
TXN_004343,CUST_0280,343.5,deposit,success,2022-01-14
TXN_004344,CUST_0113,350.13,withdrawal,success,2023-09-14
TXN_004345,CUST_0048,177.35,transfer,success,2022-10-07
TXN_004346,CUST_0280,87.11,deposit,success,2022-02-04
TXN_004347,CUST_0333,321.67,deposit,success,2023-10-25
TXN_004348,CUST_0367,161.8,purchase,success,2022-10-09
TXN_004349,CUST_0013,349.66,transfer,success,2023-10-20
TXN_004350,CUST_0347,199.64,withdrawal,fraud,2023-05-06
TXN_004351,CUST_0360,306.87,purchase,success,2023-02-12
TXN_004352,CUST_0141,182.54,deposit,success,2022-02-14
TXN_004353,CUST_0367,106.94,withdrawal,success,2023-12-14
TXN_004354,CUST_0053,633.76,transfer,success,2023-12-23
TXN_004355,CUST_0004,155.79,withdrawal,success,2022-09-17
TXN_004356,CUST_0360,185.82,withdrawal,success,2022-10-08
TXN_004357,CUST_0102,49.82,withdrawal,success,2023-10-03
TXN_004358,CUST_0302,196.51,purchase,failed,2022-02-28
TXN_004359,CUST_0120,169.54,deposit,success,2023-08-09
TXN_004360,CUST_0259,40.87,withdrawal,success,2022-02-01
TXN_004361,CUST_0058,12.29,deposit,success,2023-04-28
TXN_004362,CUST_0014,185.45,purchase,failed,2023-09-15
TXN_004363,CUST_0389,288.52,transfer,success,2023-10-10
TXN_004364,CUST_0367,148.22,transfer,success,2023-04-11
TXN_004365,CUST_0347,51.44,withdrawal,success,2023-05-18
TXN_004366,CUST_0230,219.64,purchase,success,2022-06-27
TXN_004367,CUST_0347,16.7,transfer,fraud,2023-04-30
TXN_004368,CUST_0058,116.62,purchase,success,2023-10-26
TXN_004369,CUST_0230,35.67,purchase,success,2023-07-13
TXN_004370,CUST_0360,40.78,withdrawal,success,2022-04-17
TXN_004371,CUST_0367,45.2,withdrawal,success,2022-02-09
TXN_004372,CUST_0367,97.78,purchase,success,2023-01-14
TXN_004373,CUST_0102,10.5,purchase,success,2022-01-30
TXN_004374,CUST_0072,101.43,withdrawal,success,2023-09-20
TXN_004375,CUST_0360,143.37,purchase,success,2024-01-01
TXN_004376,CUST_0259,132.06,withdrawal,success,2022-06-06
TXN_004377,CUST_0045,96.51,deposit,success,2023-12-24
TXN_004378,CUST_0215,365.45,purchase,success,2022-07-01
TXN_004379,CUST_0347,31.41,withdrawal,success,2022-05-15
TXN_004380,CUST_0113,140.92,purchase,success,2022-03-26
TXN_004381,CUST_0014,12.81,withdrawal,success,2023-03-06
TXN_004382,CUST_0288,14.76,purchase,success,2022-05-03
TXN_004383,CUST_0014,170.6,transfer,fraud,2022-02-27
TXN_004384,CUST_0016,166.95,transfer,success,2023-03-31
TXN_004385,CUST_0230,420.8,purchase,failed,2023-10-15
TXN_004386,CUST_0217,163.23,transfer,failed,2023-12-29
TXN_004387,CUST_0288,642.73,purchase,success,2022-03-05
TXN_004388,CUST_0415,9.98,purchase,success,2022-11-18
TXN_004389,CUST_0113,20.63,deposit,success,2022-04-10
TXN_004390,CUST_0013,9.01,deposit,success,2023-07-12
TXN_004391,CUST_0115,40.98,transfer,failed,2022-10-12
TXN_004392,CUST_0280,155.86,deposit,success,2022-07-18
TXN_004393,CUST_0013,207.45,deposit,success,2023-11-02
TXN_004394,CUST_0120,9.33,purchase,success,2023-09-21
TXN_004395,CUST_0378,583.65,withdrawal,fraud,2022-01-18
TXN_004396,CUST_0333,369.24,purchase,success,2022-12-07
TXN_004397,CUST_0367,70.37,deposit,success,2023-11-20
TXN_004398,CUST_0004,16.07,purchase,success,2022-11-21
TXN_004399,CUST_0102,37.24,transfer,success,2023-12-28
TXN_004400,CUST_0302,27.15,withdrawal,success,2022-06-23
TXN_004401,CUST_0141,26.31,deposit,success,2023-08-24
TXN_004402,CUST_0457,146.2,deposit,success,2023-01-11
TXN_004403,CUST_0303,56.43,purchase,success,2023-06-13
TXN_004404,CUST_0112,88.68,purchase,success,2022-01-15
TXN_004405,CUST_0013,911.38,purchase,success,2023-11-12
TXN_004406,CUST_0112,230.6,purchase,success,2023-02-17
TXN_004407,CUST_0333,595.11,deposit,success,2023-03-03
TXN_004408,CUST_0333,30.76,purchase,success,2023-11-15
TXN_004409,CUST_0328,96.3,deposit,success,2023-11-17
TXN_004410,CUST_0446,161.82,purchase,success,2022-03-04
TXN_004411,CUST_0215,15.97,withdrawal,success,2022-03-08
TXN_004412,CUST_0072,0.84,withdrawal,success,2022-07-17
TXN_004413,CUST_0053,222.0,purchase,success,2023-05-29
TXN_004414,CUST_0328,205.34,purchase,success,2022-06-01
TXN_004415,CUST_0102,105.79,transfer,success,2022-10-01
TXN_004416,CUST_0048,134.53,withdrawal,success,2022-03-27
TXN_004417,CUST_0017,107.38,deposit,success,2022-06-26
TXN_004418,CUST_0360,4.86,withdrawal,fraud,2023-03-31
TXN_004419,CUST_0112,81.71,deposit,success,2022-02-15
TXN_004420,CUST_0389,38.98,purchase,success,2022-10-10
TXN_004421,CUST_0309,20.72,withdrawal,fraud,2023-09-16
TXN_004422,CUST_0143,628.01,withdrawal,success,2022-07-23
TXN_004423,CUST_0303,182.94,transfer,failed,2023-12-07
TXN_004424,CUST_0302,260.87,transfer,success,2023-06-02
TXN_004425,CUST_0457,75.77,withdrawal,success,2023-02-24
TXN_004426,CUST_0378,99.89,withdrawal,success,2022-06-27
TXN_004427,CUST_0112,54.08,withdrawal,success,2023-10-13
TXN_004428,CUST_0115,20.4,deposit,success,2022-01-04
TXN_004429,CUST_0072,39.45,purchase,success,2022-11-15
TXN_004430,CUST_0347,319.42,transfer,success,2022-10-08
TXN_004431,CUST_0302,226.36,purchase,fraud,2023-07-29
TXN_004432,CUST_0288,158.34,transfer,success,2022-12-26
TXN_004433,CUST_0280,128.91,transfer,success,2022-05-01
TXN_004434,CUST_0347,511.33,transfer,success,2022-12-16
TXN_004435,CUST_0347,15.1,withdrawal,success,2023-04-23
TXN_004436,CUST_0457,65.87,transfer,success,2023-08-05
TXN_004437,CUST_0259,86.14,purchase,success,2023-12-15
TXN_004438,CUST_0259,305.04,transfer,success,2022-03-30
TXN_004439,CUST_0302,978.96,purchase,success,2023-08-03
TXN_004440,CUST_0347,55.06,transfer,failed,2023-04-20
TXN_004441,CUST_0017,414.78,transfer,success,2022-04-01
TXN_004442,CUST_0004,355.13,withdrawal,success,2022-04-30
TXN_004443,CUST_0014,50.89,purchase,success,2022-04-03
TXN_004444,CUST_0309,101.94,transfer,success,2022-07-06
TXN_004445,CUST_0102,105.42,transfer,success,2022-03-30
TXN_004446,CUST_0045,765.36,purchase,success,2022-07-10
TXN_004447,CUST_0303,39.91,transfer,fraud,2022-11-22
TXN_004448,CUST_0309,321.05,deposit,success,2023-08-29
TXN_004449,CUST_0380,81.35,withdrawal,success,2023-10-04
TXN_004450,CUST_0045,262.51,purchase,success,2022-01-21
TXN_004451,CUST_0302,108.95,withdrawal,success,2022-06-23
TXN_004452,CUST_0309,172.72,deposit,success,2022-01-11
TXN_004453,CUST_0017,357.49,deposit,success,2022-08-11
TXN_004454,CUST_0004,326.1,deposit,success,2023-10-16
TXN_004455,CUST_0115,402.62,purchase,success,2023-01-19
TXN_004456,CUST_0280,12.29,deposit,success,2023-04-17
TXN_004457,CUST_0017,235.56,purchase,success,2022-03-25
TXN_004458,CUST_0072,30.16,purchase,success,2022-09-10
TXN_004459,CUST_0309,107.51,transfer,success,2022-11-12
TXN_004460,CUST_0013,159.08,purchase,success,2023-11-29
TXN_004461,CUST_0360,103.08,deposit,success,2023-10-20
TXN_004462,CUST_0004,146.63,purchase,success,2022-07-15
TXN_004463,CUST_0413,1132.51,purchase,success,2022-05-16
TXN_004464,CUST_0333,29.06,withdrawal,success,2022-11-14
TXN_004465,CUST_0013,225.07,deposit,failed,2022-02-24
TXN_004466,CUST_0415,100.84,purchase,success,2023-01-24
TXN_004467,CUST_0143,28.55,transfer,failed,2023-12-24
TXN_004468,CUST_0378,34.57,purchase,success,2022-10-21
TXN_004469,CUST_0058,596.26,purchase,success,2022-07-02
TXN_004470,CUST_0415,423.39,withdrawal,success,2022-10-13
TXN_004471,CUST_0302,475.12,deposit,success,2022-05-24
TXN_004472,CUST_0415,954.31,deposit,fraud,2023-08-02
TXN_004473,CUST_0058,46.72,transfer,success,2022-11-20
TXN_004474,CUST_0303,87.84,transfer,success,2023-02-28
TXN_004475,CUST_0415,221.26,transfer,success,2022-08-20
TXN_004476,CUST_0217,132.25,purchase,success,2022-07-12
TXN_004477,CUST_0115,108.39,purchase,success,2022-10-07
TXN_004478,CUST_0328,88.57,transfer,success,2022-07-24
TXN_004479,CUST_0360,180.17,deposit,success,2022-07-01
TXN_004480,CUST_0333,171.41,deposit,failed,2022-10-30
TXN_004481,CUST_0457,35.22,transfer,success,2022-09-23
TXN_004482,CUST_0058,127.63,withdrawal,success,2023-12-16
TXN_004483,CUST_0309,161.25,deposit,success,2023-03-27
TXN_004484,CUST_0367,168.93,deposit,fraud,2022-09-28
TXN_004485,CUST_0217,47.17,transfer,success,2022-04-05
TXN_004486,CUST_0215,271.17,deposit,success,2023-05-17
TXN_004487,CUST_0328,5.1,purchase,fraud,2022-12-30
TXN_004488,CUST_0013,87.65,purchase,success,2023-08-16
TXN_004489,CUST_0115,303.02,deposit,success,2023-01-08
TXN_004490,CUST_0217,165.97,purchase,success,2022-12-24
TXN_004491,CUST_0259,60.54,withdrawal,fraud,2023-10-20
TXN_004492,CUST_0115,237.46,deposit,fraud,2023-06-20
TXN_004493,CUST_0302,167.58,transfer,success,2023-04-06
TXN_004494,CUST_0126,318.17,purchase,success,2023-10-09
TXN_004495,CUST_0143,265.62,withdrawal,success,2023-12-05
TXN_004496,CUST_0058,188.38,withdrawal,success,2022-06-24
TXN_004497,CUST_0004,133.96,purchase,failed,2022-02-07
TXN_004498,CUST_0017,28.59,withdrawal,fraud,2023-08-23
TXN_004499,CUST_0288,60.58,deposit,success,2023-01-30
TXN_004500,CUST_0143,108.64,withdrawal,success,2022-06-09
TXN_004501,CUST_0360,182.91,purchase,success,2023-07-05
TXN_004502,CUST_0045,144.19,withdrawal,success,2023-08-06
TXN_004503,CUST_0309,67.99,purchase,success,2022-08-04
TXN_004504,CUST_0378,1.3,purchase,success,2023-12-21
TXN_004505,CUST_0113,137.13,withdrawal,success,2023-03-21
TXN_004506,CUST_0217,67.27,purchase,success,2022-12-22
TXN_004507,CUST_0413,265.31,purchase,success,2023-10-24
TXN_004508,CUST_0014,4.85,transfer,failed,2023-11-30
TXN_004509,CUST_0288,175.81,deposit,fraud,2022-10-23
TXN_004510,CUST_0389,567.66,purchase,success,2022-08-01
TXN_004511,CUST_0120,38.33,deposit,success,2022-12-17
TXN_004512,CUST_0347,127.6,transfer,success,2023-12-18
TXN_004513,CUST_0360,19.17,transfer,fraud,2023-05-31
TXN_004514,CUST_0457,196.53,transfer,success,2023-07-19
TXN_004515,CUST_0004,159.94,transfer,success,2022-10-03
TXN_004516,CUST_0126,104.64,deposit,success,2022-04-03
TXN_004517,CUST_0280,147.37,withdrawal,success,2023-06-10
TXN_004518,CUST_0017,453.78,withdrawal,success,2022-08-04
TXN_004519,CUST_0230,43.7,deposit,success,2022-09-22
TXN_004520,CUST_0303,4.56,purchase,success,2022-08-12
TXN_004521,CUST_0457,395.62,deposit,failed,2023-04-24
TXN_004522,CUST_0333,172.13,purchase,success,2022-09-25
TXN_004523,CUST_0112,442.66,purchase,success,2022-02-02
TXN_004524,CUST_0053,181.74,withdrawal,success,2022-04-29
TXN_004525,CUST_0389,332.32,transfer,success,2023-06-14
TXN_004526,CUST_0413,112.31,withdrawal,success,2023-11-06
TXN_004527,CUST_0017,277.15,withdrawal,success,2023-10-09
TXN_004528,CUST_0333,488.46,deposit,success,2022-07-10
TXN_004529,CUST_0230,169.78,deposit,fraud,2023-05-02
TXN_004530,CUST_0143,39.88,purchase,success,2022-05-24
TXN_004531,CUST_0217,62.61,deposit,success,2023-04-24
TXN_004532,CUST_0360,44.29,purchase,success,2023-08-24
TXN_004533,CUST_0457,56.7,purchase,success,2022-11-27
TXN_004534,CUST_0113,73.18,transfer,failed,2023-01-17
TXN_004535,CUST_0288,162.0,transfer,success,2023-08-01
TXN_004536,CUST_0115,177.34,withdrawal,success,2023-01-22
TXN_004537,CUST_0217,111.2,transfer,success,2023-11-06
TXN_004538,CUST_0016,191.12,purchase,success,2023-08-26
TXN_004539,CUST_0415,17.02,deposit,success,2022-02-04
TXN_004540,CUST_0045,18.38,transfer,success,2022-11-27
TXN_004541,CUST_0360,37.71,transfer,fraud,2023-12-20
TXN_004542,CUST_0333,145.99,transfer,success,2022-04-18
TXN_004543,CUST_0120,48.16,transfer,success,2023-10-07
TXN_004544,CUST_0014,66.62,purchase,success,2023-01-03
TXN_004545,CUST_0415,102.27,purchase,fraud,2022-01-09
TXN_004546,CUST_0280,334.12,withdrawal,success,2022-06-12
TXN_004547,CUST_0328,2.79,deposit,success,2023-03-08
TXN_004548,CUST_0115,209.61,withdrawal,success,2023-05-02
TXN_004549,CUST_0045,221.05,withdrawal,failed,2022-12-09
TXN_004550,CUST_0457,320.55,transfer,success,2022-12-11
TXN_004551,CUST_0113,539.88,deposit,success,2023-10-26
TXN_004552,CUST_0367,4.07,transfer,success,2022-04-13
TXN_004553,CUST_0302,33.4,purchase,failed,2022-07-11
TXN_004554,CUST_0141,434.61,withdrawal,success,2023-01-02
TXN_004555,CUST_0380,122.69,deposit,fraud,2022-11-10
TXN_004556,CUST_0016,166.29,purchase,success,2022-06-16
TXN_004557,CUST_0141,217.55,withdrawal,success,2023-04-24
TXN_004558,CUST_0457,227.3,deposit,success,2023-07-14
TXN_004559,CUST_0058,536.89,withdrawal,success,2022-07-10
TXN_004560,CUST_0048,1158.48,deposit,success,2022-01-23
TXN_004561,CUST_0230,254.71,withdrawal,success,2023-03-26
TXN_004562,CUST_0013,67.72,transfer,success,2023-09-24
TXN_004563,CUST_0217,423.64,withdrawal,success,2023-04-13
TXN_004564,CUST_0367,10.09,withdrawal,success,2023-08-31
TXN_004565,CUST_0389,52.55,deposit,success,2023-08-13
TXN_004566,CUST_0048,455.36,deposit,failed,2023-12-13
TXN_004567,CUST_0016,59.19,transfer,success,2023-03-22
TXN_004568,CUST_0413,49.86,deposit,success,2023-02-13
TXN_004569,CUST_0415,29.73,withdrawal,success,2023-04-30
TXN_004570,CUST_0058,391.96,deposit,success,2022-09-07
TXN_004571,CUST_0328,138.65,deposit,success,2022-09-16
TXN_004572,CUST_0072,224.72,deposit,fraud,2023-01-18
TXN_004573,CUST_0389,54.64,transfer,success,2023-09-08
TXN_004574,CUST_0380,283.8,transfer,success,2022-12-12
TXN_004575,CUST_0378,285.43,purchase,success,2023-05-10
TXN_004576,CUST_0120,74.97,transfer,success,2023-11-26
TXN_004577,CUST_0328,105.76,transfer,success,2023-02-15
TXN_004578,CUST_0415,47.07,transfer,success,2022-11-04
TXN_004579,CUST_0102,750.67,withdrawal,success,2022-02-11
TXN_004580,CUST_0072,207.47,purchase,success,2022-08-28
TXN_004581,CUST_0309,545.28,withdrawal,success,2023-06-04
TXN_004582,CUST_0415,72.3,transfer,success,2022-04-21
TXN_004583,CUST_0215,304.55,transfer,success,2023-03-08
TXN_004584,CUST_0215,290.37,purchase,success,2023-03-13
TXN_004585,CUST_0004,235.31,purchase,success,2022-10-03
TXN_004586,CUST_0014,674.17,deposit,success,2023-08-15
TXN_004587,CUST_0217,100.03,transfer,success,2023-02-15
TXN_004588,CUST_0378,28.02,transfer,fraud,2023-08-31
TXN_004589,CUST_0380,222.77,withdrawal,success,2022-01-30
TXN_004590,CUST_0048,261.36,deposit,success,2022-06-17
TXN_004591,CUST_0112,171.16,transfer,success,2023-06-09
TXN_004592,CUST_0058,46.34,withdrawal,success,2022-06-20
TXN_004593,CUST_0126,140.42,purchase,success,2022-11-04
TXN_004594,CUST_0347,74.85,withdrawal,success,2023-09-04
TXN_004595,CUST_0014,111.54,transfer,success,2023-12-16
TXN_004596,CUST_0112,207.25,withdrawal,success,2023-06-21
TXN_004597,CUST_0217,273.47,withdrawal,fraud,2022-07-23
TXN_004598,CUST_0115,52.85,deposit,success,2023-08-05
TXN_004599,CUST_0017,103.95,deposit,success,2022-05-23
TXN_004600,CUST_0013,62.71,purchase,success,2022-05-14
TXN_004601,CUST_0143,44.29,deposit,success,2023-11-11
TXN_004602,CUST_0415,305.93,withdrawal,success,2022-12-08
TXN_004603,CUST_0328,479.94,deposit,success,2022-02-25
TXN_004604,CUST_0004,92.48,transfer,success,2022-04-03
TXN_004605,CUST_0303,278.28,withdrawal,fraud,2022-11-13
TXN_004606,CUST_0413,454.6,withdrawal,success,2022-05-25
TXN_004607,CUST_0415,374.32,withdrawal,failed,2022-12-21
TXN_004608,CUST_0380,40.38,transfer,success,2023-04-15
TXN_004609,CUST_0333,626.04,withdrawal,success,2023-02-10
TXN_004610,CUST_0259,94.54,deposit,success,2022-06-19
TXN_004611,CUST_0072,82.87,transfer,success,2023-04-17
TXN_004612,CUST_0115,12.89,withdrawal,success,2022-01-01
TXN_004613,CUST_0126,133.17,deposit,success,2023-11-06
TXN_004614,CUST_0217,23.09,deposit,success,2022-06-01
TXN_004615,CUST_0143,57.15,purchase,success,2022-07-25
TXN_004616,CUST_0048,76.24,deposit,success,2022-06-26
TXN_004617,CUST_0143,330.91,deposit,success,2022-11-05
TXN_004618,CUST_0367,416.67,purchase,success,2022-11-11
TXN_004619,CUST_0389,72.04,purchase,success,2022-03-24
TXN_004620,CUST_0302,391.37,transfer,success,2022-07-09
TXN_004621,CUST_0013,389.31,deposit,success,2022-08-30
TXN_004622,CUST_0215,289.34,transfer,success,2022-07-28
TXN_004623,CUST_0230,31.73,transfer,success,2023-03-24
TXN_004624,CUST_0303,234.44,withdrawal,success,2022-04-03
TXN_004625,CUST_0280,580.17,transfer,success,2022-09-08
TXN_004626,CUST_0217,229.48,transfer,success,2022-06-07
TXN_004627,CUST_0053,80.58,transfer,success,2023-12-03
TXN_004628,CUST_0045,138.86,transfer,success,2023-07-23
TXN_004629,CUST_0102,207.54,purchase,success,2023-01-19
TXN_004630,CUST_0360,142.9,deposit,success,2022-01-06
TXN_004631,CUST_0217,25.56,withdrawal,success,2023-05-04
TXN_004632,CUST_0328,74.81,purchase,success,2022-06-13
TXN_004633,CUST_0215,324.3,withdrawal,fraud,2022-12-19
TXN_004634,CUST_0112,395.26,withdrawal,success,2022-04-13
TXN_004635,CUST_0072,29.54,purchase,success,2023-04-28
TXN_004636,CUST_0328,608.93,transfer,success,2023-07-18
TXN_004637,CUST_0113,79.74,purchase,success,2023-12-05
TXN_004638,CUST_0048,217.13,withdrawal,success,2023-02-08
TXN_004639,CUST_0378,278.72,withdrawal,success,2023-12-17
TXN_004640,CUST_0378,334.21,transfer,success,2022-08-06
TXN_004641,CUST_0113,582.83,purchase,success,2023-04-29
TXN_004642,CUST_0126,75.06,deposit,failed,2023-11-16
TXN_004643,CUST_0328,391.1,withdrawal,success,2023-01-21
TXN_004644,CUST_0143,28.24,purchase,success,2023-04-20
TXN_004645,CUST_0288,244.18,transfer,success,2023-12-25
TXN_004646,CUST_0141,270.94,transfer,fraud,2022-09-06
TXN_004647,CUST_0328,226.47,deposit,success,2022-04-09
TXN_004648,CUST_0333,58.15,withdrawal,success,2023-02-01
TXN_004649,CUST_0115,412.78,deposit,success,2022-05-12
TXN_004650,CUST_0367,36.99,deposit,success,2022-11-22
TXN_004651,CUST_0378,11.03,deposit,success,2022-05-17
TXN_004652,CUST_0413,252.79,deposit,success,2023-02-14
TXN_004653,CUST_0389,129.05,transfer,success,2022-12-01
TXN_004654,CUST_0309,378.22,withdrawal,success,2022-10-17
TXN_004655,CUST_0053,96.71,deposit,success,2023-11-22
TXN_004656,CUST_0141,36.85,withdrawal,success,2023-03-11
TXN_004657,CUST_0004,362.12,transfer,success,2023-09-04
TXN_004658,CUST_0360,159.22,transfer,failed,2023-02-08
TXN_004659,CUST_0115,41.95,purchase,failed,2023-07-01
TXN_004660,CUST_0045,254.87,purchase,success,2022-03-15
TXN_004661,CUST_0113,143.13,withdrawal,fraud,2022-12-22
TXN_004662,CUST_0017,185.43,purchase,success,2023-05-16
TXN_004663,CUST_0378,123.57,deposit,success,2023-11-17
TXN_004664,CUST_0367,352.88,withdrawal,success,2023-08-24
TXN_004665,CUST_0360,353.88,transfer,success,2022-01-28
TXN_004666,CUST_0072,247.15,transfer,success,2022-08-16
TXN_004667,CUST_0045,22.28,deposit,success,2023-09-16
TXN_004668,CUST_0048,365.09,purchase,success,2022-07-02
TXN_004669,CUST_0143,222.35,withdrawal,success,2022-08-29
TXN_004670,CUST_0072,238.82,withdrawal,failed,2023-01-13
TXN_004671,CUST_0102,90.19,deposit,failed,2023-01-06
TXN_004672,CUST_0280,422.86,purchase,success,2022-12-15
TXN_004673,CUST_0415,258.47,withdrawal,success,2023-05-29
TXN_004674,CUST_0072,23.89,deposit,success,2022-01-02
TXN_004675,CUST_0280,104.77,withdrawal,success,2023-09-18
TXN_004676,CUST_0230,434.98,transfer,success,2023-09-06
TXN_004677,CUST_0016,9.67,withdrawal,success,2023-02-12
TXN_004678,CUST_0360,650.99,withdrawal,success,2022-03-21
TXN_004679,CUST_0115,227.36,withdrawal,success,2023-10-24
TXN_004680,CUST_0102,199.6,purchase,fraud,2022-08-24
TXN_004681,CUST_0309,63.1,purchase,success,2022-05-22
TXN_004682,CUST_0328,57.21,deposit,success,2023-05-27
TXN_004683,CUST_0072,569.66,purchase,success,2022-07-12
TXN_004684,CUST_0302,70.84,withdrawal,fraud,2022-02-15
TXN_004685,CUST_0215,298.78,withdrawal,success,2022-08-05
TXN_004686,CUST_0230,99.89,purchase,success,2022-11-06
TXN_004687,CUST_0053,29.99,purchase,success,2023-03-22
TXN_004688,CUST_0288,2.15,withdrawal,success,2022-04-06
TXN_004689,CUST_0217,157.17,withdrawal,success,2022-12-14
TXN_004690,CUST_0302,744.11,transfer,success,2023-01-29
TXN_004691,CUST_0017,92.13,deposit,success,2023-11-01
TXN_004692,CUST_0217,88.38,purchase,success,2022-07-04
TXN_004693,CUST_0053,84.35,deposit,success,2023-03-12
TXN_004694,CUST_0347,147.02,withdrawal,success,2022-06-04
TXN_004695,CUST_0141,116.2,deposit,success,2022-10-19
TXN_004696,CUST_0017,423.91,purchase,success,2022-11-15
TXN_004697,CUST_0328,140.85,purchase,success,2023-02-01
TXN_004698,CUST_0360,141.76,deposit,success,2023-11-23
TXN_004699,CUST_0053,29.79,purchase,success,2023-05-08
TXN_004700,CUST_0446,811.87,transfer,success,2022-02-05
TXN_004701,CUST_0048,57.53,withdrawal,success,2022-09-25
TXN_004702,CUST_0302,15.24,withdrawal,success,2023-03-08
TXN_004703,CUST_0120,217.62,purchase,success,2022-07-03
TXN_004704,CUST_0389,180.95,withdrawal,success,2022-06-17
TXN_004705,CUST_0045,107.28,transfer,fraud,2023-02-12
TXN_004706,CUST_0013,109.7,purchase,success,2023-11-30
TXN_004707,CUST_0072,307.48,transfer,success,2023-06-14
TXN_004708,CUST_0016,43.56,transfer,success,2022-04-19
TXN_004709,CUST_0014,343.24,withdrawal,success,2023-04-22
TXN_004710,CUST_0048,209.25,withdrawal,success,2022-03-26
TXN_004711,CUST_0053,108.59,deposit,success,2022-12-21
TXN_004712,CUST_0014,122.51,transfer,success,2023-12-04
TXN_004713,CUST_0415,59.32,withdrawal,success,2022-04-14
TXN_004714,CUST_0367,278.96,transfer,success,2023-11-03
TXN_004715,CUST_0016,143.85,deposit,success,2023-02-19
TXN_004716,CUST_0303,77.38,transfer,success,2022-01-13
TXN_004717,CUST_0126,181.29,purchase,success,2022-06-14
TXN_004718,CUST_0112,1091.44,deposit,success,2022-11-23
TXN_004719,CUST_0415,114.28,deposit,fraud,2022-05-12
TXN_004720,CUST_0230,506.88,transfer,success,2023-08-12
TXN_004721,CUST_0230,84.63,transfer,success,2023-06-04
TXN_004722,CUST_0378,11.26,withdrawal,success,2023-01-29
TXN_004723,CUST_0230,45.69,purchase,success,2023-12-04
TXN_004724,CUST_0303,108.5,deposit,success,2023-04-11
TXN_004725,CUST_0004,49.6,deposit,success,2022-01-12
TXN_004726,CUST_0347,0.05,deposit,success,2023-05-13
TXN_004727,CUST_0143,493.02,withdrawal,success,2023-11-01
TXN_004728,CUST_0328,371.43,purchase,success,2023-11-18
TXN_004729,CUST_0328,271.19,deposit,success,2023-02-16
TXN_004730,CUST_0112,36.74,deposit,success,2023-03-09
TXN_004731,CUST_0017,25.65,withdrawal,success,2022-02-25
TXN_004732,CUST_0141,14.0,transfer,success,2022-11-07
TXN_004733,CUST_0004,257.49,deposit,success,2023-03-12
TXN_004734,CUST_0446,528.47,purchase,success,2022-09-22
TXN_004735,CUST_0378,112.61,purchase,success,2023-10-12
TXN_004736,CUST_0072,25.37,purchase,success,2022-04-29
TXN_004737,CUST_0072,143.65,purchase,success,2023-09-11
TXN_004738,CUST_0053,85.8,withdrawal,success,2023-04-07
TXN_004739,CUST_0280,93.94,deposit,success,2023-05-30
TXN_004740,CUST_0143,194.22,withdrawal,success,2023-01-17
TXN_004741,CUST_0333,253.68,purchase,success,2023-04-30
TXN_004742,CUST_0378,23.44,purchase,success,2023-12-31
TXN_004743,CUST_0120,7.25,purchase,success,2022-12-10
TXN_004744,CUST_0013,1034.52,withdrawal,success,2023-07-02
TXN_004745,CUST_0004,52.98,purchase,failed,2023-01-09
TXN_004746,CUST_0014,11.07,deposit,success,2022-04-25
TXN_004747,CUST_0113,42.11,purchase,failed,2022-07-03
TXN_004748,CUST_0259,7.95,deposit,success,2023-03-11
TXN_004749,CUST_0016,99.45,deposit,fraud,2023-06-29
TXN_004750,CUST_0217,324.3,purchase,success,2023-01-28
TXN_004751,CUST_0360,83.48,withdrawal,fraud,2023-11-22
TXN_004752,CUST_0367,117.46,transfer,success,2022-03-23
TXN_004753,CUST_0380,225.15,transfer,success,2022-06-03
TXN_004754,CUST_0280,142.22,deposit,success,2022-01-08
TXN_004755,CUST_0333,395.3,withdrawal,fraud,2022-12-12
TXN_004756,CUST_0115,402.04,transfer,success,2023-12-26
TXN_004757,CUST_0014,1.99,purchase,success,2023-08-28
TXN_004758,CUST_0113,301.06,purchase,success,2022-09-22
TXN_004759,CUST_0415,123.51,deposit,success,2022-07-22
TXN_004760,CUST_0380,899.09,withdrawal,success,2023-06-12
TXN_004761,CUST_0328,132.03,withdrawal,success,2023-09-22
TXN_004762,CUST_0048,866.97,transfer,fraud,2023-04-11
TXN_004763,CUST_0215,280.95,transfer,failed,2023-03-22
TXN_004764,CUST_0288,57.16,purchase,success,2022-02-19
TXN_004765,CUST_0303,154.61,deposit,success,2023-04-21
TXN_004766,CUST_0017,969.08,withdrawal,success,2022-10-16
TXN_004767,CUST_0457,389.73,transfer,success,2022-02-10
TXN_004768,CUST_0303,20.49,transfer,success,2022-05-05
TXN_004769,CUST_0333,245.09,deposit,success,2023-05-17
TXN_004770,CUST_0280,84.8,deposit,success,2023-04-17
TXN_004771,CUST_0378,1.4,purchase,failed,2023-01-11
TXN_004772,CUST_0113,103.33,deposit,fraud,2022-02-21
TXN_004773,CUST_0347,53.51,purchase,success,2023-09-06
TXN_004774,CUST_0347,341.71,purchase,fraud,2023-12-04
TXN_004775,CUST_0389,82.3,deposit,success,2023-01-14
TXN_004776,CUST_0360,351.5,deposit,success,2022-09-16
TXN_004777,CUST_0126,0.12,deposit,success,2023-03-12
TXN_004778,CUST_0013,73.58,deposit,success,2022-12-12
TXN_004779,CUST_0013,55.19,deposit,success,2023-11-23
TXN_004780,CUST_0280,53.2,purchase,success,2022-10-31
TXN_004781,CUST_0333,14.12,transfer,success,2022-01-25
TXN_004782,CUST_0045,41.44,withdrawal,success,2023-07-10
TXN_004783,CUST_0347,162.18,withdrawal,success,2022-10-01
TXN_004784,CUST_0126,68.88,purchase,success,2022-07-03
TXN_004785,CUST_0141,108.05,purchase,success,2022-10-28
TXN_004786,CUST_0215,94.6,transfer,success,2023-01-01
TXN_004787,CUST_0259,417.34,deposit,success,2023-03-04
TXN_004788,CUST_0280,471.41,purchase,success,2022-01-18
TXN_004789,CUST_0048,135.83,withdrawal,failed,2023-04-03
TXN_004790,CUST_0303,80.14,deposit,success,2022-11-29
TXN_004791,CUST_0389,22.59,purchase,success,2022-11-01
TXN_004792,CUST_0143,613.24,deposit,success,2023-10-14
TXN_004793,CUST_0014,12.42,withdrawal,success,2022-02-06
TXN_004794,CUST_0288,70.66,deposit,success,2023-09-03
TXN_004795,CUST_0378,70.78,purchase,success,2022-04-25
TXN_004796,CUST_0143,77.25,purchase,success,2023-01-01
TXN_004797,CUST_0016,35.89,withdrawal,success,2022-02-07
TXN_004798,CUST_0004,305.72,transfer,success,2023-06-29
TXN_004799,CUST_0048,26.14,transfer,failed,2023-02-10
TXN_004800,CUST_0115,201.52,deposit,success,2022-09-12
TXN_004801,CUST_0360,26.44,purchase,fraud,2022-06-29
TXN_004802,CUST_0380,14.63,purchase,success,2022-03-28
TXN_004803,CUST_0045,480.33,withdrawal,success,2023-07-02
TXN_004804,CUST_0328,42.18,withdrawal,success,2022-04-07
TXN_004805,CUST_0347,344.35,purchase,success,2022-05-10
TXN_004806,CUST_0112,157.33,withdrawal,success,2022-05-29
TXN_004807,CUST_0415,16.21,transfer,success,2023-10-11
TXN_004808,CUST_0016,622.22,transfer,success,2023-05-21
TXN_004809,CUST_0457,56.73,deposit,success,2023-03-18
TXN_004810,CUST_0457,392.72,withdrawal,success,2022-10-09
TXN_004811,CUST_0378,36.98,deposit,success,2022-12-20
TXN_004812,CUST_0347,384.75,withdrawal,fraud,2023-04-15
TXN_004813,CUST_0303,2.66,withdrawal,failed,2023-12-07
TXN_004814,CUST_0360,143.4,transfer,success,2023-09-25
TXN_004815,CUST_0112,293.45,purchase,success,2022-09-07
TXN_004816,CUST_0413,546.05,withdrawal,success,2023-06-21
TXN_004817,CUST_0115,479.82,withdrawal,success,2023-08-06
TXN_004818,CUST_0058,342.54,withdrawal,fraud,2023-04-15
TXN_004819,CUST_0126,438.19,purchase,success,2022-02-11
TXN_004820,CUST_0013,44.43,deposit,success,2022-03-20
TXN_004821,CUST_0004,66.87,deposit,success,2022-12-01
TXN_004822,CUST_0058,68.21,withdrawal,success,2023-01-17
TXN_004823,CUST_0413,94.66,withdrawal,fraud,2022-02-09
TXN_004824,CUST_0016,99.95,deposit,success,2022-05-31
TXN_004825,CUST_0072,157.3,deposit,success,2023-09-16
TXN_004826,CUST_0230,34.84,transfer,success,2023-10-16
TXN_004827,CUST_0215,235.04,withdrawal,success,2022-04-14
TXN_004828,CUST_0112,36.68,deposit,success,2023-01-27
TXN_004829,CUST_0302,74.3,transfer,fraud,2023-06-09
TXN_004830,CUST_0017,139.97,purchase,success,2022-03-22
TXN_004831,CUST_0415,318.36,withdrawal,success,2022-12-12
TXN_004832,CUST_0333,269.01,deposit,success,2023-10-15
TXN_004833,CUST_0143,207.43,withdrawal,success,2022-11-06
TXN_004834,CUST_0126,33.87,transfer,fraud,2023-03-09
TXN_004835,CUST_0113,158.39,deposit,success,2023-02-15
TXN_004836,CUST_0217,18.3,purchase,success,2022-01-23
TXN_004837,CUST_0112,94.76,purchase,success,2022-07-08
TXN_004838,CUST_0141,106.72,transfer,success,2022-09-21
TXN_004839,CUST_0115,8.13,purchase,success,2023-10-31
TXN_004840,CUST_0102,64.04,purchase,failed,2022-03-23
TXN_004841,CUST_0413,623.13,purchase,fraud,2023-03-20
TXN_004842,CUST_0016,614.23,purchase,success,2022-04-30
TXN_004843,CUST_0072,86.87,purchase,success,2022-07-16
TXN_004844,CUST_0415,8.81,purchase,failed,2023-08-08
TXN_004845,CUST_0013,39.47,purchase,success,2022-09-25
TXN_004846,CUST_0072,99.59,deposit,success,2022-11-07
TXN_004847,CUST_0113,590.46,purchase,success,2023-09-23
TXN_004848,CUST_0014,30.44,deposit,success,2023-06-11
TXN_004849,CUST_0016,288.37,withdrawal,success,2023-07-07
TXN_004850,CUST_0367,23.01,transfer,success,2022-09-07
TXN_004851,CUST_0302,795.39,purchase,success,2023-12-12
TXN_004852,CUST_0143,96.13,transfer,success,2022-02-20
TXN_004853,CUST_0113,298.54,purchase,success,2023-01-19
TXN_004854,CUST_0004,83.89,deposit,success,2023-08-11
TXN_004855,CUST_0143,197.59,purchase,success,2023-04-30
TXN_004856,CUST_0045,42.64,withdrawal,success,2022-08-09
TXN_004857,CUST_0115,31.57,transfer,success,2023-03-24
TXN_004858,CUST_0045,556.33,transfer,success,2022-10-09
TXN_004859,CUST_0217,499.35,withdrawal,fraud,2023-12-07
TXN_004860,CUST_0259,436.91,deposit,success,2022-07-10
TXN_004861,CUST_0457,196.4,deposit,success,2022-10-11
TXN_004862,CUST_0215,330.33,withdrawal,fraud,2023-05-29
TXN_004863,CUST_0415,14.31,transfer,success,2023-11-19
TXN_004864,CUST_0378,81.53,purchase,fraud,2022-02-16
TXN_004865,CUST_0072,75.29,deposit,success,2023-09-12
TXN_004866,CUST_0004,201.93,purchase,success,2023-02-13
TXN_004867,CUST_0016,88.0,transfer,success,2022-07-05
TXN_004868,CUST_0302,32.15,purchase,success,2023-11-26
TXN_004869,CUST_0378,181.5,withdrawal,success,2022-10-19
TXN_004870,CUST_0415,336.81,deposit,success,2022-10-07
TXN_004871,CUST_0347,96.29,deposit,success,2022-01-06
TXN_004872,CUST_0380,28.37,withdrawal,success,2023-02-21
TXN_004873,CUST_0048,43.8,withdrawal,success,2022-08-01
TXN_004874,CUST_0280,54.23,deposit,success,2022-01-20
TXN_004875,CUST_0112,71.31,deposit,success,2023-03-01
TXN_004876,CUST_0413,205.89,deposit,success,2023-11-04
TXN_004877,CUST_0328,183.73,transfer,success,2022-05-13
TXN_004878,CUST_0347,238.2,transfer,success,2022-10-09
TXN_004879,CUST_0230,90.04,transfer,success,2022-10-01
TXN_004880,CUST_0017,347.45,purchase,success,2023-04-19
TXN_004881,CUST_0389,45.65,transfer,fraud,2023-09-06
TXN_004882,CUST_0303,126.61,deposit,success,2023-10-13
TXN_004883,CUST_0113,322.83,transfer,success,2022-11-22
TXN_004884,CUST_0280,39.73,deposit,success,2022-04-10
TXN_004885,CUST_0457,23.28,withdrawal,success,2022-08-15
TXN_004886,CUST_0217,430.29,purchase,success,2022-08-19
TXN_004887,CUST_0415,83.99,purchase,fraud,2022-01-19
TXN_004888,CUST_0016,230.32,withdrawal,success,2023-12-28
TXN_004889,CUST_0415,5.14,deposit,success,2022-11-29
TXN_004890,CUST_0113,234.27,purchase,failed,2022-08-15
TXN_004891,CUST_0017,75.99,transfer,success,2022-03-07
TXN_004892,CUST_0058,11.47,deposit,success,2023-09-19
TXN_004893,CUST_0014,188.23,purchase,success,2022-10-22
TXN_004894,CUST_0048,55.1,withdrawal,success,2023-12-31
TXN_004895,CUST_0072,97.82,deposit,success,2023-09-16
TXN_004896,CUST_0302,16.8,purchase,success,2023-04-17
TXN_004897,CUST_0302,31.84,withdrawal,success,2023-08-26
TXN_004898,CUST_0017,70.76,deposit,success,2023-03-07
TXN_004899,CUST_0309,18.81,transfer,fraud,2023-10-13
TXN_004900,CUST_0217,483.43,deposit,success,2023-09-02
TXN_004901,CUST_0230,1.21,transfer,success,2022-12-03
TXN_004902,CUST_0302,132.28,deposit,success,2023-07-09
TXN_004903,CUST_0259,26.31,withdrawal,success,2023-02-03
TXN_004904,CUST_0347,73.54,transfer,success,2023-05-03
TXN_004905,CUST_0280,520.9,transfer,success,2023-07-26
TXN_004906,CUST_0112,35.27,deposit,success,2022-01-13
TXN_004907,CUST_0058,675.3,purchase,success,2022-12-18
TXN_004908,CUST_0288,46.08,transfer,success,2022-12-15
TXN_004909,CUST_0230,270.62,deposit,failed,2022-11-24
TXN_004910,CUST_0217,158.23,withdrawal,success,2022-12-21
TXN_004911,CUST_0230,431.66,deposit,success,2023-04-01
TXN_004912,CUST_0367,161.48,deposit,success,2022-06-05
TXN_004913,CUST_0112,152.95,transfer,success,2023-04-19
TXN_004914,CUST_0141,43.5,purchase,success,2023-05-26
TXN_004915,CUST_0457,36.36,withdrawal,success,2022-08-04
TXN_004916,CUST_0360,496.56,transfer,success,2023-06-30
TXN_004917,CUST_0115,79.45,transfer,success,2023-12-16
TXN_004918,CUST_0072,93.07,transfer,success,2022-06-24
TXN_004919,CUST_0360,285.28,withdrawal,failed,2023-11-21
TXN_004920,CUST_0378,82.75,purchase,fraud,2023-02-04
TXN_004921,CUST_0113,607.57,withdrawal,success,2022-09-19
TXN_004922,CUST_0302,267.83,withdrawal,success,2023-02-17
TXN_004923,CUST_0230,181.98,purchase,success,2022-02-03
TXN_004924,CUST_0217,425.55,withdrawal,success,2023-11-08
TXN_004925,CUST_0004,10.18,deposit,success,2023-08-09
TXN_004926,CUST_0126,59.43,withdrawal,success,2022-03-22
TXN_004927,CUST_0215,125.11,transfer,fraud,2023-10-09
TXN_004928,CUST_0048,51.49,withdrawal,success,2023-05-14
TXN_004929,CUST_0215,272.44,transfer,fraud,2023-07-29
TXN_004930,CUST_0457,503.18,withdrawal,fraud,2022-12-20
TXN_004931,CUST_0259,110.25,transfer,success,2022-03-27
TXN_004932,CUST_0217,83.75,transfer,success,2022-08-01
TXN_004933,CUST_0126,651.68,transfer,success,2023-06-27
TXN_004934,CUST_0004,117.7,purchase,success,2023-01-14
TXN_004935,CUST_0230,134.3,withdrawal,success,2022-11-08
TXN_004936,CUST_0347,86.66,withdrawal,success,2022-10-26
TXN_004937,CUST_0415,480.59,deposit,success,2022-11-19
TXN_004938,CUST_0004,168.31,deposit,success,2023-04-08
TXN_004939,CUST_0143,287.24,deposit,success,2023-11-22
TXN_004940,CUST_0259,334.06,withdrawal,success,2023-04-24
TXN_004941,CUST_0014,83.66,purchase,success,2022-01-31
TXN_004942,CUST_0309,113.72,transfer,success,2022-06-09
TXN_004943,CUST_0230,377.4,withdrawal,fraud,2023-10-02
TXN_004944,CUST_0288,90.28,purchase,success,2023-08-22
TXN_004945,CUST_0112,315.91,purchase,success,2022-06-20
TXN_004946,CUST_0230,566.02,withdrawal,success,2023-10-02
TXN_004947,CUST_0347,195.21,transfer,success,2022-12-27
TXN_004948,CUST_0072,270.67,purchase,success,2023-08-02
TXN_004949,CUST_0072,327.05,withdrawal,success,2023-03-18
TXN_004950,CUST_0280,372.92,transfer,success,2023-03-02
TXN_004951,CUST_0360,100.52,deposit,success,2022-01-24
TXN_004952,CUST_0288,10.52,purchase,fraud,2022-10-18
TXN_004953,CUST_0380,102.79,purchase,success,2023-07-24
TXN_004954,CUST_0302,224.02,withdrawal,success,2023-05-18
TXN_004955,CUST_0288,119.69,withdrawal,success,2022-08-29
TXN_004956,CUST_0288,276.43,transfer,fraud,2023-01-20
TXN_004957,CUST_0303,88.32,deposit,success,2023-07-05
TXN_004958,CUST_0303,201.43,deposit,failed,2022-05-15
TXN_004959,CUST_0347,41.26,withdrawal,success,2023-01-23
TXN_004960,CUST_0230,276.76,withdrawal,success,2023-09-14
TXN_004961,CUST_0217,157.8,transfer,success,2022-05-07
TXN_004962,CUST_0143,45.65,withdrawal,success,2022-04-10
TXN_004963,CUST_0230,69.04,transfer,success,2023-02-10
TXN_004964,CUST_0303,276.15,transfer,fraud,2022-08-12
TXN_004965,CUST_0072,131.79,deposit,success,2022-08-05
TXN_004966,CUST_0112,48.68,transfer,success,2022-04-24
TXN_004967,CUST_0016,683.9,deposit,success,2023-08-08
TXN_004968,CUST_0143,251.14,deposit,success,2022-10-24
TXN_004969,CUST_0288,629.94,deposit,success,2022-07-02
TXN_004970,CUST_0215,111.41,withdrawal,success,2022-06-12
TXN_004971,CUST_0413,128.91,deposit,success,2023-02-15
TXN_004972,CUST_0053,456.47,transfer,success,2023-07-18
TXN_004973,CUST_0217,148.91,withdrawal,success,2023-02-23
TXN_004974,CUST_0013,245.71,transfer,failed,2022-12-27
TXN_004975,CUST_0016,58.12,withdrawal,success,2022-08-11
TXN_004976,CUST_0259,118.38,transfer,failed,2023-03-05
TXN_004977,CUST_0017,26.35,purchase,success,2023-09-06
TXN_004978,CUST_0288,46.13,purchase,success,2022-10-13
TXN_004979,CUST_0126,0.19,purchase,success,2022-11-24
TXN_004980,CUST_0367,8.01,transfer,success,2023-01-07
TXN_004981,CUST_0014,756.94,withdrawal,failed,2023-10-08
TXN_004982,CUST_0048,55.51,deposit,success,2022-04-19
TXN_004983,CUST_0280,217.72,deposit,success,2023-11-12
TXN_004984,CUST_0303,365.39,transfer,success,2023-12-05
TXN_004985,CUST_0014,160.0,transfer,success,2023-10-11
TXN_004986,CUST_0302,33.25,transfer,failed,2023-10-14
TXN_004987,CUST_0367,260.48,transfer,success,2022-11-22
TXN_004988,CUST_0378,183.38,deposit,success,2023-05-30
TXN_004989,CUST_0457,262.8,withdrawal,success,2023-07-03
TXN_004990,CUST_0457,293.71,deposit,fraud,2023-06-30
TXN_004991,CUST_0048,741.09,transfer,success,2023-02-06
TXN_004992,CUST_0389,170.46,purchase,success,2022-08-19
TXN_004993,CUST_0389,83.6,deposit,success,2023-02-18
TXN_004994,CUST_0302,209.09,purchase,success,2023-05-22
TXN_004995,CUST_0013,14.18,purchase,fraud,2023-04-21
TXN_004996,CUST_0013,455.38,transfer,failed,2022-10-21
TXN_004997,CUST_0446,25.43,deposit,success,2023-04-06
TXN_004998,CUST_0360,79.45,withdrawal,success,2022-06-10
TXN_004999,CUST_0014,338.29,deposit,success,2022-07-01
TXN_005000,CUST_0367,181.92,withdrawal,success,2023-02-14
TXN_005001,CUST_0004,100.05,withdrawal,success,2022-10-23
TXN_005002,CUST_0280,128.28,transfer,success,2022-01-04
TXN_005003,CUST_0457,385.58,withdrawal,success,2023-06-30
TXN_005004,CUST_0280,83.1,deposit,success,2022-12-09
TXN_005005,CUST_0113,407.51,deposit,success,2023-04-21
TXN_005006,CUST_0013,18.45,purchase,success,2023-11-03
TXN_005007,CUST_0112,299.94,withdrawal,fraud,2022-06-26
TXN_005008,CUST_0328,376.18,transfer,success,2023-12-01
TXN_005009,CUST_0072,40.13,transfer,success,2022-04-11
TXN_005010,CUST_0457,112.55,deposit,success,2023-01-28
TXN_005011,CUST_0058,36.18,withdrawal,success,2023-08-18
TXN_005012,CUST_0230,245.25,transfer,success,2023-10-31
TXN_005013,CUST_0072,153.29,withdrawal,success,2023-03-05
TXN_005014,CUST_0333,201.75,withdrawal,success,2023-03-05
TXN_005015,CUST_0017,43.75,purchase,success,2023-02-25
TXN_005016,CUST_0143,47.59,transfer,failed,2022-07-13
TXN_005017,CUST_0328,8.48,purchase,success,2023-10-14
TXN_005018,CUST_0115,77.74,transfer,fraud,2022-01-30
TXN_005019,CUST_0259,164.08,withdrawal,success,2023-09-26
TXN_005020,CUST_0017,390.29,transfer,success,2022-08-18
TXN_005021,CUST_0113,219.88,deposit,success,2022-05-22
TXN_005022,CUST_0328,114.33,withdrawal,success,2023-09-17
TXN_005023,CUST_0215,612.03,transfer,success,2023-09-27
TXN_005024,CUST_0217,254.05,purchase,success,2023-05-31
TXN_005025,CUST_0126,532.32,purchase,success,2022-03-24
TXN_005026,CUST_0413,149.98,withdrawal,success,2023-09-06
TXN_005027,CUST_0048,59.93,purchase,success,2023-08-08
TXN_005028,CUST_0413,10.85,withdrawal,success,2023-02-23
TXN_005029,CUST_0215,258.99,withdrawal,success,2022-01-24
TXN_005030,CUST_0280,25.86,withdrawal,success,2022-11-29
TXN_005031,CUST_0280,72.13,transfer,success,2023-09-17
TXN_005032,CUST_0014,152.06,withdrawal,success,2022-09-13
TXN_005033,CUST_0014,166.21,purchase,success,2022-06-20
TXN_005034,CUST_0013,183.55,deposit,success,2023-08-06
TXN_005035,CUST_0457,36.37,transfer,success,2023-10-03
TXN_005036,CUST_0309,95.52,purchase,success,2023-04-29
TXN_005037,CUST_0378,192.05,withdrawal,success,2023-12-02
TXN_005038,CUST_0058,700.11,withdrawal,success,2022-04-04
TXN_005039,CUST_0013,260.12,deposit,failed,2023-01-15
TXN_005040,CUST_0288,511.76,purchase,success,2022-01-24
TXN_005041,CUST_0048,287.28,transfer,success,2023-09-08
TXN_005042,CUST_0217,179.16,purchase,success,2023-11-01
TXN_005043,CUST_0360,42.64,withdrawal,success,2023-02-03
TXN_005044,CUST_0288,219.73,transfer,success,2023-07-20
TXN_005045,CUST_0389,195.3,withdrawal,success,2023-06-08
TXN_005046,CUST_0230,184.5,withdrawal,failed,2022-07-17
TXN_005047,CUST_0126,134.58,purchase,success,2022-06-15
TXN_005048,CUST_0058,150.43,deposit,success,2023-04-14
TXN_005049,CUST_0120,81.43,withdrawal,success,2023-01-13
TXN_005050,CUST_0230,146.51,purchase,fraud,2022-09-03
TXN_005051,CUST_0347,44.02,transfer,success,2022-06-29
TXN_005052,CUST_0004,327.13,deposit,success,2023-04-29
TXN_005053,CUST_0413,41.1,withdrawal,success,2023-12-31
TXN_005054,CUST_0115,17.76,withdrawal,success,2022-07-24
TXN_005055,CUST_0380,114.63,transfer,success,2022-11-27
TXN_005056,CUST_0126,214.77,purchase,fraud,2022-05-16
TXN_005057,CUST_0367,115.15,withdrawal,success,2022-10-28
TXN_005058,CUST_0112,64.8,transfer,success,2022-03-08
TXN_005059,CUST_0380,163.37,withdrawal,fraud,2022-02-01
TXN_005060,CUST_0004,85.24,purchase,success,2022-07-31
TXN_005061,CUST_0143,540.22,deposit,success,2023-08-15
TXN_005062,CUST_0215,511.87,purchase,success,2023-04-18
TXN_005063,CUST_0048,139.58,purchase,success,2023-04-16
TXN_005064,CUST_0053,79.46,purchase,success,2022-09-08
TXN_005065,CUST_0378,267.22,transfer,fraud,2023-12-02
TXN_005066,CUST_0217,7.48,withdrawal,success,2023-09-10
TXN_005067,CUST_0302,128.78,deposit,success,2023-03-31
TXN_005068,CUST_0016,81.99,transfer,success,2022-09-05
TXN_005069,CUST_0457,506.49,purchase,success,2022-07-01
TXN_005070,CUST_0126,2.42,deposit,success,2023-04-18
TXN_005071,CUST_0217,160.96,purchase,success,2023-05-28
TXN_005072,CUST_0016,269.93,purchase,success,2023-10-19
TXN_005073,CUST_0288,132.72,purchase,success,2022-04-24
TXN_005074,CUST_0045,17.85,deposit,success,2023-09-11
TXN_005075,CUST_0115,718.43,withdrawal,success,2022-12-06
TXN_005076,CUST_0288,145.97,purchase,success,2022-06-13
TXN_005077,CUST_0378,190.48,withdrawal,success,2022-09-08
TXN_005078,CUST_0112,54.0,deposit,success,2023-04-19
TXN_005079,CUST_0457,132.14,deposit,success,2022-03-13
TXN_005080,CUST_0016,112.13,purchase,success,2022-01-08
TXN_005081,CUST_0333,15.57,withdrawal,success,2022-02-03
TXN_005082,CUST_0017,22.45,withdrawal,success,2023-11-30
TXN_005083,CUST_0378,363.38,purchase,success,2023-11-25
TXN_005084,CUST_0378,54.84,transfer,success,2023-02-21
TXN_005085,CUST_0048,43.37,transfer,success,2023-06-17
TXN_005086,CUST_0045,140.6,deposit,success,2023-04-27
TXN_005087,CUST_0141,292.85,deposit,success,2023-01-30
TXN_005088,CUST_0380,12.79,transfer,success,2022-03-14
TXN_005089,CUST_0102,171.99,transfer,success,2023-03-04
TXN_005090,CUST_0446,25.39,transfer,success,2022-09-24
TXN_005091,CUST_0302,7.43,purchase,success,2023-07-05
TXN_005092,CUST_0115,10.84,purchase,success,2022-05-04
TXN_005093,CUST_0280,359.35,purchase,success,2023-09-14
TXN_005094,CUST_0112,25.11,purchase,success,2023-10-25
TXN_005095,CUST_0288,9.24,purchase,success,2023-07-01
TXN_005096,CUST_0143,115.22,purchase,success,2022-01-25
TXN_005097,CUST_0288,371.57,deposit,success,2023-03-26
TXN_005098,CUST_0360,60.87,withdrawal,success,2023-05-08
TXN_005099,CUST_0328,109.54,deposit,fraud,2022-03-03
TXN_005100,CUST_0328,8.15,withdrawal,success,2022-10-27
TXN_005101,CUST_0446,119.23,deposit,fraud,2023-02-12
TXN_005102,CUST_0378,172.37,deposit,success,2022-02-10
TXN_005103,CUST_0045,169.22,purchase,success,2023-01-08
TXN_005104,CUST_0016,80.82,purchase,success,2023-02-14
TXN_005105,CUST_0004,75.82,withdrawal,success,2023-06-08
TXN_005106,CUST_0378,22.55,withdrawal,success,2023-10-07
TXN_005107,CUST_0415,91.39,purchase,failed,2023-10-28
TXN_005108,CUST_0302,20.96,deposit,success,2023-03-27
TXN_005109,CUST_0413,291.0,withdrawal,success,2023-03-15
TXN_005110,CUST_0378,677.9,transfer,success,2022-05-08
TXN_005111,CUST_0120,701.81,transfer,fraud,2022-04-17
TXN_005112,CUST_0389,400.6,transfer,success,2022-05-30
TXN_005113,CUST_0230,183.65,withdrawal,success,2022-09-26
TXN_005114,CUST_0389,241.37,purchase,success,2023-08-17
TXN_005115,CUST_0048,67.15,purchase,success,2022-04-25
TXN_005116,CUST_0102,199.27,purchase,success,2022-06-23
TXN_005117,CUST_0280,121.63,withdrawal,success,2023-01-11
TXN_005118,CUST_0120,131.56,withdrawal,success,2023-02-27
TXN_005119,CUST_0072,283.58,transfer,success,2023-11-04
TXN_005120,CUST_0014,66.23,withdrawal,success,2022-12-14
TXN_005121,CUST_0014,76.56,transfer,success,2022-05-26
TXN_005122,CUST_0058,517.1,transfer,fraud,2022-09-06
TXN_005123,CUST_0457,11.57,purchase,fraud,2023-05-10
TXN_005124,CUST_0045,132.96,withdrawal,success,2022-08-04
TXN_005125,CUST_0413,487.91,purchase,success,2022-09-28
TXN_005126,CUST_0045,188.51,purchase,success,2022-04-10
TXN_005127,CUST_0328,158.11,withdrawal,success,2022-12-04
TXN_005128,CUST_0016,57.47,withdrawal,success,2023-10-20
TXN_005129,CUST_0112,84.1,deposit,success,2023-12-12
TXN_005130,CUST_0141,382.17,transfer,success,2022-03-17
TXN_005131,CUST_0415,163.84,deposit,success,2023-04-15
TXN_005132,CUST_0415,144.61,transfer,success,2023-12-28
TXN_005133,CUST_0380,20.98,transfer,success,2023-05-19
TXN_005134,CUST_0014,3.23,transfer,success,2022-09-08
TXN_005135,CUST_0017,663.11,purchase,success,2022-09-24
TXN_005136,CUST_0058,94.64,purchase,success,2022-12-17
TXN_005137,CUST_0143,184.87,withdrawal,success,2022-10-30
TXN_005138,CUST_0112,16.61,transfer,success,2023-12-07
TXN_005139,CUST_0004,229.84,transfer,success,2023-04-01
TXN_005140,CUST_0259,539.32,transfer,success,2022-12-05
TXN_005141,CUST_0013,171.45,purchase,success,2023-04-07
TXN_005142,CUST_0112,26.96,withdrawal,success,2023-12-18
TXN_005143,CUST_0288,174.32,purchase,success,2022-09-22
TXN_005144,CUST_0045,290.78,deposit,success,2023-08-05
TXN_005145,CUST_0017,104.32,deposit,success,2022-10-09
TXN_005146,CUST_0413,423.78,deposit,success,2023-09-01
TXN_005147,CUST_0360,209.21,withdrawal,fraud,2022-02-06
TXN_005148,CUST_0328,459.02,deposit,success,2022-05-24
TXN_005149,CUST_0380,195.37,withdrawal,success,2022-06-01
TXN_005150,CUST_0389,28.15,purchase,failed,2023-06-19
TXN_005151,CUST_0280,74.12,purchase,success,2022-10-23
TXN_005152,CUST_0280,45.08,withdrawal,success,2022-01-27
TXN_005153,CUST_0230,479.0,purchase,success,2022-08-15
TXN_005154,CUST_0013,285.76,purchase,success,2023-01-15
TXN_005155,CUST_0048,225.65,withdrawal,success,2023-08-01
TXN_005156,CUST_0048,71.61,deposit,success,2023-01-07
TXN_005157,CUST_0333,40.68,withdrawal,success,2024-01-01
TXN_005158,CUST_0309,282.49,transfer,success,2022-10-26
TXN_005159,CUST_0126,128.55,purchase,success,2022-11-11
TXN_005160,CUST_0378,51.18,withdrawal,success,2022-06-12
TXN_005161,CUST_0446,191.75,purchase,success,2023-08-05
TXN_005162,CUST_0446,8.23,deposit,fraud,2023-10-12
TXN_005163,CUST_0302,78.96,purchase,success,2022-11-09
TXN_005164,CUST_0288,126.43,withdrawal,success,2023-05-02
TXN_005165,CUST_0389,32.02,deposit,success,2024-01-01
TXN_005166,CUST_0048,835.39,deposit,success,2023-03-27
TXN_005167,CUST_0302,46.92,deposit,success,2023-11-21
TXN_005168,CUST_0367,27.93,transfer,success,2022-10-29
TXN_005169,CUST_0126,45.51,withdrawal,success,2022-06-08
TXN_005170,CUST_0004,293.12,withdrawal,success,2023-12-13
TXN_005171,CUST_0217,110.85,deposit,fraud,2022-05-12
TXN_005172,CUST_0309,166.67,purchase,success,2022-05-31
TXN_005173,CUST_0303,4.25,deposit,success,2023-09-15
TXN_005174,CUST_0115,7.01,transfer,success,2022-10-27
TXN_005175,CUST_0288,118.06,deposit,success,2023-01-29
TXN_005176,CUST_0378,339.28,withdrawal,success,2022-09-21
TXN_005177,CUST_0120,432.98,deposit,failed,2023-10-15
TXN_005178,CUST_0113,18.14,purchase,success,2022-08-22
TXN_005179,CUST_0048,154.6,withdrawal,success,2022-01-29
TXN_005180,CUST_0280,488.9,purchase,success,2022-08-05
TXN_005181,CUST_0102,98.2,deposit,fraud,2023-08-21
TXN_005182,CUST_0126,353.88,withdrawal,success,2022-11-07
TXN_005183,CUST_0378,28.7,transfer,fraud,2022-06-01
TXN_005184,CUST_0415,547.89,withdrawal,fraud,2023-08-22
TXN_005185,CUST_0367,278.4,purchase,success,2022-01-13
TXN_005186,CUST_0141,567.18,withdrawal,success,2022-09-23
TXN_005187,CUST_0016,225.78,transfer,success,2023-01-08
TXN_005188,CUST_0058,90.32,transfer,success,2023-06-05
TXN_005189,CUST_0017,556.71,transfer,success,2023-06-14
TXN_005190,CUST_0112,64.47,transfer,success,2023-02-20
TXN_005191,CUST_0141,80.75,purchase,success,2023-05-04
TXN_005192,CUST_0126,241.33,withdrawal,success,2023-09-26
TXN_005193,CUST_0048,289.9,deposit,success,2022-06-24
TXN_005194,CUST_0048,530.15,transfer,success,2022-12-19
TXN_005195,CUST_0141,45.83,deposit,success,2023-10-22
TXN_005196,CUST_0058,319.9,deposit,success,2022-06-09
TXN_005197,CUST_0389,268.3,withdrawal,success,2023-08-25
TXN_005198,CUST_0328,13.18,deposit,success,2023-05-29
TXN_005199,CUST_0288,97.95,deposit,success,2022-11-18
TXN_005200,CUST_0413,66.47,purchase,fraud,2023-06-20
TXN_005201,CUST_0113,72.62,deposit,success,2023-01-19
TXN_005202,CUST_0120,814.28,withdrawal,success,2023-01-23
TXN_005203,CUST_0367,205.88,deposit,success,2023-05-12
TXN_005204,CUST_0217,252.94,withdrawal,success,2023-10-26
TXN_005205,CUST_0143,751.15,transfer,failed,2022-06-23
TXN_005206,CUST_0120,94.71,deposit,success,2023-06-22
TXN_005207,CUST_0347,323.74,deposit,success,2023-05-09
TXN_005208,CUST_0446,114.02,deposit,success,2022-06-29
TXN_005209,CUST_0004,407.33,transfer,success,2023-05-11
TXN_005210,CUST_0120,39.85,purchase,success,2023-01-24
TXN_005211,CUST_0112,590.1,deposit,success,2022-01-15
TXN_005212,CUST_0457,49.38,withdrawal,success,2023-11-16
TXN_005213,CUST_0126,78.97,purchase,success,2022-03-08
TXN_005214,CUST_0143,282.28,purchase,success,2022-12-17
TXN_005215,CUST_0141,100.09,purchase,success,2022-08-19
TXN_005216,CUST_0115,187.41,deposit,success,2022-11-13
TXN_005217,CUST_0378,117.6,transfer,success,2022-07-31
TXN_005218,CUST_0302,271.25,transfer,success,2022-08-18
TXN_005219,CUST_0004,51.84,deposit,success,2022-06-03
TXN_005220,CUST_0072,12.05,withdrawal,fraud,2022-10-12
TXN_005221,CUST_0126,71.31,withdrawal,success,2023-09-16
TXN_005222,CUST_0045,128.61,withdrawal,failed,2022-05-03
TXN_005223,CUST_0141,36.79,deposit,success,2023-10-28
TXN_005224,CUST_0217,87.64,transfer,success,2022-07-21
TXN_005225,CUST_0230,102.16,deposit,success,2023-01-01
TXN_005226,CUST_0446,11.82,transfer,success,2023-05-26
TXN_005227,CUST_0217,175.08,purchase,success,2023-04-16
TXN_005228,CUST_0217,431.43,deposit,success,2023-08-07
TXN_005229,CUST_0347,32.91,transfer,success,2023-10-16
TXN_005230,CUST_0457,182.17,purchase,fraud,2022-01-13
TXN_005231,CUST_0280,218.57,purchase,success,2023-06-21
TXN_005232,CUST_0017,108.72,deposit,success,2022-08-22
TXN_005233,CUST_0072,241.53,transfer,success,2022-07-27
TXN_005234,CUST_0360,105.77,purchase,success,2023-01-08
TXN_005235,CUST_0072,140.49,deposit,success,2023-11-12
TXN_005236,CUST_0413,1.48,purchase,success,2022-02-03
TXN_005237,CUST_0102,235.35,withdrawal,success,2023-02-13
TXN_005238,CUST_0048,216.55,deposit,failed,2023-10-04
TXN_005239,CUST_0457,7.83,purchase,success,2022-04-12
TXN_005240,CUST_0280,91.85,deposit,success,2022-12-04
TXN_005241,CUST_0280,772.95,deposit,success,2023-06-04
TXN_005242,CUST_0367,109.2,transfer,success,2022-03-10
TXN_005243,CUST_0004,139.41,transfer,fraud,2022-10-05
TXN_005244,CUST_0016,481.43,purchase,success,2023-07-21
TXN_005245,CUST_0048,252.65,deposit,success,2023-07-02
TXN_005246,CUST_0288,174.49,deposit,success,2023-07-05
TXN_005247,CUST_0360,319.7,withdrawal,success,2022-03-23
TXN_005248,CUST_0446,399.56,deposit,success,2022-02-27
TXN_005249,CUST_0017,122.09,transfer,success,2023-04-03
TXN_005250,CUST_0389,128.91,deposit,success,2023-08-04
TXN_005251,CUST_0347,97.57,transfer,success,2023-06-20
TXN_005252,CUST_0120,680.48,withdrawal,success,2022-09-11
TXN_005253,CUST_0360,238.91,purchase,success,2022-09-08
TXN_005254,CUST_0360,17.38,transfer,success,2022-09-20
TXN_005255,CUST_0217,397.5,purchase,success,2022-07-07
TXN_005256,CUST_0360,131.0,purchase,success,2023-12-08
TXN_005257,CUST_0457,14.25,purchase,success,2023-10-29
TXN_005258,CUST_0017,159.58,purchase,fraud,2022-09-08
TXN_005259,CUST_0288,107.97,transfer,success,2022-08-22
TXN_005260,CUST_0058,420.34,withdrawal,success,2023-12-08
TXN_005261,CUST_0072,45.63,deposit,success,2023-04-13
TXN_005262,CUST_0288,350.27,transfer,failed,2022-07-01
TXN_005263,CUST_0004,163.15,withdrawal,success,2022-02-11
TXN_005264,CUST_0058,11.23,,fraud,2023-09-16
TXN_005265,CUST_0072,714.01,purchase,success,2022-09-30
TXN_005266,CUST_0004,143.74,deposit,success,2023-07-20
TXN_005267,CUST_0102,68.75,deposit,success,2022-10-12
TXN_005268,CUST_0058,126.75,,success,2022-04-04
TXN_005269,CUST_0367,390.19,deposit,success,2022-07-14
TXN_005270,CUST_0143,72.74,purchase,success,2022-03-07
TXN_005271,CUST_0141,42.81,transfer,success,2022-05-16
TXN_005272,CUST_0230,27.64,transfer,success,2023-06-20
TXN_005273,CUST_0016,70.72,withdrawal,success,2022-11-07
TXN_005274,CUST_0126,302.87,purchase,fraud,2022-03-04
TXN_005275,CUST_0126,127.59,purchase,success,2022-08-01
TXN_005276,CUST_0303,51.62,deposit,success,2022-08-22
TXN_005277,CUST_0215,36.35,withdrawal,success,2022-09-07
TXN_005278,CUST_0017,80.91,purchase,success,2023-08-23
TXN_005279,CUST_0126,562.43,purchase,success,2023-08-19
TXN_005280,CUST_0102,84.02,purchase,success,2023-05-04
TXN_005281,CUST_0072,886.65,transfer,success,2023-04-21
TXN_005282,CUST_0215,132.81,transfer,fraud,2022-04-11
TXN_005283,CUST_0288,39.49,transfer,success,2023-07-04
TXN_005284,CUST_0457,443.54,deposit,success,2022-02-22
TXN_005285,CUST_0280,123.37,deposit,success,2022-11-23
TXN_005286,CUST_0143,247.35,deposit,failed,2023-10-12
TXN_005287,CUST_0017,823.46,purchase,failed,2022-03-16
TXN_005288,CUST_0143,10.3,transfer,success,2022-07-21
TXN_005289,CUST_0303,20.34,purchase,success,2023-05-05
TXN_005290,CUST_0014,254.92,purchase,success,2022-04-30
TXN_005291,CUST_0053,66.21,withdrawal,success,2023-03-29
TXN_005292,CUST_0333,40.74,purchase,success,2022-03-27
TXN_005293,CUST_0215,8.03,deposit,success,2023-05-03
TXN_005294,CUST_0215,4.42,transfer,fraud,2022-07-22
TXN_005295,CUST_0004,297.87,transfer,success,2022-04-13
TXN_005296,CUST_0288,28.87,purchase,success,2023-07-10
TXN_005297,CUST_0217,126.12,deposit,success,2023-08-27
TXN_005298,CUST_0016,186.23,deposit,success,2022-08-09
TXN_005299,CUST_0016,111.85,deposit,failed,2023-09-05
TXN_005300,CUST_0014,5.5,transfer,success,2023-05-14
TXN_005301,CUST_0016,306.03,deposit,success,2022-11-04
TXN_005302,CUST_0058,2.11,deposit,success,2023-08-06
TXN_005303,CUST_0115,287.0,purchase,success,2022-01-10
TXN_005304,CUST_0302,447.56,withdrawal,success,2023-08-19
TXN_005305,CUST_0230,113.42,deposit,success,2023-03-17
TXN_005306,CUST_0389,153.38,purchase,success,2022-04-25
TXN_005307,CUST_0048,129.63,purchase,success,2023-03-30
TXN_005308,CUST_0328,98.6,deposit,success,2023-10-21
TXN_005309,CUST_0112,436.83,withdrawal,success,2022-07-19
TXN_005310,CUST_0017,448.74,transfer,success,2023-08-27
TXN_005311,CUST_0328,81.84,withdrawal,success,2023-10-13
TXN_005312,CUST_0013,190.94,deposit,success,2023-09-22
TXN_005313,CUST_0013,523.21,withdrawal,success,2023-04-13
TXN_005314,CUST_0215,654.34,purchase,fraud,2022-01-01
TXN_005315,CUST_0102,142.25,purchase,success,2022-09-15
TXN_005316,CUST_0333,120.6,withdrawal,success,2023-02-21
TXN_005317,CUST_0016,65.34,transfer,success,2023-09-08
TXN_005318,CUST_0215,638.21,withdrawal,success,2022-10-05
TXN_005319,CUST_0378,30.82,deposit,success,2023-05-20
TXN_005320,CUST_0102,173.42,transfer,fraud,2023-10-09
TXN_005321,CUST_0112,66.41,withdrawal,success,2022-06-30
TXN_005322,CUST_0288,65.43,withdrawal,success,2022-12-03
TXN_005323,CUST_0126,103.83,transfer,success,2023-06-04
TXN_005324,CUST_0380,1343.91,withdrawal,failed,2023-05-10
TXN_005325,CUST_0302,11.31,deposit,success,2023-06-11
TXN_005326,CUST_0217,172.81,purchase,success,2022-10-18
TXN_005327,CUST_0288,17.24,deposit,success,2023-10-23
TXN_005328,CUST_0259,33.57,withdrawal,success,2022-11-03
TXN_005329,CUST_0415,115.81,purchase,success,2022-09-28
TXN_005330,CUST_0303,142.86,transfer,success,2023-06-29
TXN_005331,CUST_0217,59.89,deposit,success,2022-09-12
TXN_005332,CUST_0367,76.09,transfer,success,2022-12-16
TXN_005333,CUST_0215,18.2,purchase,success,2022-10-09
TXN_005334,CUST_0457,72.26,withdrawal,success,2023-11-26
TXN_005335,CUST_0378,679.59,purchase,success,2023-07-29
TXN_005336,CUST_0045,579.02,purchase,success,2023-05-31
TXN_005337,CUST_0120,81.56,transfer,success,2022-11-13
TXN_005338,CUST_0072,169.19,deposit,success,2023-10-03
TXN_005339,CUST_0072,480.69,purchase,success,2023-03-27
TXN_005340,CUST_0215,1.24,withdrawal,fraud,2022-04-25
TXN_005341,CUST_0328,332.87,purchase,fraud,2022-07-06
TXN_005342,CUST_0333,592.73,transfer,success,2023-05-15
TXN_005343,CUST_0045,19.15,deposit,success,2022-01-07
TXN_005344,CUST_0120,35.22,withdrawal,success,2022-11-23
TXN_005345,CUST_0457,647.54,transfer,failed,2023-06-06
TXN_005346,CUST_0333,154.24,purchase,success,2023-04-27
TXN_005347,CUST_0367,2.86,purchase,success,2023-05-23
TXN_005348,CUST_0141,59.58,,success,2022-06-17
TXN_005349,CUST_0048,119.55,transfer,fraud,2022-07-03
TXN_005350,CUST_0446,236.12,transfer,success,2022-03-09
TXN_005351,CUST_0302,264.22,deposit,success,2023-03-19
TXN_005352,CUST_0347,1077.28,withdrawal,success,2023-11-21
TXN_005353,CUST_0303,67.8,transfer,success,2022-11-08
TXN_005354,CUST_0217,154.53,deposit,success,2022-04-07
TXN_005355,CUST_0259,152.42,transfer,fraud,2023-03-30
TXN_005356,CUST_0259,104.06,deposit,failed,2022-12-17
TXN_005357,CUST_0013,37.06,purchase,success,2023-10-16
TXN_005358,CUST_0112,758.46,purchase,success,2023-12-05
TXN_005359,CUST_0389,383.9,transfer,success,2023-07-06
TXN_005360,CUST_0013,137.96,transfer,success,2022-07-07
TXN_005361,CUST_0309,184.89,purchase,fraud,2022-07-18
TXN_005362,CUST_0141,51.56,withdrawal,success,2022-04-22
TXN_005363,CUST_0457,156.96,deposit,success,2022-08-26
TXN_005364,CUST_0309,237.47,withdrawal,fraud,2022-08-07
TXN_005365,CUST_0367,144.79,withdrawal,success,2022-11-11
TXN_005366,CUST_0048,926.82,withdrawal,success,2023-05-29
TXN_005367,CUST_0115,189.01,purchase,fraud,2022-11-09
TXN_005368,CUST_0288,92.72,transfer,success,2022-11-24
TXN_005369,CUST_0143,295.82,withdrawal,success,2023-06-28
TXN_005370,CUST_0013,37.38,purchase,success,2023-04-29
TXN_005371,CUST_0053,97.07,deposit,success,2022-04-16
TXN_005372,CUST_0415,85.22,transfer,success,2023-12-03
TXN_005373,CUST_0102,113.06,deposit,success,2022-11-04
TXN_005374,CUST_0367,304.45,withdrawal,success,2023-09-17
TXN_005375,CUST_0303,132.4,transfer,success,2022-08-04
TXN_005376,CUST_0143,315.99,withdrawal,success,2023-08-08
TXN_005377,CUST_0058,171.84,transfer,success,2023-11-20
TXN_005378,CUST_0016,83.73,withdrawal,failed,2022-06-08
TXN_005379,CUST_0126,332.12,deposit,success,2022-11-28
TXN_005380,CUST_0380,54.44,deposit,success,2022-06-10
TXN_005381,CUST_0004,50.82,withdrawal,success,2022-07-16
TXN_005382,CUST_0014,140.44,transfer,success,2023-02-10
TXN_005383,CUST_0230,60.45,deposit,success,2022-06-25
TXN_005384,CUST_0072,1.83,transfer,success,2022-06-11
TXN_005385,CUST_0230,208.99,transfer,success,2023-09-17
TXN_005386,CUST_0413,143.12,deposit,success,2023-11-10
TXN_005387,CUST_0367,117.94,purchase,fraud,2022-06-10
TXN_005388,CUST_0413,682.06,purchase,success,2022-11-30
TXN_005389,CUST_0367,169.35,transfer,fraud,2023-06-13
TXN_005390,CUST_0045,398.19,deposit,success,2023-05-01
TXN_005391,CUST_0446,30.04,purchase,success,2023-11-01
TXN_005392,CUST_0215,168.43,withdrawal,success,2023-09-02
TXN_005393,CUST_0115,404.96,transfer,success,2023-03-03
TXN_005394,CUST_0413,174.98,purchase,failed,2022-10-03
TXN_005395,CUST_0013,253.18,deposit,success,2022-08-23
TXN_005396,CUST_0016,93.06,deposit,success,2022-09-27
TXN_005397,CUST_0016,19.4,transfer,success,2023-04-29
TXN_005398,CUST_0280,122.46,deposit,success,2022-11-07
TXN_005399,CUST_0048,100.33,withdrawal,success,2023-01-15
TXN_005400,CUST_0259,403.57,withdrawal,success,2022-05-29
TXN_005401,CUST_0328,55.94,purchase,success,2022-11-10
TXN_005402,CUST_0058,680.65,deposit,success,2022-12-08
TXN_005403,CUST_0367,634.68,withdrawal,fraud,2022-12-29
TXN_005404,CUST_0215,56.91,transfer,success,2022-11-19
TXN_005405,CUST_0016,85.56,deposit,success,2023-04-06
TXN_005406,CUST_0259,451.82,purchase,success,2022-11-12
TXN_005407,CUST_0328,679.97,transfer,fraud,2023-03-12
TXN_005408,CUST_0014,117.2,transfer,success,2023-07-31
TXN_005409,CUST_0120,77.43,transfer,success,2023-02-07
TXN_005410,CUST_0389,149.35,withdrawal,success,2023-03-04
TXN_005411,CUST_0446,232.8,transfer,success,2022-01-06
TXN_005412,CUST_0113,63.9,withdrawal,success,2023-02-18
TXN_005413,CUST_0053,266.72,transfer,success,2022-02-26
TXN_005414,CUST_0389,10.61,withdrawal,success,2023-02-23
TXN_005415,CUST_0280,10.11,deposit,success,2022-12-29
TXN_005416,CUST_0102,97.65,withdrawal,success,2023-10-24
TXN_005417,CUST_0360,87.23,withdrawal,success,2022-05-24
TXN_005418,CUST_0017,75.85,deposit,fraud,2023-04-13
TXN_005419,CUST_0126,135.07,transfer,failed,2022-10-08
TXN_005420,CUST_0217,77.35,deposit,success,2022-01-20
TXN_005421,CUST_0215,42.7,transfer,success,2023-12-23
TXN_005422,CUST_0113,74.06,withdrawal,success,2022-07-27
TXN_005423,CUST_0280,737.01,transfer,success,2022-08-02
TXN_005424,CUST_0333,105.9,withdrawal,success,2023-11-09
TXN_005425,CUST_0309,117.65,transfer,fraud,2022-09-20
TXN_005426,CUST_0415,171.86,withdrawal,success,2022-10-29
TXN_005427,CUST_0013,818.96,withdrawal,success,2023-01-18
TXN_005428,CUST_0112,55.31,purchase,success,2022-01-25
TXN_005429,CUST_0053,228.69,transfer,success,2022-11-26
TXN_005430,CUST_0053,251.75,transfer,success,2023-03-14
TXN_005431,CUST_0380,186.95,purchase,fraud,2023-01-27
TXN_005432,CUST_0217,18.55,withdrawal,success,2022-11-30
TXN_005433,CUST_0457,225.94,withdrawal,success,2023-07-26
TXN_005434,CUST_0102,13.25,purchase,success,2023-07-28
TXN_005435,CUST_0302,181.34,purchase,success,2022-07-24
TXN_005436,CUST_0048,269.09,deposit,success,2022-08-09
TXN_005437,CUST_0309,47.39,withdrawal,success,2023-09-25
TXN_005438,CUST_0112,368.55,deposit,success,2023-05-31
TXN_005439,CUST_0309,6.16,transfer,success,2023-03-27
TXN_005440,CUST_0328,371.34,deposit,success,2022-10-08
TXN_005441,CUST_0446,123.36,purchase,success,2022-04-20
TXN_005442,CUST_0302,49.07,purchase,success,2022-03-18
TXN_005443,CUST_0280,28.72,purchase,success,2022-09-06
TXN_005444,CUST_0328,612.83,purchase,success,2022-06-14
TXN_005445,CUST_0415,15.09,deposit,success,2022-11-30
TXN_005446,CUST_0045,44.4,deposit,success,2023-05-07
TXN_005447,CUST_0280,85.49,deposit,success,2023-08-31
TXN_005448,CUST_0112,193.64,purchase,success,2023-04-27
TXN_005449,CUST_0303,157.4,purchase,success,2022-02-17
TXN_005450,CUST_0415,26.85,withdrawal,fraud,2023-11-07
TXN_005451,CUST_0045,68.42,withdrawal,failed,2023-02-04
TXN_005452,CUST_0367,54.56,purchase,fraud,2023-12-06
TXN_005453,CUST_0446,48.04,withdrawal,success,2023-12-25
TXN_005454,CUST_0048,105.91,transfer,success,2023-05-14
TXN_005455,CUST_0013,243.5,transfer,success,2022-09-13
TXN_005456,CUST_0113,49.04,purchase,success,2022-10-14
TXN_005457,CUST_0004,91.36,deposit,success,2023-09-14
TXN_005458,CUST_0126,99.16,transfer,success,2023-08-24
TXN_005459,CUST_0309,749.78,transfer,success,2023-01-20
TXN_005460,CUST_0013,618.74,deposit,success,2022-03-02
TXN_005461,CUST_0013,322.03,withdrawal,success,2022-04-14
TXN_005462,CUST_0102,55.32,deposit,success,2022-02-27
TXN_005463,CUST_0102,14.09,withdrawal,success,2023-10-17
TXN_005464,CUST_0303,76.22,withdrawal,success,2022-12-17
TXN_005465,CUST_0328,62.07,deposit,fraud,2022-10-10
TXN_005466,CUST_0415,141.01,withdrawal,success,2023-07-05
TXN_005467,CUST_0013,300.77,transfer,success,2023-01-14
TXN_005468,CUST_0389,390.84,purchase,failed,2023-03-25
TXN_005469,CUST_0045,372.69,withdrawal,success,2022-10-19
TXN_005470,CUST_0016,89.16,transfer,success,2022-04-24
TXN_005471,CUST_0446,232.46,deposit,success,2023-04-29
TXN_005472,CUST_0367,75.04,withdrawal,success,2022-05-18
TXN_005473,CUST_0004,12.57,transfer,success,2022-03-17
TXN_005474,CUST_0115,241.84,withdrawal,success,2022-11-29
TXN_005475,CUST_0112,1.98,deposit,success,2023-02-28
TXN_005476,CUST_0115,105.25,purchase,success,2022-06-05
TXN_005477,CUST_0004,79.91,withdrawal,success,2022-06-04
TXN_005478,CUST_0112,236.43,purchase,success,2023-08-27
TXN_005479,CUST_0215,290.7,withdrawal,success,2022-11-03
TXN_005480,CUST_0017,72.51,withdrawal,success,2023-08-11
TXN_005481,CUST_0016,333.87,deposit,success,2022-07-24
TXN_005482,CUST_0126,69.6,withdrawal,success,2023-07-30
TXN_005483,CUST_0013,118.24,transfer,failed,2022-04-01
,CUST_0143,259.67,transfer,success,2023-03-25
TXN_005485,CUST_0259,236.13,purchase,success,2022-09-09
TXN_005486,CUST_0347,874.31,purchase,success,2022-12-02
TXN_005487,CUST_0115,51.02,transfer,success,2023-08-10
TXN_005488,CUST_0288,217.13,purchase,success,2023-07-14
TXN_005489,CUST_0053,188.16,purchase,success,2023-11-08
TXN_005490,CUST_0230,493.25,transfer,success,2022-09-24
TXN_005491,CUST_0217,34.01,transfer,fraud,2023-07-25
TXN_005492,CUST_0259,278.7,transfer,success,2023-06-28
TXN_005493,CUST_0017,167.99,deposit,success,2022-10-26
TXN_005494,CUST_0017,64.22,deposit,success,2023-12-08
TXN_005495,CUST_0280,128.66,transfer,success,2022-01-23
TXN_005496,CUST_0017,81.23,withdrawal,fraud,2022-05-24
TXN_005497,CUST_0328,173.17,transfer,success,2022-03-11
TXN_005498,CUST_0378,439.65,deposit,success,2023-12-18
TXN_005499,CUST_0413,168.47,purchase,success,2023-12-30
TXN_005500,CUST_0378,199.78,withdrawal,success,2022-11-18
TXN_005501,CUST_0102,146.27,withdrawal,success,2023-01-05
TXN_005502,CUST_0380,10.5,purchase,success,2023-04-02
TXN_005503,CUST_0288,53.02,withdrawal,success,2022-08-08
TXN_005504,CUST_0347,135.46,purchase,success,2022-07-08
TXN_005505,CUST_0389,74.28,deposit,success,2022-11-25
TXN_005506,CUST_0072,40.12,withdrawal,success,2023-04-25
TXN_005507,CUST_0112,140.29,withdrawal,success,2022-08-22
TXN_005508,CUST_0102,77.96,purchase,success,2023-04-17
TXN_005509,CUST_0120,59.71,purchase,success,2023-01-06
TXN_005510,CUST_0415,124.72,deposit,success,2022-12-08
TXN_005511,CUST_0303,28.61,purchase,success,2022-07-23
TXN_005512,CUST_0347,525.51,purchase,success,2023-11-25
TXN_005513,CUST_0120,404.54,deposit,fraud,2023-12-22
TXN_005514,CUST_0415,245.94,transfer,success,2022-09-23
TXN_005515,CUST_0288,22.46,transfer,success,2022-09-19
TXN_005516,CUST_0120,299.11,,success,2023-09-11
TXN_005517,CUST_0016,330.01,deposit,success,2022-01-24
TXN_005518,CUST_0217,292.0,transfer,fraud,2022-05-24
TXN_005519,CUST_0004,24.2,deposit,fraud,2022-05-03
TXN_005520,CUST_0309,206.51,purchase,success,2023-10-20
TXN_005521,CUST_0143,359.55,purchase,success,2023-02-25
TXN_005522,CUST_0053,172.24,deposit,success,2023-03-14
TXN_005523,CUST_0446,207.92,withdrawal,success,2023-02-10
TXN_005524,CUST_0102,122.63,purchase,success,2023-05-14
TXN_005525,CUST_0389,150.46,purchase,success,2022-02-19
TXN_005526,CUST_0215,7.0,purchase,success,2023-06-26
TXN_005527,CUST_0389,203.75,purchase,fraud,2022-03-03
TXN_005528,CUST_0072,16.99,deposit,fraud,2023-06-09
TXN_005529,CUST_0457,114.19,deposit,fraud,2023-01-18
TXN_005530,CUST_0415,69.25,deposit,success,2022-01-17
TXN_005531,CUST_0215,157.68,deposit,success,2023-08-03
TXN_005532,CUST_0016,28.64,withdrawal,success,2023-03-24
TXN_005533,CUST_0230,235.3,deposit,success,2022-02-02
TXN_005534,CUST_0215,316.96,deposit,success,2023-06-01
TXN_005535,CUST_0415,35.67,purchase,success,2022-12-01
TXN_005536,CUST_0017,22.03,withdrawal,success,2023-07-06
TXN_005537,CUST_0013,31.45,purchase,success,2023-05-19
TXN_005538,CUST_0415,419.32,withdrawal,success,2022-10-17
TXN_005539,CUST_0126,150.24,transfer,success,2023-08-12
TXN_005540,CUST_0004,125.94,withdrawal,success,2022-12-08
TXN_005541,CUST_0017,22.57,withdrawal,success,2023-10-12
TXN_005542,CUST_0347,209.71,purchase,success,2022-03-10
TXN_005543,CUST_0360,404.99,withdrawal,fraud,2022-03-19
TXN_005544,CUST_0457,352.27,withdrawal,success,2023-08-02
TXN_005545,CUST_0367,196.73,purchase,success,2022-04-05
TXN_005546,CUST_0446,15.65,transfer,success,2023-07-26
TXN_005547,CUST_0230,23.85,transfer,success,2022-04-26
TXN_005548,CUST_0053,10.11,transfer,success,2023-06-29
TXN_005549,CUST_0014,59.54,withdrawal,fraud,2022-06-12
TXN_005550,CUST_0112,29.16,purchase,fraud,2023-06-10
TXN_005551,CUST_0143,60.23,transfer,success,2022-03-31
TXN_005552,CUST_0058,97.25,transfer,success,2023-08-11
TXN_005553,CUST_0446,572.88,transfer,success,2023-04-25
TXN_005554,CUST_0102,188.51,transfer,success,2023-09-17
TXN_005555,CUST_0415,360.33,purchase,success,2023-10-28
TXN_005556,CUST_0058,247.82,transfer,success,2022-07-15
TXN_005557,CUST_0141,23.87,withdrawal,success,2022-03-16
TXN_005558,CUST_0303,266.3,withdrawal,success,2023-12-02
TXN_005559,CUST_0347,64.34,purchase,success,2023-03-18
TXN_005560,CUST_0004,203.84,deposit,success,2022-10-11
TXN_005561,CUST_0333,83.39,transfer,success,2023-04-22
TXN_005562,CUST_0367,1212.57,transfer,success,2023-04-08
TXN_005563,CUST_0014,61.18,withdrawal,success,2022-06-05
TXN_005564,CUST_0141,65.46,purchase,success,2023-10-29
TXN_005565,CUST_0378,533.78,deposit,success,2022-12-05
TXN_005566,CUST_0016,4.99,withdrawal,success,2022-03-16
TXN_005567,CUST_0378,238.6,deposit,success,2022-07-06
TXN_005568,CUST_0045,258.43,purchase,success,2023-10-26
TXN_005569,CUST_0058,362.04,purchase,success,2023-08-13
TXN_005570,CUST_0389,733.34,purchase,success,2022-12-14
TXN_005571,CUST_0389,742.65,withdrawal,success,2023-04-10
TXN_005572,CUST_0017,13.5,purchase,success,2023-06-25
TXN_005573,CUST_0288,345.01,withdrawal,success,2023-12-11
TXN_005574,CUST_0215,207.87,withdrawal,success,2023-03-19
TXN_005575,CUST_0013,208.45,transfer,fraud,2022-01-22
TXN_005576,CUST_0143,27.47,withdrawal,success,2023-02-16
TXN_005577,CUST_0113,210.07,withdrawal,success,2023-08-12
TXN_005578,CUST_0259,,transfer,success,2022-10-28
TXN_005579,CUST_0115,485.67,deposit,success,2022-01-07
TXN_005580,CUST_0115,115.65,transfer,success,2023-10-01
TXN_005581,CUST_0367,8.15,transfer,success,2023-02-04
TXN_005582,CUST_0230,89.98,purchase,success,2022-01-20
TXN_005583,CUST_0413,350.19,purchase,success,2022-01-09
TXN_005584,CUST_0333,241.8,transfer,success,2022-08-19
TXN_005585,CUST_0120,122.99,purchase,success,2022-11-27
TXN_005586,CUST_0112,11.34,transfer,failed,2023-03-14
TXN_005587,CUST_0102,111.34,purchase,success,2022-06-04
TXN_005588,CUST_0288,126.61,withdrawal,success,2022-09-23
TXN_005589,CUST_0446,527.77,purchase,failed,2022-08-17
TXN_005590,CUST_0115,204.93,purchase,success,2023-08-22
TXN_005591,CUST_0072,74.69,withdrawal,success,2023-11-22
TXN_005592,CUST_0328,149.02,transfer,failed,2022-12-01
TXN_005593,CUST_0058,13.67,purchase,success,2023-06-30
TXN_005594,CUST_0016,719.21,purchase,success,2023-04-14
TXN_005595,CUST_0309,89.28,withdrawal,success,2023-11-01
TXN_005596,CUST_0045,129.97,withdrawal,success,2023-11-13
TXN_005597,CUST_0413,87.79,withdrawal,success,2022-07-25
TXN_005598,CUST_0143,229.46,deposit,success,2023-08-12
TXN_005599,CUST_0058,217.08,withdrawal,fraud,2022-12-30
TXN_005600,CUST_0360,251.28,transfer,fraud,2023-08-14
TXN_005601,CUST_0053,62.43,purchase,failed,2022-06-06
TXN_005602,CUST_0017,75.86,purchase,success,2022-07-13
TXN_005603,CUST_0288,26.76,deposit,fraud,2022-06-01
TXN_005604,CUST_0215,213.14,purchase,success,2022-07-31
TXN_005605,CUST_0016,8.12,purchase,success,2022-11-12
TXN_005606,CUST_0309,182.1,transfer,success,2022-07-05
TXN_005607,CUST_0014,407.58,purchase,success,2022-04-14
TXN_005608,CUST_0016,442.97,transfer,success,2022-01-27
TXN_005609,CUST_0259,119.22,deposit,success,2023-07-01
TXN_005610,CUST_0215,122.98,transfer,success,2023-09-09
TXN_005611,CUST_0360,16.02,withdrawal,success,2022-02-10
TXN_005612,CUST_0259,222.2,withdrawal,success,2022-05-11
TXN_005613,CUST_0457,344.36,deposit,fraud,2023-07-08
TXN_005614,CUST_0215,56.12,purchase,success,2022-12-23
TXN_005615,CUST_0016,109.39,transfer,success,2022-03-12
TXN_005616,CUST_0115,365.07,withdrawal,success,2022-12-02
TXN_005617,CUST_0367,419.31,transfer,success,2022-11-19
TXN_005618,CUST_0413,55.73,withdrawal,fraud,2022-08-24
TXN_005619,CUST_0141,159.96,transfer,success,2023-11-05
TXN_005620,CUST_0072,42.76,purchase,success,2022-08-02
TXN_005621,CUST_0389,21.49,deposit,success,2022-07-26
TXN_005622,CUST_0302,484.09,purchase,failed,2022-11-07
TXN_005623,CUST_0102,343.52,transfer,success,2022-06-17
TXN_006420,CUST_0378,285.45,withdrawal,success,2023-03-11
TXN_005625,CUST_0115,10.0,withdrawal,success,2022-10-05
TXN_005626,CUST_0058,371.23,deposit,success,2022-08-27
TXN_005627,CUST_0120,115.27,purchase,fraud,2022-08-11
TXN_005628,CUST_0058,83.83,purchase,fraud,2022-12-30
TXN_005629,CUST_0141,158.14,purchase,fraud,2022-01-28
TXN_005630,CUST_0415,19.16,withdrawal,fraud,2022-05-21
TXN_005631,CUST_0413,282.65,deposit,success,2023-03-27
TXN_005632,CUST_0113,174.66,withdrawal,success,2022-05-07
TXN_005633,CUST_0017,41.3,purchase,success,2023-01-20
TXN_005634,CUST_0143,41.71,transfer,success,2022-01-27
TXN_005635,CUST_0446,40.73,withdrawal,success,2023-03-31
TXN_005636,CUST_0053,11.74,deposit,success,2022-08-02
TXN_005637,CUST_0017,177.25,purchase,fraud,2023-01-25
TXN_005638,CUST_0302,366.95,transfer,success,2022-02-20
TXN_005639,CUST_0045,3.53,withdrawal,failed,2023-04-03
TXN_005640,CUST_0120,10.05,transfer,success,2023-03-26
TXN_005641,CUST_0016,170.09,transfer,success,2023-02-13
TXN_005642,CUST_0048,342.4,deposit,success,2022-07-23
TXN_005643,CUST_0217,79.12,withdrawal,success,2022-07-30
TXN_005644,CUST_0446,86.04,deposit,success,2023-01-25
TXN_005645,CUST_0389,181.44,purchase,success,2023-08-28
TXN_005646,CUST_0143,64.1,transfer,success,2022-05-08
TXN_005647,CUST_0347,5.39,deposit,success,2022-04-06
TXN_005648,CUST_0112,265.78,deposit,success,2022-06-29
TXN_005649,CUST_0016,196.51,purchase,success,2023-06-03
TXN_005650,CUST_0017,173.86,withdrawal,success,2023-08-16
TXN_005651,CUST_0126,270.71,deposit,success,2023-06-13
TXN_005652,CUST_0302,224.93,transfer,success,2022-05-05
TXN_005653,CUST_0141,46.1,transfer,success,2022-06-16
TXN_005654,CUST_0259,86.92,transfer,success,2022-08-03
TXN_005655,CUST_0143,26.96,transfer,success,2022-05-04
TXN_005656,CUST_0004,27.82,deposit,success,2023-05-16
TXN_005657,CUST_0309,225.52,transfer,success,2023-09-12
TXN_005658,CUST_0112,391.23,deposit,success,2023-01-02
TXN_005659,CUST_0102,657.93,withdrawal,success,2022-11-21
TXN_005660,CUST_0230,197.96,transfer,success,2023-03-02
TXN_005661,CUST_0115,40.69,withdrawal,success,2022-07-15
TXN_005662,CUST_0112,22.33,deposit,success,2022-08-04
TXN_005663,CUST_0016,335.17,purchase,success,2022-04-03
TXN_005664,CUST_0347,172.91,withdrawal,success,2023-06-04
TXN_005665,CUST_0016,192.62,transfer,fraud,2023-01-04
TXN_005666,CUST_0288,304.16,purchase,success,2023-05-05
TXN_005667,CUST_0017,242.99,withdrawal,failed,2022-09-19
TXN_005668,CUST_0112,359.71,deposit,success,2023-06-05
TXN_005669,CUST_0045,11.57,deposit,success,2022-04-25
TXN_005670,CUST_0141,275.29,deposit,success,2023-04-13
TXN_005671,CUST_0141,380.56,withdrawal,success,2022-01-17
TXN_005672,CUST_0303,67.41,deposit,success,2022-01-08
TXN_005673,CUST_0053,204.58,withdrawal,success,2023-01-25
TXN_005674,CUST_0347,75.42,transfer,success,2023-03-07
TXN_005675,CUST_0280,633.88,transfer,success,2023-02-14
TXN_005676,CUST_0378,6.8,withdrawal,success,2022-04-13
TXN_005677,CUST_0367,173.4,withdrawal,success,2022-12-30
TXN_005678,CUST_0259,36.43,purchase,success,2023-01-05
TXN_005679,CUST_0309,249.11,deposit,success,2022-11-14
TXN_005680,CUST_0288,38.69,transfer,success,2022-03-08
TXN_005681,CUST_0280,53.68,transfer,success,2023-03-21
TXN_005682,CUST_0017,136.39,purchase,success,2023-10-30
TXN_005683,CUST_0333,492.63,withdrawal,success,2022-11-04
TXN_005684,CUST_0112,47.58,withdrawal,success,2022-08-23
TXN_005685,CUST_0048,31.15,purchase,success,2023-12-20
TXN_005686,CUST_0120,284.57,deposit,success,2022-03-28
TXN_005687,CUST_0280,138.88,withdrawal,success,2023-10-29
TXN_005688,CUST_0380,485.6,withdrawal,success,2023-10-22
TXN_005689,CUST_0141,31.71,deposit,success,2023-02-04
TXN_005690,CUST_0126,207.65,deposit,success,2023-04-28
TXN_005691,CUST_0302,53.02,purchase,success,2022-01-17
TXN_005692,CUST_0259,34.1,purchase,fraud,2022-10-09
TXN_005693,CUST_0126,230.04,purchase,success,2023-10-25
TXN_005694,CUST_0309,180.13,withdrawal,fraud,2022-11-28
TXN_005695,CUST_0215,281.16,purchase,success,2022-02-16
TXN_005696,CUST_0048,74.06,withdrawal,success,2022-05-25
TXN_005697,CUST_0309,118.83,transfer,success,2022-09-12
TXN_005698,CUST_0016,104.0,deposit,success,2022-07-01
TXN_005699,CUST_0230,828.15,deposit,fraud,2023-08-02
TXN_005700,CUST_0017,69.13,transfer,success,2022-01-10
TXN_005701,CUST_0328,69.86,purchase,failed,2022-05-12
TXN_005702,CUST_0367,87.56,withdrawal,success,2023-06-16
TXN_005703,CUST_0302,166.3,withdrawal,success,2022-06-09
TXN_005704,CUST_0017,58.16,withdrawal,fraud,2022-05-24
TXN_005705,CUST_0048,493.7,deposit,success,2023-12-13
TXN_005706,CUST_0120,61.76,purchase,fraud,2023-04-27
TXN_005707,CUST_0215,452.32,withdrawal,success,2022-02-09
TXN_005708,CUST_0413,21.85,withdrawal,success,2022-03-04
TXN_005709,CUST_0380,213.75,withdrawal,success,2023-09-03
TXN_005710,CUST_0048,475.0,transfer,fraud,2022-08-03
TXN_005711,CUST_0259,36.96,withdrawal,success,2023-11-08
TXN_005712,CUST_0112,690.46,transfer,success,2022-10-28
TXN_005713,CUST_0058,120.62,withdrawal,success,2023-01-16
TXN_005714,CUST_0288,582.7,withdrawal,success,2023-09-25
TXN_005715,CUST_0380,225.91,withdrawal,success,2023-03-01
TXN_005716,CUST_0215,71.79,transfer,success,2022-06-11
TXN_005717,CUST_0446,41.73,withdrawal,success,2023-03-06
TXN_005718,CUST_0303,72.41,purchase,success,2022-06-26
TXN_005719,CUST_0115,19.53,withdrawal,success,2022-06-28
TXN_005720,CUST_0102,31.07,transfer,success,2023-06-16
TXN_005721,CUST_0415,22.11,transfer,success,2022-06-05
TXN_005722,CUST_0115,109.96,purchase,success,2023-11-16
TXN_005723,CUST_0115,317.51,deposit,fraud,2022-07-05
TXN_005724,CUST_0112,30.49,purchase,success,2023-01-09
TXN_005725,CUST_0378,27.93,purchase,success,2022-04-23
TXN_005726,CUST_0415,206.24,transfer,failed,2022-06-16
TXN_005727,CUST_0004,43.93,withdrawal,success,2022-01-31
TXN_005728,CUST_0141,20.54,withdrawal,success,2023-05-25
TXN_005729,CUST_0217,36.51,deposit,fraud,2022-07-28
TXN_005730,CUST_0360,514.7,deposit,success,2022-11-10
TXN_005731,CUST_0230,344.6,deposit,fraud,2023-02-18
TXN_005732,CUST_0309,87.41,deposit,success,2023-10-03
TXN_005733,CUST_0280,213.32,purchase,success,2023-01-18
TXN_005734,CUST_0017,154.12,purchase,success,2022-09-29
TXN_005735,CUST_0016,226.1,withdrawal,success,2023-09-29
TXN_005736,CUST_0053,229.56,purchase,success,2022-11-25
TXN_005737,CUST_0113,198.17,withdrawal,success,2022-01-30
TXN_005738,CUST_0457,61.88,withdrawal,success,2022-01-27
TXN_005739,CUST_0347,7.96,withdrawal,success,2022-12-06
TXN_005740,CUST_0328,121.6,withdrawal,success,2022-01-30
TXN_005741,CUST_0415,443.23,transfer,failed,2023-04-27
TXN_005742,CUST_0120,168.56,withdrawal,success,2022-02-05
TXN_005743,CUST_0013,357.22,purchase,success,2022-05-28
TXN_005744,CUST_0380,956.49,purchase,fraud,2023-02-22
TXN_005745,CUST_0303,35.73,purchase,success,2022-02-17
TXN_005746,CUST_0309,235.39,purchase,fraud,2023-07-07
TXN_005747,CUST_0004,224.35,transfer,success,2023-01-22
TXN_005748,CUST_0288,781.96,deposit,success,2023-09-05
TXN_005749,CUST_0143,848.12,deposit,success,2023-06-22
TXN_005750,CUST_0230,232.11,withdrawal,success,2022-06-23
TXN_005751,CUST_0016,55.84,withdrawal,failed,2022-06-11
TXN_005752,CUST_0347,320.45,purchase,success,2022-04-13
TXN_005753,CUST_0303,22.64,purchase,success,2022-01-16
TXN_005754,CUST_0072,303.46,deposit,success,2022-12-24
TXN_005755,CUST_0413,482.03,deposit,success,2022-08-17
TXN_005756,CUST_0457,96.52,purchase,success,2022-04-05
TXN_005757,CUST_0347,199.19,withdrawal,success,2023-03-06
TXN_005758,CUST_0303,112.47,transfer,fraud,2022-03-09
TXN_005759,CUST_0120,115.17,transfer,success,2022-04-26
TXN_005760,CUST_0360,74.32,deposit,success,2023-05-03
TXN_005761,CUST_0215,287.21,deposit,success,2023-04-21
TXN_005762,CUST_0016,550.33,deposit,success,2023-03-02
TXN_005763,CUST_0017,565.2,transfer,success,2023-07-04
TXN_005764,CUST_0004,38.42,transfer,success,2023-03-27
TXN_005765,CUST_0302,415.48,purchase,success,2022-05-18
TXN_005766,CUST_0112,267.45,withdrawal,success,2023-09-10
TXN_005767,CUST_0143,58.29,deposit,fraud,2023-10-15
TXN_005768,CUST_0415,13.93,purchase,success,2022-01-01
TXN_005769,CUST_0328,62.39,transfer,success,2022-11-15
TXN_005770,CUST_0415,486.56,purchase,success,2023-05-03
TXN_005771,CUST_0446,200.58,transfer,success,2023-04-26
TXN_005772,CUST_0058,255.35,withdrawal,success,2022-09-21
TXN_005773,CUST_0045,59.45,transfer,success,2022-05-12
TXN_005774,CUST_0014,254.16,purchase,success,2022-11-27
TXN_005775,CUST_0380,5.7,withdrawal,success,2023-11-04
TXN_005776,CUST_0328,94.1,transfer,fraud,2023-07-07
TXN_005777,CUST_0004,197.1,deposit,success,2023-01-10
TXN_005778,CUST_0014,31.59,transfer,success,2023-09-21
TXN_005779,CUST_0380,346.33,withdrawal,success,2023-11-16
TXN_005780,CUST_0143,53.58,purchase,fraud,2022-04-09
TXN_005781,CUST_0303,211.27,withdrawal,failed,2023-05-05
TXN_005782,CUST_0217,103.91,purchase,success,2023-05-20
TXN_005783,CUST_0014,181.29,transfer,success,2023-08-08
TXN_005784,CUST_0303,22.73,transfer,success,2022-07-20
TXN_005785,CUST_0048,3.41,withdrawal,success,2022-05-09
TXN_005786,CUST_0303,480.62,deposit,success,2022-08-13
TXN_005787,CUST_0288,62.84,transfer,success,2023-06-12
TXN_005788,CUST_0004,,deposit,success,2022-05-13
TXN_005789,CUST_0072,1467.8,deposit,success,2022-05-27
TXN_005790,CUST_0280,47.51,withdrawal,failed,2022-08-19
TXN_005791,CUST_0280,61.62,transfer,success,2023-11-07
TXN_005792,CUST_0143,217.45,deposit,success,2022-03-26
TXN_005793,CUST_0016,673.06,transfer,success,2022-04-08
TXN_005794,CUST_0072,494.95,purchase,success,2023-02-18
TXN_005795,CUST_0017,139.78,deposit,success,2022-10-17
TXN_005796,CUST_0058,317.06,withdrawal,success,2023-09-22
TXN_005797,CUST_0378,29.18,withdrawal,fraud,2022-04-18
TXN_005798,CUST_0347,758.3,deposit,success,2022-09-13
TXN_005799,CUST_0072,666.82,transfer,success,2022-08-20
TXN_005800,CUST_0113,35.76,purchase,success,2022-09-14
TXN_005801,CUST_0333,71.17,purchase,success,2022-07-09
TXN_005802,CUST_0367,21.11,withdrawal,failed,2023-11-07
TXN_005803,CUST_0126,63.41,withdrawal,success,2022-11-05
TXN_005804,CUST_0302,338.52,transfer,success,2022-12-03
TXN_005805,CUST_0217,95.06,withdrawal,success,2023-12-29
TXN_005806,CUST_0017,18.51,transfer,success,2023-04-19
TXN_005807,CUST_0126,83.78,deposit,fraud,2023-11-16
TXN_005808,CUST_0120,796.74,purchase,success,2023-08-28
TXN_005809,CUST_0328,198.68,deposit,success,2023-06-17
TXN_005810,CUST_0360,107.63,withdrawal,success,2023-06-14
TXN_005811,CUST_0112,36.43,purchase,success,2023-08-15
TXN_005812,CUST_0288,856.28,purchase,success,2022-10-01
TXN_005813,CUST_0302,343.91,deposit,success,2022-05-15
TXN_005814,CUST_0280,66.11,transfer,success,2022-12-02
TXN_005815,CUST_0120,14.53,purchase,success,2023-03-09
TXN_005816,CUST_0259,11.66,transfer,success,2023-01-19
TXN_005817,CUST_0120,25.65,deposit,success,2023-11-09
TXN_005818,CUST_0347,173.87,deposit,success,2022-05-29
TXN_005819,CUST_0217,528.35,transfer,success,2023-08-17
TXN_005820,CUST_0072,137.33,deposit,success,2022-02-05
TXN_005821,CUST_0309,370.23,purchase,fraud,2023-01-30
TXN_005822,CUST_0413,118.08,deposit,success,2023-10-10
TXN_005823,CUST_0113,246.6,deposit,failed,2022-02-19
TXN_005824,CUST_0288,263.26,purchase,success,2022-07-22
TXN_005825,CUST_0259,38.22,transfer,success,2022-07-06
TXN_005826,CUST_0259,89.64,deposit,success,2022-01-15
TXN_005827,CUST_0309,202.84,transfer,fraud,2022-05-27
TXN_005828,CUST_0017,14.66,purchase,success,2023-10-12
TXN_005829,CUST_0347,89.74,transfer,success,2022-02-04
TXN_005830,CUST_0120,153.06,transfer,fraud,2022-09-01
TXN_005831,CUST_0072,1115.84,withdrawal,failed,2022-06-15
TXN_005832,CUST_0230,128.69,withdrawal,success,2023-02-11
TXN_005833,CUST_0004,338.63,deposit,fraud,2022-11-27
TXN_005834,CUST_0017,113.15,withdrawal,success,2022-01-12
TXN_005835,CUST_0004,318.31,withdrawal,success,2023-08-09
TXN_005836,CUST_0102,180.98,withdrawal,success,2023-05-08
TXN_005837,CUST_0288,435.36,transfer,success,2023-05-11
TXN_005838,CUST_0347,105.85,transfer,success,2022-12-19
TXN_005839,CUST_0120,185.42,withdrawal,success,2022-07-12
TXN_005840,CUST_0378,198.86,purchase,success,2023-10-06
TXN_005841,CUST_0360,108.05,withdrawal,success,2023-08-15
TXN_005842,CUST_0333,31.17,purchase,failed,2023-02-20
TXN_005843,CUST_0045,19.65,transfer,success,2023-04-08
TXN_005844,CUST_0389,3.36,purchase,fraud,2022-08-08
TXN_005845,CUST_0380,413.56,transfer,fraud,2023-04-10
TXN_005846,CUST_0302,53.96,purchase,fraud,2023-09-29
TXN_005847,CUST_0217,47.53,transfer,success,2022-09-27
TXN_005848,CUST_0389,266.39,transfer,success,2023-07-13
TXN_005849,CUST_0259,77.14,withdrawal,success,2023-03-27
TXN_005850,CUST_0328,141.06,deposit,success,2022-05-01
TXN_005851,CUST_0102,35.47,deposit,success,2022-10-14
TXN_005852,CUST_0457,642.51,transfer,success,2023-11-03
TXN_005853,CUST_0415,381.54,withdrawal,success,2023-06-11
TXN_005854,CUST_0215,398.71,deposit,fraud,2022-12-12
TXN_005855,CUST_0126,104.44,deposit,fraud,2022-12-12
TXN_005856,CUST_0102,287.4,withdrawal,success,2022-07-10
TXN_005857,CUST_0259,31.07,withdrawal,success,2022-09-19
TXN_005858,CUST_0016,1.73,deposit,success,2022-12-16
TXN_005859,CUST_0102,4.04,deposit,failed,2023-05-15
TXN_005860,CUST_0048,176.67,purchase,success,2023-07-17
TXN_005861,CUST_0045,121.54,purchase,success,2023-04-13
TXN_005862,CUST_0380,145.97,transfer,success,2023-11-11
TXN_005863,CUST_0126,1.5,deposit,success,2022-04-09
TXN_005864,CUST_0058,109.87,withdrawal,fraud,2023-11-16
TXN_005865,CUST_0288,253.22,withdrawal,success,2022-12-17
TXN_005866,CUST_0113,116.93,deposit,success,2023-06-16
TXN_005867,CUST_0380,263.52,transfer,failed,2022-09-27
TXN_005868,CUST_0215,53.06,withdrawal,failed,2022-03-06
TXN_005869,CUST_0360,335.48,deposit,failed,2023-01-10
TXN_005870,CUST_0045,177.56,deposit,success,2023-03-13
TXN_005871,CUST_0217,47.34,transfer,success,2023-10-20
TXN_005872,CUST_0259,54.03,deposit,success,2022-01-27
TXN_005873,CUST_0302,197.79,withdrawal,success,2023-07-11
TXN_005874,CUST_0378,354.32,purchase,success,2022-05-10
TXN_005875,CUST_0288,107.44,transfer,success,2022-04-07
TXN_005876,CUST_0280,59.76,deposit,success,2022-08-21
TXN_005877,CUST_0004,403.5,transfer,fraud,2023-04-14
TXN_005878,CUST_0113,221.29,deposit,success,2022-04-24
TXN_005879,CUST_0126,118.87,purchase,fraud,2022-05-04
TXN_005880,CUST_0014,133.85,transfer,success,2023-07-18
TXN_005881,CUST_0415,45.7,deposit,success,2023-12-31
TXN_005882,CUST_0013,197.13,purchase,success,2022-10-30
TXN_005883,CUST_0378,88.86,withdrawal,success,2022-05-10
TXN_005884,CUST_0112,1087.29,deposit,success,2022-12-22
TXN_005885,CUST_0045,130.86,purchase,failed,2022-11-11
TXN_005886,CUST_0367,133.06,purchase,success,2023-04-09
TXN_005887,CUST_0347,166.87,transfer,fraud,2023-03-23
TXN_005888,CUST_0126,497.2,deposit,success,2023-07-21
TXN_005889,CUST_0302,322.71,withdrawal,failed,2022-03-26
TXN_005890,CUST_0120,119.98,deposit,success,2023-06-01
TXN_005891,CUST_0141,253.67,purchase,success,2022-07-06
TXN_005892,CUST_0328,176.49,withdrawal,success,2023-02-12
TXN_005893,CUST_0058,135.6,purchase,success,2023-06-08
TXN_005894,CUST_0013,42.72,transfer,fraud,2022-07-19
TXN_005895,CUST_0380,124.7,deposit,success,2022-05-26
TXN_005896,CUST_0045,56.42,purchase,success,2023-11-28
TXN_005897,CUST_0053,492.65,purchase,success,2022-08-16
TXN_005898,CUST_0259,81.72,deposit,success,2022-01-18
TXN_005899,CUST_0333,608.41,withdrawal,success,2022-07-23
TXN_005900,CUST_0053,152.31,purchase,success,2022-12-29
TXN_005901,CUST_0058,199.69,deposit,success,2023-06-23
TXN_005902,CUST_0126,156.59,transfer,success,2023-09-08
TXN_005903,CUST_0013,27.71,transfer,success,2022-06-05
TXN_005904,CUST_0004,94.26,deposit,success,2023-07-31
TXN_005905,CUST_0303,20.88,purchase,failed,2023-06-28
TXN_005906,CUST_0288,195.08,deposit,fraud,2023-06-22
TXN_005907,CUST_0053,118.43,deposit,success,2022-02-18
TXN_005908,CUST_0333,301.0,purchase,success,2023-06-30
TXN_005909,CUST_0072,49.81,withdrawal,success,2023-01-07
TXN_005910,CUST_0120,35.96,withdrawal,success,2023-07-07
TXN_005911,CUST_0378,104.29,transfer,success,2022-08-24
TXN_005912,CUST_0102,522.33,withdrawal,fraud,2023-12-12
TXN_005913,CUST_0143,247.87,deposit,success,2023-06-28
TXN_005914,CUST_0017,108.57,purchase,success,2022-06-20
TXN_005915,CUST_0013,145.66,transfer,success,2023-01-19
TXN_005916,CUST_0141,17.59,withdrawal,success,2022-06-12
TXN_005917,CUST_0217,834.36,deposit,success,2022-04-13
TXN_005918,CUST_0120,219.57,transfer,success,2023-11-28
TXN_005919,CUST_0302,67.21,purchase,success,2022-06-19
TXN_005920,CUST_0380,176.29,withdrawal,success,2023-10-13
TXN_005921,CUST_0013,23.19,deposit,fraud,2023-10-12
TXN_005922,CUST_0413,675.32,purchase,success,2023-09-26
TXN_005923,CUST_0328,38.42,deposit,success,2022-08-20
TXN_005924,CUST_0328,208.84,deposit,success,2022-06-05
TXN_005925,CUST_0072,56.33,deposit,fraud,2023-07-08
TXN_005926,CUST_0347,252.86,purchase,failed,2023-09-17
TXN_005927,CUST_0413,299.96,transfer,success,2023-03-11
TXN_005928,CUST_0259,223.82,deposit,success,2022-07-27
TXN_005929,CUST_0115,190.64,transfer,success,2022-10-13
TXN_005930,CUST_0333,446.0,transfer,success,2022-02-20
TXN_005931,CUST_0016,16.38,withdrawal,success,2023-02-15
TXN_005932,CUST_0058,80.37,withdrawal,success,2022-10-31
TXN_005933,CUST_0126,57.08,transfer,success,2023-02-04
TXN_005934,CUST_0113,884.8,withdrawal,success,2023-06-19
TXN_005935,CUST_0045,98.66,withdrawal,success,2023-03-08
TXN_005936,CUST_0389,263.81,transfer,success,2023-05-03
TXN_005937,CUST_0457,230.86,purchase,success,2023-04-25
TXN_005938,CUST_0115,47.67,withdrawal,success,2022-11-26
TXN_005939,CUST_0230,54.62,withdrawal,success,2022-05-20
TXN_005940,CUST_0333,66.06,purchase,success,2022-11-04
TXN_005941,CUST_0113,105.91,purchase,success,2022-01-01
TXN_005942,CUST_0288,53.4,purchase,success,2022-03-18
TXN_005943,CUST_0004,3.97,transfer,success,2022-09-15
TXN_005944,CUST_0217,423.04,purchase,success,2023-12-27
TXN_005945,CUST_0380,674.0,transfer,success,2023-07-24
TXN_005946,CUST_0215,83.58,deposit,success,2023-11-16
TXN_005947,CUST_0014,82.65,deposit,fraud,2022-11-16
TXN_005948,CUST_0446,1.42,purchase,success,2022-08-02
TXN_005949,CUST_0415,228.04,purchase,success,2023-09-20
TXN_005950,CUST_0309,349.1,deposit,success,2023-09-01
TXN_005951,CUST_0014,31.71,transfer,fraud,2022-03-10
TXN_005952,CUST_0380,34.79,transfer,fraud,2022-03-02
TXN_005953,CUST_0045,312.21,purchase,success,2023-02-25
TXN_005954,CUST_0360,191.57,purchase,success,2022-05-24
TXN_005955,CUST_0367,9.18,purchase,success,2022-05-28
TXN_005956,CUST_0143,194.86,deposit,fraud,2023-05-08
TXN_005957,CUST_0333,73.9,withdrawal,success,2022-06-14
TXN_005958,CUST_0378,92.0,purchase,fraud,2022-09-06
TXN_005959,CUST_0113,293.7,transfer,success,2023-02-05
TXN_005960,CUST_0143,333.13,withdrawal,success,2022-06-13
TXN_005961,CUST_0333,102.28,transfer,failed,2023-10-24
TXN_005962,CUST_0120,588.07,withdrawal,success,2023-03-06
TXN_005963,CUST_0360,104.33,deposit,fraud,2023-02-05
TXN_005964,CUST_0415,295.54,withdrawal,success,2023-08-29
TXN_005965,CUST_0360,132.28,transfer,fraud,2022-07-18
TXN_005966,CUST_0413,455.64,withdrawal,success,2022-09-12
TXN_005967,CUST_0259,476.67,deposit,success,2022-12-25
TXN_005968,CUST_0113,18.3,transfer,success,2022-03-14
TXN_005969,CUST_0446,551.32,purchase,success,2022-08-20
TXN_005970,CUST_0141,349.21,withdrawal,success,2022-10-10
TXN_005971,CUST_0333,313.38,transfer,fraud,2022-05-24
TXN_005972,CUST_0004,44.86,withdrawal,success,2023-02-16
TXN_005973,CUST_0378,327.07,deposit,success,2022-05-07
TXN_005974,CUST_0360,379.6,transfer,fraud,2023-08-23
TXN_005975,CUST_0380,68.26,purchase,success,2023-11-20
TXN_005976,CUST_0004,608.4,purchase,success,2022-06-05
TXN_005977,CUST_0303,10.23,withdrawal,success,2022-07-30
TXN_005978,CUST_0288,32.48,deposit,failed,2023-03-31
TXN_005979,CUST_0380,154.26,deposit,success,2022-05-26
TXN_005980,CUST_0259,171.51,withdrawal,success,2023-11-20
TXN_005981,CUST_0058,207.21,transfer,fraud,2022-10-10
TXN_005982,CUST_0328,3.42,transfer,success,2022-12-02
TXN_005983,CUST_0113,645.62,withdrawal,success,2022-01-12
TXN_005984,CUST_0014,9.12,transfer,success,2023-10-15
TXN_005985,CUST_0120,30.88,transfer,fraud,2022-05-01
TXN_005986,CUST_0058,2.82,transfer,success,2023-06-18
TXN_005987,CUST_0415,167.34,withdrawal,success,2022-11-15
TXN_005988,CUST_0058,538.44,purchase,success,2023-06-21
TXN_005989,CUST_0413,219.29,deposit,success,2022-04-16
TXN_005990,CUST_0017,345.93,purchase,success,2023-10-06
TXN_005991,CUST_0378,2.67,transfer,success,2023-09-05
TXN_005992,CUST_0120,156.18,withdrawal,success,2023-04-28
TXN_005993,CUST_0413,123.08,deposit,success,2022-08-26
TXN_005994,CUST_0288,138.22,transfer,success,2023-11-08
TXN_005995,CUST_0120,14.99,deposit,success,2023-03-25
TXN_005996,CUST_0014,230.68,deposit,success,2022-11-02
TXN_005997,CUST_0457,139.92,purchase,success,2022-05-08
TXN_005998,CUST_0360,289.76,transfer,success,2023-07-09
TXN_005999,CUST_0126,132.83,deposit,success,2023-09-17
TXN_006000,CUST_0413,32.36,purchase,success,2023-04-11
TXN_006001,CUST_0048,208.97,withdrawal,success,2022-06-07
TXN_006002,CUST_0102,37.84,deposit,success,2022-03-14
TXN_006003,CUST_0115,411.76,transfer,success,2022-12-16
TXN_006004,CUST_0141,189.93,withdrawal,success,2022-10-06
TXN_006005,CUST_0288,34.21,deposit,success,2022-02-11
TXN_006006,CUST_0072,655.82,deposit,success,2023-01-26
TXN_006007,CUST_0333,146.11,transfer,fraud,2022-09-19
TXN_006008,CUST_0328,15.14,deposit,success,2022-04-26
TXN_006009,CUST_0014,197.15,transfer,success,2023-10-04
TXN_006010,CUST_0126,58.39,transfer,success,2023-04-23
TXN_006011,CUST_0014,325.62,transfer,success,2023-03-13
TXN_006012,CUST_0457,340.55,transfer,success,2023-08-23
TXN_006013,CUST_0217,772.15,deposit,success,2022-06-22
TXN_006014,CUST_0014,139.38,withdrawal,success,2023-12-28
TXN_006015,CUST_0141,121.38,withdrawal,success,2023-12-10
TXN_006016,CUST_0446,280.06,purchase,success,2023-05-14
TXN_006017,CUST_0014,28.42,transfer,success,2022-10-26
TXN_006018,CUST_0288,158.34,deposit,success,2022-08-19
TXN_006019,CUST_0017,158.04,deposit,success,2023-06-20
TXN_006020,CUST_0215,18.75,purchase,fraud,2022-04-16
TXN_006021,CUST_0413,108.25,withdrawal,success,2022-04-01
TXN_006022,CUST_0446,383.85,deposit,success,2023-09-10
TXN_006023,CUST_0303,387.8,purchase,success,2023-09-06
TXN_006024,CUST_0053,20.9,withdrawal,success,2023-01-07
TXN_006025,CUST_0053,19.02,deposit,success,2022-09-05
TXN_006026,CUST_0058,60.95,transfer,success,2023-11-12
TXN_006027,CUST_0389,415.51,purchase,success,2023-05-22
TXN_006028,CUST_0126,27.6,deposit,success,2023-12-20
TXN_006029,CUST_0413,254.59,purchase,success,2023-03-19
TXN_006030,CUST_0048,21.33,purchase,success,2023-03-08
TXN_006031,CUST_0017,195.18,purchase,success,2022-02-28
TXN_006032,CUST_0280,88.03,transfer,success,2023-10-16
TXN_006033,CUST_0143,311.1,withdrawal,success,2022-04-18
TXN_006034,CUST_0141,53.23,withdrawal,success,2022-10-14
TXN_006035,CUST_0053,203.89,deposit,success,2022-10-10
TXN_006036,CUST_0333,53.75,transfer,success,2022-09-15
TXN_006037,CUST_0102,250.12,withdrawal,success,2023-10-18
TXN_006038,CUST_0288,413.78,deposit,success,2023-06-05
TXN_006039,CUST_0072,27.12,deposit,success,2022-12-03
TXN_006040,CUST_0014,402.87,purchase,success,2023-03-06
TXN_006041,CUST_0112,180.07,transfer,success,2023-11-14
TXN_006042,CUST_0328,27.19,withdrawal,success,2022-09-15
TXN_006043,CUST_0446,111.56,transfer,fraud,2023-01-01
TXN_006044,CUST_0328,35.08,transfer,fraud,2022-03-27
TXN_006045,CUST_0115,241.03,withdrawal,failed,2022-01-14
TXN_006046,CUST_0004,284.48,withdrawal,success,2022-04-14
TXN_006047,CUST_0347,22.36,transfer,success,2024-01-01
TXN_006048,CUST_0328,141.1,deposit,success,2023-05-13
TXN_006049,CUST_0230,337.07,transfer,fraud,2022-09-06
TXN_006050,CUST_0014,550.28,withdrawal,success,2023-08-23
TXN_006051,CUST_0367,144.11,transfer,success,2023-05-22
TXN_006052,CUST_0017,600.27,withdrawal,success,2022-08-15
TXN_006053,CUST_0058,153.44,deposit,success,2023-08-29
TXN_006054,CUST_0413,100.24,transfer,success,2023-03-21
TXN_006055,CUST_0280,377.04,deposit,success,2023-11-13
TXN_006056,CUST_0217,135.84,transfer,success,2022-09-30
TXN_006057,CUST_0045,127.69,transfer,fraud,2022-04-17
TXN_006058,CUST_0288,134.79,withdrawal,success,2023-12-27
TXN_006059,CUST_0333,375.18,purchase,success,2023-05-15
TXN_006060,CUST_0112,356.69,withdrawal,success,2023-07-29
TXN_006061,CUST_0045,103.34,transfer,success,2023-09-14
TXN_006062,CUST_0215,81.08,purchase,success,2023-08-03
TXN_006063,CUST_0141,135.43,purchase,success,2023-01-20
TXN_006064,CUST_0013,170.09,deposit,success,2023-09-14
TXN_006065,CUST_0217,54.45,transfer,success,2023-06-16
TXN_006066,CUST_0126,315.93,withdrawal,success,2023-11-15
TXN_006067,CUST_0415,133.29,purchase,success,2023-01-27
TXN_006068,CUST_0446,81.31,purchase,success,2022-02-13
TXN_006069,CUST_0115,22.59,withdrawal,success,2023-09-09
TXN_006070,CUST_0413,54.58,withdrawal,success,2022-04-21
TXN_006071,CUST_0303,596.29,purchase,success,2023-08-28
TXN_006072,CUST_0328,72.8,withdrawal,success,2023-10-21
TXN_006073,CUST_0413,36.99,deposit,success,2022-04-11
TXN_006074,CUST_0112,123.49,purchase,success,2023-08-13
TXN_006075,CUST_0215,73.37,deposit,success,2022-04-08
TXN_006076,CUST_0126,7.16,transfer,success,2022-05-01
TXN_006077,CUST_0413,78.06,deposit,success,2022-09-02
TXN_006078,CUST_0347,157.1,withdrawal,success,2023-01-05
TXN_006079,CUST_0217,160.46,purchase,success,2023-08-18
TXN_006080,CUST_0013,88.18,deposit,success,2023-11-20
TXN_006081,CUST_0126,118.59,withdrawal,fraud,2023-12-28
TXN_006082,CUST_0309,673.46,withdrawal,success,2023-09-11
TXN_006083,CUST_0347,94.75,deposit,success,2023-03-08
TXN_006084,CUST_0141,59.74,purchase,fraud,2023-02-08
TXN_006085,CUST_0215,55.8,deposit,success,2022-02-10
TXN_006086,CUST_0016,122.41,transfer,success,2022-12-22
TXN_006087,CUST_0102,285.02,deposit,fraud,2023-10-25
TXN_006088,CUST_0347,46.13,deposit,failed,2023-03-27
TXN_006089,CUST_0115,247.09,purchase,success,2023-04-17
TXN_006090,CUST_0141,4.28,deposit,success,2023-08-11
TXN_006091,CUST_0141,108.58,withdrawal,success,2023-06-20
TXN_006092,CUST_0058,299.1,purchase,success,2022-02-08
TXN_006093,CUST_0045,82.72,withdrawal,success,2023-02-13
TXN_006094,CUST_0302,165.9,purchase,success,2023-10-06
TXN_006095,CUST_0367,45.88,transfer,fraud,2023-03-19
TXN_006096,CUST_0280,270.96,transfer,success,2023-11-17
TXN_006097,CUST_0014,10.74,transfer,success,2022-01-27
TXN_006098,CUST_0143,382.84,deposit,success,2022-08-10
TXN_006099,CUST_0215,44.18,transfer,success,2023-08-04
TXN_006100,CUST_0115,414.93,purchase,success,2022-07-05
TXN_006101,CUST_0004,86.94,transfer,success,2022-01-25
TXN_006102,CUST_0013,256.52,purchase,success,2023-10-08
TXN_006103,CUST_0112,76.9,withdrawal,success,2022-12-03
TXN_006104,CUST_0048,472.7,deposit,success,2022-04-12
TXN_006105,CUST_0048,27.08,withdrawal,success,2022-10-27
TXN_006106,CUST_0333,39.33,withdrawal,success,2023-02-27
TXN_006107,CUST_0215,135.86,transfer,success,2022-01-30
TXN_006108,CUST_0217,17.1,transfer,success,2023-04-13
TXN_006109,CUST_0380,43.63,transfer,success,2022-09-17
TXN_006110,CUST_0303,575.65,withdrawal,success,2023-01-03
TXN_006111,CUST_0053,750.06,deposit,fraud,2023-12-01
TXN_006112,CUST_0048,94.4,deposit,success,2022-12-19
TXN_006113,CUST_0378,513.53,withdrawal,success,2022-12-27
TXN_006114,CUST_0280,157.41,deposit,success,2022-09-12
TXN_006115,CUST_0347,62.87,withdrawal,success,2022-10-11
TXN_006116,CUST_0045,242.4,withdrawal,success,2023-04-02
TXN_006117,CUST_0053,215.12,deposit,success,2022-02-18
TXN_006118,CUST_0014,904.26,purchase,success,2022-11-29
TXN_006119,CUST_0072,61.59,purchase,success,2023-04-15
TXN_006120,CUST_0457,222.98,transfer,success,2023-12-17
TXN_006121,CUST_0367,10.69,deposit,success,2023-10-13
TXN_006122,CUST_0288,24.13,transfer,success,2022-09-27
TXN_006123,CUST_0120,0.79,withdrawal,success,2022-06-14
TXN_006124,CUST_0413,1505.04,purchase,success,2022-08-03
TXN_006125,CUST_0113,324.17,deposit,success,2023-07-26
TXN_006126,CUST_0215,309.03,deposit,success,2023-07-15
TXN_006127,CUST_0016,142.56,deposit,success,2023-10-26
TXN_006128,CUST_0415,71.35,purchase,success,2022-11-26
TXN_006129,CUST_0288,32.8,transfer,success,2023-02-15
TXN_006130,CUST_0230,67.0,purchase,success,2022-12-23
TXN_006131,CUST_0141,94.31,transfer,fraud,2022-06-26
TXN_006132,CUST_0217,282.37,withdrawal,success,2023-05-27
TXN_006133,CUST_0215,155.16,withdrawal,success,2022-04-02
TXN_006134,CUST_0053,16.13,transfer,success,2022-12-08
TXN_006135,CUST_0126,3.64,withdrawal,success,2022-12-27
TXN_006136,CUST_0016,21.59,withdrawal,success,2023-09-24
TXN_006137,CUST_0113,105.7,deposit,fraud,2023-07-06
TXN_006138,CUST_0126,541.19,deposit,success,2022-08-22
TXN_006139,CUST_0215,202.89,purchase,success,2022-11-21
TXN_006140,CUST_0415,323.72,purchase,success,2022-11-10
TXN_006141,CUST_0457,125.61,purchase,success,2022-04-14
TXN_006142,CUST_0120,89.78,deposit,success,2022-04-03
TXN_006143,CUST_0217,22.95,purchase,success,2023-10-17
TXN_006144,CUST_0120,417.39,purchase,success,2023-02-20
TXN_006145,CUST_0017,305.72,deposit,success,2022-11-17
TXN_006146,CUST_0302,36.81,transfer,success,2023-09-29
TXN_006147,CUST_0389,143.59,deposit,success,2023-05-25
TXN_006148,CUST_0367,133.64,transfer,success,2023-10-17
TXN_006149,CUST_0309,196.21,deposit,fraud,2022-07-10
TXN_006150,CUST_0347,584.45,purchase,success,2023-01-27
TXN_006151,CUST_0115,173.39,withdrawal,success,2022-07-27
TXN_006152,CUST_0446,155.4,withdrawal,fraud,2022-09-29
TXN_006153,CUST_0309,10.33,transfer,success,2023-12-26
TXN_006154,CUST_0048,12.99,transfer,success,2023-05-13
TXN_006155,CUST_0333,41.49,transfer,success,2022-12-26
TXN_006156,CUST_0143,6.6,withdrawal,success,2022-12-12
TXN_006157,CUST_0413,272.01,transfer,success,2023-03-25
TXN_006158,CUST_0280,256.99,deposit,success,2023-01-06
TXN_006159,CUST_0045,29.25,deposit,fraud,2022-06-13
TXN_006160,CUST_0378,361.67,withdrawal,success,2022-06-22
TXN_006161,CUST_0415,33.63,deposit,success,2022-11-27
TXN_006162,CUST_0217,71.67,transfer,success,2022-01-17
TXN_006163,CUST_0143,57.26,withdrawal,success,2022-04-25
TXN_006164,CUST_0328,93.14,transfer,success,2022-07-14
TXN_006165,CUST_0415,58.78,deposit,success,2023-08-19
TXN_006166,CUST_0389,134.26,transfer,success,2022-11-14
TXN_006167,CUST_0413,104.65,withdrawal,success,2023-06-03
TXN_006168,CUST_0347,862.05,transfer,success,2023-12-19
TXN_006169,CUST_0102,11.51,deposit,failed,2023-10-20
TXN_006170,CUST_0302,30.67,purchase,success,2023-07-28
TXN_006171,CUST_0360,10.85,withdrawal,fraud,2022-10-31
TXN_006172,CUST_0058,196.61,transfer,success,2023-07-28
TXN_006173,CUST_0072,11.21,withdrawal,success,2023-07-06
TXN_006174,CUST_0333,362.11,transfer,success,2022-07-02
TXN_006175,CUST_0141,143.46,purchase,fraud,2023-02-12
TXN_006176,CUST_0115,149.74,deposit,success,2023-09-26
TXN_006177,CUST_0053,164.92,transfer,success,2023-12-14
TXN_006178,CUST_0120,37.46,transfer,success,2022-03-19
TXN_006179,CUST_0367,44.05,purchase,success,2022-07-23
TXN_006180,CUST_0004,76.78,withdrawal,success,2022-04-06
TXN_006181,CUST_0102,180.03,deposit,success,2022-04-03
TXN_006182,CUST_0389,47.17,transfer,success,2023-12-30
TXN_006183,CUST_0347,24.73,transfer,success,2023-09-05
TXN_006184,CUST_0415,702.09,deposit,success,2023-11-11
TXN_006185,CUST_0378,4.45,purchase,success,2023-02-19
TXN_006186,CUST_0446,324.6,withdrawal,success,2022-09-27
TXN_006187,CUST_0058,310.27,deposit,success,2022-05-30
TXN_006188,CUST_0217,70.54,withdrawal,success,2022-12-15
TXN_006189,CUST_0389,29.15,purchase,success,2023-06-30
TXN_006190,CUST_0230,31.48,purchase,fraud,2022-12-29
TXN_006191,CUST_0053,239.09,deposit,success,2023-02-11
TXN_006192,CUST_0378,205.9,transfer,success,2022-05-17
TXN_006193,CUST_0112,305.34,purchase,success,2023-01-30
TXN_006194,CUST_0415,554.46,purchase,success,2022-04-17
TXN_006195,CUST_0215,235.48,deposit,success,2022-10-28
TXN_006196,CUST_0016,33.89,deposit,success,2023-09-21
TXN_006197,CUST_0280,55.8,deposit,failed,2023-08-07
TXN_006198,CUST_0367,369.28,purchase,success,2022-03-26
TXN_006199,CUST_0017,46.97,withdrawal,success,2022-11-28
TXN_006200,CUST_0328,15.06,purchase,success,2022-08-19
TXN_006201,CUST_0215,242.99,deposit,success,2023-03-30
TXN_006202,CUST_0048,103.01,transfer,success,2022-02-11
TXN_006203,CUST_0280,505.25,transfer,failed,2022-09-09
TXN_006204,CUST_0112,210.11,deposit,success,2023-07-16
TXN_006205,CUST_0017,18.95,transfer,success,2022-06-08
TXN_006206,CUST_0367,590.75,purchase,success,2023-11-15
TXN_006207,CUST_0053,59.83,withdrawal,success,2022-10-08
TXN_006208,CUST_0303,82.26,purchase,success,2022-01-27
TXN_006209,CUST_0115,102.92,deposit,success,2023-05-22
TXN_006210,CUST_0072,10.52,purchase,success,2022-08-18
TXN_006211,CUST_0230,137.24,transfer,success,2023-12-13
TXN_006212,CUST_0457,26.32,purchase,success,2022-08-13
TXN_006213,CUST_0446,102.49,withdrawal,success,2022-09-09
TXN_006214,CUST_0045,86.38,transfer,success,2022-08-20
TXN_006215,CUST_0415,296.42,withdrawal,success,2023-03-27
TXN_006216,CUST_0120,325.08,withdrawal,success,2023-10-26
TXN_006217,CUST_0309,33.31,withdrawal,success,2022-08-10
TXN_006218,CUST_0413,91.32,purchase,fraud,2022-05-29
TXN_006219,CUST_0360,93.47,purchase,fraud,2022-01-13
TXN_006220,CUST_0112,32.84,purchase,failed,2022-10-31
TXN_006221,CUST_0230,320.35,purchase,success,2022-09-07
TXN_006222,CUST_0072,245.67,transfer,success,2022-01-22
TXN_006223,CUST_0360,42.24,purchase,failed,2023-09-19
TXN_006224,CUST_0112,91.37,transfer,success,2023-05-10
TXN_006225,CUST_0126,22.37,withdrawal,success,2023-03-26
TXN_006226,CUST_0288,197.88,transfer,fraud,2023-03-01
TXN_006227,CUST_0141,25.88,deposit,success,2023-07-24
TXN_006228,CUST_0217,852.8,purchase,success,2023-07-19
TXN_006229,CUST_0328,303.45,deposit,success,2023-08-05
TXN_006230,CUST_0259,98.94,transfer,success,2022-07-16
TXN_006231,CUST_0102,172.82,purchase,success,2023-02-27
TXN_006232,CUST_0017,484.59,deposit,success,2022-07-10
TXN_006233,CUST_0045,161.53,purchase,success,2023-06-16
TXN_006234,CUST_0120,38.35,transfer,success,2023-08-18
TXN_006235,CUST_0378,95.19,deposit,success,2023-02-14
TXN_006236,CUST_0115,370.49,transfer,success,2023-10-05
TXN_006237,CUST_0259,206.68,deposit,success,2023-08-13
TXN_006238,CUST_0072,210.38,withdrawal,success,2023-02-01
TXN_006239,CUST_0120,403.21,withdrawal,success,2022-09-25
TXN_006240,CUST_0072,448.81,withdrawal,success,2023-12-25
TXN_006241,CUST_0115,504.63,withdrawal,success,2023-01-08
TXN_006242,CUST_0415,19.93,withdrawal,success,2022-09-27
TXN_006243,CUST_0126,157.11,transfer,success,2023-03-18
TXN_006244,CUST_0102,269.81,withdrawal,success,2023-01-15
TXN_006245,CUST_0280,282.88,transfer,success,2023-01-09
TXN_006246,CUST_0389,186.64,withdrawal,fraud,2022-08-29
TXN_006247,CUST_0053,36.49,purchase,fraud,2022-11-24
TXN_006248,CUST_0367,319.32,withdrawal,success,2023-07-08
TXN_006249,CUST_0259,254.67,purchase,success,2023-01-01
TXN_006250,CUST_0302,18.01,transfer,success,2022-03-20
TXN_006251,CUST_0378,124.65,withdrawal,success,2023-12-11
TXN_006252,CUST_0126,38.23,deposit,success,2022-05-18
TXN_006253,CUST_0347,82.34,transfer,success,2022-11-26
TXN_006254,CUST_0457,3.65,withdrawal,success,2023-12-21
TXN_006255,CUST_0302,102.28,transfer,success,2022-09-10
TXN_006256,CUST_0415,159.65,deposit,success,2023-07-06
TXN_006257,CUST_0217,193.3,withdrawal,success,2023-08-16
TXN_006258,CUST_0126,217.83,deposit,success,2022-05-12
TXN_006259,CUST_0303,361.93,withdrawal,success,2022-04-09
TXN_006260,CUST_0230,48.53,purchase,fraud,2023-06-04
TXN_006261,CUST_0217,25.68,transfer,success,2023-12-27
TXN_006262,CUST_0113,381.48,deposit,success,2023-05-03
TXN_006263,CUST_0072,34.07,transfer,fraud,2023-07-03
TXN_006264,CUST_0328,735.87,deposit,failed,2022-11-18
TXN_006265,CUST_0259,369.71,transfer,success,2022-04-18
TXN_006266,CUST_0380,138.98,transfer,success,2023-09-11
TXN_006267,CUST_0112,797.15,transfer,success,2022-08-22
TXN_006268,CUST_0230,20.49,purchase,success,2022-12-23
TXN_006269,CUST_0017,72.21,withdrawal,fraud,2023-12-20
TXN_006270,CUST_0303,203.35,purchase,success,2023-10-23
TXN_006271,CUST_0457,86.16,transfer,success,2023-07-22
TXN_006272,CUST_0360,527.26,deposit,success,2022-08-18
TXN_006273,CUST_0115,13.58,transfer,success,2023-04-22
TXN_006274,CUST_0102,159.44,withdrawal,success,2022-10-03
TXN_006275,CUST_0360,178.74,purchase,success,2023-08-12
TXN_006276,CUST_0367,211.53,withdrawal,success,2022-02-24
TXN_006277,CUST_0389,59.05,deposit,success,2023-04-17
TXN_006278,CUST_0328,90.69,withdrawal,success,2023-09-26
TXN_006279,CUST_0072,371.17,purchase,success,2023-03-25
TXN_006280,CUST_0389,43.37,deposit,success,2023-05-25
TXN_006281,CUST_0413,350.74,withdrawal,success,2023-08-29
TXN_006282,CUST_0115,165.41,purchase,success,2023-03-23
TXN_006283,CUST_0367,287.25,purchase,success,2022-03-08
TXN_006284,CUST_0328,250.08,transfer,success,2022-06-25
TXN_006285,CUST_0413,46.52,withdrawal,success,2022-01-23
TXN_006286,CUST_0017,168.24,deposit,fraud,2023-07-28
TXN_006287,CUST_0141,404.57,transfer,success,2023-04-05
TXN_006288,CUST_0280,113.17,withdrawal,success,2023-07-27
TXN_006289,CUST_0017,679.78,withdrawal,success,2023-10-28
TXN_006290,CUST_0309,120.37,deposit,success,2022-02-28
TXN_006291,CUST_0053,30.81,transfer,fraud,2022-12-22
TXN_006292,CUST_0058,98.67,transfer,success,2023-05-04
TXN_006293,CUST_0360,606.07,deposit,success,2023-12-25
TXN_006294,CUST_0017,77.05,transfer,success,2022-06-01
TXN_006295,CUST_0102,405.14,purchase,success,2022-03-07
TXN_006296,CUST_0280,426.15,deposit,success,2023-11-30
TXN_006297,CUST_0017,86.21,withdrawal,success,2022-12-29
TXN_006298,CUST_0288,17.39,deposit,success,2022-03-08
TXN_006299,CUST_0143,257.88,purchase,success,2022-10-10
TXN_006300,CUST_0014,74.65,deposit,success,2023-08-07
TXN_006301,CUST_0389,305.5,withdrawal,success,2022-09-16
TXN_006302,CUST_0230,116.91,withdrawal,success,2022-01-29
TXN_006303,CUST_0302,132.82,deposit,success,2024-01-01
TXN_006304,CUST_0115,300.93,deposit,success,2023-09-05
TXN_006305,CUST_0360,96.37,purchase,success,2023-05-18
TXN_006306,CUST_0120,117.08,purchase,success,2023-03-18
TXN_006307,CUST_0112,94.38,withdrawal,success,2023-12-23
TXN_006308,CUST_0045,91.56,transfer,success,2022-05-17
TXN_006309,CUST_0102,149.29,transfer,fraud,2023-02-10
TXN_006310,CUST_0378,330.89,transfer,success,2022-08-09
TXN_006311,CUST_0347,89.81,transfer,success,2023-11-09
TXN_006312,CUST_0004,148.57,withdrawal,failed,2023-04-08
TXN_006313,CUST_0014,222.17,transfer,fraud,2022-11-14
TXN_006314,CUST_0389,62.79,transfer,success,2023-07-06
TXN_006315,CUST_0141,65.01,deposit,success,2023-12-15
TXN_006316,CUST_0072,541.85,transfer,success,2023-11-22
TXN_006317,CUST_0013,257.13,deposit,success,2022-11-08
TXN_006318,CUST_0230,172.16,withdrawal,success,2022-12-05
TXN_006319,CUST_0259,208.67,deposit,success,2022-08-27
TXN_006320,CUST_0217,5.95,purchase,success,2023-08-07
TXN_006321,CUST_0113,192.52,deposit,success,2023-06-05
TXN_006322,CUST_0053,142.47,transfer,success,2023-02-21
TXN_006323,CUST_0053,157.82,deposit,success,2022-05-28
TXN_006324,CUST_0347,89.08,deposit,fraud,2023-07-07
TXN_006325,CUST_0328,17.0,withdrawal,success,2023-11-29
TXN_006326,CUST_0367,42.97,withdrawal,success,2023-08-24
TXN_006327,CUST_0143,602.15,transfer,fraud,2022-11-19
TXN_006328,CUST_0217,105.09,purchase,fraud,2022-01-07
TXN_006329,CUST_0014,125.73,purchase,success,2023-09-17
TXN_006330,CUST_0058,10.83,deposit,fraud,2022-02-24
TXN_006331,CUST_0143,7.66,purchase,success,2023-12-31
TXN_006332,CUST_0360,252.59,withdrawal,success,2023-01-02
TXN_006333,CUST_0347,154.48,transfer,success,2023-08-25
TXN_006334,CUST_0280,142.14,transfer,success,2022-05-03
TXN_006335,CUST_0413,55.71,withdrawal,success,2022-03-14
TXN_006336,CUST_0280,273.1,transfer,success,2023-09-21
TXN_006337,CUST_0259,36.84,deposit,success,2022-03-07
TXN_006338,CUST_0259,42.13,transfer,success,2023-06-27
TXN_006339,CUST_0004,123.5,purchase,success,2023-02-28
TXN_006340,CUST_0112,67.45,transfer,success,2022-06-15
TXN_006341,CUST_0141,56.86,transfer,success,2022-07-19
TXN_006342,CUST_0280,207.26,withdrawal,success,2022-09-12
TXN_006343,CUST_0378,210.52,withdrawal,success,2023-09-08
TXN_006344,CUST_0126,348.04,purchase,success,2022-07-03
TXN_006345,CUST_0058,108.16,withdrawal,success,2022-07-05
TXN_006346,CUST_0217,15.18,purchase,success,2022-01-31
TXN_006347,CUST_0112,63.95,deposit,success,2023-10-27
TXN_006348,CUST_0016,782.46,purchase,fraud,2023-05-22
TXN_006349,CUST_0217,181.4,transfer,success,2022-05-03
TXN_006350,CUST_0143,247.39,purchase,success,2022-12-06
TXN_006351,CUST_0367,1.48,deposit,success,2022-04-02
TXN_006352,CUST_0378,146.05,transfer,success,2022-04-07
TXN_006353,CUST_0045,7.65,purchase,fraud,2023-02-18
TXN_006354,CUST_0288,168.44,withdrawal,success,2023-08-11
TXN_006355,CUST_0017,507.08,withdrawal,success,2023-12-19
TXN_006356,CUST_0053,691.04,withdrawal,success,2023-12-03
TXN_006357,CUST_0102,155.55,purchase,success,2023-02-01
TXN_006358,CUST_0143,122.57,purchase,success,2023-02-22
TXN_006359,CUST_0367,580.15,deposit,success,2023-01-26
TXN_006360,CUST_0367,223.93,transfer,failed,2023-12-15
TXN_006361,CUST_0288,13.42,transfer,success,2023-05-01
TXN_006362,CUST_0048,125.37,transfer,success,2022-05-22
TXN_006363,CUST_0004,54.95,transfer,success,2022-12-18
TXN_006364,CUST_0016,126.9,purchase,success,2022-07-07
TXN_006365,CUST_0141,121.56,purchase,success,2022-04-09
TXN_006366,CUST_0389,174.52,deposit,success,2022-11-15
TXN_006367,CUST_0045,88.25,transfer,success,2022-12-30
TXN_006368,CUST_0380,35.89,purchase,success,2022-07-01
TXN_006369,CUST_0215,140.12,purchase,success,2023-12-26
TXN_006370,CUST_0288,354.63,purchase,success,2023-03-17
TXN_006371,CUST_0415,218.14,purchase,success,2022-09-16
TXN_006372,CUST_0112,82.61,transfer,success,2023-05-27
TXN_006373,CUST_0259,548.29,transfer,success,2022-04-03
TXN_006374,CUST_0113,486.56,purchase,success,2022-07-08
TXN_006375,CUST_0303,46.98,withdrawal,success,2022-09-24
TXN_006376,CUST_0367,8.04,deposit,success,2023-02-16
TXN_006377,CUST_0302,270.42,transfer,success,2022-07-25
TXN_006378,CUST_0347,351.6,transfer,success,2022-08-21
TXN_006379,CUST_0016,687.56,withdrawal,success,2022-12-26
TXN_006380,CUST_0280,441.16,transfer,fraud,2023-10-25
TXN_006381,CUST_0389,183.53,withdrawal,success,2023-10-11
TXN_006382,CUST_0280,151.03,withdrawal,success,2022-03-25
TXN_006383,CUST_0389,5.65,purchase,success,2022-12-14
TXN_006384,CUST_0013,56.65,transfer,success,2023-04-08
TXN_006385,CUST_0309,123.09,deposit,success,2022-04-07
TXN_006386,CUST_0347,198.04,withdrawal,success,2023-06-21
TXN_006387,CUST_0446,162.95,deposit,success,2022-09-21
TXN_006388,CUST_0048,271.45,purchase,success,2022-01-21
TXN_006389,CUST_0141,65.64,transfer,success,2023-09-13
TXN_006390,CUST_0112,166.46,purchase,success,2022-03-04
TXN_006391,CUST_0115,18.45,purchase,success,2023-07-25
TXN_006392,CUST_0045,106.77,deposit,success,2022-03-02
TXN_006393,CUST_0367,277.39,deposit,success,2023-12-01
TXN_006394,CUST_0389,236.44,withdrawal,success,2023-01-18
,CUST_0045,934.32,transfer,success,2022-04-08
TXN_006396,CUST_0367,65.12,purchase,success,2022-06-22
TXN_006397,CUST_0413,137.91,withdrawal,success,2022-01-02
TXN_006398,CUST_0115,79.96,withdrawal,success,2023-06-26
TXN_006399,CUST_0360,116.18,purchase,success,2022-01-13
TXN_006400,CUST_0113,388.91,purchase,success,2022-01-05
TXN_006401,CUST_0126,230.53,withdrawal,success,2022-12-01
TXN_006402,CUST_0113,428.16,purchase,success,2023-01-29
TXN_006403,CUST_0014,45.51,purchase,success,2022-11-10
TXN_006404,CUST_0380,413.28,deposit,success,2022-01-29
TXN_006405,CUST_0141,12.32,transfer,success,2023-08-05
TXN_006406,CUST_0112,438.92,withdrawal,fraud,2023-07-31
TXN_006407,CUST_0259,79.82,purchase,failed,2023-01-19
TXN_006408,CUST_0143,75.55,withdrawal,success,2022-03-13
TXN_006409,CUST_0017,143.52,transfer,fraud,2022-06-26
TXN_006410,CUST_0016,565.0,withdrawal,success,2022-07-13
TXN_006411,CUST_0217,9.79,withdrawal,fraud,2023-10-14
TXN_006412,CUST_0328,86.84,withdrawal,success,2023-09-28
TXN_006413,CUST_0309,388.38,deposit,success,2023-05-26
TXN_006414,CUST_0280,100.85,transfer,success,2022-07-06
TXN_006415,CUST_0013,44.42,transfer,success,2023-07-03
TXN_006416,CUST_0446,110.61,withdrawal,success,2022-08-12
TXN_006417,CUST_0217,97.41,withdrawal,success,2022-12-20
TXN_006418,CUST_0072,494.0,transfer,fraud,2022-04-10
TXN_006419,CUST_0360,287.04,purchase,success,2023-12-01
TXN_006420,CUST_0217,140.69,deposit,success,2022-06-08
TXN_006421,CUST_0259,890.84,transfer,success,2023-09-07
TXN_006422,CUST_0017,125.2,withdrawal,success,2023-01-19
TXN_006423,CUST_0045,12.0,purchase,success,2023-08-11
TXN_006424,CUST_0017,60.84,purchase,success,2022-07-01
TXN_006425,CUST_0280,114.57,purchase,success,2023-03-28
TXN_006426,CUST_0367,34.13,deposit,success,2023-12-25
TXN_006427,CUST_0016,589.64,deposit,success,2022-07-01
TXN_006428,CUST_0072,291.21,transfer,success,2023-06-04
TXN_006429,CUST_0004,62.47,transfer,success,2022-06-02
TXN_006430,CUST_0014,178.71,transfer,success,2023-04-01
TXN_006431,CUST_0102,255.63,transfer,fraud,2022-02-01
TXN_006432,CUST_0016,566.99,withdrawal,failed,2023-09-30
TXN_006433,CUST_0347,426.8,deposit,success,2022-02-09
TXN_006434,CUST_0120,144.8,purchase,success,2023-07-05
TXN_006435,CUST_0113,298.02,withdrawal,success,2022-05-04
TXN_006436,CUST_0013,165.17,transfer,success,2022-11-16
TXN_006437,CUST_0120,160.91,transfer,success,2022-10-26
TXN_006438,CUST_0259,24.38,withdrawal,success,2022-04-21
TXN_006439,CUST_0230,26.97,purchase,success,2022-12-24
TXN_006440,CUST_0141,150.81,deposit,success,2023-12-01
TXN_006441,CUST_0058,62.63,deposit,success,2022-07-04
TXN_006442,CUST_0016,4.25,purchase,success,2023-08-28
TXN_006443,CUST_0378,256.63,deposit,success,2023-06-15
TXN_006444,CUST_0072,6.61,transfer,success,2022-06-21
TXN_006445,CUST_0378,180.91,transfer,success,2022-04-13
TXN_006446,CUST_0303,,transfer,success,2023-05-25
TXN_006447,CUST_0045,693.56,transfer,fraud,2022-07-17
TXN_006448,CUST_0378,132.41,purchase,success,2023-09-10
TXN_006449,CUST_0058,13.14,deposit,failed,2022-06-08
TXN_006450,CUST_0215,160.45,deposit,success,2023-09-20
TXN_006451,CUST_0115,367.89,withdrawal,failed,2022-12-12
TXN_006452,CUST_0457,1152.03,purchase,success,2023-04-11
TXN_006453,CUST_0280,112.54,deposit,success,2023-11-06
TXN_006454,CUST_0280,77.22,deposit,success,2023-07-16
TXN_006455,CUST_0302,474.29,withdrawal,success,2023-02-03
TXN_006456,CUST_0280,42.45,transfer,success,2023-04-04
TXN_006457,CUST_0016,191.13,deposit,success,2022-04-30
TXN_006458,CUST_0120,104.08,transfer,success,2023-11-16
TXN_006459,CUST_0013,8.39,withdrawal,success,2023-07-22
TXN_006460,CUST_0413,85.32,deposit,success,2022-03-09
TXN_006461,CUST_0120,61.64,transfer,success,2022-12-13
TXN_006462,CUST_0217,231.73,purchase,success,2022-09-10
TXN_006463,CUST_0217,594.37,transfer,success,2023-01-10
TXN_006464,CUST_0280,62.41,transfer,success,2022-05-25
TXN_006465,CUST_0215,333.7,transfer,success,2022-09-03
TXN_006466,CUST_0143,11.39,transfer,fraud,2023-05-18
TXN_006467,CUST_0380,154.49,purchase,success,2022-07-12
TXN_006468,CUST_0217,14.63,withdrawal,success,2023-02-18
TXN_006469,CUST_0013,543.72,transfer,success,2022-02-12
TXN_006470,CUST_0113,290.79,transfer,success,2023-01-02
TXN_006471,CUST_0143,214.56,deposit,success,2022-03-02
TXN_006472,CUST_0126,347.34,deposit,success,2023-05-07
TXN_006473,CUST_0215,208.55,purchase,success,2023-11-07
TXN_006474,CUST_0328,694.4,purchase,fraud,2023-12-26
TXN_006475,CUST_0013,250.32,purchase,success,2023-08-29
TXN_006476,CUST_0115,517.15,,success,2022-04-12
TXN_006477,CUST_0217,145.6,transfer,success,2023-06-17
TXN_006478,CUST_0048,24.9,deposit,success,2022-04-04
TXN_006479,CUST_0113,150.23,withdrawal,success,2023-11-11
TXN_006480,CUST_0120,27.13,purchase,success,2023-11-02
TXN_006481,CUST_0102,179.54,purchase,success,2022-11-25
TXN_006482,CUST_0415,131.75,purchase,success,2023-06-24
TXN_006483,CUST_0045,194.88,withdrawal,success,2023-07-31
TXN_006484,CUST_0328,2.02,transfer,success,2023-08-12
TXN_006485,CUST_0446,43.34,transfer,failed,2023-12-21
TXN_006486,CUST_0058,135.19,transfer,fraud,2023-06-29
TXN_006487,CUST_0141,601.17,purchase,success,2023-06-19
TXN_006420,CUST_0217,96.77,transfer,success,2023-02-08
TXN_006489,CUST_0016,110.46,deposit,success,2023-07-14
TXN_006490,CUST_0016,250.84,purchase,success,2023-10-21
TXN_006491,CUST_0113,185.16,withdrawal,success,2022-07-25
TXN_006492,CUST_0058,71.03,withdrawal,success,2022-10-17
TXN_006493,CUST_0013,105.8,transfer,success,2022-11-25
TXN_006494,CUST_0072,49.1,purchase,fraud,2022-05-19
TXN_006495,CUST_0215,676.41,deposit,success,2023-04-04
TXN_006496,CUST_0004,28.0,deposit,success,2022-07-22
TXN_006497,CUST_0302,92.99,purchase,success,2022-10-27
TXN_006498,CUST_0378,5.24,transfer,fraud,2023-10-04
TXN_006499,CUST_0016,50.15,withdrawal,success,2023-03-13
TXN_006500,CUST_0333,303.25,withdrawal,fraud,2023-02-18
TXN_006501,CUST_0215,44.92,deposit,success,2023-03-22
TXN_006502,CUST_0016,16.69,deposit,success,2023-01-22
TXN_006503,CUST_0230,128.66,deposit,success,2022-03-26
TXN_006504,CUST_0045,2.0,withdrawal,success,2023-05-18
TXN_006505,CUST_0115,17.72,deposit,success,2022-01-25
TXN_006506,CUST_0143,329.66,withdrawal,success,2023-05-19
TXN_006507,CUST_0367,295.22,withdrawal,failed,2022-04-17
TXN_006508,CUST_0143,493.35,transfer,success,2022-11-26
TXN_006509,CUST_0058,385.54,transfer,success,2023-07-29
TXN_006510,CUST_0126,229.88,transfer,success,2023-05-11
TXN_006511,CUST_0045,10.75,deposit,success,2023-09-17
TXN_006512,CUST_0112,305.43,withdrawal,success,2023-02-03
TXN_006513,CUST_0126,373.53,deposit,success,2022-11-10
TXN_006514,CUST_0215,320.97,withdrawal,success,2023-05-25
TXN_006515,CUST_0415,142.05,transfer,success,2022-10-22
TXN_006516,CUST_0328,53.03,transfer,success,2023-12-02
TXN_006517,CUST_0102,373.29,deposit,success,2023-12-17
TXN_006518,CUST_0230,259.78,withdrawal,success,2022-02-26
TXN_006519,CUST_0302,790.16,deposit,success,2023-06-25
TXN_006520,CUST_0048,33.85,purchase,failed,2022-02-12
TXN_006521,CUST_0347,51.15,deposit,success,2022-07-12
TXN_006522,CUST_0367,47.6,transfer,fraud,2022-04-02
TXN_006523,CUST_0016,314.56,withdrawal,success,2022-11-11
TXN_006524,CUST_0367,41.38,withdrawal,success,2023-08-25
TXN_006525,CUST_0014,13.8,deposit,success,2023-08-08
TXN_006526,CUST_0126,1308.73,transfer,success,2023-07-10
TXN_006527,CUST_0113,5.03,purchase,success,2022-06-27
TXN_006528,CUST_0126,360.66,deposit,failed,2023-10-19
TXN_006529,CUST_0347,90.94,withdrawal,success,2022-11-18
TXN_006530,CUST_0013,368.55,transfer,success,2022-02-19
TXN_006531,CUST_0446,161.77,withdrawal,success,2023-07-02
TXN_006532,CUST_0378,463.81,withdrawal,success,2022-01-29
TXN_006533,CUST_0143,521.26,withdrawal,success,2022-02-18
TXN_006534,CUST_0328,1.83,withdrawal,fraud,2022-11-07
TXN_006535,CUST_0053,15.68,purchase,,2023-01-30
TXN_006536,CUST_0328,57.63,transfer,failed,2022-07-12
TXN_006537,CUST_0013,221.32,deposit,success,2022-12-27
TXN_006538,CUST_0004,438.34,transfer,success,2023-07-05
TXN_006539,CUST_0126,123.22,transfer,success,2022-02-23
TXN_006540,CUST_0072,186.78,transfer,success,2023-12-02
TXN_006541,CUST_0259,41.77,deposit,success,2023-03-21
TXN_006542,CUST_0413,326.92,transfer,success,2023-06-05
TXN_006543,CUST_0120,684.25,deposit,failed,2023-06-21
TXN_006544,CUST_0389,62.56,deposit,success,2022-07-02
TXN_006545,CUST_0102,136.57,purchase,fraud,2023-06-05
TXN_006546,CUST_0217,18.01,withdrawal,success,2023-01-15
TXN_006547,CUST_0380,163.8,deposit,success,2023-11-29
TXN_006548,CUST_0280,139.75,withdrawal,success,2023-12-17
TXN_006549,CUST_0016,31.2,transfer,success,2022-02-15
TXN_006550,CUST_0004,116.7,withdrawal,success,2022-08-08
TXN_006551,CUST_0280,81.32,withdrawal,success,2022-04-12
TXN_006552,CUST_0413,147.56,withdrawal,success,2023-04-14
TXN_006553,CUST_0045,176.21,transfer,success,2022-07-10
TXN_006554,CUST_0113,1.71,transfer,success,2022-08-15
TXN_006555,CUST_0045,286.26,deposit,success,2023-12-31
TXN_006556,CUST_0415,249.66,deposit,success,2022-11-24
TXN_006557,CUST_0215,91.23,purchase,success,2022-03-16
TXN_006558,CUST_0446,10.88,transfer,success,2022-07-28
TXN_006559,CUST_0058,281.24,purchase,failed,2023-05-23
TXN_006560,CUST_0328,621.0,transfer,success,2022-07-31
TXN_006561,CUST_0309,54.93,withdrawal,success,2023-08-08
TXN_006562,CUST_0380,78.17,purchase,success,2023-10-18
TXN_006563,CUST_0102,40.62,purchase,success,2023-09-20
TXN_006564,CUST_0143,172.05,purchase,success,2022-01-16
TXN_006565,CUST_0457,33.65,transfer,success,2022-02-16
TXN_006566,CUST_0013,88.07,deposit,success,2023-01-26
TXN_006567,CUST_0259,238.81,purchase,success,2022-07-30
TXN_006568,CUST_0072,164.25,deposit,success,2023-12-07
TXN_006569,CUST_0113,97.7,transfer,success,2022-04-30
TXN_006570,CUST_0378,109.03,purchase,failed,2022-10-25
TXN_006571,CUST_0328,165.16,transfer,success,2022-01-05
TXN_006572,CUST_0303,1.18,deposit,success,2022-09-04
TXN_006573,CUST_0347,16.35,deposit,success,2023-11-07
TXN_006574,CUST_0014,426.16,purchase,success,2022-12-05
TXN_006575,CUST_0215,16.22,deposit,fraud,2022-07-01
TXN_006576,CUST_0120,245.38,withdrawal,success,2023-02-04
TXN_006577,CUST_0309,505.24,withdrawal,success,2022-08-22
TXN_006578,CUST_0415,63.13,purchase,success,2023-01-16
TXN_006579,CUST_0112,92.56,transfer,success,2023-02-16
TXN_006580,CUST_0413,168.29,transfer,success,2022-02-15
TXN_006581,CUST_0347,426.92,transfer,fraud,2022-06-09
TXN_006582,CUST_0457,569.14,withdrawal,success,2022-05-26
TXN_006583,CUST_0072,269.08,deposit,success,2023-09-06
TXN_006584,CUST_0143,18.12,withdrawal,success,2022-09-10
TXN_006585,CUST_0004,221.22,deposit,success,2023-09-29
TXN_006586,CUST_0415,105.63,withdrawal,success,2023-11-16
TXN_006587,CUST_0141,127.24,transfer,success,2022-09-22
TXN_006588,CUST_0230,10.08,transfer,success,2023-03-09
TXN_006589,CUST_0380,42.41,transfer,success,2023-11-28
TXN_006590,CUST_0389,312.62,purchase,success,2023-08-08
TXN_006591,CUST_0120,121.01,purchase,success,2023-12-29
TXN_006592,CUST_0072,71.81,deposit,success,2023-10-04
TXN_006593,CUST_0112,96.91,purchase,success,2022-11-14
TXN_006594,CUST_0347,385.38,withdrawal,success,2022-07-29
TXN_006595,CUST_0415,276.46,withdrawal,success,2023-11-01
TXN_006596,CUST_0126,63.58,deposit,failed,2022-10-07
TXN_006597,CUST_0230,25.0,deposit,failed,2023-02-24
TXN_006598,CUST_0016,58.07,transfer,fraud,2023-12-08
TXN_006599,CUST_0288,507.05,purchase,fraud,2022-01-11
TXN_006600,CUST_0280,174.26,transfer,success,2023-03-02
TXN_006601,CUST_0048,152.49,purchase,fraud,2023-02-28
TXN_006602,CUST_0309,181.46,purchase,failed,2023-01-22
TXN_006603,CUST_0328,91.15,deposit,success,2022-10-12
TXN_006604,CUST_0014,329.12,transfer,success,2022-07-14
TXN_006605,CUST_0113,148.17,transfer,success,2023-05-15
TXN_006606,CUST_0141,24.83,purchase,success,2022-09-17
TXN_006607,CUST_0053,27.64,purchase,success,2023-09-07
TXN_006608,CUST_0360,153.94,deposit,success,2022-01-11
TXN_006609,CUST_0415,551.56,withdrawal,success,2023-10-04
TXN_006610,CUST_0415,73.74,transfer,success,2023-12-11
TXN_006611,CUST_0280,407.34,transfer,success,2023-02-09
TXN_006612,CUST_0126,288.87,deposit,fraud,2022-02-12
TXN_006613,CUST_0048,56.95,deposit,success,2023-12-14
TXN_006614,CUST_0120,7.4,transfer,failed,2023-04-05
TXN_006615,CUST_0413,21.48,transfer,success,2022-05-12
TXN_006616,CUST_0457,260.75,purchase,success,2023-11-10
TXN_006617,CUST_0288,44.55,withdrawal,success,2023-12-08
TXN_006618,CUST_0112,92.81,transfer,success,2022-08-17
TXN_006619,CUST_0259,139.31,deposit,success,2022-03-14
TXN_006620,CUST_0016,258.54,purchase,success,2023-10-15
TXN_006621,CUST_0230,24.03,purchase,success,2022-04-28
TXN_006622,CUST_0126,104.3,deposit,success,2022-04-29
TXN_006623,CUST_0347,132.75,deposit,success,2022-06-12
TXN_006624,CUST_0120,155.67,purchase,success,2023-05-16
TXN_006625,CUST_0217,341.15,deposit,success,2022-03-10
TXN_006626,CUST_0389,37.67,purchase,success,2022-07-07
TXN_006627,CUST_0102,329.88,deposit,success,2023-07-04
TXN_006628,CUST_0302,236.1,purchase,failed,2022-12-02
TXN_006629,CUST_0014,162.33,transfer,success,2022-06-21
TXN_006630,CUST_0126,240.48,transfer,fraud,2022-09-20
TXN_006631,CUST_0141,106.21,deposit,success,2023-11-29
TXN_006632,CUST_0347,29.79,withdrawal,success,2023-12-13
TXN_006633,CUST_0360,219.18,transfer,success,2023-02-12
TXN_006634,CUST_0347,148.75,purchase,success,2022-10-19
TXN_006635,CUST_0380,203.98,withdrawal,success,2023-07-04
TXN_006636,CUST_0048,82.5,purchase,success,2022-10-21
TXN_006637,CUST_0143,474.74,purchase,success,2022-10-19
TXN_006638,CUST_0120,177.04,transfer,success,2023-08-07
TXN_006639,CUST_0309,17.85,deposit,failed,2022-09-25
TXN_006640,CUST_0415,119.5,deposit,success,2022-04-22
TXN_006641,CUST_0013,282.41,purchase,fraud,2022-05-03
TXN_006642,CUST_0457,316.11,transfer,success,2023-02-09
TXN_006643,CUST_0017,136.48,purchase,success,2022-07-26
TXN_006644,CUST_0380,450.28,withdrawal,success,2022-03-30
TXN_006645,CUST_0288,62.3,purchase,success,2023-07-23
TXN_006646,CUST_0215,105.73,transfer,fraud,2023-05-25
TXN_006647,CUST_0367,457.73,purchase,success,2022-07-25
TXN_006648,CUST_0048,453.17,transfer,success,2022-05-11
TXN_006649,CUST_0004,231.49,deposit,fraud,2023-06-15
TXN_006650,CUST_0328,391.77,transfer,success,2022-02-06
TXN_006651,CUST_0058,18.59,withdrawal,success,2023-04-26
TXN_006652,CUST_0347,400.49,transfer,success,2023-05-06
TXN_006653,CUST_0102,77.31,withdrawal,success,2022-04-22
TXN_006654,CUST_0126,39.28,withdrawal,success,2022-04-25
TXN_006655,CUST_0004,54.72,purchase,success,2022-08-23
TXN_006656,CUST_0347,108.25,withdrawal,success,2022-02-08
TXN_006657,CUST_0141,57.85,transfer,success,2023-02-02
TXN_006658,CUST_0143,77.3,deposit,success,2022-07-08
TXN_006659,CUST_0115,29.0,transfer,fraud,2022-03-27
TXN_006660,CUST_0367,70.25,deposit,success,2023-12-12
TXN_006661,CUST_0413,169.86,withdrawal,success,2022-03-11
TXN_006662,CUST_0360,116.63,purchase,success,2022-09-05
TXN_006663,CUST_0217,85.15,withdrawal,success,2023-03-23
TXN_006664,CUST_0230,274.44,withdrawal,success,2023-09-23
TXN_006665,CUST_0328,447.94,deposit,success,2023-01-15
TXN_006666,CUST_0115,282.77,transfer,success,2023-03-25
TXN_006667,CUST_0112,80.69,purchase,fraud,2022-05-27
TXN_006668,CUST_0072,272.86,purchase,success,2023-03-29
TXN_006669,CUST_0058,32.97,purchase,success,2023-09-04
TXN_006670,CUST_0013,27.93,purchase,success,2022-02-12
TXN_006671,CUST_0143,84.82,transfer,success,2023-11-10
TXN_006672,CUST_0217,329.74,purchase,success,2023-05-31
TXN_006673,CUST_0333,56.56,deposit,success,2022-07-13
TXN_006674,CUST_0004,13.07,deposit,success,2022-08-04
TXN_006675,CUST_0230,28.25,purchase,success,2022-11-22
TXN_006676,CUST_0217,391.44,purchase,failed,2022-02-14
TXN_006677,CUST_0102,200.91,transfer,success,2023-08-06
TXN_006678,CUST_0115,58.39,transfer,success,2022-01-15
TXN_006679,CUST_0016,162.07,purchase,success,2022-06-06
TXN_006680,CUST_0415,149.98,transfer,success,2022-12-16
TXN_006681,CUST_0016,213.1,withdrawal,success,2022-09-14
TXN_006682,CUST_0016,53.1,purchase,success,2022-06-29
TXN_006683,CUST_0302,399.61,transfer,success,2022-12-25
TXN_006684,CUST_0259,74.03,deposit,success,2023-04-19
TXN_006685,CUST_0309,236.92,purchase,success,2022-07-25
TXN_006686,CUST_0413,3.25,purchase,success,2023-10-22
TXN_006687,CUST_0415,93.25,deposit,success,2022-02-27
TXN_006688,CUST_0413,86.68,deposit,fraud,2023-02-05
TXN_006689,CUST_0302,156.83,transfer,success,2023-01-25
TXN_006690,CUST_0367,15.1,deposit,success,2022-06-06
TXN_006691,CUST_0230,312.25,withdrawal,fraud,2022-10-26
TXN_006692,CUST_0367,49.12,purchase,success,2023-06-02
TXN_006693,,226.04,withdrawal,success,2022-03-07
TXN_006694,CUST_0072,325.13,transfer,success,2022-08-19
TXN_006695,CUST_0389,165.05,deposit,success,2022-07-08
TXN_006696,CUST_0126,270.1,purchase,fraud,2023-10-05
TXN_006697,CUST_0457,216.86,deposit,success,2022-07-19
TXN_006698,CUST_0004,87.87,deposit,failed,2022-12-10
TXN_006699,CUST_0143,330.95,transfer,success,2023-11-05
TXN_006700,CUST_0048,69.83,transfer,failed,2023-03-26
TXN_006701,CUST_0115,169.36,transfer,success,2022-01-26
TXN_006702,CUST_0288,273.61,transfer,fraud,2023-03-28
TXN_006703,CUST_0058,95.27,purchase,fraud,2022-03-13
TXN_006704,CUST_0014,72.13,withdrawal,success,2022-09-09
TXN_006705,CUST_0102,123.0,withdrawal,success,2023-09-09
TXN_006706,CUST_0367,340.71,purchase,success,2023-06-26
TXN_006707,CUST_0017,531.63,deposit,fraud,2022-10-22
TXN_006708,CUST_0378,157.53,purchase,success,2023-07-25
TXN_006709,CUST_0072,216.63,withdrawal,success,2022-06-14
TXN_006710,CUST_0415,467.17,withdrawal,failed,2022-05-27
TXN_006711,CUST_0072,20.75,purchase,success,2023-07-15
TXN_006712,CUST_0380,52.81,transfer,success,2022-11-22
TXN_006713,CUST_0126,246.82,deposit,success,2022-02-28
TXN_006714,CUST_0072,347.16,purchase,success,2022-04-25
TXN_006715,CUST_0048,389.02,withdrawal,success,2023-12-03
TXN_006716,CUST_0288,107.27,transfer,success,2022-03-08
TXN_006717,CUST_0457,18.72,deposit,success,2023-02-24
TXN_006718,CUST_0017,115.17,withdrawal,success,2023-06-15
TXN_006719,CUST_0333,52.46,deposit,success,2023-07-02
TXN_006720,CUST_0413,68.84,transfer,success,2022-01-18
TXN_006721,CUST_0058,295.92,withdrawal,success,2023-09-26
TXN_006722,CUST_0378,15.71,transfer,success,2022-06-23
TXN_006723,CUST_0288,351.57,purchase,success,2022-11-26
TXN_006724,CUST_0413,111.61,purchase,success,2023-01-15
TXN_006725,CUST_0333,181.3,deposit,success,2022-02-09
TXN_006726,CUST_0115,18.79,transfer,success,2022-05-27
TXN_006727,CUST_0389,82.3,transfer,success,2022-04-17
TXN_006728,CUST_0215,18.8,deposit,fraud,2023-12-02
TXN_006729,CUST_0328,651.65,deposit,success,2022-08-28
TXN_006730,CUST_0113,329.28,deposit,success,2022-01-07
TXN_006731,CUST_0378,123.1,purchase,success,2023-01-26
TXN_006732,CUST_0280,50.62,deposit,fraud,2022-01-04
TXN_006733,CUST_0389,541.98,purchase,success,2023-07-31
TXN_006734,CUST_0217,84.5,deposit,fraud,2022-03-01
TXN_006735,CUST_0215,35.11,transfer,success,2023-02-01
TXN_006736,CUST_0347,165.64,transfer,success,2023-08-04
TXN_006737,CUST_0217,575.68,deposit,success,2022-05-03
TXN_006738,CUST_0288,0.77,deposit,success,2022-08-18
TXN_006739,CUST_0389,54.39,purchase,success,2023-10-06
TXN_006740,CUST_0389,557.57,withdrawal,success,2022-02-06
TXN_006741,CUST_0215,37.53,purchase,success,2023-08-01
TXN_006742,CUST_0309,24.04,transfer,success,2023-07-13
TXN_006743,CUST_0113,168.88,deposit,success,2022-03-17
TXN_006744,CUST_0280,395.87,transfer,success,2022-01-21
TXN_006745,CUST_0328,129.68,withdrawal,success,2023-10-27
TXN_006746,CUST_0004,1042.95,purchase,fraud,2023-05-03
TXN_006747,CUST_0113,227.37,transfer,success,2023-08-09
TXN_006748,CUST_0102,15.39,purchase,success,2023-10-23
TXN_006749,CUST_0112,987.63,deposit,success,2023-01-31
TXN_006750,CUST_0072,104.81,transfer,success,2022-10-17
TXN_006751,CUST_0017,67.77,withdrawal,success,2023-12-04
TXN_006752,CUST_0102,163.23,purchase,success,2023-09-23
TXN_006753,CUST_0120,72.57,purchase,success,2023-02-01
TXN_006754,CUST_0389,18.09,withdrawal,success,2023-04-06
TXN_006755,CUST_0045,0.29,transfer,,2022-09-01
TXN_006756,CUST_0413,119.42,transfer,success,2023-12-01
TXN_006757,CUST_0333,362.63,purchase,success,2023-05-18
TXN_006758,CUST_0378,169.87,withdrawal,success,2023-09-20
TXN_006759,CUST_0013,1428.01,purchase,success,2022-09-14
TXN_006760,CUST_0058,67.61,purchase,success,2022-12-20
TXN_006761,CUST_0113,65.83,deposit,fraud,2023-10-14
TXN_006762,CUST_0016,34.81,transfer,success,2023-04-11
TXN_006763,CUST_0045,35.84,transfer,success,2023-05-06
TXN_006764,CUST_0217,67.15,deposit,success,2022-06-06
TXN_006765,CUST_0004,314.85,transfer,success,2023-04-11
TXN_006766,CUST_0120,472.38,transfer,fraud,2023-07-04
TXN_006767,CUST_0230,738.47,transfer,fraud,2023-01-04
TXN_006768,CUST_0112,52.87,withdrawal,success,2022-08-18
TXN_006769,CUST_0389,426.23,deposit,success,2022-05-28
TXN_006770,CUST_0215,79.58,purchase,success,2022-10-21
TXN_006771,CUST_0328,23.95,withdrawal,success,2023-10-15
TXN_006772,CUST_0141,408.08,purchase,fraud,2022-06-28
TXN_006773,CUST_0303,202.18,deposit,success,2023-02-02
TXN_006774,CUST_0302,36.0,deposit,success,2022-09-21
TXN_006775,CUST_0413,112.36,deposit,success,2022-06-14
TXN_006776,CUST_0115,67.73,transfer,success,2023-01-12
TXN_006777,CUST_0302,266.96,withdrawal,fraud,2022-01-22
TXN_006778,CUST_0113,120.81,deposit,success,2023-03-19
TXN_006779,CUST_0360,907.13,purchase,success,2022-11-04
TXN_006780,CUST_0045,11.26,transfer,success,2022-05-28
TXN_006781,CUST_0259,87.71,transfer,success,2022-02-13
TXN_006782,CUST_0302,131.52,withdrawal,fraud,2023-04-16
TXN_006783,CUST_0328,139.89,withdrawal,fraud,2023-02-25
TXN_006784,CUST_0333,75.94,withdrawal,fraud,2023-12-29
TXN_006785,CUST_0280,261.3,transfer,success,2023-07-09
TXN_006786,CUST_0413,415.48,deposit,success,2022-08-21
TXN_006787,CUST_0413,558.46,purchase,success,2023-02-16
TXN_006788,CUST_0045,327.05,deposit,success,2022-05-09
TXN_006789,CUST_0333,380.2,purchase,success,2023-10-04
TXN_006790,CUST_0126,159.94,deposit,success,2022-12-28
TXN_006791,CUST_0058,349.61,withdrawal,success,2022-08-02
TXN_006792,CUST_0303,72.34,purchase,success,2023-02-20
TXN_006793,CUST_0413,101.66,transfer,success,2023-03-08
TXN_006794,CUST_0380,76.23,purchase,success,2023-03-04
TXN_006795,CUST_0215,125.99,transfer,fraud,2023-04-17
TXN_006796,CUST_0446,67.26,deposit,success,2023-04-09
TXN_006797,CUST_0367,652.0,withdrawal,success,2023-03-31
TXN_006798,CUST_0004,75.04,purchase,fraud,2023-02-02
TXN_006799,CUST_0141,20.64,transfer,success,2023-04-20
TXN_006800,CUST_0102,149.65,deposit,success,2023-01-08
TXN_006801,CUST_0303,11.76,withdrawal,success,2022-12-12
TXN_006802,CUST_0120,23.43,withdrawal,success,2022-11-30
TXN_006803,CUST_0115,49.54,withdrawal,success,2023-11-13
TXN_006804,CUST_0058,124.85,deposit,failed,2023-02-13
TXN_006805,CUST_0328,113.57,deposit,success,2022-05-17
TXN_006806,CUST_0013,321.58,deposit,success,2023-06-27
TXN_006807,CUST_0413,269.01,withdrawal,success,2022-07-30
TXN_006808,CUST_0378,111.14,purchase,success,2022-09-09
TXN_006809,CUST_0048,81.2,transfer,success,2022-08-11
TXN_006810,CUST_0048,76.1,deposit,success,2023-12-31
TXN_006811,CUST_0013,297.44,purchase,success,2022-07-15
TXN_006812,CUST_0120,10.7,transfer,success,2023-08-06
TXN_006813,CUST_0112,2.58,withdrawal,success,2022-07-19
TXN_006814,CUST_0259,317.48,purchase,success,2023-11-07
TXN_006815,CUST_0280,129.69,withdrawal,success,2023-09-26
TXN_006816,CUST_0280,28.06,transfer,success,2023-01-08
TXN_006817,CUST_0367,53.72,deposit,success,2023-04-20
TXN_006818,CUST_0415,539.14,withdrawal,success,2023-07-16
TXN_006819,CUST_0230,392.51,purchase,fraud,2023-02-23
TXN_006820,CUST_0072,247.43,deposit,fraud,2023-01-19
TXN_006821,CUST_0415,131.64,purchase,success,2023-10-22
TXN_006822,CUST_0367,146.93,transfer,success,2022-11-11
TXN_006823,CUST_0058,739.74,transfer,success,2022-08-07
TXN_006824,CUST_0230,674.93,deposit,success,2023-02-07
TXN_006825,CUST_0380,48.48,purchase,success,2022-05-25
TXN_006826,CUST_0413,333.31,purchase,success,2023-04-27
TXN_006827,CUST_0360,43.94,purchase,success,2022-04-22
TXN_006828,CUST_0102,48.04,purchase,success,2023-07-10
TXN_006829,CUST_0380,225.46,transfer,success,2023-10-30
TXN_006830,CUST_0415,103.84,purchase,success,2023-04-09
TXN_006831,CUST_0013,536.31,transfer,success,2022-11-04
TXN_006832,CUST_0072,18.64,purchase,success,2023-10-01
TXN_006833,CUST_0446,143.29,purchase,success,2023-02-27
TXN_006834,CUST_0014,501.48,withdrawal,fraud,2022-02-22
TXN_006835,CUST_0016,468.92,withdrawal,success,2022-07-24
TXN_006836,CUST_0303,34.05,purchase,fraud,2022-08-11
TXN_006837,CUST_0302,91.34,transfer,success,2022-12-12
TXN_006838,CUST_0328,193.05,purchase,success,2023-07-19
TXN_006839,CUST_0126,34.73,withdrawal,success,2022-06-10
TXN_006840,CUST_0367,688.54,purchase,success,2023-11-07
TXN_006841,CUST_0004,492.43,withdrawal,success,2023-01-29
TXN_006842,CUST_0053,36.53,purchase,success,2023-06-14
TXN_006843,CUST_0360,25.83,deposit,success,2023-03-19
TXN_006844,CUST_0058,17.86,purchase,success,2022-07-04
TXN_006845,CUST_0017,480.36,transfer,success,2023-03-30
TXN_006846,CUST_0360,43.04,withdrawal,failed,2022-01-25
TXN_006847,CUST_0113,107.67,deposit,success,2023-12-12
TXN_006848,CUST_0333,119.15,withdrawal,success,2022-07-31
TXN_006849,CUST_0309,182.76,withdrawal,success,2023-01-31
TXN_006850,CUST_0360,14.89,transfer,success,2023-08-05
TXN_006851,CUST_0143,51.43,purchase,success,2023-11-15
TXN_006852,CUST_0347,536.16,transfer,success,2022-06-26
TXN_006853,CUST_0367,478.09,purchase,success,2022-10-07
TXN_006854,CUST_0143,304.0,deposit,success,2023-11-28
TXN_006855,CUST_0058,3.92,transfer,success,2023-07-31
TXN_006856,CUST_0112,79.2,transfer,failed,2022-06-09
TXN_006857,CUST_0259,197.75,withdrawal,success,2023-10-19
TXN_006858,CUST_0415,64.37,transfer,success,2023-02-16
TXN_006859,CUST_0367,480.67,purchase,success,2023-08-12
TXN_006860,CUST_0389,200.96,transfer,success,2022-07-22
TXN_006861,CUST_0259,14.92,transfer,success,2022-06-04
TXN_006862,CUST_0102,479.39,deposit,success,2023-02-26
TXN_006863,CUST_0126,632.91,purchase,success,2022-11-21
TXN_006864,CUST_0013,16.18,withdrawal,fraud,2023-04-25
TXN_006865,CUST_0004,152.01,purchase,success,2022-09-09
TXN_006866,CUST_0378,72.3,deposit,fraud,2022-05-14
TXN_006867,CUST_0303,99.79,purchase,success,2023-05-14
TXN_006868,CUST_0113,39.61,purchase,success,2022-11-20
TXN_006869,CUST_0360,172.58,transfer,success,2023-09-18
TXN_006870,CUST_0115,633.92,transfer,success,2023-09-20
TXN_006871,CUST_0360,139.86,purchase,success,2023-06-28
TXN_006872,CUST_0457,17.31,purchase,success,2023-10-06
TXN_006873,CUST_0017,193.52,withdrawal,success,2022-02-06
TXN_006874,CUST_0380,83.17,deposit,success,2023-11-24
TXN_006875,CUST_0045,387.48,transfer,success,2022-04-10
TXN_006876,CUST_0347,114.07,transfer,success,2022-03-08
TXN_006877,CUST_0389,42.85,transfer,success,2022-03-29
TXN_006878,CUST_0215,42.42,transfer,success,2022-01-22
TXN_006879,CUST_0215,292.86,purchase,fraud,2022-01-09
TXN_006880,CUST_0380,61.74,purchase,success,2022-02-24
TXN_006881,CUST_0141,291.54,withdrawal,success,2022-12-06
TXN_006882,CUST_0380,46.11,transfer,success,2022-04-03
TXN_006883,CUST_0048,77.63,transfer,fraud,2022-11-17
TXN_006884,CUST_0288,125.28,purchase,success,2023-01-01
TXN_006885,CUST_0413,573.63,withdrawal,success,2022-07-27
TXN_006886,CUST_0113,536.86,purchase,success,2022-06-04
TXN_006887,CUST_0115,46.35,transfer,success,2022-08-07
TXN_006888,CUST_0302,88.7,transfer,success,2022-11-11
TXN_006889,CUST_0072,32.36,deposit,failed,2022-03-09
TXN_006890,CUST_0378,142.66,deposit,success,2023-01-07
TXN_006891,CUST_0303,123.45,deposit,fraud,2023-10-01
TXN_006892,CUST_0347,462.04,withdrawal,success,2022-11-20
TXN_006893,CUST_0347,531.87,purchase,fraud,2023-08-21
TXN_006894,CUST_0014,96.76,transfer,failed,2023-04-03
TXN_006895,CUST_0367,135.35,transfer,success,2023-05-02
TXN_006896,CUST_0259,453.13,withdrawal,success,2022-12-13
TXN_006897,CUST_0280,328.71,transfer,success,2023-12-22
TXN_006898,CUST_0446,0.73,transfer,success,2022-06-29
TXN_006899,CUST_0143,77.15,purchase,success,2022-10-24
TXN_006900,CUST_0378,109.56,deposit,success,2022-11-07
TXN_006901,CUST_0053,52.2,deposit,success,2022-04-14
TXN_006902,CUST_0072,44.52,withdrawal,success,2023-07-30
TXN_006903,CUST_0389,7.7,deposit,failed,2022-06-13
TXN_006904,CUST_0120,206.21,deposit,success,2022-06-05
TXN_006905,CUST_0045,60.9,withdrawal,success,2022-06-17
TXN_006906,CUST_0415,10.75,withdrawal,success,2023-03-02
TXN_006907,CUST_0016,52.53,deposit,success,2022-05-02
TXN_006908,CUST_0048,323.81,purchase,success,2023-06-30
TXN_006909,CUST_0302,381.42,withdrawal,success,2023-09-26
TXN_006910,CUST_0280,131.97,transfer,success,2023-02-24
TXN_006911,CUST_0389,107.6,withdrawal,success,2022-06-12
TXN_006912,CUST_0112,762.02,transfer,success,2023-07-30
TXN_006913,CUST_0141,44.77,withdrawal,success,2023-07-20
TXN_006914,CUST_0215,48.51,withdrawal,success,2023-10-06
TXN_006915,CUST_0415,69.02,deposit,success,2023-04-26
TXN_006916,CUST_0143,37.93,deposit,success,2023-12-18
TXN_006917,CUST_0013,95.4,deposit,success,2022-10-15
TXN_006918,CUST_0415,483.45,purchase,fraud,2023-12-08
TXN_006919,CUST_0360,191.08,deposit,success,2022-09-13
TXN_006920,CUST_0280,106.19,deposit,success,2022-04-27
TXN_006921,CUST_0259,544.87,withdrawal,success,2023-11-11
TXN_006922,CUST_0045,9.94,withdrawal,success,2022-05-31
TXN_006923,CUST_0017,47.21,purchase,success,2023-04-01
TXN_006924,CUST_0072,166.89,transfer,success,2022-04-10
TXN_006925,CUST_0004,191.19,withdrawal,success,2022-02-10
TXN_006926,CUST_0143,8.07,withdrawal,success,2022-05-19
TXN_006927,CUST_0378,103.18,transfer,success,2023-01-26
TXN_006928,CUST_0309,209.48,purchase,fraud,2023-04-30
TXN_006929,CUST_0389,239.51,withdrawal,success,2023-01-24
TXN_006930,CUST_0058,203.3,deposit,success,2023-05-04
TXN_006931,CUST_0217,77.3,purchase,success,2022-06-24
TXN_006932,CUST_0045,19.64,transfer,failed,2022-01-21
TXN_006933,CUST_0072,111.41,transfer,success,2023-08-24
TXN_006934,CUST_0017,27.57,deposit,success,2023-12-06
TXN_006935,CUST_0415,589.86,deposit,success,2023-01-07
TXN_006936,CUST_0380,128.94,deposit,success,2023-03-28
TXN_006937,CUST_0053,76.33,purchase,success,2023-08-22
TXN_006938,CUST_0113,290.75,transfer,success,2023-08-09
TXN_006939,CUST_0413,137.81,deposit,success,2022-07-06
TXN_006940,CUST_0302,74.22,deposit,success,2023-04-04
TXN_006941,CUST_0215,334.23,transfer,success,2022-01-21
TXN_006942,CUST_0288,403.71,withdrawal,success,2023-05-19
TXN_006943,CUST_0328,223.56,purchase,success,2023-11-19
TXN_006944,CUST_0004,9.62,withdrawal,success,2023-08-04
TXN_006945,CUST_0215,167.09,deposit,success,2022-12-19
TXN_006946,CUST_0215,288.19,purchase,success,2022-12-14
TXN_006947,CUST_0367,29.35,withdrawal,fraud,2022-03-29
TXN_006948,CUST_0112,51.93,transfer,success,2023-01-14
TXN_006949,CUST_0302,428.26,deposit,success,2022-03-12
TXN_006950,CUST_0016,4.07,purchase,success,2022-07-01
TXN_006951,CUST_0072,279.45,purchase,success,2022-05-19
TXN_006952,CUST_0328,128.4,purchase,failed,2023-10-02
TXN_006953,CUST_0045,118.4,purchase,success,2022-11-04
TXN_006954,CUST_0230,1.42,deposit,fraud,2023-11-25
TXN_006955,CUST_0413,342.29,deposit,success,2023-02-08
TXN_006956,CUST_0072,89.2,transfer,success,2022-06-03
TXN_006957,CUST_0215,155.64,transfer,fraud,2022-04-24
TXN_006958,CUST_0143,226.21,transfer,success,2023-11-16
TXN_006959,CUST_0415,242.56,withdrawal,success,2022-07-21
TXN_006960,CUST_0014,624.62,transfer,fraud,2023-10-12
TXN_006961,CUST_0115,151.58,deposit,success,2022-11-25
TXN_006962,CUST_0288,102.07,withdrawal,success,2022-10-27
TXN_006963,CUST_0143,614.54,deposit,success,2023-12-30
TXN_006964,CUST_0217,205.51,withdrawal,success,2022-03-27
TXN_006965,CUST_0004,70.81,transfer,success,2022-12-30
TXN_006966,CUST_0457,27.04,transfer,fraud,2023-09-10
TXN_006967,CUST_0303,369.74,transfer,success,2023-05-22
TXN_006968,CUST_0072,89.94,withdrawal,success,2022-01-17
TXN_006969,CUST_0112,216.04,deposit,fraud,2023-09-29
TXN_006970,CUST_0230,127.28,purchase,success,2023-08-28
TXN_006971,CUST_0053,44.36,deposit,success,2023-03-04
TXN_006972,CUST_0113,184.1,transfer,success,2022-06-23
TXN_006973,CUST_0016,12.52,withdrawal,fraud,2023-01-09
TXN_006974,CUST_0053,106.66,withdrawal,fraud,2022-09-16
TXN_006975,CUST_0115,158.2,transfer,success,2022-07-16
TXN_006976,CUST_0457,114.56,withdrawal,failed,2023-06-10
TXN_006977,CUST_0328,276.2,transfer,success,2022-10-14
TXN_006978,CUST_0303,351.96,deposit,success,2023-06-17
TXN_006979,CUST_0113,295.02,withdrawal,fraud,2022-01-25
TXN_006980,CUST_0013,7.92,purchase,success,2023-05-17
TXN_006981,CUST_0446,43.17,withdrawal,success,2022-11-23
TXN_006982,CUST_0053,153.84,transfer,success,2022-06-20
TXN_006983,CUST_0367,546.13,purchase,success,2022-02-23
TXN_006984,CUST_0360,360.31,transfer,success,2023-10-27
TXN_006985,CUST_0378,369.71,withdrawal,success,2022-09-02
TXN_006986,CUST_0303,72.25,purchase,fraud,2023-12-19
TXN_006987,CUST_0013,112.23,purchase,fraud,2022-11-10
TXN_006988,CUST_0280,127.24,withdrawal,success,2022-09-27
TXN_006989,CUST_0333,34.25,purchase,success,2023-04-05
TXN_006990,CUST_0017,6.31,deposit,success,2023-03-20
TXN_006991,CUST_0102,587.13,purchase,success,2022-12-12
TXN_006992,CUST_0072,55.07,purchase,success,2022-02-11
TXN_006993,CUST_0230,54.87,deposit,success,2022-10-07
TXN_006994,CUST_0058,17.41,transfer,success,2023-11-04
TXN_006995,CUST_0259,527.63,transfer,success,2023-04-15
TXN_006996,CUST_0217,173.37,deposit,success,2023-11-07
TXN_006997,CUST_0333,219.94,purchase,success,2022-03-24
TXN_006998,CUST_0280,485.12,withdrawal,success,2022-12-07
TXN_006999,CUST_0016,84.81,deposit,success,2023-07-19
TXN_007000,CUST_0360,194.31,withdrawal,success,2022-02-02
TXN_007001,CUST_0367,7.91,transfer,success,2022-05-14
TXN_007002,CUST_0004,41.35,deposit,success,2023-10-02
TXN_007003,CUST_0347,355.86,withdrawal,success,2022-01-11
TXN_007004,CUST_0230,291.14,purchase,success,2023-08-11
TXN_007005,CUST_0045,86.35,deposit,success,2022-01-20
TXN_007006,CUST_0302,94.58,withdrawal,success,2022-11-06
TXN_007007,CUST_0347,152.52,deposit,success,2023-01-25
TXN_007008,CUST_0072,0.05,deposit,fraud,2022-07-24
TXN_007009,CUST_0045,55.22,transfer,success,2023-04-27
TXN_007010,CUST_0120,46.7,transfer,success,2023-01-25
TXN_007011,CUST_0333,57.67,purchase,fraud,2023-02-02
TXN_007012,CUST_0309,327.88,transfer,success,2022-02-06
TXN_007013,CUST_0102,65.61,transfer,success,2023-12-13
TXN_007014,CUST_0016,42.52,transfer,success,2023-11-20
TXN_007015,CUST_0058,140.34,withdrawal,success,2022-10-04
TXN_007016,CUST_0126,401.45,deposit,success,2023-12-15
TXN_007017,CUST_0415,55.24,transfer,success,2023-01-20
TXN_007018,CUST_0280,16.36,withdrawal,success,2022-12-10
TXN_007019,CUST_0143,88.14,deposit,fraud,2023-01-11
TXN_007020,CUST_0217,275.39,transfer,success,2023-06-09
TXN_007021,CUST_0360,160.01,transfer,success,2023-03-11
TXN_007022,CUST_0072,339.43,deposit,success,2023-02-21
TXN_007023,CUST_0446,641.75,withdrawal,success,2023-12-26
TXN_007024,CUST_0058,314.68,withdrawal,success,2022-12-17
TXN_007025,CUST_0328,185.17,purchase,success,2022-05-16
TXN_007026,CUST_0017,135.98,deposit,success,2022-12-21
TXN_007027,CUST_0014,8.18,purchase,success,2022-09-25
TXN_007028,CUST_0072,831.1,withdrawal,success,2023-07-20
TXN_007029,CUST_0302,96.73,transfer,success,2022-07-17
TXN_007030,CUST_0309,33.03,purchase,fraud,2023-05-16
TXN_007031,CUST_0259,219.75,withdrawal,success,2022-10-16
TXN_007032,CUST_0048,66.9,withdrawal,success,2022-10-01
TXN_007033,CUST_0004,176.27,transfer,success,2022-03-27
TXN_007034,CUST_0288,176.75,deposit,fraud,2023-04-06
TXN_007035,CUST_0378,118.02,withdrawal,fraud,2023-11-19
TXN_007036,CUST_0446,361.72,purchase,success,2022-03-28
TXN_007037,CUST_0302,61.57,transfer,success,2023-11-14
TXN_007038,CUST_0215,119.07,deposit,success,2022-11-23
TXN_007039,CUST_0230,154.3,deposit,success,2023-06-06
TXN_007040,CUST_0333,217.91,deposit,success,2022-04-27
TXN_007041,CUST_0360,306.47,withdrawal,success,2022-01-24
TXN_007042,CUST_0058,100.44,deposit,success,2022-05-12
TXN_007043,CUST_0004,207.72,withdrawal,success,2022-04-20
TXN_007044,CUST_0215,32.65,transfer,success,2022-09-06
TXN_007045,CUST_0143,539.56,transfer,success,2022-03-18
TXN_007046,CUST_0004,96.6,deposit,success,2022-07-01
TXN_007047,CUST_0013,261.51,transfer,success,2023-01-18
TXN_007048,CUST_0302,4.11,purchase,success,2022-03-08
TXN_007049,CUST_0048,45.93,purchase,failed,2022-06-07
TXN_007050,CUST_0309,133.53,withdrawal,success,2023-08-09
TXN_007051,CUST_0378,421.16,deposit,success,2022-08-31
TXN_007052,CUST_0058,149.84,withdrawal,success,2022-03-31
TXN_007053,CUST_0017,531.48,transfer,success,2022-03-19
TXN_007054,CUST_0378,132.25,deposit,fraud,2022-01-10
TXN_007055,CUST_0360,134.85,withdrawal,success,2022-01-14
TXN_007056,CUST_0102,25.51,deposit,success,2022-12-16
TXN_007057,CUST_0347,324.56,deposit,success,2023-09-25
TXN_007058,CUST_0328,56.73,withdrawal,fraud,2022-03-14
TXN_007059,CUST_0288,459.74,deposit,success,2022-06-09
TXN_007060,CUST_0380,483.43,transfer,success,2023-08-20
TXN_007061,CUST_0014,574.03,purchase,success,2023-10-04
TXN_007062,CUST_0360,146.89,purchase,success,2023-04-17
TXN_007063,CUST_0288,226.08,deposit,success,2023-10-09
TXN_007064,CUST_0360,301.48,purchase,success,2022-12-05
TXN_007065,CUST_0415,28.09,deposit,success,2023-11-12
TXN_007066,CUST_0302,183.74,withdrawal,success,2022-04-19
TXN_007067,CUST_0126,6.98,transfer,success,2023-09-20
TXN_007068,CUST_0378,137.66,purchase,failed,2022-05-05
TXN_007069,CUST_0309,33.65,withdrawal,fraud,2022-02-27
TXN_007070,CUST_0367,40.4,transfer,success,2023-12-23
TXN_007071,CUST_0288,90.84,purchase,success,2022-05-23
TXN_007072,CUST_0017,113.28,purchase,failed,2022-07-24
TXN_007073,CUST_0017,195.19,transfer,success,2022-03-25
TXN_007074,CUST_0457,15.47,withdrawal,success,2022-07-10
TXN_007075,CUST_0389,140.11,withdrawal,failed,2022-04-04
TXN_007076,CUST_0126,40.33,purchase,success,2022-04-04
TXN_007077,CUST_0328,170.65,transfer,success,2022-01-04
TXN_007078,CUST_0004,202.89,withdrawal,success,2023-03-20
TXN_007079,CUST_0004,162.71,transfer,success,2023-12-04
TXN_007080,CUST_0309,268.11,transfer,success,2022-08-27
TXN_007081,CUST_0328,81.78,purchase,failed,2022-08-04
TXN_007082,CUST_0380,289.72,transfer,success,2022-02-21
TXN_007083,CUST_0143,113.4,transfer,success,2022-03-23
TXN_007084,CUST_0014,132.4,deposit,success,2023-02-01
TXN_007085,CUST_0120,208.88,transfer,success,2022-11-25
TXN_007086,CUST_0014,3.71,withdrawal,success,2023-10-03
TXN_007087,CUST_0143,212.26,purchase,success,2023-06-27
TXN_007088,CUST_0053,192.77,purchase,fraud,2022-07-17
TXN_007089,CUST_0058,74.17,transfer,success,2023-05-03
TXN_007090,CUST_0112,17.94,transfer,success,2022-07-22
TXN_007091,CUST_0112,19.07,withdrawal,success,2023-12-27
TXN_007092,CUST_0303,513.37,deposit,success,2023-05-23
TXN_007093,CUST_0215,233.77,purchase,success,2023-09-12
TXN_007094,CUST_0302,27.19,deposit,success,2023-12-25
TXN_007095,CUST_0013,88.24,withdrawal,failed,2022-07-10
TXN_006420,CUST_0004,179.53,purchase,success,2023-04-26
TXN_007097,CUST_0446,361.06,withdrawal,success,2022-10-22
TXN_007098,CUST_0389,8.93,transfer,success,2023-11-24
TXN_007099,CUST_0415,54.0,withdrawal,success,2023-08-30
TXN_007100,CUST_0014,441.0,transfer,success,2022-03-04
TXN_007101,CUST_0045,1.84,deposit,success,2023-03-30
TXN_007102,CUST_0259,44.98,purchase,success,2022-07-09
TXN_007103,CUST_0053,638.95,purchase,success,2023-06-04
TXN_007104,CUST_0058,190.07,deposit,success,2022-01-07
TXN_007105,CUST_0120,60.67,transfer,success,2022-03-23
TXN_007106,CUST_0259,13.87,purchase,success,2022-06-30
TXN_007107,CUST_0230,5.72,withdrawal,success,2022-07-22
TXN_007108,CUST_0367,56.14,transfer,success,2022-09-27
TXN_007109,CUST_0288,426.54,purchase,success,2022-05-28
TXN_007110,CUST_0112,107.54,withdrawal,success,2023-07-10
TXN_007111,CUST_0048,254.83,withdrawal,success,2023-08-13
TXN_007112,CUST_0280,500.9,purchase,fraud,2022-07-13
TXN_007113,CUST_0347,104.86,deposit,success,2023-12-18
TXN_007114,CUST_0016,42.46,deposit,success,2022-05-07
TXN_007115,CUST_0141,145.6,purchase,fraud,2023-12-21
TXN_007116,CUST_0102,477.38,withdrawal,fraud,2022-03-19
TXN_007117,CUST_0115,326.31,deposit,failed,2022-07-12
TXN_007118,CUST_0017,13.62,deposit,success,2022-07-11
TXN_007119,CUST_0230,235.9,deposit,fraud,2022-11-26
TXN_007120,CUST_0415,169.68,transfer,success,2022-08-22
,CUST_0013,476.03,deposit,success,2022-06-16
TXN_007122,CUST_0415,26.13,purchase,success,2023-02-09
TXN_007123,CUST_0141,152.73,purchase,fraud,2023-10-13
TXN_007124,CUST_0360,423.16,transfer,success,2023-08-30
TXN_007125,CUST_0004,105.53,transfer,success,2022-10-31
TXN_007126,CUST_0016,131.55,purchase,success,2023-09-08
TXN_007127,CUST_0120,14.61,transfer,success,2023-02-27
TXN_007128,CUST_0360,65.19,deposit,fraud,2023-06-03
TXN_007129,CUST_0280,78.46,withdrawal,success,2023-10-18
TXN_007130,CUST_0259,580.53,withdrawal,success,2022-10-20
TXN_007131,CUST_0045,66.44,withdrawal,success,2022-08-12
TXN_007132,CUST_0045,123.56,purchase,success,2023-03-13
TXN_007133,CUST_0302,222.52,transfer,success,2022-09-14
TXN_007134,CUST_0217,35.39,withdrawal,success,2022-12-20
TXN_007135,CUST_0309,133.28,deposit,success,2022-09-04
TXN_007136,CUST_0112,268.29,deposit,success,2023-06-28
TXN_007137,CUST_0053,403.26,deposit,success,2022-01-08
TXN_007138,CUST_0113,196.84,transfer,success,2023-11-02
TXN_007139,CUST_0280,221.16,withdrawal,success,2023-12-01
TXN_007140,CUST_0102,27.0,deposit,fraud,2022-09-15
TXN_007141,CUST_0415,582.93,transfer,success,2022-10-16
TXN_007142,CUST_0058,28.45,deposit,success,2022-06-15
TXN_007143,CUST_0115,298.04,withdrawal,success,2022-03-08
TXN_007144,CUST_0389,61.53,withdrawal,success,2022-03-05
TXN_007145,CUST_0328,542.39,withdrawal,fraud,2022-03-06
TXN_007146,CUST_0013,254.56,withdrawal,success,2023-05-21
TXN_007147,CUST_0048,280.33,withdrawal,success,2022-12-19
TXN_007148,CUST_0328,49.45,deposit,success,2022-03-03
TXN_007149,CUST_0013,117.05,withdrawal,success,2023-09-27
TXN_007150,CUST_0288,192.37,deposit,success,2023-03-17
TXN_007151,CUST_0302,293.91,withdrawal,success,2022-03-23
TXN_007152,CUST_0004,21.95,deposit,success,2023-11-22
TXN_007153,CUST_0126,655.97,withdrawal,fraud,2023-04-02
TXN_007154,CUST_0259,441.86,deposit,success,2022-01-13
TXN_007155,,63.04,withdrawal,fraud,2023-11-22
TXN_007156,CUST_0457,346.05,transfer,success,2022-04-01
TXN_007157,CUST_0045,146.1,deposit,success,2022-11-23
TXN_007158,CUST_0016,123.91,transfer,success,2023-08-26
TXN_007159,CUST_0367,75.5,deposit,success,2023-01-06
TXN_007160,CUST_0333,173.96,deposit,success,2023-12-16
TXN_007161,CUST_0280,261.78,deposit,success,2023-11-29
TXN_007162,CUST_0141,105.84,purchase,success,2023-09-13
TXN_007163,CUST_0347,198.43,withdrawal,success,2023-11-26
TXN_007164,CUST_0113,240.34,transfer,success,2022-03-09
TXN_007165,CUST_0328,248.35,transfer,success,2023-08-06
TXN_007166,CUST_0017,10.67,deposit,fraud,2022-09-26
TXN_007167,CUST_0013,392.86,transfer,success,2022-11-23
TXN_007168,CUST_0048,122.59,transfer,success,2023-04-07
TXN_007169,CUST_0302,60.88,transfer,success,2023-01-02
TXN_007170,CUST_0217,55.35,transfer,success,2023-05-07
TXN_007171,CUST_0230,131.95,purchase,success,2023-01-15
TXN_007172,CUST_0380,435.78,deposit,success,2023-05-27
TXN_007173,CUST_0280,95.07,transfer,success,2022-11-04
TXN_007174,CUST_0215,277.04,purchase,success,2023-05-16
TXN_007175,CUST_0072,20.37,purchase,success,2022-11-17
TXN_007176,CUST_0102,129.27,deposit,success,2023-07-14
TXN_007177,CUST_0288,957.97,withdrawal,success,2022-07-14
TXN_007178,CUST_0058,294.32,withdrawal,success,2022-08-22
TXN_007179,CUST_0120,47.28,withdrawal,failed,2023-08-25
TXN_007180,CUST_0143,139.21,transfer,success,2022-06-24
TXN_007181,CUST_0280,53.22,deposit,fraud,2022-02-13
TXN_007182,CUST_0415,105.38,withdrawal,success,2023-12-09
TXN_007183,CUST_0115,302.9,transfer,success,2022-12-28
TXN_007184,CUST_0017,295.0,deposit,success,2023-02-24
TXN_007185,CUST_0112,51.78,transfer,failed,2023-04-22
TXN_007186,CUST_0017,510.78,withdrawal,success,2023-04-18
TXN_007187,CUST_0115,179.58,withdrawal,success,2022-11-29
TXN_007188,CUST_0446,95.58,purchase,success,2023-02-17
TXN_007189,CUST_0360,139.41,purchase,fraud,2023-04-20
TXN_007190,CUST_0120,185.81,deposit,success,2023-04-21
TXN_007191,CUST_0360,164.15,transfer,success,2023-04-09
TXN_007192,CUST_0113,133.26,transfer,success,2022-06-06
TXN_007193,CUST_0328,140.61,withdrawal,success,2022-05-26
TXN_007194,CUST_0215,38.82,withdrawal,success,2023-01-30
TXN_007195,CUST_0413,335.04,deposit,success,2023-03-06
TXN_007196,CUST_0053,156.07,purchase,success,2022-01-26
TXN_007197,CUST_0112,28.1,withdrawal,success,2022-05-23
TXN_007198,CUST_0309,290.62,transfer,success,2022-11-21
TXN_007199,CUST_0048,538.96,withdrawal,success,2023-01-26
TXN_007200,CUST_0302,588.65,purchase,success,2023-10-10
TXN_007201,CUST_0016,92.1,transfer,success,2022-06-02
TXN_007202,CUST_0072,29.12,purchase,success,2023-02-14
TXN_007203,CUST_0013,146.13,deposit,success,2023-01-10
TXN_007204,CUST_0389,23.89,deposit,success,2022-01-15
TXN_007205,CUST_0378,543.58,purchase,success,2023-03-21
TXN_007206,CUST_0072,40.57,transfer,success,2023-11-09
TXN_007207,CUST_0141,58.28,purchase,success,2022-06-26
TXN_007208,CUST_0102,104.39,withdrawal,success,2022-06-04
TXN_007209,CUST_0230,96.63,withdrawal,success,2023-08-31
TXN_007210,CUST_0045,316.62,purchase,success,2022-07-08
TXN_007211,CUST_0457,121.88,withdrawal,success,2022-08-11
TXN_007212,CUST_0215,37.45,purchase,success,2022-04-08
TXN_007213,CUST_0014,62.18,withdrawal,success,2022-01-17
TXN_007214,CUST_0048,142.31,purchase,success,2023-02-05
TXN_007215,CUST_0380,31.91,withdrawal,failed,2023-04-29
TXN_007216,CUST_0014,189.17,transfer,fraud,2022-06-03
TXN_007217,CUST_0230,166.83,transfer,success,2022-10-05
TXN_007218,CUST_0413,250.84,withdrawal,success,2022-12-12
TXN_007219,CUST_0004,555.17,purchase,success,2022-07-22
TXN_007220,CUST_0115,486.66,withdrawal,fraud,2022-01-23
TXN_007221,CUST_0333,584.03,deposit,success,2023-05-25
TXN_007222,CUST_0303,56.13,deposit,success,2023-02-06
TXN_007223,CUST_0259,28.21,purchase,success,2022-06-12
TXN_007224,CUST_0112,71.99,withdrawal,success,2022-11-07
TXN_007225,CUST_0045,450.92,withdrawal,success,2023-07-17
TXN_007226,CUST_0141,715.49,transfer,success,2022-10-12
TXN_007227,CUST_0014,392.26,purchase,failed,2022-08-22
TXN_007228,CUST_0112,23.31,deposit,success,2022-07-14
TXN_007229,CUST_0115,589.11,deposit,success,2023-05-14
TXN_007230,CUST_0309,110.11,purchase,success,2023-09-14
TXN_007231,CUST_0457,1.87,deposit,success,2023-05-27
TXN_007232,CUST_0045,116.82,purchase,success,2023-03-20
TXN_007233,CUST_0126,9.43,deposit,success,2023-03-22
TXN_007234,CUST_0360,157.0,deposit,failed,2022-06-13
TXN_007235,CUST_0215,82.67,purchase,success,2023-05-15
TXN_007236,CUST_0328,128.28,purchase,success,2023-11-13
TXN_007237,CUST_0016,189.95,deposit,failed,2022-03-03
TXN_007238,CUST_0017,406.21,deposit,fraud,2022-12-28
TXN_007239,CUST_0013,216.88,transfer,success,2022-04-19
TXN_007240,CUST_0141,113.85,withdrawal,success,2022-03-10
TXN_007241,CUST_0215,342.32,purchase,success,2022-11-28
TXN_007242,CUST_0120,472.01,purchase,success,2023-12-24
TXN_007243,CUST_0141,25.51,withdrawal,fraud,2023-05-04
TXN_007244,CUST_0360,151.83,transfer,success,2023-09-15
TXN_007245,CUST_0014,66.96,deposit,success,2022-10-24
TXN_007246,CUST_0102,9.64,deposit,success,2022-05-25
TXN_007247,CUST_0230,220.85,transfer,success,2022-08-29
TXN_007248,CUST_0280,397.22,transfer,success,2023-06-16
TXN_007249,CUST_0141,35.56,withdrawal,failed,2023-05-22
TXN_007250,CUST_0413,334.7,withdrawal,success,2022-08-10
TXN_007251,CUST_0360,384.0,deposit,fraud,2023-03-03
TXN_007252,CUST_0457,491.47,transfer,success,2023-05-18
TXN_007253,CUST_0347,61.65,transfer,success,2022-01-14
TXN_007254,CUST_0389,468.58,deposit,success,2022-11-12
TXN_007255,CUST_0380,77.33,deposit,success,2023-10-09
TXN_007256,CUST_0102,160.74,deposit,success,2022-06-12
TXN_007257,CUST_0014,10.37,deposit,success,2022-12-13
TXN_007258,CUST_0013,8.97,deposit,success,2023-10-08
TXN_007259,CUST_0413,254.86,withdrawal,success,2022-11-15
TXN_007260,CUST_0072,117.57,deposit,success,2023-12-02
TXN_007261,CUST_0013,59.22,transfer,success,2023-09-26
TXN_007262,CUST_0217,42.25,purchase,success,2023-03-16
TXN_007263,CUST_0141,221.7,withdrawal,success,2023-09-19
TXN_007264,CUST_0259,0.08,transfer,success,2022-05-05
TXN_007265,CUST_0045,327.87,purchase,success,2023-09-06
TXN_007266,CUST_0333,16.51,withdrawal,success,2022-05-13
TXN_007267,CUST_0302,42.51,deposit,success,2023-06-27
TXN_007268,CUST_0389,97.63,withdrawal,success,2022-10-16
TXN_007269,CUST_0347,132.66,deposit,success,2022-12-16
TXN_007270,CUST_0259,87.7,deposit,success,2023-01-18
TXN_007271,CUST_0328,77.34,deposit,fraud,2023-12-07
TXN_007272,CUST_0328,664.38,purchase,success,2022-05-12
TXN_007273,CUST_0303,205.21,withdrawal,success,2023-01-14
TXN_007274,CUST_0259,4.74,deposit,fraud,2023-08-02
TXN_007275,CUST_0017,112.49,transfer,fraud,2023-04-30
TXN_007276,CUST_0072,415.9,withdrawal,success,2022-03-06
TXN_007277,CUST_0048,71.75,transfer,success,2022-01-19
TXN_007278,CUST_0360,19.87,purchase,fraud,2023-04-03
TXN_007279,CUST_0013,284.08,purchase,success,2023-01-14
TXN_007280,CUST_0415,186.29,withdrawal,success,2023-03-04
TXN_007281,CUST_0115,168.94,purchase,success,2022-09-10
TXN_007282,CUST_0328,11.01,purchase,success,2022-08-03
TXN_007283,CUST_0013,30.28,withdrawal,failed,2022-12-01
TXN_007284,CUST_0413,194.86,transfer,success,2023-12-06
TXN_007285,CUST_0013,46.59,deposit,success,2022-08-28
TXN_007286,CUST_0120,140.26,withdrawal,success,2022-11-17
TXN_007287,CUST_0045,157.44,withdrawal,success,2023-10-12
TXN_007288,CUST_0072,66.68,deposit,success,2023-05-03
TXN_007289,CUST_0014,592.94,transfer,failed,2022-10-15
TXN_007290,CUST_0259,369.62,deposit,success,2023-07-23
TXN_007291,CUST_0309,256.3,deposit,success,2022-12-15
TXN_007292,CUST_0053,16.24,transfer,success,2023-08-15
TXN_007293,CUST_0112,22.44,transfer,success,2022-12-06
TXN_007294,CUST_0280,135.76,deposit,success,2023-12-17
TXN_007295,CUST_0415,35.04,deposit,success,2022-07-19
TXN_007296,CUST_0126,765.77,withdrawal,success,2022-05-11
TXN_007297,CUST_0120,34.52,transfer,success,2022-11-26
TXN_007298,CUST_0120,133.68,purchase,success,2023-10-10
TXN_007299,CUST_0280,90.55,transfer,success,2023-08-10
TXN_007300,CUST_0013,203.99,deposit,success,2022-08-23
TXN_007301,CUST_0072,27.63,deposit,success,2023-12-27
TXN_007302,CUST_0457,112.53,deposit,success,2023-08-31
TXN_007303,CUST_0230,64.24,deposit,success,2023-09-17
TXN_007304,CUST_0013,437.41,purchase,success,2022-08-31
TXN_007305,CUST_0378,8.29,transfer,success,2022-09-13
TXN_007306,CUST_0360,490.05,purchase,success,2023-05-16
TXN_007307,CUST_0360,357.95,purchase,success,2023-07-31
TXN_007308,CUST_0126,70.64,deposit,success,2023-04-27
TXN_007309,CUST_0053,311.46,purchase,fraud,2022-01-20
TXN_007310,CUST_0120,6.34,deposit,success,2022-11-17
TXN_007311,CUST_0360,681.44,deposit,success,2023-06-08
TXN_007312,CUST_0141,149.56,deposit,success,2022-04-08
TXN_007313,CUST_0259,72.27,purchase,success,2023-01-29
TXN_007314,CUST_0415,90.07,deposit,success,2022-06-01
TXN_007315,CUST_0045,13.74,purchase,fraud,2023-10-01
TXN_007316,CUST_0328,908.43,transfer,success,2022-11-26
TXN_007317,CUST_0303,8.02,deposit,success,2022-03-25
TXN_007318,CUST_0215,212.79,withdrawal,success,2023-06-26
TXN_007319,CUST_0302,116.94,withdrawal,success,2023-05-18
TXN_007320,CUST_0389,594.86,withdrawal,success,2023-04-19
TXN_007321,CUST_0302,56.47,withdrawal,success,2023-09-10
TXN_007322,CUST_0143,151.89,withdrawal,fraud,2022-09-30
TXN_007323,CUST_0303,131.69,purchase,success,2022-03-10
TXN_007324,CUST_0367,242.71,transfer,success,2023-04-06
TXN_007325,CUST_0113,14.09,purchase,success,2023-02-03
TXN_007326,CUST_0446,43.08,deposit,success,2022-07-17
TXN_007327,CUST_0446,48.3,transfer,success,2022-10-10
TXN_007328,CUST_0058,268.0,transfer,success,2023-12-30
TXN_007329,CUST_0058,41.93,transfer,success,2022-05-27
TXN_007330,CUST_0446,170.42,transfer,fraud,2023-01-08
TXN_007331,CUST_0259,48.48,withdrawal,success,2022-03-02
TXN_007332,CUST_0360,395.56,deposit,success,2023-05-01
TXN_007333,CUST_0446,570.1,transfer,success,2022-09-10
TXN_007334,CUST_0288,146.17,transfer,success,2022-08-17
TXN_007335,CUST_0217,86.87,withdrawal,fraud,2023-10-11
TXN_007336,CUST_0333,53.33,purchase,fraud,2022-01-04
TXN_007337,CUST_0230,10.21,purchase,failed,2022-12-02
TXN_007338,CUST_0141,62.53,purchase,success,2022-12-31
TXN_007339,CUST_0048,212.4,deposit,fraud,2023-09-28
TXN_007340,CUST_0016,152.55,purchase,failed,2023-05-10
TXN_007341,CUST_0347,576.63,transfer,success,2023-07-30
TXN_007342,CUST_0378,100.93,withdrawal,success,2022-05-30
TXN_007343,CUST_0446,236.74,withdrawal,success,2022-10-07
TXN_007344,CUST_0347,134.4,purchase,success,2022-11-24
TXN_007345,CUST_0378,143.72,withdrawal,success,2023-05-12
TXN_007346,CUST_0217,62.33,transfer,success,2022-11-18
TXN_007347,CUST_0115,121.38,purchase,success,2023-09-12
TXN_007348,CUST_0367,127.27,transfer,success,2023-07-04
TXN_007349,CUST_0045,245.27,deposit,success,2022-07-24
TXN_007350,CUST_0115,564.83,transfer,success,2023-10-24
TXN_007351,CUST_0280,79.89,transfer,success,2022-07-12
TXN_007352,CUST_0017,8.62,transfer,fraud,2023-09-04
TXN_007353,CUST_0413,137.15,transfer,failed,2023-09-12
TXN_007354,CUST_0113,157.25,deposit,fraud,2022-05-04
TXN_007355,CUST_0333,36.89,purchase,success,2022-10-30
TXN_007356,CUST_0457,285.81,transfer,success,2022-03-04
TXN_007357,CUST_0259,839.0,purchase,success,2022-07-19
TXN_007358,CUST_0120,582.92,withdrawal,success,2023-06-21
TXN_007359,CUST_0112,43.91,transfer,fraud,2023-06-01
TXN_007360,CUST_0303,416.47,transfer,success,2022-10-17
TXN_007361,CUST_0014,243.81,withdrawal,success,2022-09-12
TXN_007362,CUST_0013,120.97,purchase,success,2023-01-21
TXN_007363,CUST_0230,155.57,deposit,fraud,2023-03-10
TXN_007364,CUST_0333,378.89,transfer,success,2023-12-19
TXN_007365,CUST_0288,130.84,withdrawal,success,2022-01-12
TXN_007366,CUST_0333,93.43,withdrawal,success,2022-11-02
TXN_007367,CUST_0328,135.95,transfer,success,2022-09-25
TXN_007368,CUST_0048,173.09,purchase,success,2022-07-29
TXN_007369,CUST_0347,41.92,purchase,failed,2022-05-28
TXN_007370,CUST_0217,462.34,transfer,success,2022-10-31
TXN_007371,CUST_0303,224.29,withdrawal,success,2022-01-26
TXN_007372,CUST_0457,200.63,transfer,fraud,2022-01-30
TXN_007373,CUST_0360,20.96,deposit,success,2023-10-30
TXN_007374,CUST_0259,185.36,deposit,failed,2023-10-22
TXN_007375,CUST_0378,25.79,purchase,failed,2023-03-08
TXN_007376,CUST_0415,16.39,deposit,success,2022-03-22
TXN_007377,CUST_0017,149.86,withdrawal,success,2023-01-13
TXN_007378,CUST_0280,103.1,deposit,success,2023-04-22
TXN_007379,CUST_0113,177.74,transfer,failed,2022-06-01
TXN_007380,CUST_0288,18.69,withdrawal,failed,2023-04-03
TXN_007381,CUST_0360,112.77,purchase,success,2023-10-03
TXN_007382,CUST_0102,38.42,purchase,success,2023-01-27
TXN_007383,CUST_0112,870.11,,success,2023-07-23
TXN_007384,CUST_0415,164.72,purchase,fraud,2022-06-10
TXN_007385,CUST_0303,232.59,transfer,success,2023-09-01
TXN_007386,CUST_0389,78.73,withdrawal,success,2023-03-31
TXN_007387,CUST_0045,19.91,transfer,success,2022-11-18
TXN_007388,CUST_0112,744.87,transfer,success,2022-04-21
TXN_007389,CUST_0378,67.45,transfer,fraud,2022-10-08
TXN_007390,CUST_0112,110.26,transfer,success,2023-04-12
TXN_007391,CUST_0048,209.89,withdrawal,success,2022-10-10
TXN_007392,CUST_0141,5.0,withdrawal,success,2022-07-22
TXN_007393,CUST_0215,332.42,transfer,success,2023-12-25
TXN_007394,CUST_0280,153.82,transfer,success,2023-09-14
TXN_007395,CUST_0259,65.21,purchase,success,2023-04-10
TXN_007396,CUST_0367,12.72,purchase,success,2022-10-19
TXN_007397,CUST_0288,35.47,withdrawal,failed,2022-06-16
TXN_007398,CUST_0215,450.82,purchase,success,2023-08-24
TXN_007399,CUST_0367,231.69,withdrawal,fraud,2022-05-12
TXN_007400,CUST_0347,57.51,withdrawal,success,2022-11-27
TXN_007401,CUST_0309,13.57,deposit,success,2022-01-18
TXN_007402,CUST_0141,234.63,withdrawal,success,2022-05-07
TXN_007403,CUST_0072,169.92,purchase,success,2022-02-23
TXN_007404,CUST_0141,103.68,deposit,success,2022-12-01
TXN_007405,CUST_0333,90.39,purchase,success,2023-07-20
TXN_007406,CUST_0259,48.88,withdrawal,success,2023-05-04
TXN_007407,CUST_0141,221.5,withdrawal,success,2023-01-13
TXN_007408,,705.82,transfer,success,2022-05-26
TXN_007409,CUST_0413,38.65,withdrawal,success,2022-11-19
TXN_007410,CUST_0378,181.82,deposit,success,2023-01-20
TXN_007411,CUST_0058,110.39,withdrawal,success,2023-07-18
TXN_007412,CUST_0045,118.37,transfer,success,2022-01-27
TXN_007413,CUST_0288,58.65,withdrawal,failed,2023-10-06
TXN_007414,CUST_0014,348.75,withdrawal,success,2023-03-21
TXN_007415,CUST_0141,132.82,withdrawal,fraud,2023-10-24
TXN_007416,CUST_0013,156.79,transfer,success,2022-11-28
TXN_007417,CUST_0102,72.7,purchase,fraud,2023-02-10
TXN_007418,CUST_0259,40.13,withdrawal,success,2022-07-02
TXN_007419,CUST_0360,17.97,deposit,success,2022-12-01
TXN_007420,CUST_0017,250.44,transfer,success,2023-09-20
TXN_007421,CUST_0413,43.69,deposit,success,2022-02-05
TXN_007422,CUST_0378,234.29,withdrawal,fraud,2023-10-22
TXN_007423,CUST_0143,98.98,transfer,success,2022-10-17
TXN_007424,CUST_0004,107.49,withdrawal,success,2022-11-28
TXN_007425,CUST_0053,126.67,deposit,success,2023-08-03
TXN_007426,CUST_0309,91.68,transfer,success,2023-08-06
TXN_007427,CUST_0347,21.21,purchase,success,2022-02-10
TXN_007428,CUST_0126,74.11,purchase,success,2023-06-08
TXN_007429,CUST_0016,217.97,purchase,success,2022-02-27
TXN_007430,CUST_0048,219.19,withdrawal,success,2024-01-01
TXN_007431,CUST_0378,67.44,transfer,success,2022-05-16
TXN_007432,CUST_0017,123.28,deposit,success,2023-05-24
TXN_007433,CUST_0457,43.0,deposit,success,2022-03-07
TXN_007434,CUST_0415,47.24,withdrawal,success,2022-03-11
TXN_007435,CUST_0058,4.66,withdrawal,success,2022-05-24
TXN_007436,CUST_0102,454.11,deposit,fraud,2022-06-05
TXN_007437,CUST_0446,47.32,transfer,success,2022-04-15
TXN_007438,CUST_0102,51.63,withdrawal,fraud,2023-06-20
TXN_007439,CUST_0115,65.59,transfer,success,2022-06-17
TXN_007440,CUST_0288,27.26,deposit,failed,2024-01-01
TXN_007441,CUST_0113,203.92,transfer,success,2022-08-29
TXN_007442,CUST_0112,15.62,purchase,success,2022-04-05
TXN_007443,CUST_0126,28.82,deposit,success,2023-01-04
TXN_007444,CUST_0045,206.99,purchase,success,2023-01-01
TXN_007445,CUST_0112,83.0,deposit,fraud,2022-12-13
TXN_007446,CUST_0112,246.16,purchase,success,2022-03-25
TXN_007447,CUST_0215,163.03,transfer,success,2023-02-27
TXN_007448,CUST_0333,59.15,deposit,success,2022-12-18
TXN_007449,CUST_0457,210.44,deposit,fraud,2022-03-13
TXN_007450,CUST_0259,24.72,purchase,success,2023-05-20
TXN_007451,CUST_0048,153.75,transfer,success,2023-02-15
TXN_007452,CUST_0014,114.95,deposit,success,2023-07-13
TXN_007453,CUST_0102,62.36,withdrawal,success,2022-03-05
TXN_007454,CUST_0115,185.27,purchase,failed,2023-06-22
TXN_007455,CUST_0072,410.11,deposit,success,2023-03-03
TXN_007456,CUST_0102,1363.35,transfer,success,2023-10-20
TXN_007457,CUST_0288,187.18,transfer,success,2023-02-10
TXN_007458,CUST_0380,103.74,transfer,fraud,2023-12-13
TXN_007459,CUST_0143,51.03,transfer,success,2022-06-08
TXN_007460,CUST_0045,59.44,purchase,fraud,2023-07-16
TXN_007461,CUST_0013,130.58,deposit,success,2022-04-02
TXN_007462,CUST_0389,91.54,purchase,success,2022-08-01
TXN_007463,CUST_0113,490.25,purchase,success,2023-04-05
TXN_007464,CUST_0457,91.87,transfer,success,2022-06-12
TXN_007465,CUST_0378,93.5,withdrawal,fraud,2022-04-29
TXN_007466,CUST_0302,96.75,transfer,success,2022-09-25
TXN_007467,CUST_0328,362.34,withdrawal,success,2022-08-21
TXN_007468,CUST_0360,210.42,purchase,fraud,2022-09-03
TXN_007469,CUST_0053,190.47,transfer,success,2022-02-27
TXN_007470,CUST_0072,81.34,transfer,success,2023-10-23
TXN_007471,CUST_0014,340.64,purchase,success,2023-12-01
TXN_007472,CUST_0120,7.82,transfer,success,2023-07-26
TXN_007473,CUST_0367,409.27,deposit,failed,2022-01-25
TXN_007474,CUST_0415,143.8,withdrawal,success,2022-02-23
TXN_007475,CUST_0143,101.58,withdrawal,success,2023-10-21
TXN_007476,CUST_0045,137.5,withdrawal,success,2023-12-16
TXN_007477,CUST_0115,220.17,transfer,success,2022-08-19
TXN_007478,CUST_0446,2.57,deposit,success,2023-05-06
TXN_007479,CUST_0045,410.45,transfer,success,2022-02-13
TXN_007480,CUST_0309,118.39,withdrawal,success,2022-02-13
TXN_007481,CUST_0288,84.0,transfer,success,2022-08-13
TXN_007482,CUST_0058,29.76,withdrawal,success,2022-08-27
TXN_007483,CUST_0014,115.77,purchase,success,2022-06-06
TXN_007484,CUST_0367,137.16,withdrawal,success,2022-05-21
TXN_007485,CUST_0016,103.38,purchase,success,2023-05-28
TXN_007486,CUST_0457,227.05,purchase,success,2022-11-24
TXN_007487,CUST_0389,109.25,purchase,fraud,2022-11-27
TXN_007488,CUST_0016,650.99,withdrawal,success,2023-02-01
TXN_007489,CUST_0288,182.9,deposit,success,2023-10-12
TXN_007490,CUST_0143,329.51,withdrawal,fraud,2023-11-18
TXN_007491,CUST_0215,23.16,transfer,success,2023-02-10
TXN_007492,CUST_0048,101.26,transfer,success,2022-01-20
TXN_007493,CUST_0380,82.15,deposit,failed,2023-06-07
TXN_007494,CUST_0215,168.55,deposit,success,2022-10-24
TXN_007495,CUST_0016,394.82,deposit,success,2023-05-20
TXN_007496,CUST_0217,16.32,purchase,success,2022-01-25
TXN_007497,CUST_0389,15.07,deposit,failed,2023-11-17
TXN_007498,CUST_0288,379.85,deposit,fraud,2023-12-15
TXN_007499,CUST_0014,47.87,deposit,fraud,2023-03-01
TXN_007500,CUST_0016,220.98,withdrawal,success,2023-07-18
TXN_007501,CUST_0303,156.56,transfer,success,2022-03-11
TXN_007502,CUST_0288,357.82,transfer,success,2022-02-11
TXN_007503,CUST_0126,26.73,deposit,success,2022-07-24
TXN_007504,CUST_0053,27.8,transfer,failed,2023-08-27
TXN_007505,CUST_0016,162.76,withdrawal,success,2022-02-06
TXN_007506,CUST_0072,585.16,transfer,success,2022-08-02
TXN_007507,CUST_0378,107.23,purchase,success,2022-08-24
TXN_007508,CUST_0328,79.18,withdrawal,success,2023-08-20
TXN_007509,CUST_0415,186.63,transfer,success,2023-05-19
TXN_007510,CUST_0072,533.14,transfer,success,2022-01-08
TXN_007511,CUST_0288,362.71,withdrawal,success,2022-12-24
TXN_007512,CUST_0102,1080.01,transfer,success,2023-12-20
TXN_007513,CUST_0328,4.57,transfer,fraud,2022-03-24
TXN_007514,CUST_0016,23.95,deposit,success,2023-08-19
TXN_007515,CUST_0230,188.05,purchase,success,2023-01-12
TXN_007516,CUST_0126,343.6,withdrawal,failed,2023-06-06
TXN_007517,CUST_0217,67.16,deposit,success,2022-06-18
TXN_007518,CUST_0303,54.68,transfer,success,2023-02-11
TXN_007519,CUST_0367,309.27,withdrawal,success,2022-08-06
TXN_007520,CUST_0309,11.61,withdrawal,success,2022-06-05
TXN_007521,CUST_0389,92.21,purchase,success,2023-07-04
TXN_007522,CUST_0217,140.97,purchase,success,2022-01-08
TXN_007523,CUST_0259,164.35,withdrawal,success,2023-10-05
TXN_007524,CUST_0143,260.84,purchase,success,2023-09-30
TXN_007525,CUST_0302,87.65,purchase,success,2022-10-16
TXN_007526,CUST_0120,189.7,transfer,success,2022-09-30
TXN_007527,CUST_0017,176.08,purchase,success,2023-07-24
TXN_007528,CUST_0016,158.64,purchase,success,2023-01-19
TXN_007529,CUST_0415,204.6,deposit,success,2023-06-08
TXN_007530,CUST_0230,60.07,transfer,success,2023-02-02
TXN_007531,CUST_0115,17.69,transfer,success,2022-06-13
TXN_007532,CUST_0446,25.4,withdrawal,success,2022-07-26
TXN_007533,CUST_0217,50.87,purchase,fraud,2023-09-15
TXN_007534,CUST_0328,138.71,deposit,success,2022-09-20
TXN_007535,CUST_0457,367.07,deposit,success,2022-12-09
TXN_007536,CUST_0333,241.66,transfer,success,2022-07-20
TXN_007537,CUST_0230,311.22,purchase,success,2022-12-01
TXN_007538,CUST_0112,86.46,deposit,success,2022-09-24
TXN_007539,CUST_0446,103.72,withdrawal,fraud,2023-02-07
TXN_007540,CUST_0004,100.07,purchase,success,2022-05-03
TXN_007541,CUST_0347,42.61,purchase,failed,2023-10-29
TXN_007542,CUST_0115,12.63,purchase,success,2022-10-20
TXN_007543,CUST_0141,178.77,deposit,success,2023-04-08
TXN_007544,CUST_0053,905.95,transfer,failed,2022-01-30
TXN_007545,CUST_0217,36.5,transfer,success,2023-04-02
TXN_007546,CUST_0126,9.56,withdrawal,failed,2023-09-10
TXN_007547,CUST_0016,302.4,deposit,fraud,2023-10-30
TXN_007548,CUST_0413,58.23,purchase,success,2023-11-19
TXN_007549,CUST_0120,353.97,withdrawal,success,2023-06-09
TXN_007550,CUST_0230,243.44,withdrawal,success,2023-02-20
TXN_007551,CUST_0415,582.55,transfer,success,2022-07-29
TXN_007552,CUST_0016,105.16,purchase,success,2022-07-09
TXN_007553,CUST_0112,216.92,purchase,success,2022-04-26
TXN_007554,CUST_0446,125.04,deposit,success,2022-02-12
TXN_007555,CUST_0113,199.17,deposit,success,2023-02-01
TXN_007556,CUST_0045,119.42,deposit,success,2022-04-20
TXN_007557,CUST_0280,41.81,withdrawal,success,2022-07-30
TXN_007558,CUST_0004,141.81,purchase,success,2022-07-24
TXN_007559,CUST_0413,150.4,transfer,success,2023-08-07
TXN_007560,CUST_0048,332.78,withdrawal,success,2022-11-02
TXN_007561,CUST_0389,266.0,withdrawal,success,2023-12-08
TXN_007562,CUST_0280,218.0,transfer,success,2023-11-22
TXN_007563,CUST_0017,24.07,transfer,failed,2022-08-08
TXN_007564,CUST_0141,255.03,deposit,success,2023-08-31
TXN_007565,CUST_0259,138.75,transfer,success,2022-11-07
TXN_007566,CUST_0280,449.05,transfer,success,2023-01-05
TXN_007567,CUST_0126,504.82,transfer,success,2023-04-20
TXN_007568,CUST_0380,11.35,transfer,success,2022-02-25
TXN_007569,CUST_0053,343.67,deposit,success,2023-10-26
TXN_007570,CUST_0072,7.69,withdrawal,success,2023-10-04
TXN_007571,CUST_0380,91.51,purchase,success,2022-08-24
TXN_007572,CUST_0053,156.31,purchase,fraud,2023-08-04
TXN_007573,CUST_0141,32.06,withdrawal,success,2022-09-16
TXN_007574,CUST_0120,274.33,purchase,success,2022-08-11
TXN_007575,CUST_0013,1.68,purchase,success,2023-06-08
TXN_007576,CUST_0048,36.93,withdrawal,success,2022-01-25
TXN_007577,CUST_0112,173.88,purchase,success,2022-11-14
TXN_007578,CUST_0215,250.62,purchase,success,2022-01-13
TXN_007579,CUST_0053,496.92,withdrawal,success,2022-08-10
TXN_007580,CUST_0102,244.49,purchase,success,2022-07-05
TXN_007581,CUST_0309,222.81,transfer,success,2022-12-08
TXN_007582,CUST_0259,100.29,withdrawal,success,2022-07-31
TXN_007583,CUST_0302,0.26,deposit,success,2023-05-27
TXN_007584,CUST_0126,25.6,purchase,success,2023-02-02
TXN_007585,CUST_0112,152.95,deposit,success,2022-12-02
TXN_007586,CUST_0113,224.87,purchase,success,2023-04-14
TXN_007587,CUST_0367,108.07,transfer,success,2023-02-05
TXN_007588,CUST_0457,262.37,withdrawal,success,2023-09-09
TXN_007589,CUST_0457,147.57,deposit,success,2022-06-19
TXN_007590,CUST_0380,15.41,withdrawal,fraud,2023-05-19
TXN_007591,CUST_0302,42.64,deposit,success,2023-05-07
TXN_007592,CUST_0280,366.51,purchase,fraud,2023-07-29
TXN_007593,CUST_0112,258.13,transfer,success,2023-09-04
TXN_007594,CUST_0280,450.31,deposit,success,2022-10-20
TXN_007595,CUST_0113,25.01,deposit,success,2023-11-15
TXN_007596,CUST_0347,925.53,transfer,success,2022-09-12
TXN_007597,CUST_0120,46.99,transfer,fraud,2022-03-21
TXN_007598,CUST_0017,2.37,transfer,success,2023-09-24
TXN_007599,CUST_0302,1192.22,transfer,success,2022-04-20
TXN_007600,CUST_0333,66.0,transfer,success,2022-01-01
TXN_007601,CUST_0120,220.54,withdrawal,success,2022-02-01
TXN_007602,CUST_0378,38.88,purchase,fraud,2023-09-27
TXN_007603,CUST_0380,173.61,purchase,success,2022-02-21
TXN_007604,CUST_0303,468.75,deposit,success,2022-01-12
TXN_007605,CUST_0115,77.19,transfer,success,2022-10-08
TXN_007606,CUST_0347,221.89,withdrawal,fraud,2022-01-01
TXN_007607,CUST_0457,41.63,withdrawal,success,2022-11-07
TXN_007608,CUST_0415,196.06,deposit,fraud,2023-04-01
TXN_007609,CUST_0113,82.03,transfer,success,2023-01-26
TXN_007610,CUST_0360,47.45,purchase,success,2023-08-05
TXN_007611,CUST_0102,75.14,transfer,success,2022-06-13
TXN_007612,CUST_0380,39.41,withdrawal,success,2022-04-10
TXN_007613,CUST_0048,464.39,transfer,success,2022-02-24
TXN_007614,CUST_0058,101.23,purchase,success,2023-01-12
TXN_007615,CUST_0102,56.28,purchase,success,2022-08-09
TXN_007616,CUST_0413,118.99,deposit,success,2023-10-24
TXN_007617,CUST_0309,77.29,withdrawal,failed,2022-07-15
TXN_007618,CUST_0446,272.84,transfer,success,2023-03-10
TXN_007619,CUST_0378,709.61,transfer,success,2023-01-17
TXN_007620,CUST_0115,115.26,deposit,success,2022-03-19
TXN_007621,CUST_0115,394.7,deposit,success,2022-10-14
TXN_007622,CUST_0309,166.88,deposit,fraud,2023-03-04
TXN_007623,CUST_0328,34.21,withdrawal,success,2023-11-01
TXN_007624,CUST_0280,234.64,transfer,success,2022-01-23
TXN_007625,CUST_0045,144.08,deposit,success,2022-11-01
TXN_007626,CUST_0113,210.31,withdrawal,success,2022-02-05
TXN_007627,CUST_0303,440.89,transfer,success,2022-05-03
TXN_007628,CUST_0115,116.12,purchase,success,2022-11-06
TXN_007629,CUST_0360,462.89,deposit,success,2022-05-26
TXN_007630,CUST_0112,277.79,withdrawal,success,2022-09-27
TXN_007631,CUST_0014,134.12,transfer,failed,2023-04-13
TXN_007632,CUST_0328,184.88,transfer,success,2022-07-29
TXN_007633,CUST_0280,78.78,deposit,fraud,2022-05-04
TXN_007634,CUST_0045,822.06,deposit,fraud,2023-10-14
TXN_007635,CUST_0120,220.13,transfer,success,2023-11-30
TXN_007636,CUST_0230,8.97,withdrawal,success,2022-02-01
TXN_007637,CUST_0126,79.09,purchase,success,2023-05-03
TXN_007638,CUST_0126,195.27,transfer,success,2022-06-28
TXN_007639,CUST_0112,11.6,withdrawal,success,2022-01-15
TXN_007640,CUST_0280,4.83,deposit,success,2022-04-26
TXN_007641,CUST_0102,119.58,transfer,success,2022-03-30
TXN_007642,CUST_0389,80.9,deposit,success,2022-08-29
TXN_007643,CUST_0303,115.36,purchase,success,2023-04-12
TXN_007644,CUST_0045,60.95,deposit,success,2023-08-17
TXN_007645,CUST_0016,36.0,purchase,success,2023-12-13
TXN_007646,CUST_0347,233.68,deposit,success,2023-07-25
TXN_007647,CUST_0389,144.54,deposit,fraud,2022-10-07
TXN_007648,CUST_0016,44.67,purchase,success,2022-10-04
TXN_007649,CUST_0126,77.01,deposit,success,2022-01-24
TXN_007650,CUST_0017,179.2,withdrawal,success,2023-12-21
TXN_007651,CUST_0072,14.99,deposit,success,2023-07-31
TXN_007652,CUST_0014,31.91,transfer,success,2023-05-07
TXN_007653,CUST_0215,15.21,deposit,success,2022-03-06
TXN_007654,CUST_0126,334.6,withdrawal,failed,2023-12-10
TXN_007655,CUST_0102,279.2,transfer,success,2022-06-06
TXN_007656,CUST_0259,279.93,withdrawal,success,2022-08-09
TXN_007657,CUST_0389,251.99,transfer,success,2022-03-08
TXN_007658,CUST_0120,221.36,deposit,success,2023-02-12
TXN_007659,CUST_0215,129.63,withdrawal,success,2023-11-26
TXN_007660,CUST_0333,205.6,deposit,success,2023-01-22
TXN_007661,CUST_0328,7.82,transfer,,2022-01-31
TXN_007662,CUST_0380,194.29,withdrawal,success,2022-02-08
TXN_007663,CUST_0309,300.91,purchase,success,2023-05-25
TXN_007664,CUST_0102,138.77,withdrawal,success,2023-03-19
TXN_007665,CUST_0058,88.48,deposit,success,2023-04-22
TXN_007666,CUST_0053,64.99,purchase,success,2023-02-27
TXN_007667,CUST_0302,205.89,purchase,success,2022-06-29
TXN_007668,CUST_0347,236.05,transfer,failed,2022-01-14
TXN_007669,CUST_0303,409.54,purchase,success,2023-08-14
TXN_007670,CUST_0259,83.81,purchase,success,2022-02-15
TXN_007671,CUST_0309,293.74,transfer,fraud,2023-11-04
TXN_007672,CUST_0045,164.81,withdrawal,success,2022-03-06
TXN_007673,CUST_0013,428.84,deposit,success,2022-10-15
TXN_007674,CUST_0217,150.08,withdrawal,success,2023-12-28
TXN_007675,CUST_0446,145.81,purchase,success,2022-10-16
TXN_007676,CUST_0217,172.49,deposit,success,2023-05-06
TXN_007677,CUST_0113,276.71,withdrawal,success,2022-07-27
TXN_007678,CUST_0115,668.72,deposit,success,2022-10-01
TXN_007679,CUST_0288,15.28,purchase,success,2022-01-25
TXN_007680,CUST_0303,10.98,withdrawal,success,2023-11-19
TXN_007681,CUST_0347,554.68,deposit,failed,2022-10-06
TXN_007682,CUST_0053,150.95,deposit,success,2022-07-12
TXN_007683,CUST_0457,190.85,withdrawal,success,2022-08-29
TXN_007684,CUST_0141,131.72,withdrawal,success,2023-12-08
TXN_007685,CUST_0014,19.67,purchase,success,2023-04-04
TXN_007686,CUST_0367,292.28,transfer,fraud,2022-01-02
TXN_007687,CUST_0380,275.05,deposit,success,2023-10-28
TXN_007688,CUST_0013,74.71,withdrawal,success,2022-02-15
TXN_007689,CUST_0215,73.13,withdrawal,success,2023-07-31
TXN_007690,CUST_0045,363.84,withdrawal,success,2023-03-22
TXN_007691,CUST_0053,15.02,deposit,success,2023-07-27
TXN_007692,CUST_0380,425.9,purchase,fraud,2023-12-21
TXN_007693,CUST_0413,59.32,transfer,success,2023-05-16
TXN_007694,CUST_0328,179.78,deposit,failed,2022-08-26
TXN_007695,CUST_0347,549.76,purchase,success,2022-02-18
TXN_007696,CUST_0446,226.72,deposit,failed,2022-10-21
TXN_007697,CUST_0217,107.03,deposit,success,2023-01-08
TXN_007698,CUST_0259,233.94,withdrawal,fraud,2022-04-01
TXN_007699,CUST_0048,84.31,purchase,success,2023-09-05
TXN_007700,CUST_0259,64.94,withdrawal,fraud,2023-01-12
TXN_007701,CUST_0288,1141.76,withdrawal,success,2023-04-13
TXN_007702,CUST_0303,277.89,purchase,success,2023-04-29
TXN_007703,CUST_0280,206.97,withdrawal,success,2023-07-12
TXN_007704,CUST_0280,87.79,withdrawal,fraud,2022-06-17
TXN_007705,CUST_0303,10.08,transfer,success,2023-01-18
TXN_007706,CUST_0072,6.31,purchase,success,2023-11-06
TXN_007707,CUST_0302,161.57,purchase,success,2023-01-16
TXN_007708,CUST_0259,287.12,withdrawal,success,2023-07-19
TXN_007709,CUST_0048,154.17,withdrawal,success,2023-07-08
TXN_007710,CUST_0302,367.5,purchase,success,2022-05-30
TXN_007711,CUST_0017,6.8,purchase,success,2022-11-25
TXN_007712,CUST_0014,91.38,deposit,success,2023-10-17
TXN_007713,CUST_0004,54.12,purchase,fraud,2022-12-22
TXN_007714,CUST_0072,118.58,deposit,fraud,2023-02-21
TXN_007715,CUST_0378,15.03,withdrawal,success,2022-06-28
TXN_007716,CUST_0013,616.4,transfer,success,2023-08-18
TXN_007717,CUST_0415,50.53,transfer,success,2023-02-16
TXN_007718,CUST_0380,511.0,deposit,success,2023-01-17
TXN_007719,CUST_0045,110.99,withdrawal,success,2023-04-24
TXN_007720,CUST_0102,847.05,withdrawal,success,2022-12-22
TXN_007721,CUST_0347,161.51,withdrawal,success,2022-10-27
TXN_007722,CUST_0014,534.25,purchase,success,2022-06-01
TXN_007723,CUST_0280,1.07,withdrawal,success,2023-11-20
TXN_007724,CUST_0120,275.85,purchase,success,2023-05-22
TXN_007725,CUST_0004,466.71,deposit,success,2023-11-23
TXN_007726,CUST_0120,30.1,transfer,success,2023-07-10
TXN_007727,CUST_0016,20.21,deposit,success,2023-02-22
TXN_007728,CUST_0058,110.53,withdrawal,success,2023-01-04
TXN_007729,CUST_0112,542.65,withdrawal,success,2023-03-19
TXN_007730,CUST_0120,156.35,deposit,success,2022-03-30
TXN_007731,CUST_0126,149.93,purchase,success,2023-09-09
TXN_007732,CUST_0457,30.43,purchase,success,2022-09-17
TXN_007733,CUST_0120,0.16,purchase,success,2022-05-21
TXN_007734,CUST_0120,332.29,transfer,success,2022-12-07
TXN_007735,CUST_0072,18.33,transfer,success,2023-01-03
TXN_007736,CUST_0230,200.94,withdrawal,success,2023-10-23
TXN_007737,CUST_0380,492.12,deposit,success,2023-04-23
TXN_007738,CUST_0013,46.8,deposit,success,2023-04-07
TXN_007739,CUST_0215,218.89,withdrawal,success,2023-07-07
TXN_007740,CUST_0120,16.39,purchase,failed,2023-11-28
TXN_007741,CUST_0113,185.14,transfer,success,2022-06-18
TXN_007742,CUST_0302,35.81,deposit,success,2022-02-13
TXN_007743,CUST_0102,266.33,withdrawal,success,2022-12-18
TXN_007744,CUST_0360,71.69,purchase,success,2023-06-03
TXN_007745,CUST_0259,124.5,purchase,success,2023-10-03
TXN_007746,CUST_0457,182.97,transfer,success,2022-05-29
TXN_007747,CUST_0102,37.57,transfer,failed,2023-09-06
TXN_007748,CUST_0058,270.68,withdrawal,success,2022-12-16
TXN_007749,CUST_0016,72.09,withdrawal,success,2023-07-08
TXN_007750,CUST_0045,217.16,purchase,success,2023-10-10
TXN_007751,CUST_0259,34.46,purchase,success,2022-06-13
TXN_007752,CUST_0333,233.03,deposit,fraud,2023-08-11
TXN_007753,CUST_0215,27.44,purchase,success,2022-05-23
TXN_007754,CUST_0446,110.8,withdrawal,success,2022-07-30
TXN_007755,CUST_0415,56.79,transfer,fraud,2023-12-11
TXN_007756,CUST_0389,275.96,withdrawal,success,2023-02-10
TXN_007757,CUST_0280,60.77,deposit,success,2022-03-25
TXN_007758,CUST_0048,426.94,deposit,fraud,2023-03-06
TXN_007759,CUST_0217,444.79,transfer,success,2022-04-25
TXN_007760,CUST_0048,43.74,withdrawal,success,2023-05-29
TXN_007761,CUST_0415,190.3,deposit,success,2023-07-12
TXN_007762,CUST_0389,18.36,withdrawal,fraud,2022-02-12
TXN_007763,CUST_0302,99.36,deposit,failed,2023-06-17
TXN_007764,CUST_0302,249.88,transfer,success,2022-04-17
TXN_007765,CUST_0045,215.42,deposit,fraud,2023-08-13
TXN_007766,CUST_0309,196.01,withdrawal,success,2022-01-05
TXN_007767,CUST_0141,66.41,withdrawal,success,2022-09-18
TXN_007768,CUST_0120,94.97,deposit,success,2023-07-18
TXN_007769,CUST_0378,21.73,purchase,success,2023-11-12
TXN_007770,CUST_0072,253.9,transfer,success,2022-06-18
TXN_007771,CUST_0053,140.19,transfer,success,2022-08-21
TXN_007772,CUST_0389,246.73,deposit,success,2023-12-02
TXN_007773,CUST_0446,57.25,deposit,fraud,2023-12-28
TXN_007774,CUST_0230,78.44,purchase,success,2022-12-09
TXN_007775,CUST_0259,81.36,transfer,failed,2023-05-16
TXN_007776,CUST_0045,5.22,purchase,fraud,2022-04-30
TXN_007777,CUST_0102,83.42,transfer,success,2022-11-30
TXN_007778,CUST_0102,325.22,deposit,success,2023-01-18
TXN_007779,CUST_0230,455.19,transfer,success,2023-07-16
TXN_007780,CUST_0143,146.05,transfer,success,2023-02-09
TXN_007781,CUST_0013,121.58,transfer,success,2023-06-20
TXN_007782,CUST_0259,6.26,purchase,success,2023-11-04
TXN_007783,CUST_0143,422.73,purchase,success,2023-02-07
TXN_007784,CUST_0053,2.62,transfer,success,2022-08-13
TXN_007785,CUST_0102,579.18,withdrawal,success,2023-08-14
TXN_007786,CUST_0045,134.36,purchase,success,2022-12-26
TXN_007787,CUST_0115,83.69,deposit,success,2023-02-22
TXN_007788,CUST_0446,515.98,deposit,fraud,2023-12-06
TXN_007789,CUST_0113,4.94,transfer,success,2022-04-19
TXN_007790,CUST_0303,174.18,deposit,fraud,2022-08-20
TXN_007791,CUST_0309,159.23,purchase,success,2023-10-18
TXN_007792,CUST_0328,49.52,withdrawal,success,2023-10-22
TXN_007793,CUST_0016,112.03,withdrawal,success,2023-04-10
TXN_007794,CUST_0288,211.26,withdrawal,success,2022-06-09
TXN_007795,CUST_0259,259.75,deposit,success,2023-12-12
TXN_007796,CUST_0126,0.14,transfer,fraud,2022-07-12
TXN_007797,CUST_0415,552.46,deposit,success,2022-01-01
TXN_007798,CUST_0048,35.95,transfer,success,2023-06-01
TXN_007799,CUST_0115,53.21,withdrawal,success,2022-04-21
TXN_007800,CUST_0230,61.16,purchase,success,2023-05-23
TXN_007801,CUST_0230,7.71,deposit,success,2022-05-28
TXN_007802,CUST_0446,26.26,purchase,success,2022-03-15
TXN_007803,CUST_0457,858.8,withdrawal,success,2023-12-13
TXN_007804,CUST_0280,75.73,transfer,success,2022-11-10
TXN_007805,CUST_0288,24.5,purchase,fraud,2022-09-05
TXN_007806,CUST_0302,22.63,deposit,success,2023-02-20
TXN_007807,CUST_0230,254.21,purchase,success,2022-11-07
TXN_007808,CUST_0280,385.61,purchase,success,2022-08-03
TXN_007809,CUST_0347,59.4,deposit,success,2023-07-09
TXN_007810,CUST_0072,4.23,transfer,success,2023-10-16
TXN_007811,CUST_0288,50.49,deposit,success,2022-04-09
TXN_007812,CUST_0048,11.64,withdrawal,success,2022-07-15
TXN_007813,CUST_0413,21.83,transfer,success,2022-01-25
TXN_007814,CUST_0112,112.95,purchase,success,2022-01-17
TXN_007815,CUST_0259,52.25,deposit,success,2022-02-01
TXN_007816,CUST_0014,145.11,withdrawal,success,2022-10-30
TXN_007817,CUST_0053,58.47,deposit,success,2022-05-04
TXN_007818,CUST_0347,564.48,transfer,success,2022-08-01
TXN_007819,CUST_0230,472.77,withdrawal,success,2022-07-10
TXN_007820,CUST_0126,167.31,purchase,fraud,2023-11-28
TXN_007821,CUST_0389,87.52,transfer,success,2022-03-15
TXN_007822,CUST_0217,95.98,withdrawal,success,2022-03-10
TXN_007823,CUST_0115,106.16,transfer,success,2022-09-17
TXN_007824,CUST_0259,260.08,purchase,success,2023-04-09
TXN_007825,CUST_0113,120.16,withdrawal,success,2022-05-02
TXN_007826,CUST_0004,388.6,deposit,fraud,2023-03-09
TXN_007827,CUST_0415,576.82,deposit,success,2023-01-02
TXN_007828,CUST_0053,81.88,purchase,success,2023-11-09
TXN_007829,CUST_0141,164.51,withdrawal,success,2023-02-17
TXN_007830,CUST_0048,19.98,purchase,success,2022-01-11
TXN_007831,CUST_0120,44.75,purchase,success,2023-12-16
TXN_007832,CUST_0333,106.7,transfer,success,2023-09-04
TXN_007833,CUST_0367,46.19,deposit,success,2022-11-04
TXN_007834,CUST_0367,418.4,purchase,success,2022-12-18
TXN_007835,CUST_0230,34.46,transfer,success,2023-02-02
TXN_007836,CUST_0347,121.64,purchase,success,2023-01-19
TXN_007837,CUST_0045,186.13,purchase,success,2022-08-02
TXN_007838,CUST_0347,235.44,purchase,success,2022-11-08
TXN_007839,CUST_0333,96.6,deposit,success,2023-03-15
TXN_007840,CUST_0102,406.66,withdrawal,success,2023-09-27
TXN_007841,CUST_0302,168.01,deposit,fraud,2023-08-27
TXN_007842,CUST_0415,115.79,transfer,failed,2023-05-05
TXN_007843,CUST_0367,13.92,withdrawal,success,2023-10-13
TXN_007844,CUST_0347,124.98,transfer,success,2023-09-22
TXN_007845,CUST_0389,343.78,purchase,failed,2023-08-31
TXN_007846,CUST_0113,190.66,withdrawal,success,2022-02-12
TXN_007847,CUST_0328,356.95,transfer,success,2023-11-27
TXN_007848,CUST_0053,136.25,purchase,success,2023-05-19
TXN_007849,CUST_0141,25.22,transfer,success,2022-02-02
TXN_007850,CUST_0230,2.75,transfer,success,2023-05-27
TXN_007851,CUST_0389,72.26,deposit,success,2022-11-24
TXN_007852,CUST_0115,239.46,purchase,success,2022-12-26
TXN_007853,CUST_0112,312.38,deposit,success,2022-02-01
TXN_007854,CUST_0048,70.13,withdrawal,success,2022-09-19
TXN_007855,CUST_0143,136.9,purchase,success,2023-12-19
TXN_007856,CUST_0004,109.33,deposit,success,2023-04-30
TXN_007857,CUST_0309,105.7,deposit,success,2023-01-28
TXN_007858,CUST_0072,52.62,withdrawal,success,2023-07-06
TXN_007859,CUST_0113,29.32,transfer,success,2022-04-11
TXN_007860,CUST_0072,43.8,transfer,success,2023-03-09
TXN_007861,CUST_0457,11.38,transfer,success,2023-12-07
TXN_007862,CUST_0230,44.16,withdrawal,success,2023-08-25
TXN_007863,CUST_0288,1.85,deposit,success,2023-09-28
TXN_007864,CUST_0217,197.37,purchase,success,2022-12-26
TXN_007865,CUST_0302,76.07,withdrawal,success,2023-12-03
TXN_007866,CUST_0045,723.46,transfer,success,2023-05-18
TXN_007867,CUST_0378,43.06,transfer,success,2022-01-28
TXN_007868,CUST_0045,84.88,purchase,success,2023-01-25
TXN_007869,CUST_0126,88.58,withdrawal,success,2022-02-09
TXN_007870,CUST_0058,1.7,transfer,success,2023-05-15
TXN_007871,CUST_0143,365.53,withdrawal,success,2022-03-30
TXN_007872,CUST_0217,6.5,deposit,success,2023-05-02
TXN_007873,CUST_0302,563.28,withdrawal,success,2022-09-16
TXN_007874,CUST_0053,445.26,deposit,success,2023-07-11
TXN_007875,CUST_0378,153.37,purchase,success,2022-04-05
TXN_007876,CUST_0141,156.88,deposit,success,2022-03-26
TXN_007877,CUST_0446,212.13,deposit,success,2022-09-09
TXN_007878,CUST_0280,97.89,purchase,success,2023-10-09
TXN_007879,CUST_0259,208.38,transfer,success,2022-04-07
TXN_007880,CUST_0126,9.16,purchase,fraud,2023-04-11
TXN_007881,CUST_0017,11.11,withdrawal,success,2023-01-24
TXN_007882,CUST_0016,122.21,purchase,success,2022-12-12
TXN_007883,CUST_0143,159.53,withdrawal,success,2022-09-05
TXN_007884,CUST_0360,437.53,transfer,failed,2023-09-11
TXN_007885,CUST_0004,22.11,withdrawal,fraud,2023-04-26
TXN_007886,CUST_0360,345.92,purchase,success,2022-02-05
TXN_007887,CUST_0309,47.16,purchase,success,2022-11-27
TXN_007888,CUST_0415,100.2,transfer,success,2022-11-14
TXN_007889,CUST_0288,76.14,purchase,success,2023-07-20
TXN_007890,CUST_0446,102.22,transfer,success,2023-12-22
TXN_007891,CUST_0045,32.62,transfer,success,2023-04-08
TXN_007892,CUST_0389,140.06,purchase,success,2022-08-10
TXN_007893,CUST_0328,323.54,deposit,success,2023-09-21
TXN_007894,CUST_0413,116.51,withdrawal,success,2023-02-25
TXN_007895,CUST_0413,134.91,deposit,success,2022-04-08
TXN_007896,CUST_0347,377.79,transfer,success,2022-01-11
TXN_007897,CUST_0288,244.87,withdrawal,success,2023-12-02
TXN_007898,CUST_0048,134.85,deposit,success,2022-05-12
TXN_007899,CUST_0302,59.6,purchase,success,2023-08-31
TXN_007900,CUST_0013,432.44,deposit,success,2023-11-23
TXN_007901,CUST_0016,172.09,withdrawal,success,2022-01-29
TXN_007902,CUST_0457,49.99,withdrawal,success,2023-06-03
TXN_007903,CUST_0013,62.7,withdrawal,fraud,2023-04-01
TXN_007904,CUST_0328,325.05,withdrawal,fraud,2022-03-12
TXN_007905,CUST_0380,9.03,deposit,success,2023-05-30
TXN_007906,CUST_0143,967.98,purchase,success,2022-07-05
TXN_007907,CUST_0017,27.93,purchase,success,2023-04-20
TXN_007908,CUST_0016,317.99,withdrawal,fraud,2022-10-09
TXN_007909,CUST_0016,100.43,purchase,success,2023-12-15
TXN_007910,CUST_0303,135.54,deposit,success,2023-08-02
TXN_007911,CUST_0045,425.14,purchase,success,2023-02-02
TXN_007912,CUST_0115,106.52,transfer,success,2023-07-03
TXN_007913,CUST_0415,154.22,purchase,success,2023-11-01
TXN_007914,CUST_0141,10.11,withdrawal,success,2022-02-19
TXN_007915,CUST_0380,0.47,purchase,success,2022-09-17
TXN_007916,CUST_0004,56.15,purchase,success,2023-08-23
TXN_007917,CUST_0230,228.25,purchase,fraud,2022-05-01
TXN_007918,CUST_0302,25.85,purchase,fraud,2023-12-16
TXN_007919,CUST_0303,24.15,transfer,success,2023-06-14
TXN_007920,CUST_0053,105.85,deposit,success,2023-05-18
TXN_007921,CUST_0004,208.73,withdrawal,success,2022-06-28
TXN_007922,CUST_0389,249.01,withdrawal,failed,2023-04-08
TXN_007923,CUST_0230,39.31,purchase,success,2022-10-28
TXN_007924,CUST_0415,16.59,deposit,success,2022-06-16
TXN_007925,CUST_0457,564.01,purchase,success,2022-02-10
TXN_007926,CUST_0389,60.4,transfer,success,2022-10-25
TXN_007927,CUST_0280,383.94,deposit,success,2023-09-08
TXN_007928,CUST_0230,398.27,deposit,success,2022-12-06
TXN_007929,CUST_0143,296.14,deposit,success,2023-03-13
TXN_007930,CUST_0112,36.99,deposit,success,2022-04-23
TXN_007931,CUST_0446,344.97,purchase,success,2023-12-05
TXN_007932,CUST_0309,293.28,transfer,success,2022-06-08
TXN_007933,CUST_0280,181.63,deposit,failed,2022-03-20
TXN_007934,CUST_0141,82.26,withdrawal,fraud,2022-07-23
TXN_007935,CUST_0378,60.9,withdrawal,success,2023-05-09
TXN_007936,CUST_0446,26.0,transfer,failed,2023-05-13
TXN_007937,CUST_0013,142.57,withdrawal,success,2022-09-13
TXN_007938,CUST_0309,176.02,purchase,success,2022-01-06
TXN_007939,CUST_0072,89.05,purchase,success,2023-02-01
TXN_007940,CUST_0102,129.01,transfer,success,2023-11-01
TXN_007941,CUST_0446,90.36,deposit,success,2022-06-30
TXN_007942,CUST_0143,204.89,withdrawal,success,2023-01-21
TXN_007943,CUST_0389,463.05,withdrawal,success,2022-02-14
TXN_007944,CUST_0013,35.81,transfer,success,2022-11-06
TXN_007945,CUST_0302,96.06,transfer,success,2022-07-07
TXN_007946,CUST_0120,30.37,withdrawal,failed,2022-08-17
TXN_007947,CUST_0048,196.14,deposit,success,2022-12-15
TXN_007948,CUST_0389,261.03,transfer,success,2023-12-01
TXN_007949,CUST_0126,537.39,purchase,success,2023-08-21
TXN_007950,CUST_0045,65.39,withdrawal,success,2023-05-21
TXN_007951,CUST_0280,599.99,transfer,success,2022-08-23
TXN_007952,CUST_0215,13.07,transfer,success,2024-01-01
TXN_007953,CUST_0413,184.77,transfer,success,2023-04-01
TXN_007954,CUST_0457,11.77,withdrawal,success,2023-12-19
TXN_007955,CUST_0446,448.44,purchase,success,2022-04-29
TXN_007956,CUST_0217,150.92,purchase,success,2022-04-14
TXN_007957,CUST_0303,221.34,withdrawal,success,2022-06-18
TXN_007958,CUST_0288,356.25,transfer,success,2022-05-23
TXN_007959,CUST_0378,32.58,withdrawal,success,2022-05-16
TXN_007960,CUST_0302,7.87,withdrawal,success,2023-09-12
TXN_007961,CUST_0328,422.2,transfer,success,2023-07-31
TXN_007962,CUST_0347,75.65,withdrawal,fraud,2022-01-25
TXN_007963,CUST_0288,27.62,deposit,success,2023-03-25
TXN_007964,CUST_0113,126.4,purchase,success,2023-05-24
TXN_007965,CUST_0413,182.41,deposit,success,2023-01-11
TXN_007966,CUST_0048,6.29,deposit,success,2023-12-17
TXN_007967,CUST_0415,64.29,deposit,success,2023-03-17
TXN_007968,CUST_0112,6.67,withdrawal,success,2022-01-22
TXN_007969,CUST_0446,109.06,transfer,success,2023-12-27
TXN_007970,CUST_0112,450.95,withdrawal,success,2023-06-22
TXN_007971,CUST_0347,810.86,purchase,success,2023-12-12
TXN_007972,CUST_0013,202.7,withdrawal,success,2023-01-13
TXN_007973,CUST_0367,35.26,withdrawal,success,2023-10-13
TXN_007974,CUST_0072,472.57,withdrawal,success,2023-07-11
TXN_007975,CUST_0045,145.24,withdrawal,success,2022-04-19
TXN_007976,CUST_0013,33.39,deposit,fraud,2023-03-05
TXN_007977,CUST_0058,509.51,transfer,success,2023-05-01
TXN_007978,CUST_0347,283.33,purchase,success,2022-02-04
TXN_007979,CUST_0014,263.13,purchase,success,2022-10-13
TXN_007980,CUST_0389,247.01,purchase,success,2023-03-23
TXN_007981,CUST_0013,44.71,withdrawal,success,2023-07-25
TXN_007982,CUST_0309,47.4,purchase,success,2023-12-20
TXN_007983,CUST_0259,233.14,deposit,fraud,2023-03-09
TXN_007984,CUST_0446,49.62,transfer,success,2022-03-10
TXN_007985,CUST_0389,115.49,withdrawal,success,2022-03-08
TXN_007986,CUST_0014,304.65,withdrawal,success,2022-03-31
TXN_007987,CUST_0014,306.45,deposit,success,2022-09-27
TXN_007988,CUST_0280,120.76,purchase,success,2023-11-12
TXN_007989,CUST_0347,314.23,withdrawal,success,2023-01-02
TXN_007990,CUST_0016,364.8,withdrawal,success,2023-05-02
TXN_007991,CUST_0004,212.71,deposit,success,2023-02-15
TXN_007992,CUST_0415,51.86,deposit,success,2023-06-04
TXN_007993,CUST_0280,64.04,purchase,success,2022-09-07
TXN_007994,CUST_0333,75.62,transfer,success,2022-05-21
TXN_007995,CUST_0367,24.84,transfer,success,2022-05-04
TXN_007996,CUST_0016,63.81,purchase,success,2022-01-25
TXN_007997,CUST_0072,47.02,transfer,success,2022-06-15
TXN_007998,CUST_0016,121.51,deposit,failed,2022-03-30
TXN_007999,CUST_0143,478.15,deposit,success,2023-08-08
TXN_008000,CUST_0053,22.07,deposit,success,2022-07-11
TXN_008001,CUST_0013,254.78,transfer,success,2023-11-12
TXN_008002,CUST_0143,232.49,transfer,success,2022-07-21
TXN_008003,CUST_0280,20.13,withdrawal,success,2023-04-02
TXN_008004,CUST_0367,511.68,withdrawal,success,2023-11-07
TXN_008005,CUST_0309,168.08,withdrawal,success,2023-07-14
TXN_008006,CUST_0143,90.43,transfer,success,2023-01-18
TXN_008007,CUST_0014,282.56,withdrawal,success,2023-07-25
TXN_008008,CUST_0141,59.51,deposit,fraud,2022-09-27
TXN_008009,CUST_0048,236.51,transfer,success,2023-05-05
TXN_008010,CUST_0446,8.1,purchase,fraud,2022-03-10
TXN_008011,CUST_0113,365.78,transfer,fraud,2023-11-04
TXN_008012,CUST_0230,118.9,withdrawal,success,2022-07-09
TXN_008013,CUST_0347,202.5,transfer,success,2023-08-20
TXN_008014,CUST_0333,50.01,withdrawal,success,2023-02-28
TXN_008015,CUST_0215,226.07,withdrawal,success,2022-04-29
TXN_008016,CUST_0126,295.89,purchase,success,2023-07-28
TXN_008017,CUST_0413,128.19,purchase,success,2022-02-10
TXN_008018,CUST_0120,192.32,deposit,success,2022-08-26
TXN_008019,CUST_0415,121.88,withdrawal,success,2022-07-27
TXN_008020,CUST_0016,449.04,transfer,success,2022-05-31
TXN_008021,CUST_0360,137.78,purchase,success,2022-11-04
TXN_008022,CUST_0378,368.79,purchase,success,2022-05-17
TXN_008023,CUST_0215,323.24,withdrawal,success,2023-12-20
TXN_008024,CUST_0259,105.7,transfer,success,2023-02-05
TXN_008025,CUST_0004,52.29,purchase,success,2022-01-12
TXN_008026,CUST_0215,104.2,purchase,success,2023-01-16
TXN_008027,CUST_0058,349.99,transfer,success,2022-03-03
TXN_008028,CUST_0378,51.66,purchase,success,2023-06-07
TXN_008029,CUST_0217,148.65,transfer,success,2022-01-13
TXN_008030,CUST_0016,328.08,withdrawal,success,2022-04-26
TXN_008031,CUST_0360,87.23,purchase,success,2023-06-22
TXN_008032,CUST_0446,205.56,withdrawal,success,2023-11-13
TXN_008033,CUST_0333,56.37,transfer,success,2022-09-30
TXN_008034,CUST_0360,23.14,withdrawal,success,2023-08-23
TXN_008035,CUST_0115,316.35,withdrawal,success,2023-06-28
TXN_008036,CUST_0446,20.84,withdrawal,success,2022-01-10
TXN_008037,CUST_0058,63.32,deposit,success,2022-11-07
TXN_008038,CUST_0004,386.36,transfer,success,2022-05-21
TXN_008039,CUST_0017,85.07,transfer,success,2022-11-24
TXN_008040,CUST_0360,722.72,transfer,failed,2022-09-07
TXN_008041,CUST_0013,779.77,transfer,fraud,2023-05-07
TXN_008042,CUST_0230,62.47,transfer,success,2022-08-07
TXN_008043,CUST_0333,8.37,purchase,success,2022-07-13
TXN_008044,CUST_0230,244.2,purchase,success,2023-11-11
TXN_008045,CUST_0016,119.93,purchase,success,2023-05-02
TXN_008046,CUST_0347,21.24,withdrawal,success,2023-05-05
TXN_008047,CUST_0288,245.87,withdrawal,success,2023-05-06
TXN_008048,CUST_0120,6.33,transfer,success,2022-08-08
TXN_008049,CUST_0045,408.35,deposit,success,2022-04-12
TXN_008050,CUST_0367,29.85,transfer,fraud,2022-06-26
TXN_008051,CUST_0217,27.24,purchase,success,2023-02-02
TXN_008052,CUST_0013,38.64,transfer,success,2023-07-21
TXN_008053,CUST_0126,645.11,withdrawal,success,2023-10-11
TXN_008054,CUST_0309,236.29,transfer,success,2023-10-05
TXN_008055,CUST_0328,323.26,purchase,success,2023-07-09
TXN_008056,CUST_0112,101.38,transfer,success,2022-03-14
TXN_008057,CUST_0058,81.99,withdrawal,fraud,2022-05-30
TXN_008058,CUST_0217,53.44,deposit,success,2023-11-15
TXN_008059,CUST_0016,131.03,purchase,success,2022-05-11
TXN_008060,CUST_0280,160.52,transfer,success,2023-06-07
TXN_008061,CUST_0280,199.81,withdrawal,success,2022-05-29
TXN_008062,CUST_0280,59.44,purchase,success,2022-03-11
TXN_008063,CUST_0013,593.83,purchase,success,2023-05-05
TXN_008064,CUST_0328,37.21,withdrawal,success,2023-06-10
TXN_008065,CUST_0288,674.25,transfer,success,2022-03-16
TXN_008066,CUST_0120,2.99,transfer,success,2023-08-03
TXN_008067,CUST_0446,131.22,transfer,success,2022-06-18
TXN_008068,CUST_0413,81.1,purchase,success,2022-09-10
TXN_008069,CUST_0013,119.25,deposit,failed,2023-10-04
TXN_008070,CUST_0333,169.1,purchase,success,2023-02-28
TXN_008071,CUST_0367,114.39,transfer,success,2023-10-03
TXN_008072,CUST_0259,107.18,purchase,success,2023-01-06
TXN_008073,CUST_0053,263.89,deposit,success,2022-08-19
TXN_008074,CUST_0072,231.59,purchase,success,2022-09-26
TXN_008075,CUST_0259,358.28,withdrawal,success,2023-02-21
,CUST_0072,57.53,transfer,success,2022-03-03
TXN_008077,CUST_0016,188.08,transfer,success,2023-03-19
TXN_008078,CUST_0303,175.99,transfer,success,2022-02-13
TXN_008079,CUST_0280,92.32,purchase,success,2022-11-25
TXN_008080,CUST_0113,133.13,purchase,success,2023-02-09
TXN_008081,CUST_0280,75.31,purchase,success,2022-01-29
TXN_008082,CUST_0302,30.59,transfer,success,2022-07-17
TXN_008083,CUST_0280,48.11,purchase,fraud,2023-11-19
TXN_008084,CUST_0230,22.3,transfer,success,2023-01-18
TXN_008085,CUST_0378,229.81,purchase,success,2023-02-05
TXN_008086,CUST_0457,216.19,transfer,success,2023-04-06
TXN_008087,CUST_0413,601.59,withdrawal,success,2023-09-13
TXN_008088,CUST_0004,261.63,purchase,success,2022-08-19
TXN_008089,CUST_0017,10.69,transfer,success,2022-05-11
TXN_008090,CUST_0112,431.26,withdrawal,success,2023-05-06
TXN_008091,CUST_0115,397.08,withdrawal,success,2023-09-22
TXN_008092,CUST_0072,117.15,deposit,success,2023-06-06
TXN_008093,CUST_0141,176.31,purchase,success,2023-02-21
TXN_008094,CUST_0004,746.59,transfer,fraud,2023-10-24
TXN_008095,CUST_0013,151.99,deposit,success,2023-10-13
TXN_008096,CUST_0215,471.45,purchase,success,2022-06-11
TXN_008097,CUST_0380,17.34,withdrawal,success,2022-09-05
TXN_008098,CUST_0126,42.4,purchase,success,2023-09-06
TXN_008099,CUST_0215,116.23,transfer,success,2023-06-18
TXN_008100,CUST_0215,175.78,withdrawal,success,2022-10-22
TXN_008101,CUST_0102,338.81,deposit,success,2023-05-25
TXN_008102,CUST_0045,888.99,purchase,success,2022-03-18
TXN_008103,CUST_0259,98.48,purchase,success,2023-03-20
TXN_008104,CUST_0259,9.72,deposit,success,2023-09-07
TXN_008105,CUST_0102,323.06,purchase,success,2022-02-01
TXN_008106,CUST_0217,185.46,purchase,success,2023-03-04
TXN_008107,CUST_0328,44.26,purchase,success,2022-03-09
TXN_008108,CUST_0053,136.57,withdrawal,success,2023-07-30
TXN_008109,CUST_0230,271.2,withdrawal,success,2022-03-28
TXN_008110,CUST_0017,294.29,transfer,success,2023-12-23
TXN_008111,CUST_0378,138.48,purchase,success,2022-05-30
TXN_008112,CUST_0309,72.83,transfer,success,2023-10-19
TXN_008113,CUST_0143,727.96,withdrawal,failed,2022-02-10
TXN_008114,CUST_0328,217.75,purchase,failed,2023-01-14
TXN_008115,CUST_0328,104.93,transfer,fraud,2022-10-12
TXN_008116,CUST_0045,65.83,purchase,success,2023-02-07
TXN_008117,CUST_0016,262.69,purchase,success,2022-10-15
TXN_008118,CUST_0017,55.46,deposit,success,2023-04-21
TXN_008119,CUST_0328,37.68,transfer,success,2023-10-28
TXN_008120,CUST_0328,150.93,withdrawal,success,2022-12-16
TXN_008121,CUST_0217,68.49,transfer,success,2022-11-07
TXN_008122,CUST_0302,198.26,transfer,success,2023-07-03
TXN_008123,CUST_0217,25.1,transfer,success,2023-09-12
TXN_008124,CUST_0215,212.81,deposit,success,2022-12-01
TXN_008125,CUST_0112,66.62,purchase,success,2022-11-12
TXN_008126,CUST_0215,0.05,withdrawal,success,2023-04-27
TXN_008127,CUST_0120,27.15,deposit,success,2023-06-08
TXN_008128,CUST_0302,542.46,withdrawal,success,2023-05-15
TXN_008129,CUST_0004,404.02,deposit,success,2023-01-31
TXN_008130,CUST_0058,53.21,purchase,failed,2023-12-06
TXN_008131,CUST_0280,301.35,withdrawal,success,2023-08-27
TXN_008132,CUST_0303,187.59,transfer,success,2023-12-13
TXN_008133,CUST_0017,707.44,deposit,success,2023-07-28
TXN_008134,CUST_0115,93.56,withdrawal,success,2023-11-30
TXN_008135,CUST_0328,228.8,purchase,fraud,2023-09-12
TXN_008136,CUST_0141,13.13,withdrawal,success,2023-09-06
TXN_008137,CUST_0004,100.92,deposit,success,2023-11-08
TXN_008138,CUST_0013,663.84,purchase,success,2023-08-11
TXN_008139,CUST_0072,154.86,transfer,success,2022-05-21
TXN_008140,CUST_0112,67.9,deposit,failed,2023-04-26
TXN_008141,CUST_0367,25.63,deposit,success,2022-12-12
TXN_008142,CUST_0141,243.16,purchase,success,2022-04-04
TXN_008143,CUST_0045,207.05,deposit,success,2023-12-10
TXN_008144,CUST_0328,93.66,withdrawal,failed,2023-05-17
TXN_008145,CUST_0288,602.95,transfer,failed,2022-12-17
TXN_008146,CUST_0058,4.49,withdrawal,success,2023-06-30
TXN_008147,CUST_0120,72.4,purchase,success,2023-06-14
TXN_008148,CUST_0367,507.84,deposit,success,2023-09-24
TXN_008149,CUST_0113,77.41,transfer,fraud,2023-10-09
TXN_008150,CUST_0013,58.14,purchase,success,2022-03-06
TXN_008151,CUST_0367,152.81,withdrawal,success,2022-09-15
TXN_008152,CUST_0367,347.23,deposit,success,2023-10-07
TXN_008153,CUST_0328,21.77,deposit,success,2022-10-02
TXN_008154,CUST_0017,573.01,purchase,success,2022-10-05
TXN_008155,CUST_0058,317.02,withdrawal,success,2022-10-23
TXN_008156,CUST_0113,40.0,deposit,failed,2023-09-01
TXN_008157,CUST_0120,248.96,withdrawal,success,2023-06-10
TXN_008158,CUST_0230,97.21,transfer,success,2022-08-22
TXN_008159,CUST_0016,102.93,deposit,success,2022-11-17
TXN_008160,CUST_0004,305.84,transfer,success,2022-11-28
TXN_008161,CUST_0215,658.21,deposit,fraud,2022-09-03
TXN_008162,CUST_0126,27.09,purchase,success,2023-08-03
TXN_008163,CUST_0004,109.16,deposit,success,2022-07-15
TXN_008164,CUST_0446,131.15,deposit,success,2022-12-23
TXN_008165,CUST_0309,94.42,withdrawal,success,2022-11-10
TXN_008166,CUST_0141,90.26,withdrawal,fraud,2022-07-16
TXN_008167,CUST_0126,10.74,transfer,success,2022-12-10
TXN_008168,CUST_0413,231.38,transfer,failed,2023-06-15
TXN_008169,CUST_0389,114.62,transfer,success,2023-11-24
TXN_008170,CUST_0014,43.33,deposit,success,2023-02-26
TXN_008171,CUST_0126,338.6,deposit,success,2022-10-13
TXN_008172,CUST_0303,324.46,transfer,success,2022-09-28
TXN_008173,CUST_0217,133.26,purchase,success,2023-09-05
TXN_008174,CUST_0014,70.89,purchase,success,2023-03-11
TXN_008175,CUST_0120,203.27,deposit,success,2023-11-17
TXN_008176,CUST_0302,67.98,purchase,success,2023-11-06
TXN_008177,CUST_0113,53.84,purchase,success,2022-07-12
TXN_008178,CUST_0217,262.25,transfer,success,2023-09-20
TXN_008179,CUST_0143,8.23,purchase,success,2022-05-23
TXN_008180,CUST_0288,19.91,purchase,success,2023-12-06
TXN_008181,CUST_0446,1.36,deposit,success,2022-10-30
TXN_008182,CUST_0347,33.2,deposit,success,2022-07-14
TXN_008183,CUST_0259,14.3,deposit,success,2023-12-05
TXN_008184,CUST_0113,1094.65,purchase,success,2023-12-04
TXN_008185,CUST_0120,68.16,transfer,success,2023-01-06
TXN_008186,CUST_0016,32.33,withdrawal,success,2023-12-31
TXN_008187,CUST_0217,55.15,deposit,success,2023-07-10
TXN_008188,CUST_0072,550.17,deposit,success,2023-07-21
TXN_008189,CUST_0367,146.86,deposit,success,2022-11-25
TXN_008190,CUST_0016,90.77,transfer,success,2022-07-29
TXN_008191,CUST_0280,413.33,withdrawal,success,2023-04-19
TXN_008192,CUST_0303,100.5,withdrawal,success,2023-08-19
TXN_008193,CUST_0120,81.6,deposit,success,2023-06-17
TXN_008194,CUST_0280,46.46,purchase,success,2022-06-27
TXN_008195,CUST_0053,94.9,deposit,success,2022-05-01
TXN_008196,CUST_0048,76.16,deposit,success,2022-10-26
TXN_008197,CUST_0367,226.21,purchase,success,2023-10-16
TXN_008198,CUST_0415,68.38,purchase,success,2022-09-10
TXN_008199,CUST_0328,172.17,deposit,success,2022-07-30
TXN_008200,CUST_0053,13.63,transfer,success,2023-09-05
TXN_008201,CUST_0303,42.46,transfer,success,2023-10-11
TXN_008202,CUST_0013,104.65,purchase,success,2022-12-12
TXN_008203,CUST_0367,552.76,deposit,fraud,2022-07-07
TXN_008204,CUST_0112,94.72,transfer,success,2023-10-26
TXN_008205,CUST_0014,218.17,deposit,success,2023-05-24
TXN_008206,CUST_0045,58.9,deposit,success,2023-01-19
TXN_008207,CUST_0120,27.17,deposit,success,2022-09-09
TXN_008208,CUST_0389,12.06,transfer,fraud,2023-02-06
TXN_008209,CUST_0115,72.89,withdrawal,success,2023-05-11
TXN_008210,CUST_0215,34.31,deposit,success,2022-10-05
TXN_008211,CUST_0230,38.23,transfer,success,2023-08-05
TXN_008212,CUST_0309,286.06,withdrawal,success,2023-04-16
TXN_008213,CUST_0302,3.19,purchase,success,2023-07-05
TXN_008214,CUST_0446,163.2,transfer,success,2022-12-16
TXN_008215,CUST_0309,95.43,withdrawal,success,2022-05-30
TXN_008216,CUST_0215,141.27,transfer,success,2022-09-18
TXN_008217,CUST_0288,165.49,withdrawal,success,2023-09-13
TXN_008218,CUST_0016,75.19,withdrawal,success,2022-03-15
TXN_008219,CUST_0120,69.94,transfer,success,2022-09-16
TXN_008220,CUST_0217,264.4,purchase,success,2022-05-08
TXN_008221,CUST_0413,410.02,deposit,success,2023-01-21
TXN_008222,CUST_0045,42.78,withdrawal,success,2023-07-18
TXN_008223,CUST_0217,20.54,deposit,success,2023-02-07
TXN_008224,CUST_0113,456.16,purchase,success,2022-01-04
TXN_008225,CUST_0072,86.12,deposit,success,2022-03-10
TXN_008226,CUST_0280,160.29,deposit,fraud,2022-07-13
TXN_008227,CUST_0045,89.11,transfer,success,2022-09-18
TXN_008228,CUST_0389,26.89,transfer,success,2023-05-22
TXN_008229,CUST_0112,177.99,purchase,success,2023-04-11
TXN_008230,CUST_0120,148.95,transfer,success,2023-07-18
TXN_008231,CUST_0045,45.38,withdrawal,success,2023-08-21
TXN_008232,CUST_0113,120.25,purchase,success,2022-10-11
TXN_008233,CUST_0045,318.86,transfer,success,2023-06-08
TXN_008234,CUST_0280,178.53,transfer,success,2023-08-05
TXN_008235,CUST_0141,20.39,purchase,success,2023-03-07
TXN_008236,CUST_0013,158.82,withdrawal,success,2022-07-23
TXN_008237,CUST_0014,242.63,purchase,success,2022-09-30
TXN_008238,CUST_0016,314.72,transfer,success,2022-02-22
TXN_008239,CUST_0380,198.37,transfer,success,2023-03-14
TXN_008240,CUST_0280,33.13,purchase,success,2023-10-06
TXN_008241,CUST_0126,247.69,withdrawal,success,2023-05-17
TXN_008242,CUST_0014,226.23,withdrawal,success,2023-09-02
TXN_008243,CUST_0360,4.95,deposit,success,2022-04-21
TXN_008244,CUST_0126,106.12,withdrawal,fraud,2023-05-03
TXN_008245,CUST_0302,80.98,purchase,success,2023-03-24
TXN_008246,CUST_0045,221.38,withdrawal,fraud,2023-02-01
TXN_008247,CUST_0017,48.7,withdrawal,success,2022-11-17
TXN_008248,CUST_0413,178.75,deposit,success,2022-05-03
TXN_008249,CUST_0288,488.84,withdrawal,fraud,2022-05-24
TXN_008250,CUST_0378,319.7,deposit,success,2022-07-05
TXN_008251,CUST_0143,508.82,deposit,fraud,2022-05-06
TXN_008252,CUST_0367,768.0,withdrawal,success,2023-01-06
TXN_008253,CUST_0380,2.15,transfer,fraud,2022-02-25
TXN_008254,CUST_0215,194.96,purchase,success,2022-02-12
TXN_008255,CUST_0053,106.49,purchase,success,2022-03-13
TXN_008256,CUST_0112,393.01,withdrawal,failed,2022-10-12
TXN_008257,CUST_0303,58.02,purchase,success,2022-04-21
TXN_008258,CUST_0217,792.97,purchase,success,2023-07-16
TXN_008259,CUST_0413,190.23,deposit,success,2023-07-03
TXN_008260,CUST_0457,315.53,transfer,success,2022-10-02
TXN_008261,CUST_0014,17.9,purchase,fraud,2022-05-11
TXN_008262,CUST_0048,40.54,transfer,success,2022-04-09
TXN_008263,CUST_0389,284.1,purchase,success,2023-12-05
TXN_008264,CUST_0367,4.45,transfer,success,2023-03-10
TXN_008265,CUST_0367,339.52,transfer,success,2022-07-29
TXN_008266,CUST_0112,2.81,purchase,success,2022-02-10
TXN_008267,CUST_0288,214.07,deposit,success,2023-11-08
TXN_008268,CUST_0259,90.86,transfer,success,2023-08-04
TXN_008269,CUST_0013,189.09,transfer,success,2022-03-03
TXN_008270,CUST_0230,238.17,purchase,failed,2022-01-11
TXN_008271,CUST_0333,83.85,transfer,success,2022-04-25
TXN_008272,CUST_0457,22.85,transfer,success,2022-12-12
TXN_008273,CUST_0380,14.44,deposit,success,2023-10-02
TXN_008274,CUST_0016,177.8,transfer,success,2022-10-11
TXN_008275,CUST_0048,147.07,deposit,success,2022-10-19
TXN_008276,CUST_0367,271.12,transfer,success,2023-03-17
TXN_008277,CUST_0303,142.56,transfer,success,2022-09-04
TXN_008278,CUST_0446,109.79,deposit,success,2022-08-25
TXN_008279,CUST_0112,101.53,deposit,success,2022-08-14
TXN_008280,CUST_0217,5.36,withdrawal,success,2023-09-26
TXN_008281,CUST_0120,81.76,transfer,success,2023-09-11
TXN_008282,CUST_0120,746.11,deposit,success,2023-08-08
TXN_008283,CUST_0217,413.59,transfer,fraud,2022-10-01
TXN_008284,CUST_0048,79.91,transfer,success,2023-07-20
TXN_008285,CUST_0302,177.25,transfer,fraud,2022-12-29
TXN_008286,CUST_0378,375.85,purchase,success,2022-08-31
TXN_008287,CUST_0380,,withdrawal,success,2022-06-05
TXN_008288,CUST_0004,3.62,purchase,success,2022-01-24
TXN_008289,CUST_0217,15.49,withdrawal,fraud,2023-07-21
TXN_008290,CUST_0360,142.83,transfer,success,2023-08-22
TXN_008291,CUST_0102,697.61,transfer,failed,2022-11-21
TXN_008292,CUST_0013,236.32,deposit,success,2022-08-14
TXN_008293,CUST_0217,14.71,withdrawal,success,2022-06-25
TXN_008294,CUST_0143,41.99,withdrawal,success,2023-01-28
TXN_008295,CUST_0360,295.09,purchase,fraud,2022-07-28
TXN_008296,CUST_0013,368.32,withdrawal,success,2023-07-09
TXN_008297,CUST_0115,192.31,transfer,success,2023-09-24
TXN_008298,CUST_0141,206.8,deposit,success,2022-01-18
TXN_008299,CUST_0045,5.75,purchase,success,2022-06-14
TXN_008300,CUST_0217,352.67,deposit,success,2022-04-04
TXN_008301,CUST_0328,310.49,withdrawal,success,2023-08-08
TXN_008302,CUST_0367,59.96,withdrawal,success,2023-09-21
TXN_008303,CUST_0058,246.66,purchase,success,2022-10-04
TXN_008304,CUST_0072,48.38,withdrawal,fraud,2023-05-13
TXN_008305,CUST_0280,8.23,deposit,success,2022-05-08
TXN_008306,CUST_0016,44.91,transfer,success,2022-04-08
TXN_008307,CUST_0053,39.36,purchase,fraud,2022-09-10
TXN_008308,CUST_0259,82.42,withdrawal,success,2023-02-21
TXN_008309,CUST_0215,108.41,deposit,success,2022-08-15
TXN_008310,CUST_0217,142.07,transfer,success,2022-09-05
TXN_008311,CUST_0303,129.54,withdrawal,success,2023-04-16
TXN_008312,CUST_0288,63.13,purchase,success,2023-09-17
TXN_008313,CUST_0333,5.92,withdrawal,success,2022-06-19
TXN_008314,CUST_0215,185.83,withdrawal,success,2022-06-27
TXN_008315,CUST_0302,100.75,withdrawal,success,2022-08-14
TXN_008316,CUST_0058,70.96,transfer,fraud,2022-10-14
TXN_008317,CUST_0328,403.39,transfer,success,2022-04-20
TXN_008318,CUST_0303,274.67,withdrawal,success,2022-01-04
TXN_008319,CUST_0378,390.06,withdrawal,success,2022-09-02
TXN_008320,CUST_0288,136.63,purchase,success,2023-11-19
TXN_008321,CUST_0457,28.07,withdrawal,success,2022-11-12
TXN_008322,CUST_0072,238.29,deposit,success,2023-03-22
TXN_008323,CUST_0259,46.15,deposit,success,2023-08-17
TXN_008324,CUST_0378,116.4,purchase,success,2023-09-07
TXN_008325,CUST_0126,13.44,transfer,success,2023-01-31
TXN_008326,CUST_0014,348.95,withdrawal,success,2023-04-02
TXN_008327,CUST_0014,26.92,purchase,success,2022-08-07
TXN_008328,CUST_0360,466.81,transfer,success,2022-08-26
TXN_008329,CUST_0288,399.36,purchase,success,2022-04-13
TXN_008330,CUST_0014,124.94,transfer,success,2022-03-25
TXN_008331,CUST_0367,272.8,withdrawal,success,2023-02-23
TXN_008332,CUST_0378,193.22,purchase,success,2023-12-31
TXN_008333,CUST_0457,324.99,withdrawal,success,2023-03-31
TXN_008334,CUST_0367,113.06,purchase,success,2023-03-30
TXN_008335,CUST_0446,308.18,transfer,fraud,2022-06-03
TXN_008336,CUST_0058,124.15,purchase,fraud,2023-01-29
TXN_008337,CUST_0113,565.93,deposit,success,2023-09-22
TXN_008338,CUST_0141,133.25,deposit,success,2023-01-25
TXN_008339,CUST_0380,124.21,purchase,success,2022-01-24
TXN_008340,CUST_0141,307.49,deposit,success,2023-07-09
TXN_008341,CUST_0143,344.72,withdrawal,success,2022-10-06
TXN_008342,CUST_0333,161.71,deposit,success,2022-07-30
TXN_008343,CUST_0143,39.64,deposit,fraud,2023-11-21
TXN_008344,CUST_0141,126.13,withdrawal,success,2023-05-19
TXN_008345,CUST_0045,688.86,withdrawal,success,2023-03-24
TXN_008346,CUST_0328,279.66,transfer,success,2023-06-21
TXN_008347,CUST_0017,333.37,withdrawal,success,2022-12-17
TXN_008348,CUST_0102,6.68,purchase,success,2022-11-26
TXN_008349,CUST_0058,126.17,deposit,success,2022-01-22
TXN_008350,CUST_0112,208.04,transfer,success,2023-05-27
TXN_008351,CUST_0215,354.43,withdrawal,success,2023-06-04
TXN_008352,CUST_0380,10.11,deposit,success,2023-09-23
TXN_008353,CUST_0004,382.7,purchase,success,2023-02-02
TXN_008354,CUST_0367,158.99,purchase,success,2023-03-29
TXN_008355,CUST_0378,43.96,transfer,success,2023-09-14
TXN_008356,CUST_0360,76.33,purchase,failed,2022-07-30
TXN_008357,CUST_0380,66.24,deposit,success,2023-01-17
TXN_008358,CUST_0360,151.37,withdrawal,success,2022-05-28
TXN_008359,CUST_0126,10.61,purchase,success,2023-12-22
TXN_008360,CUST_0230,34.52,withdrawal,fraud,2022-03-21
TXN_008361,CUST_0045,335.0,deposit,success,2023-09-08
TXN_008362,CUST_0072,28.45,deposit,success,2023-12-17
TXN_008363,CUST_0360,53.16,withdrawal,success,2023-12-01
TXN_008364,CUST_0446,120.8,deposit,fraud,2023-01-22
TXN_008365,CUST_0004,145.6,transfer,success,2022-06-22
TXN_008366,CUST_0053,288.45,purchase,success,2023-02-18
TXN_008367,CUST_0280,118.6,transfer,success,2022-08-01
TXN_008368,CUST_0143,312.0,transfer,success,2022-08-12
TXN_008369,CUST_0380,192.65,transfer,success,2022-11-18
TXN_008370,CUST_0072,24.0,withdrawal,success,2022-12-28
TXN_008371,CUST_0126,34.0,withdrawal,success,2023-02-19
TXN_008372,CUST_0389,114.91,deposit,fraud,2022-10-08
TXN_008373,CUST_0302,101.13,withdrawal,success,2022-09-12
TXN_008374,CUST_0413,272.16,deposit,success,2022-10-25
TXN_008375,CUST_0217,173.85,withdrawal,success,2022-08-25
TXN_008376,CUST_0045,98.25,deposit,success,2023-01-24
TXN_008377,CUST_0215,37.45,purchase,success,2023-09-07
TXN_008378,CUST_0367,51.45,deposit,success,2023-04-26
TXN_008379,CUST_0014,171.37,purchase,success,2022-01-25
TXN_008380,CUST_0215,110.13,deposit,success,2023-12-04
TXN_008381,CUST_0053,144.69,withdrawal,success,2023-07-31
TXN_008382,CUST_0113,37.43,withdrawal,success,2022-09-07
TXN_008383,CUST_0378,217.48,purchase,fraud,2023-10-23
TXN_008384,CUST_0045,382.84,transfer,fraud,2023-12-16
TXN_008385,CUST_0045,59.66,transfer,fraud,2022-03-08
TXN_008386,CUST_0014,135.26,deposit,success,2023-04-09
TXN_008387,CUST_0302,742.04,withdrawal,success,2024-01-01
TXN_008388,CUST_0072,81.07,transfer,fraud,2022-01-23
TXN_008389,CUST_0112,180.8,withdrawal,success,2023-02-03
TXN_008390,CUST_0302,18.91,withdrawal,success,2023-08-09
TXN_008391,CUST_0102,186.29,withdrawal,success,2022-12-20
TXN_008392,CUST_0143,18.78,deposit,success,2023-01-04
TXN_008393,CUST_0112,639.99,purchase,success,2023-01-26
TXN_008394,CUST_0215,251.52,deposit,success,2022-01-21
TXN_008395,CUST_0072,310.38,transfer,success,2023-05-18
TXN_008396,CUST_0380,243.55,purchase,success,2023-03-23
TXN_008397,CUST_0446,178.19,transfer,success,2023-04-02
TXN_008398,CUST_0309,119.54,purchase,success,2023-03-11
TXN_008399,CUST_0017,390.91,purchase,success,2022-04-02
TXN_008400,CUST_0328,628.55,deposit,success,2023-03-24
TXN_008401,CUST_0112,138.24,withdrawal,success,2022-09-19
TXN_008402,CUST_0004,536.29,withdrawal,success,2022-12-23
TXN_008403,CUST_0017,175.09,purchase,success,2022-08-23
TXN_008404,CUST_0360,154.6,deposit,success,2022-10-03
TXN_008405,CUST_0217,121.2,transfer,success,2023-01-11
TXN_008406,CUST_0389,46.96,transfer,success,2022-09-24
TXN_008407,CUST_0017,0.75,,success,2023-05-06
TXN_008408,CUST_0328,55.28,withdrawal,success,2022-06-11
TXN_008409,CUST_0217,142.56,transfer,success,2022-06-22
TXN_008410,CUST_0120,95.59,transfer,success,2022-08-13
TXN_008411,CUST_0302,119.02,deposit,success,2023-08-23
TXN_008412,CUST_0378,788.99,transfer,success,2023-10-23
TXN_008413,CUST_0457,86.24,deposit,fraud,2023-06-14
TXN_008414,CUST_0115,120.36,withdrawal,fraud,2023-09-06
TXN_008415,CUST_0102,28.66,transfer,success,2023-06-28
TXN_008416,CUST_0126,9.83,withdrawal,success,2022-07-20
TXN_008417,CUST_0415,298.7,purchase,failed,2022-02-07
TXN_008418,CUST_0333,169.11,purchase,fraud,2023-01-26
TXN_008419,CUST_0102,286.01,purchase,success,2023-01-09
TXN_008420,CUST_0457,32.47,transfer,success,2022-02-19
TXN_008421,CUST_0280,169.65,withdrawal,success,2022-08-23
TXN_008422,CUST_0048,58.51,transfer,success,2022-04-03
TXN_008423,CUST_0259,51.77,withdrawal,success,2023-12-26
TXN_008424,CUST_0328,2.32,deposit,success,2022-06-12
TXN_008425,CUST_0280,27.93,transfer,success,2022-04-05
TXN_008426,CUST_0017,74.0,purchase,failed,2023-09-23
TXN_008427,CUST_0215,24.86,deposit,success,2023-12-14
TXN_008428,CUST_0143,851.73,withdrawal,success,2023-07-21
TXN_008429,CUST_0120,73.82,transfer,success,2022-02-21
TXN_008430,CUST_0072,27.93,withdrawal,success,2022-09-14
TXN_008431,CUST_0280,44.4,withdrawal,fraud,2022-03-23
TXN_008432,CUST_0016,177.2,transfer,success,2023-06-22
TXN_008433,CUST_0215,13.24,transfer,success,2022-09-19
TXN_008434,CUST_0143,396.73,withdrawal,success,2023-04-09
TXN_008435,CUST_0378,651.42,withdrawal,success,2022-06-02
TXN_008436,CUST_0230,56.67,deposit,success,2022-10-28
TXN_008437,CUST_0215,119.6,purchase,success,2022-05-26
TXN_008438,CUST_0016,4.48,withdrawal,success,2023-03-23
TXN_008439,CUST_0120,204.73,purchase,success,2022-10-13
TXN_008440,CUST_0115,106.86,deposit,success,2022-07-10
TXN_008441,CUST_0048,62.96,purchase,fraud,2022-08-23
TXN_008442,CUST_0328,46.35,purchase,success,2023-02-24
TXN_008443,CUST_0013,212.28,deposit,fraud,2022-11-16
TXN_008444,CUST_0446,107.65,withdrawal,success,2022-06-20
TXN_008445,CUST_0280,39.61,purchase,failed,2023-06-18
TXN_008446,CUST_0230,233.66,withdrawal,success,2022-03-10
TXN_008447,CUST_0102,166.52,withdrawal,success,2022-08-26
TXN_008448,CUST_0013,391.33,transfer,success,2022-04-05
TXN_008449,CUST_0457,24.99,withdrawal,success,2023-09-28
TXN_008450,CUST_0367,308.04,withdrawal,success,2022-02-23
TXN_008451,CUST_0415,223.88,purchase,success,2023-08-10
TXN_008452,CUST_0013,24.44,withdrawal,fraud,2023-11-02
TXN_008453,CUST_0004,237.37,withdrawal,success,2022-06-30
TXN_008454,CUST_0126,116.52,transfer,fraud,2022-10-23
TXN_008455,CUST_0380,580.03,transfer,success,2023-07-16
TXN_008456,CUST_0016,30.54,purchase,success,2023-04-27
TXN_008457,CUST_0415,205.91,purchase,success,2023-03-10
TXN_008458,CUST_0048,96.25,transfer,success,2022-06-21
TXN_008459,CUST_0280,628.45,transfer,success,2022-08-30
TXN_008460,CUST_0113,80.09,deposit,success,2022-01-18
TXN_008461,CUST_0113,655.01,withdrawal,success,2022-07-20
TXN_008462,CUST_0102,463.51,purchase,success,2023-09-10
TXN_008463,CUST_0347,63.05,purchase,success,2023-12-31
TXN_008464,CUST_0328,325.46,withdrawal,success,2022-03-20
TXN_008465,CUST_0378,1085.42,withdrawal,success,2022-03-10
TXN_008466,CUST_0413,58.25,purchase,success,2022-04-14
TXN_008467,CUST_0113,114.82,transfer,success,2022-10-03
TXN_008468,CUST_0120,146.87,transfer,success,2022-07-03
TXN_008469,CUST_0367,69.89,withdrawal,failed,2023-07-01
TXN_008470,CUST_0115,3.08,purchase,success,2022-05-08
TXN_008471,CUST_0380,49.73,withdrawal,success,2023-04-19
TXN_008472,CUST_0303,66.24,transfer,success,2023-07-21
TXN_008473,CUST_0389,117.25,deposit,failed,2023-01-13
TXN_008474,CUST_0380,37.53,deposit,success,2022-07-03
TXN_008475,CUST_0217,413.11,transfer,success,2022-06-06
TXN_008476,CUST_0389,244.1,withdrawal,failed,2023-07-01
TXN_008477,CUST_0115,17.81,deposit,success,2022-07-11
TXN_008478,CUST_0378,210.02,transfer,success,2022-09-09
TXN_008479,CUST_0016,212.06,purchase,success,2022-01-09
TXN_008480,CUST_0016,625.72,withdrawal,success,2022-11-30
TXN_008481,CUST_0280,0.61,withdrawal,success,2022-06-25
TXN_008482,CUST_0413,56.99,deposit,success,2022-10-06
TXN_008483,CUST_0113,525.64,withdrawal,success,2023-06-10
TXN_008484,CUST_0017,538.04,deposit,fraud,2022-01-22
TXN_008485,CUST_0360,255.01,deposit,success,2023-05-28
TXN_008486,CUST_0259,290.28,transfer,success,2023-06-01
TXN_008487,CUST_0126,19.19,deposit,success,2022-02-28
TXN_008488,CUST_0004,144.26,purchase,success,2023-02-08
TXN_008489,CUST_0013,52.68,withdrawal,success,2022-05-19
TXN_008490,CUST_0048,39.99,deposit,success,2022-06-21
TXN_008491,CUST_0446,332.47,withdrawal,success,2022-02-19
TXN_008492,CUST_0389,29.01,deposit,success,2023-04-26
TXN_008493,CUST_0004,126.47,transfer,fraud,2022-06-09
TXN_008494,CUST_0288,558.0,purchase,success,2022-05-16
TXN_008495,CUST_0415,41.12,withdrawal,fraud,2022-09-05
TXN_008496,CUST_0048,763.28,transfer,success,2023-09-16
TXN_008497,CUST_0016,1033.04,withdrawal,success,2023-01-12
TXN_008498,CUST_0259,162.21,transfer,success,2023-08-11
TXN_008499,CUST_0113,37.3,purchase,success,2022-10-13
TXN_008500,CUST_0143,75.99,deposit,success,2023-04-19
TXN_008501,CUST_0230,110.5,transfer,success,2022-09-09
TXN_008502,CUST_0045,74.02,withdrawal,fraud,2023-04-11
TXN_008503,CUST_0048,65.88,withdrawal,success,2022-06-29
TXN_008504,CUST_0048,716.76,transfer,success,2023-12-29
TXN_008505,CUST_0303,33.3,purchase,success,2022-04-23
TXN_008506,CUST_0048,264.35,purchase,success,2024-01-01
TXN_008507,CUST_0016,0.08,deposit,fraud,2022-09-12
TXN_008508,CUST_0217,181.36,deposit,success,2022-06-15
TXN_008509,CUST_0280,495.25,withdrawal,success,2023-10-18
TXN_008510,CUST_0113,67.92,withdrawal,success,2023-09-13
TXN_008511,CUST_0017,41.04,deposit,success,2022-02-13
TXN_008512,CUST_0309,210.93,deposit,success,2022-03-10
TXN_008513,CUST_0259,249.38,deposit,success,2023-01-22
TXN_008514,CUST_0215,232.97,transfer,success,2022-05-20
TXN_008515,CUST_0457,76.93,deposit,success,2022-01-01
TXN_008516,CUST_0112,58.12,transfer,success,2022-10-22
TXN_008517,CUST_0014,624.34,transfer,success,2023-04-17
TXN_008518,CUST_0113,513.57,deposit,success,2023-06-26
TXN_008519,CUST_0413,122.25,purchase,success,2023-05-17
TXN_008520,CUST_0045,374.41,purchase,fraud,2023-11-25
TXN_008521,CUST_0302,120.41,withdrawal,success,2023-02-09
TXN_008522,CUST_0378,110.46,deposit,failed,2023-07-18
TXN_008523,CUST_0413,34.1,withdrawal,fraud,2023-07-09
TXN_008524,CUST_0113,111.17,deposit,success,2023-02-18
TXN_008525,CUST_0004,154.19,withdrawal,success,2023-06-22
TXN_008526,CUST_0367,4.55,transfer,success,2023-04-23
TXN_008527,CUST_0045,117.44,deposit,success,2023-10-25
TXN_008528,CUST_0367,304.06,purchase,success,2023-06-17
TXN_008529,CUST_0053,227.92,deposit,success,2022-12-29
TXN_008530,CUST_0367,201.66,withdrawal,success,2023-09-13
TXN_008531,CUST_0112,480.6,withdrawal,success,2023-08-15
TXN_008532,CUST_0360,3.64,withdrawal,fraud,2023-02-19
TXN_008533,CUST_0058,162.86,withdrawal,success,2022-09-15
TXN_008534,CUST_0280,309.62,withdrawal,fraud,2023-06-21
TXN_008535,CUST_0115,155.89,withdrawal,success,2023-02-22
TXN_008536,CUST_0058,78.28,purchase,success,2022-06-20
TXN_008537,CUST_0217,29.29,withdrawal,success,2023-05-31
TXN_008538,CUST_0053,437.07,purchase,fraud,2023-05-27
TXN_008539,CUST_0446,127.26,deposit,success,2022-05-10
TXN_008540,CUST_0347,420.94,transfer,success,2022-02-07
TXN_008541,CUST_0113,176.31,purchase,failed,2022-07-31
TXN_008542,CUST_0389,224.29,deposit,success,2022-03-17
TXN_008543,CUST_0303,326.19,transfer,success,2023-09-07
TXN_008544,CUST_0017,215.27,purchase,fraud,2023-01-12
TXN_008545,CUST_0113,101.52,purchase,failed,2022-11-02
TXN_008546,CUST_0415,144.16,deposit,success,2022-04-29
TXN_008547,CUST_0112,324.96,withdrawal,success,2023-09-11
TXN_008548,CUST_0367,93.57,purchase,fraud,2023-02-27
TXN_008549,CUST_0115,98.24,purchase,fraud,2023-01-27
TXN_008550,CUST_0120,20.12,deposit,success,2023-01-20
TXN_008551,CUST_0014,492.05,withdrawal,success,2022-11-03
TXN_008552,CUST_0328,19.09,transfer,success,2023-01-18
TXN_008553,CUST_0113,208.94,withdrawal,success,2022-01-25
TXN_008554,CUST_0048,106.61,withdrawal,success,2022-11-19
TXN_008555,CUST_0230,104.05,deposit,success,2023-05-14
TXN_008556,CUST_0302,227.61,withdrawal,success,2022-07-23
TXN_008557,CUST_0302,13.89,deposit,success,2022-01-17
TXN_008558,CUST_0413,180.14,transfer,success,2022-08-09
TXN_008559,CUST_0048,295.71,purchase,success,2023-03-22
TXN_008560,CUST_0288,352.3,purchase,success,2023-10-16
TXN_008561,CUST_0347,37.39,deposit,fraud,2022-05-31
TXN_008562,CUST_0112,455.42,deposit,failed,2023-04-06
TXN_008563,CUST_0120,213.51,withdrawal,success,2023-08-28
TXN_008564,CUST_0004,427.17,withdrawal,fraud,2022-05-24
TXN_008565,CUST_0302,132.83,purchase,success,2023-10-27
TXN_008566,CUST_0053,156.19,purchase,success,2022-11-06
TXN_008567,CUST_0215,502.76,purchase,fraud,2023-02-10
TXN_008568,CUST_0302,460.34,deposit,success,2022-09-08
TXN_008569,CUST_0113,118.9,transfer,success,2022-05-26
TXN_008570,CUST_0446,64.15,transfer,success,2022-01-17
TXN_008571,CUST_0378,99.9,deposit,success,2022-08-21
TXN_008572,CUST_0013,98.13,withdrawal,success,2023-03-26
TXN_008573,CUST_0004,67.62,transfer,fraud,2022-09-16
TXN_008574,CUST_0389,62.55,withdrawal,success,2023-05-14
TXN_008575,CUST_0230,394.75,purchase,fraud,2023-02-13
TXN_008576,CUST_0102,14.48,purchase,fraud,2023-04-23
TXN_008577,CUST_0302,226.4,withdrawal,success,2023-12-31
TXN_008578,CUST_0280,37.95,purchase,success,2023-04-22
TXN_008579,CUST_0053,84.47,deposit,success,2023-01-16
TXN_008580,CUST_0014,12.7,withdrawal,success,2022-07-29
TXN_008581,CUST_0259,62.93,withdrawal,success,2023-04-20
TXN_008582,CUST_0014,292.57,withdrawal,fraud,2022-05-14
TXN_008583,CUST_0288,432.59,transfer,success,2023-03-02
TXN_008584,CUST_0115,50.08,withdrawal,success,2022-02-22
TXN_008585,CUST_0378,124.56,withdrawal,success,2022-09-09
TXN_008586,CUST_0072,127.1,withdrawal,success,2022-05-30
TXN_008587,CUST_0016,413.62,transfer,success,2023-10-18
TXN_008588,CUST_0360,287.77,purchase,fraud,2022-04-14
TXN_008589,CUST_0302,143.93,transfer,failed,2022-10-30
TXN_008590,CUST_0288,222.19,deposit,success,2023-01-19
TXN_008591,CUST_0004,375.93,withdrawal,success,2022-02-24
TXN_008592,CUST_0389,1.92,deposit,success,2022-12-25
TXN_008593,CUST_0309,103.13,transfer,success,2023-04-22
TXN_008594,CUST_0280,475.55,purchase,success,2023-01-31
TXN_008595,CUST_0380,269.66,purchase,success,2023-11-01
TXN_008596,CUST_0102,156.54,withdrawal,success,2023-03-20
TXN_008597,CUST_0013,150.85,purchase,success,2022-03-21
TXN_008598,CUST_0014,85.47,transfer,success,2023-09-05
TXN_008599,CUST_0102,147.01,transfer,success,2022-10-29
TXN_008600,CUST_0004,213.06,purchase,success,2022-12-30
TXN_008601,CUST_0017,108.38,withdrawal,success,2023-06-09
TXN_008602,CUST_0378,250.46,withdrawal,success,2023-07-19
TXN_008603,CUST_0333,394.99,transfer,success,2023-05-04
TXN_008604,CUST_0115,33.61,purchase,failed,2022-02-11
TXN_008605,CUST_0328,120.13,transfer,success,2023-05-06
TXN_008606,CUST_0413,104.86,transfer,success,2022-03-11
TXN_008607,CUST_0215,232.61,deposit,fraud,2022-12-27
TXN_008608,CUST_0230,57.5,transfer,success,2022-12-06
TXN_008609,CUST_0016,204.47,withdrawal,success,2022-07-18
TXN_008610,CUST_0004,419.91,purchase,success,2022-11-14
TXN_008611,CUST_0013,108.3,purchase,success,2023-06-03
TXN_008612,CUST_0309,483.86,deposit,success,2022-06-19
TXN_008613,CUST_0446,997.1,deposit,success,2022-01-12
TXN_008614,CUST_0217,22.43,withdrawal,success,2022-04-14
TXN_008615,CUST_0215,53.07,deposit,success,2022-05-30
TXN_008616,CUST_0302,600.67,transfer,fraud,2023-12-30
TXN_008617,CUST_0288,635.58,transfer,success,2023-07-30
TXN_008618,CUST_0126,20.56,withdrawal,success,2022-10-04
TXN_008619,CUST_0058,3.02,purchase,success,2022-03-03
TXN_008620,CUST_0230,35.13,withdrawal,success,2022-01-26
TXN_008621,CUST_0112,1104.93,deposit,success,2023-06-06
TXN_008622,CUST_0230,39.69,purchase,success,2022-08-12
TXN_008623,CUST_0215,139.65,purchase,success,2023-10-08
TXN_008624,CUST_0302,377.33,purchase,success,2023-06-18
TXN_008625,CUST_0230,4.12,deposit,success,2023-01-16
TXN_008626,CUST_0347,185.52,transfer,success,2022-01-25
TXN_008627,CUST_0280,64.88,transfer,success,2023-04-05
TXN_008628,CUST_0112,396.59,deposit,fraud,2023-02-18
TXN_008629,CUST_0120,66.66,deposit,success,2022-12-09
TXN_008630,CUST_0347,232.15,withdrawal,success,2023-09-20
TXN_008631,CUST_0217,224.31,withdrawal,success,2023-04-17
TXN_008632,CUST_0367,50.08,transfer,success,2022-12-22
TXN_008633,CUST_0288,7.08,deposit,success,2023-09-29
TXN_008634,CUST_0048,105.27,withdrawal,success,2022-12-01
TXN_008635,CUST_0380,68.27,deposit,fraud,2022-10-19
TXN_008636,CUST_0115,331.07,deposit,success,2023-01-12
TXN_008637,CUST_0378,322.25,transfer,fraud,2022-02-22
TXN_008638,CUST_0217,122.14,transfer,success,2023-06-14
TXN_008639,CUST_0360,186.54,deposit,success,2023-08-23
TXN_008640,CUST_0017,185.4,purchase,success,2022-05-07
TXN_008641,CUST_0072,351.08,purchase,success,2023-03-25
TXN_008642,CUST_0215,110.68,deposit,success,2023-05-15
TXN_008643,CUST_0217,64.44,transfer,success,2023-03-20
TXN_008644,CUST_0120,61.59,purchase,success,2023-06-11
TXN_008645,CUST_0115,153.66,transfer,fraud,2022-02-07
TXN_008646,CUST_0302,119.26,purchase,success,2023-11-14
TXN_008647,CUST_0004,116.01,deposit,success,2023-07-16
TXN_008648,CUST_0378,19.11,withdrawal,success,2023-08-03
TXN_008649,CUST_0004,253.6,withdrawal,success,2023-06-03
TXN_008650,CUST_0259,48.09,transfer,success,2022-03-10
TXN_008651,CUST_0120,43.87,transfer,failed,2022-06-07
TXN_008652,CUST_0112,106.46,purchase,success,2023-01-22
TXN_008653,CUST_0053,51.7,deposit,success,2022-12-05
TXN_008654,CUST_0259,175.35,purchase,success,2023-11-08
TXN_008655,CUST_0045,92.87,deposit,success,2023-03-27
TXN_008656,CUST_0215,119.17,deposit,success,2023-10-13
TXN_008657,CUST_0413,154.08,transfer,success,2022-10-01
TXN_008658,CUST_0367,45.51,withdrawal,success,2022-05-28
TXN_008659,CUST_0360,33.86,withdrawal,success,2022-05-26
TXN_008660,CUST_0347,424.76,transfer,success,2022-07-21
TXN_008661,CUST_0380,113.73,withdrawal,success,2022-04-06
TXN_008662,CUST_0141,106.24,transfer,success,2023-09-24
TXN_008663,CUST_0004,7.25,purchase,success,2023-01-29
TXN_008664,CUST_0048,137.82,deposit,fraud,2022-10-10
TXN_008665,CUST_0102,161.56,withdrawal,success,2023-02-08
TXN_008666,CUST_0217,163.67,withdrawal,failed,2022-08-14
TXN_008667,CUST_0113,245.54,purchase,success,2022-02-12
TXN_008668,CUST_0004,39.08,purchase,success,2022-02-15
TXN_008669,CUST_0048,58.13,withdrawal,success,2022-11-07
TXN_008670,CUST_0230,332.92,withdrawal,success,2022-01-13
TXN_008671,CUST_0058,588.14,transfer,success,2022-05-17
TXN_008672,CUST_0415,29.22,transfer,success,2022-07-19
TXN_008673,CUST_0045,137.69,withdrawal,success,2023-03-05
TXN_008674,CUST_0017,48.2,transfer,fraud,2023-08-06
TXN_008675,CUST_0446,12.39,purchase,success,2022-07-18
TXN_008676,CUST_0389,78.76,deposit,success,2023-03-04
TXN_008677,CUST_0058,31.02,transfer,success,2022-06-05
TXN_008678,CUST_0013,247.53,deposit,success,2023-03-14
TXN_008679,CUST_0259,152.6,transfer,failed,2023-07-15
TXN_008680,CUST_0347,31.06,withdrawal,success,2023-08-05
TXN_008681,CUST_0053,1.86,transfer,fraud,2022-09-19
TXN_008682,CUST_0347,330.22,deposit,fraud,2022-08-04
TXN_008683,CUST_0302,38.76,deposit,success,2022-01-01
TXN_008684,CUST_0115,186.39,withdrawal,success,2022-03-09
TXN_008685,CUST_0446,82.17,deposit,success,2022-06-17
TXN_008686,CUST_0072,176.13,withdrawal,success,2022-02-08
TXN_008687,CUST_0016,75.86,withdrawal,success,2022-09-29
TXN_008688,CUST_0280,18.19,deposit,success,2023-05-10
TXN_008689,CUST_0217,50.45,purchase,success,2022-03-09
TXN_008690,CUST_0126,41.67,deposit,success,2022-08-13
TXN_008691,CUST_0016,111.73,deposit,success,2023-04-25
TXN_008692,CUST_0302,214.75,transfer,success,2022-06-19
TXN_008693,CUST_0259,61.25,deposit,success,2023-11-20
TXN_008694,CUST_0303,2.43,transfer,fraud,2023-05-21
TXN_008695,CUST_0120,146.35,transfer,success,2022-04-27
TXN_008696,CUST_0347,186.16,deposit,success,2022-03-23
TXN_008697,CUST_0347,658.67,withdrawal,success,2023-11-17
TXN_008698,CUST_0389,178.06,purchase,success,2023-04-16
TXN_008699,CUST_0053,127.42,deposit,failed,2022-12-17
TXN_008700,CUST_0302,170.38,deposit,success,2023-09-24
TXN_008701,CUST_0072,525.94,withdrawal,failed,2023-01-17
TXN_008702,CUST_0380,352.49,transfer,success,2023-04-26
TXN_008703,CUST_0302,78.01,withdrawal,fraud,2022-09-22
TXN_008704,CUST_0333,54.17,withdrawal,success,2023-08-14
TXN_008705,CUST_0378,60.93,transfer,fraud,2023-07-26
TXN_008706,CUST_0457,140.41,deposit,fraud,2023-07-16
TXN_008707,CUST_0378,272.55,withdrawal,success,2022-12-05
TXN_008708,CUST_0259,139.92,withdrawal,fraud,2023-10-09
TXN_008709,CUST_0302,14.04,deposit,success,2023-11-12
TXN_008710,CUST_0215,257.17,deposit,success,2022-12-01
TXN_008711,CUST_0360,327.95,purchase,success,2023-06-24
TXN_008712,CUST_0446,68.36,withdrawal,fraud,2022-06-09
TXN_008713,CUST_0112,218.2,purchase,success,2023-11-15
TXN_008714,CUST_0072,111.23,transfer,success,2023-11-30
TXN_008715,CUST_0141,439.86,deposit,success,2023-08-27
TXN_008716,CUST_0367,373.16,deposit,fraud,2023-06-17
TXN_008717,CUST_0004,149.07,purchase,success,2023-11-30
TXN_008718,CUST_0143,235.21,withdrawal,success,2022-10-13
TXN_008719,CUST_0113,429.71,transfer,success,2023-09-01
TXN_008720,CUST_0004,136.92,withdrawal,success,2022-09-09
TXN_008721,CUST_0112,75.16,withdrawal,success,2022-08-20
TXN_008722,CUST_0141,280.21,purchase,success,2022-01-23
TXN_008723,CUST_0126,49.71,withdrawal,success,2023-03-21
TXN_008724,CUST_0378,98.38,purchase,failed,2023-05-10
TXN_008725,CUST_0413,401.58,deposit,success,2022-10-06
TXN_008726,CUST_0014,257.78,deposit,success,2022-12-03
TXN_008727,CUST_0413,103.44,deposit,success,2023-06-06
TXN_008728,CUST_0446,48.35,transfer,success,2022-11-04
TXN_008729,CUST_0230,88.0,transfer,success,2023-05-26
TXN_008730,CUST_0217,66.84,withdrawal,success,2023-02-19
TXN_008731,CUST_0378,38.74,purchase,failed,2022-02-22
TXN_008732,CUST_0280,272.0,withdrawal,success,2023-08-29
TXN_008733,CUST_0072,58.09,deposit,success,2022-11-04
TXN_008734,CUST_0413,121.09,withdrawal,success,2022-09-21
TXN_008735,CUST_0302,97.51,withdrawal,success,2022-04-20
TXN_008736,CUST_0309,804.34,withdrawal,success,2022-06-01
TXN_008737,CUST_0457,99.22,deposit,,2023-07-23
TXN_008738,CUST_0347,16.67,purchase,success,2022-08-17
TXN_008739,CUST_0048,18.82,withdrawal,success,2022-08-13
TXN_008740,CUST_0048,178.69,deposit,success,2022-09-12
TXN_008741,CUST_0141,182.94,transfer,success,2023-04-21
TXN_008742,CUST_0259,108.52,purchase,success,2022-06-06
TXN_008743,CUST_0120,113.07,deposit,success,2022-04-11
TXN_008744,CUST_0126,11.09,withdrawal,success,2023-12-16
TXN_008745,CUST_0360,145.36,deposit,success,2023-07-10
TXN_008746,CUST_0347,140.53,purchase,success,2023-06-02
TXN_008747,CUST_0360,32.4,withdrawal,success,2023-01-07
TXN_008748,CUST_0389,21.93,transfer,failed,2023-02-27
TXN_008749,CUST_0413,26.38,transfer,fraud,2023-02-14
TXN_008750,CUST_0072,21.3,transfer,success,2023-03-06
TXN_008751,CUST_0280,188.17,deposit,success,2023-08-04
TXN_008752,CUST_0230,43.75,purchase,success,2022-12-06
TXN_008753,CUST_0016,57.92,transfer,fraud,2022-11-03
TXN_008754,CUST_0045,38.13,withdrawal,success,2022-03-25
TXN_008755,CUST_0360,633.23,withdrawal,success,2022-09-06
TXN_008756,CUST_0017,385.68,withdrawal,success,2022-06-16
TXN_008757,CUST_0017,52.4,deposit,success,2023-10-01
TXN_008758,CUST_0072,79.37,purchase,success,2023-05-08
TXN_008759,CUST_0288,47.12,purchase,success,2023-11-10
TXN_008760,CUST_0302,135.41,transfer,success,2022-03-09
TXN_008761,CUST_0230,3.96,purchase,success,2022-11-18
TXN_008762,CUST_0280,222.56,withdrawal,success,2022-02-28
TXN_008763,CUST_0058,148.11,withdrawal,fraud,2023-03-23
TXN_008764,CUST_0389,457.81,deposit,success,2023-02-20
TXN_008765,CUST_0217,35.92,withdrawal,success,2023-03-19
TXN_008766,CUST_0016,326.04,purchase,success,2022-06-07
TXN_008767,CUST_0112,314.01,withdrawal,failed,2023-03-01
TXN_008768,CUST_0102,27.21,transfer,success,2023-04-30
TXN_008769,CUST_0014,101.69,deposit,failed,2022-02-01
TXN_008770,CUST_0143,37.3,deposit,success,2022-12-08
TXN_008771,CUST_0378,58.8,purchase,success,2023-01-15
TXN_008772,CUST_0141,61.1,withdrawal,success,2022-05-02
TXN_008773,CUST_0360,162.49,withdrawal,success,2022-11-12
TXN_008774,CUST_0014,106.01,purchase,success,2022-08-30
TXN_008775,CUST_0014,590.28,purchase,success,2023-05-14
TXN_008776,CUST_0360,27.02,transfer,success,2023-05-19
TXN_008777,CUST_0053,727.58,purchase,success,2023-02-10
TXN_008778,CUST_0058,52.44,withdrawal,success,2023-08-26
TXN_008779,CUST_0288,296.45,transfer,success,2022-08-08
TXN_008780,CUST_0309,82.79,deposit,success,2023-02-20
TXN_008781,CUST_0014,30.88,withdrawal,success,2023-03-17
TXN_008782,CUST_0217,390.23,deposit,success,2022-08-29
TXN_008783,CUST_0141,73.88,deposit,success,2022-10-21
TXN_008784,CUST_0389,215.09,deposit,success,2022-09-07
TXN_008785,CUST_0013,167.15,withdrawal,success,2023-09-18
TXN_008786,CUST_0360,127.64,deposit,fraud,2022-06-18
TXN_008787,CUST_0053,136.96,withdrawal,success,2022-12-11
TXN_008788,CUST_0004,263.53,deposit,success,2022-06-13
TXN_008789,CUST_0347,18.37,purchase,success,2023-09-05
TXN_008790,CUST_0302,220.63,purchase,success,2022-12-01
TXN_008791,CUST_0309,452.31,withdrawal,success,2023-08-31
TXN_008792,CUST_0102,11.91,deposit,success,2023-01-21
TXN_008793,CUST_0389,30.32,deposit,success,2022-03-26
TXN_008794,CUST_0380,252.2,deposit,success,2022-04-14
TXN_008795,CUST_0016,115.0,purchase,success,2022-03-26
TXN_008796,CUST_0333,103.35,deposit,success,2022-03-26
TXN_008797,CUST_0309,29.46,,success,2022-01-09
TXN_008798,CUST_0446,141.36,withdrawal,success,2022-06-03
TXN_008799,CUST_0360,27.06,deposit,success,2023-07-08
TXN_008800,CUST_0309,129.49,purchase,success,2023-03-15
TXN_008801,CUST_0360,288.46,deposit,success,2023-05-20
TXN_008802,CUST_0347,59.75,purchase,success,2022-04-05
TXN_008803,CUST_0333,131.09,purchase,success,2023-12-16
TXN_008804,CUST_0413,966.06,transfer,success,2023-10-26
TXN_008805,CUST_0112,232.09,purchase,success,2022-06-05
TXN_008806,CUST_0048,368.22,transfer,success,2022-02-22
TXN_008807,CUST_0120,107.18,transfer,success,2022-01-03
TXN_008808,CUST_0126,292.08,deposit,success,2023-04-28
TXN_008809,CUST_0415,8.27,transfer,success,2022-07-01
TXN_008810,CUST_0120,26.23,withdrawal,success,2022-02-03
TXN_008811,CUST_0048,45.4,purchase,success,2022-05-17
TXN_008812,CUST_0457,102.82,withdrawal,success,2022-10-26
TXN_008813,CUST_0389,373.83,transfer,success,2023-01-11
TXN_008814,CUST_0004,85.01,deposit,success,2023-11-27
TXN_008815,CUST_0333,212.62,purchase,success,2023-12-04
TXN_008816,CUST_0126,247.1,withdrawal,fraud,2023-12-18
TXN_008817,CUST_0017,176.47,deposit,success,2023-01-01
TXN_008818,CUST_0302,88.4,transfer,success,2023-11-14
TXN_008819,CUST_0004,172.1,deposit,success,2023-08-09
TXN_008820,CUST_0230,83.79,withdrawal,success,2022-03-31
TXN_008821,CUST_0230,17.52,deposit,success,2022-02-11
TXN_008822,CUST_0280,986.85,withdrawal,success,2022-06-19
TXN_008823,CUST_0259,27.21,deposit,failed,2022-11-14
TXN_008824,CUST_0288,15.02,purchase,success,2022-12-05
TXN_008825,CUST_0360,421.62,deposit,success,2022-04-13
TXN_008826,CUST_0102,71.86,purchase,success,2022-02-09
TXN_008827,CUST_0360,210.13,withdrawal,success,2023-08-20
TXN_008828,CUST_0014,79.8,purchase,success,2022-03-26
TXN_008829,CUST_0072,99.34,deposit,success,2022-02-10
TXN_008830,CUST_0016,60.79,purchase,fraud,2023-09-22
TXN_008831,CUST_0120,84.03,withdrawal,success,2022-01-01
TXN_008832,CUST_0013,105.76,deposit,success,2022-07-16
TXN_008833,CUST_0309,254.89,purchase,success,2022-06-24
TXN_008834,CUST_0016,143.3,purchase,success,2023-02-05
TXN_008835,CUST_0280,574.93,transfer,success,2023-05-18
TXN_008836,CUST_0013,8.56,purchase,success,2022-04-21
TXN_008837,CUST_0017,139.86,transfer,success,2022-10-01
TXN_008838,CUST_0113,175.52,withdrawal,success,2023-08-31
TXN_008839,CUST_0102,505.64,transfer,success,2022-10-26
TXN_008840,CUST_0302,10.08,withdrawal,success,2023-09-23
TXN_008841,CUST_0112,170.43,purchase,fraud,2023-06-23
TXN_008842,CUST_0112,384.32,purchase,success,2022-03-15
TXN_008843,CUST_0013,55.4,transfer,success,2023-09-20
TXN_008844,CUST_0280,417.97,withdrawal,success,2022-10-19
TXN_008845,CUST_0013,3.85,purchase,success,2022-05-22
TXN_008846,CUST_0280,263.69,transfer,success,2022-03-08
TXN_008847,CUST_0048,540.95,transfer,success,2023-04-19
TXN_008848,CUST_0013,214.12,transfer,success,2023-09-13
TXN_008849,CUST_0215,115.62,purchase,success,2022-09-24
TXN_008850,CUST_0141,9.18,withdrawal,success,2022-06-11
TXN_008851,CUST_0378,505.43,purchase,success,2023-10-21
TXN_008852,CUST_0457,127.09,deposit,success,2023-12-18
TXN_008853,CUST_0113,5.89,deposit,success,2023-06-12
TXN_008854,CUST_0215,234.12,purchase,fraud,2022-04-09
TXN_008855,CUST_0004,131.49,withdrawal,success,2023-05-24
TXN_008856,CUST_0389,26.56,transfer,fraud,2023-09-14
TXN_008857,CUST_0004,48.23,deposit,success,2022-08-18
TXN_008858,CUST_0013,13.33,deposit,fraud,2023-12-07
TXN_008859,CUST_0378,170.8,purchase,success,2022-10-18
TXN_008860,CUST_0120,194.59,deposit,success,2022-02-02
TXN_008861,CUST_0115,140.94,deposit,success,2023-02-07
TXN_008862,CUST_0217,339.77,transfer,success,2022-12-13
TXN_008863,CUST_0259,394.67,transfer,success,2023-11-12
TXN_008864,CUST_0141,191.23,withdrawal,success,2022-06-16
TXN_008865,CUST_0309,2.57,deposit,success,2023-12-13
TXN_008866,CUST_0328,237.64,withdrawal,success,2023-04-30
TXN_008867,CUST_0017,108.26,withdrawal,success,2023-04-09
TXN_008868,CUST_0014,166.74,transfer,success,2023-01-03
TXN_008869,CUST_0288,209.44,transfer,success,2023-06-06
TXN_008870,CUST_0013,86.23,purchase,success,2022-11-10
TXN_008871,CUST_0215,498.02,transfer,success,2022-10-28
TXN_008872,CUST_0288,28.77,withdrawal,failed,2023-11-01
TXN_008873,CUST_0413,222.65,deposit,success,2023-12-24
TXN_008874,CUST_0302,0.87,withdrawal,success,2023-02-15
TXN_008875,CUST_0446,517.13,withdrawal,success,2023-03-05
TXN_008876,CUST_0143,23.87,withdrawal,success,2022-08-29
TXN_008877,CUST_0141,19.94,transfer,success,2022-11-13
TXN_008878,CUST_0309,81.0,withdrawal,success,2023-11-14
TXN_008879,CUST_0143,93.54,purchase,success,2022-12-01
TXN_008880,CUST_0413,48.24,deposit,success,2022-08-04
TXN_008881,CUST_0280,175.95,transfer,,2022-09-04
TXN_008882,CUST_0367,117.01,withdrawal,success,2023-04-18
TXN_008883,CUST_0217,6.95,purchase,success,2022-06-02
TXN_008884,CUST_0309,77.03,deposit,failed,2023-12-22
TXN_008885,CUST_0328,332.6,withdrawal,success,2022-06-08
TXN_008886,CUST_0333,234.04,deposit,failed,2022-02-07
TXN_008887,CUST_0048,258.1,transfer,success,2022-03-23
TXN_008888,CUST_0053,239.54,transfer,success,2022-03-02
TXN_008889,CUST_0217,74.49,purchase,success,2023-08-25
TXN_008890,CUST_0302,21.0,transfer,success,2022-05-01
TXN_008891,CUST_0328,63.62,purchase,success,2022-06-01
TXN_008892,CUST_0415,356.5,withdrawal,success,2022-04-21
TXN_008893,CUST_0230,787.17,deposit,success,2023-04-05
TXN_008894,CUST_0446,136.18,transfer,success,2022-05-10
TXN_008895,CUST_0141,1.95,deposit,success,2022-06-02
TXN_008896,CUST_0215,30.17,deposit,success,2022-03-17
TXN_008897,CUST_0446,77.75,withdrawal,success,2022-10-17
TXN_008898,CUST_0217,172.83,withdrawal,success,2022-12-07
TXN_008899,CUST_0013,15.61,transfer,success,2023-12-06
TXN_008900,CUST_0072,574.2,withdrawal,fraud,2022-11-24
TXN_008901,CUST_0112,90.85,deposit,success,2023-08-17
TXN_008902,CUST_0217,487.42,purchase,fraud,2022-09-02
TXN_008903,CUST_0389,303.3,purchase,success,2023-05-09
TXN_008904,CUST_0072,281.66,purchase,success,2023-03-22
TXN_008905,CUST_0367,186.65,transfer,success,2023-02-24
TXN_008906,CUST_0143,197.12,withdrawal,success,2022-05-06
TXN_008907,CUST_0053,203.22,withdrawal,success,2023-10-22
TXN_008908,CUST_0045,198.16,withdrawal,success,2023-11-16
TXN_008909,CUST_0446,161.37,withdrawal,success,2023-11-19
TXN_008910,CUST_0058,859.74,deposit,success,2023-07-20
TXN_008911,CUST_0126,263.57,purchase,fraud,2023-08-25
TXN_008912,CUST_0328,300.07,deposit,failed,2022-11-06
TXN_008913,CUST_0360,411.87,transfer,success,2023-12-28
TXN_008914,CUST_0215,48.58,purchase,success,2022-08-03
TXN_008915,CUST_0378,17.51,purchase,success,2023-04-30
TXN_008916,CUST_0113,131.9,deposit,success,2023-11-03
TXN_008917,CUST_0048,144.34,transfer,success,2022-02-04
TXN_008918,CUST_0013,353.43,transfer,success,2023-01-08
TXN_008919,CUST_0378,117.32,purchase,success,2022-06-10
TXN_008920,CUST_0053,169.19,withdrawal,success,2023-02-05
TXN_008921,CUST_0120,149.76,transfer,success,2022-07-16
TXN_008922,CUST_0115,7.79,deposit,success,2022-12-20
TXN_008923,CUST_0112,191.01,transfer,success,2022-03-09
TXN_008924,CUST_0058,352.1,purchase,failed,2022-02-20
TXN_008925,CUST_0303,34.28,withdrawal,success,2022-02-02
TXN_008926,CUST_0014,180.44,transfer,success,2022-09-16
TXN_008927,CUST_0126,180.09,purchase,success,2023-02-03
TXN_008928,CUST_0288,35.87,transfer,success,2022-07-11
TXN_008929,CUST_0217,26.36,withdrawal,success,2023-05-25
TXN_008930,CUST_0014,782.92,deposit,success,2023-04-20
TXN_008931,CUST_0230,100.08,purchase,success,2023-11-06
TXN_008932,CUST_0102,51.6,purchase,success,2023-02-12
TXN_008933,CUST_0380,37.59,withdrawal,success,2023-12-28
TXN_008934,CUST_0004,220.28,purchase,success,2022-11-28
TXN_008935,CUST_0058,188.04,withdrawal,success,2023-04-06
TXN_008936,CUST_0259,206.31,purchase,success,2022-05-17
TXN_008937,CUST_0360,18.42,withdrawal,success,2022-12-01
TXN_008938,CUST_0303,447.99,transfer,success,2023-12-26
TXN_008939,CUST_0126,98.62,transfer,success,2023-03-09
TXN_008940,CUST_0360,75.19,transfer,success,2023-11-06
TXN_008941,CUST_0053,124.11,purchase,success,2022-11-19
TXN_008942,CUST_0302,98.88,withdrawal,fraud,2023-08-04
TXN_008943,CUST_0360,398.4,withdrawal,success,2023-12-18
TXN_008944,CUST_0016,529.75,deposit,success,2022-07-08
TXN_008945,CUST_0347,72.32,transfer,success,2022-01-08
TXN_008946,CUST_0126,398.93,deposit,success,2022-06-18
TXN_008947,CUST_0016,304.22,transfer,success,2022-09-14
TXN_008948,CUST_0072,534.17,deposit,success,2023-03-02
TXN_008949,CUST_0302,56.41,transfer,success,2022-04-06
TXN_008950,CUST_0413,172.06,withdrawal,fraud,2023-05-14
TXN_008951,CUST_0014,64.19,transfer,failed,2022-12-09
TXN_008952,CUST_0113,347.56,purchase,success,2022-06-01
TXN_008953,CUST_0380,1.07,transfer,success,2022-02-13
TXN_008954,CUST_0217,166.4,transfer,success,2022-05-24
TXN_008955,CUST_0413,82.86,withdrawal,success,2022-09-03
TXN_008956,CUST_0280,77.92,purchase,success,2023-06-10
TXN_008957,CUST_0347,207.07,withdrawal,success,2023-09-11
TXN_008958,CUST_0367,381.41,deposit,success,2023-05-23
TXN_008959,CUST_0143,187.91,deposit,success,2022-10-12
TXN_008960,CUST_0302,383.7,purchase,success,2022-07-27
TXN_008961,CUST_0288,61.47,deposit,success,2022-07-04
TXN_008962,CUST_0016,146.59,purchase,success,2023-03-04
TXN_008963,CUST_0413,119.76,transfer,success,2022-02-09
TXN_008964,CUST_0360,2.34,deposit,success,2022-01-10
TXN_008965,CUST_0014,162.75,transfer,failed,2023-10-09
TXN_008966,CUST_0280,216.66,withdrawal,success,2023-01-05
TXN_008967,CUST_0215,179.26,deposit,success,2023-12-30
TXN_008968,CUST_0112,266.57,withdrawal,success,2022-12-18
TXN_008969,CUST_0217,169.42,withdrawal,success,2023-09-22
TXN_008970,CUST_0415,13.82,purchase,success,2023-01-17
TXN_008971,CUST_0303,24.76,withdrawal,fraud,2022-12-12
TXN_008972,CUST_0360,181.5,purchase,success,2022-01-03
TXN_008973,CUST_0016,64.31,purchase,success,2022-04-18
TXN_008974,CUST_0360,16.6,purchase,success,2023-05-10
TXN_008975,CUST_0217,112.28,purchase,success,2023-05-29
TXN_008976,CUST_0014,161.63,purchase,success,2022-07-26
TXN_008977,CUST_0367,79.72,transfer,success,2022-08-05
TXN_008978,CUST_0389,254.9,purchase,fraud,2022-06-01
TXN_008979,CUST_0360,206.44,deposit,success,2022-12-07
TXN_008980,CUST_0347,80.94,purchase,success,2023-11-28
TXN_008981,CUST_0457,281.2,transfer,success,2023-11-06
TXN_008982,CUST_0347,209.22,deposit,success,2023-06-02
TXN_008983,CUST_0053,202.92,deposit,success,2022-10-08
TXN_008984,CUST_0014,161.23,transfer,success,2023-06-28
TXN_008985,CUST_0378,2.29,deposit,success,2023-02-05
TXN_008986,CUST_0259,238.48,transfer,success,2023-06-26
TXN_008987,CUST_0013,94.33,withdrawal,success,2023-08-28
TXN_008988,CUST_0143,571.58,withdrawal,success,2023-09-20
TXN_008989,CUST_0415,340.73,purchase,success,2023-09-19
TXN_008990,CUST_0302,177.2,purchase,success,2022-07-21
TXN_008991,CUST_0115,58.12,purchase,success,2023-03-22
TXN_008992,CUST_0048,45.56,purchase,success,2022-02-10
TXN_008993,CUST_0141,83.22,transfer,success,2023-04-11
TXN_008994,CUST_0053,129.47,withdrawal,fraud,2023-08-29
TXN_008995,CUST_0378,70.21,transfer,success,2023-07-15
TXN_008996,CUST_0303,144.69,deposit,fraud,2022-10-25
TXN_008997,CUST_0280,36.15,deposit,success,2023-07-06
TXN_008998,CUST_0230,760.75,deposit,success,2023-04-13
TXN_008999,CUST_0259,22.84,deposit,success,2022-02-15
TXN_009000,CUST_0045,537.49,deposit,success,2022-10-19
TXN_009001,CUST_0457,489.7,withdrawal,success,2022-12-07
TXN_009002,CUST_0112,149.04,transfer,success,2022-01-19
TXN_009003,CUST_0309,258.13,deposit,success,2023-02-22
TXN_009004,CUST_0058,114.56,purchase,fraud,2023-08-27
TXN_009005,CUST_0446,198.87,withdrawal,fraud,2023-10-05
TXN_009006,CUST_0302,83.28,purchase,success,2022-03-06
TXN_009007,CUST_0367,71.67,withdrawal,success,2023-05-01
TXN_009008,CUST_0115,172.66,withdrawal,success,2023-03-04
TXN_009009,CUST_0143,137.88,purchase,success,2023-04-20
TXN_009010,CUST_0378,173.28,purchase,success,2023-09-16
TXN_009011,CUST_0120,67.56,deposit,success,2023-08-09
TXN_009012,CUST_0014,91.44,purchase,success,2022-08-25
TXN_009013,CUST_0112,17.53,transfer,success,2022-11-19
TXN_009014,CUST_0126,10.74,withdrawal,success,2023-08-29
TXN_009015,CUST_0378,58.46,withdrawal,failed,2022-08-17
TXN_009016,CUST_0288,15.43,deposit,success,2023-04-06
TXN_009017,CUST_0112,21.91,withdrawal,success,2022-09-29
TXN_009018,CUST_0259,335.25,purchase,success,2022-11-04
TXN_009019,CUST_0378,7.93,withdrawal,success,2023-10-30
TXN_009020,CUST_0126,215.14,withdrawal,success,2022-02-09
TXN_009021,CUST_0120,63.64,purchase,success,2022-08-23
TXN_009022,CUST_0053,410.44,purchase,success,2023-11-16
TXN_009023,CUST_0017,132.71,withdrawal,failed,2023-08-17
TXN_009024,CUST_0016,72.93,transfer,success,2022-09-18
TXN_009025,CUST_0288,145.81,purchase,success,2023-02-09
TXN_009026,CUST_0115,96.24,transfer,success,2022-09-29
TXN_009027,CUST_0120,166.16,transfer,fraud,2022-01-05
TXN_009028,CUST_0141,24.33,deposit,success,2023-06-28
TXN_009029,CUST_0120,1161.2,transfer,success,2022-08-23
TXN_009030,CUST_0380,110.87,deposit,fraud,2022-02-11
TXN_009031,CUST_0259,85.61,transfer,fraud,2022-08-16
TXN_009032,CUST_0367,247.72,deposit,success,2023-04-06
TXN_009033,CUST_0288,90.48,purchase,success,2022-09-02
TXN_009034,CUST_0389,358.28,withdrawal,success,2023-02-11
TXN_009035,CUST_0014,121.13,withdrawal,success,2022-01-03
TXN_009036,CUST_0309,254.28,deposit,success,2023-03-17
TXN_009037,CUST_0347,22.74,purchase,success,2022-02-18
TXN_009038,CUST_0143,374.32,deposit,success,2022-03-19
TXN_009039,CUST_0143,266.15,deposit,success,2022-10-08
TXN_009040,CUST_0360,47.58,purchase,fraud,2023-07-03
TXN_009041,CUST_0389,31.4,transfer,success,2023-07-14
TXN_009042,CUST_0217,76.04,transfer,success,2023-03-03
TXN_009043,CUST_0013,746.53,purchase,fraud,2022-01-17
TXN_009044,CUST_0347,59.37,deposit,success,2023-05-29
TXN_009045,CUST_0302,121.81,withdrawal,success,2023-10-18
TXN_009046,CUST_0126,6.1,deposit,success,2022-11-10
TXN_009047,CUST_0259,101.24,transfer,success,2023-09-07
TXN_009048,CUST_0115,169.41,purchase,success,2023-11-11
TXN_009049,CUST_0413,612.05,purchase,success,2022-02-22
TXN_009050,CUST_0380,145.44,purchase,success,2023-05-24
TXN_009051,CUST_0413,341.97,transfer,success,2023-08-18
TXN_009052,CUST_0230,158.43,deposit,success,2022-08-07
TXN_009053,CUST_0113,8.33,purchase,success,2023-07-01
TXN_009054,CUST_0120,75.67,withdrawal,success,2023-11-09
TXN_009055,CUST_0280,171.39,purchase,success,2023-07-20
TXN_009056,CUST_0360,601.54,deposit,fraud,2022-10-22
TXN_009057,CUST_0413,391.98,transfer,success,2022-04-29
TXN_009058,CUST_0215,51.85,withdrawal,success,2022-08-29
TXN_009059,CUST_0288,49.72,withdrawal,success,2023-02-03
TXN_009060,CUST_0302,44.92,purchase,success,2023-07-29
TXN_009061,CUST_0004,511.49,deposit,success,2022-12-03
TXN_009062,CUST_0141,383.01,purchase,success,2022-07-01
TXN_009063,CUST_0048,298.23,withdrawal,success,2023-07-13
TXN_009064,CUST_0014,99.76,purchase,success,2023-11-03
TXN_009065,CUST_0380,140.39,deposit,success,2022-07-25
TXN_009066,CUST_0013,124.85,transfer,success,2022-01-15
TXN_009067,CUST_0360,58.44,withdrawal,success,2023-12-03
TXN_009068,CUST_0215,140.65,deposit,success,2023-03-16
TXN_009069,CUST_0112,6.19,purchase,fraud,2022-03-23
TXN_009070,CUST_0141,28.27,withdrawal,success,2022-12-03
TXN_009071,CUST_0302,435.35,purchase,fraud,2023-10-25
TXN_009072,CUST_0309,278.61,purchase,success,2022-09-09
TXN_009073,CUST_0380,109.94,transfer,success,2023-05-07
TXN_009074,CUST_0016,145.61,purchase,success,2022-01-22
TXN_009075,CUST_0112,92.41,purchase,success,2022-04-12
TXN_009076,CUST_0389,270.02,deposit,success,2022-05-13
TXN_009077,CUST_0215,306.67,purchase,success,2022-09-22
TXN_009078,CUST_0141,288.18,transfer,success,2022-06-23
TXN_009079,CUST_0360,256.47,purchase,success,2023-11-05
TXN_009080,CUST_0053,45.76,purchase,success,2022-10-27
TXN_009081,CUST_0112,82.49,purchase,success,2023-11-19
TXN_009082,CUST_0120,126.92,withdrawal,success,2022-09-21
TXN_009083,CUST_0360,80.33,transfer,success,2023-03-02
TXN_009084,CUST_0215,281.25,withdrawal,success,2022-06-15
TXN_009085,CUST_0230,79.9,transfer,fraud,2023-03-13
TXN_009086,CUST_0457,29.75,transfer,success,2022-07-28
TXN_009087,CUST_0141,101.85,deposit,success,2022-06-17
TXN_009088,CUST_0053,781.55,withdrawal,success,2023-01-06
TXN_009089,CUST_0457,51.21,transfer,success,2022-04-10
TXN_009090,CUST_0280,189.43,transfer,success,2022-10-23
TXN_009091,CUST_0017,113.47,deposit,success,2022-11-13
TXN_009092,CUST_0053,14.73,withdrawal,success,2023-07-10
TXN_009093,CUST_0115,133.84,purchase,success,2023-12-10
TXN_009094,CUST_0217,242.24,deposit,success,2023-07-16
TXN_009095,CUST_0053,143.99,transfer,success,2023-10-17
TXN_009096,CUST_0309,411.31,withdrawal,success,2022-03-12
TXN_009097,CUST_0259,68.2,transfer,success,2022-03-20
TXN_009098,CUST_0280,18.04,deposit,fraud,2022-06-09
TXN_009099,CUST_0302,551.55,deposit,success,2022-05-05
TXN_009100,CUST_0143,95.03,withdrawal,success,2022-01-04
TXN_009101,CUST_0072,171.8,deposit,success,2022-09-03
TXN_009102,CUST_0302,314.05,deposit,success,2022-03-09
TXN_009103,CUST_0141,78.41,purchase,success,2022-10-04
TXN_009104,CUST_0347,251.87,transfer,success,2022-07-03
TXN_009105,CUST_0120,29.1,purchase,success,2022-04-27
TXN_009106,CUST_0413,68.86,purchase,success,2023-04-08
TXN_009107,CUST_0259,31.26,withdrawal,success,2022-12-12
TXN_009108,CUST_0112,333.45,deposit,success,2022-05-05
TXN_009109,CUST_0004,50.37,transfer,success,2023-05-28
TXN_009110,CUST_0126,252.75,transfer,success,2023-07-02
TXN_009111,CUST_0143,573.99,transfer,success,2023-04-22
TXN_009112,CUST_0102,150.06,deposit,success,2023-06-08
TXN_009113,CUST_0333,155.32,transfer,success,2022-05-06
TXN_009114,CUST_0413,123.62,transfer,fraud,2023-05-08
TXN_009115,CUST_0115,78.87,deposit,success,2023-11-16
TXN_009116,CUST_0360,129.12,withdrawal,success,2023-09-22
TXN_009117,CUST_0126,184.67,transfer,success,2022-10-12
TXN_009118,CUST_0309,853.62,deposit,success,2022-03-27
TXN_009119,CUST_0215,555.37,purchase,fraud,2022-12-31
TXN_009120,CUST_0347,396.32,deposit,success,2022-04-05
TXN_009121,CUST_0120,439.88,purchase,success,2022-12-28
TXN_009122,CUST_0058,126.17,deposit,success,2022-06-30
TXN_009123,CUST_0102,214.26,transfer,success,2023-02-02
TXN_009124,CUST_0072,450.89,withdrawal,success,2022-07-13
TXN_009125,CUST_0048,99.83,withdrawal,success,2023-07-13
TXN_009126,CUST_0367,652.79,transfer,success,2022-09-14
TXN_009127,CUST_0102,107.5,purchase,success,2022-01-19
TXN_009128,CUST_0333,183.8,deposit,success,2023-09-28
TXN_009129,CUST_0112,247.44,transfer,success,2022-03-30
TXN_009130,CUST_0141,601.53,deposit,fraud,2022-03-06
TXN_009131,CUST_0413,56.11,transfer,success,2022-06-16
TXN_009132,CUST_0058,274.19,transfer,fraud,2022-05-30
TXN_009133,CUST_0360,147.13,deposit,success,2022-12-17
TXN_009134,CUST_0013,62.55,withdrawal,success,2022-06-14
TXN_009135,CUST_0102,299.76,withdrawal,success,2023-06-19
TXN_009136,CUST_0141,160.69,purchase,success,2023-12-08
TXN_009137,CUST_0309,216.34,deposit,success,2023-07-02
TXN_009138,CUST_0230,77.99,purchase,success,2022-07-18
TXN_009139,CUST_0004,131.28,transfer,success,2023-05-06
TXN_009140,CUST_0143,192.13,purchase,success,2023-10-09
TXN_009141,CUST_0288,103.81,transfer,success,2022-12-26
TXN_009142,CUST_0378,44.22,deposit,fraud,2022-01-31
TXN_009143,CUST_0457,652.15,deposit,success,2022-12-15
TXN_009144,CUST_0333,143.27,deposit,success,2023-02-03
TXN_009145,CUST_0230,264.79,deposit,success,2023-03-19
TXN_009146,CUST_0328,105.88,purchase,success,2022-04-17
TXN_009147,CUST_0072,87.74,transfer,success,2023-06-09
TXN_009148,CUST_0120,104.57,withdrawal,success,2023-02-17
TXN_009149,CUST_0048,105.25,deposit,success,2022-08-06
TXN_009150,CUST_0017,157.13,deposit,success,2022-06-21
TXN_009151,CUST_0378,156.82,transfer,success,2022-07-14
TXN_009152,CUST_0045,137.49,withdrawal,success,2023-09-28
TXN_009153,CUST_0112,28.96,deposit,success,2023-10-15
TXN_009154,CUST_0045,137.07,withdrawal,success,2023-05-11
TXN_009155,CUST_0328,37.05,deposit,success,2023-08-24
TXN_009156,CUST_0380,26.97,purchase,success,2023-12-16
TXN_009157,CUST_0102,539.56,purchase,success,2022-03-10
TXN_009158,CUST_0045,185.75,withdrawal,success,2022-08-21
TXN_009159,CUST_0013,215.46,transfer,fraud,2023-11-04
TXN_009160,CUST_0112,102.76,transfer,success,2023-05-22
TXN_009161,CUST_0143,479.34,purchase,fraud,2023-07-25
TXN_009162,CUST_0230,203.18,transfer,fraud,2023-04-14
TXN_009163,CUST_0016,293.21,transfer,success,2023-02-01
TXN_009164,CUST_0072,91.95,transfer,success,2022-11-26
TXN_009165,CUST_0333,643.83,withdrawal,success,2023-10-20
TXN_009166,CUST_0259,343.47,withdrawal,success,2023-01-13
TXN_009167,CUST_0072,384.76,transfer,failed,2022-07-23
TXN_009168,CUST_0302,37.8,purchase,success,2022-02-12
TXN_009169,CUST_0045,63.21,transfer,fraud,2022-02-07
TXN_009170,CUST_0016,67.27,deposit,success,2023-04-09
TXN_009171,CUST_0367,63.19,purchase,success,2022-07-12
TXN_009172,CUST_0389,386.77,withdrawal,success,2022-01-04
TXN_009173,CUST_0113,6.48,deposit,success,2023-08-08
TXN_009174,CUST_0333,15.83,transfer,success,2022-12-30
TXN_009175,CUST_0360,64.02,transfer,success,2022-01-18
TXN_009176,CUST_0016,44.6,purchase,fraud,2023-11-12
TXN_009177,CUST_0126,52.76,purchase,success,2023-01-17
TXN_009178,CUST_0013,319.84,transfer,failed,2023-10-27
TXN_009179,CUST_0347,165.62,transfer,failed,2022-12-13
TXN_009180,CUST_0053,1.16,purchase,success,2023-03-02
TXN_009181,CUST_0380,112.19,deposit,success,2022-01-08
TXN_009182,CUST_0126,104.81,withdrawal,success,2022-11-19
TXN_009183,CUST_0004,24.2,purchase,success,2023-04-20
TXN_009184,CUST_0112,225.49,deposit,success,2022-03-29
TXN_009185,CUST_0014,242.2,transfer,success,2022-05-18
TXN_009186,CUST_0347,255.23,withdrawal,fraud,2022-04-09
TXN_009187,CUST_0259,260.74,deposit,success,2023-09-01
TXN_009188,CUST_0004,0.01,withdrawal,success,2023-06-18
TXN_009189,CUST_0367,615.48,withdrawal,success,2023-07-29
TXN_009190,CUST_0014,336.63,withdrawal,success,2022-04-30
TXN_009191,CUST_0045,468.64,deposit,success,2023-08-31
TXN_009192,CUST_0143,3.15,deposit,success,2022-05-20
TXN_009193,CUST_0126,543.19,transfer,success,2023-04-30
TXN_009194,CUST_0058,331.92,withdrawal,success,2023-05-22
TXN_009195,CUST_0378,363.07,purchase,fraud,2023-07-21
TXN_009196,CUST_0141,19.59,purchase,success,2023-07-19
TXN_009197,CUST_0102,268.48,purchase,success,2022-12-15
TXN_009198,CUST_0053,643.36,deposit,success,2022-05-03
TXN_009199,CUST_0457,226.98,transfer,success,2023-10-02
TXN_009200,CUST_0328,169.06,deposit,fraud,2022-02-03
TXN_009201,CUST_0309,582.39,withdrawal,success,2023-10-16
TXN_009202,CUST_0259,117.02,purchase,success,2022-11-21
TXN_009203,CUST_0112,182.91,deposit,fraud,2022-09-09
TXN_009204,CUST_0016,129.38,purchase,success,2022-11-16
TXN_009205,CUST_0457,540.15,deposit,success,2023-07-04
TXN_009206,CUST_0004,15.83,purchase,success,2023-03-12
TXN_009207,CUST_0017,139.08,withdrawal,success,2022-10-28
TXN_009208,CUST_0058,232.28,purchase,success,2022-02-09
TXN_009209,CUST_0446,313.95,withdrawal,success,2022-04-20
TXN_009210,CUST_0446,174.94,withdrawal,success,2022-02-26
TXN_009211,CUST_0333,479.2,deposit,success,2022-11-04
TXN_009212,CUST_0303,569.43,deposit,failed,2023-11-12
TXN_009213,CUST_0016,13.3,deposit,success,2022-05-21
TXN_009214,CUST_0072,102.96,withdrawal,success,2023-12-14
TXN_009215,CUST_0014,4.75,transfer,failed,2022-09-22
TXN_009216,CUST_0446,79.92,transfer,success,2023-01-24
TXN_009217,CUST_0259,153.95,withdrawal,success,2022-06-06
TXN_009218,CUST_0115,483.36,withdrawal,success,2022-10-15
TXN_009219,CUST_0303,374.88,deposit,failed,2022-12-15
TXN_009220,CUST_0113,27.28,deposit,fraud,2023-02-26
TXN_009221,CUST_0053,19.53,deposit,success,2022-03-18
TXN_009222,CUST_0045,177.96,transfer,fraud,2023-06-28
TXN_009223,CUST_0302,151.91,transfer,success,2023-01-08
TXN_009224,CUST_0115,61.95,withdrawal,failed,2022-03-18
TXN_009225,CUST_0309,459.43,transfer,success,2023-05-26
TXN_009226,CUST_0112,524.47,deposit,success,2022-11-12
TXN_009227,CUST_0004,103.04,deposit,success,2022-11-04
TXN_009228,CUST_0380,442.01,deposit,success,2023-02-21
TXN_009229,CUST_0367,96.89,deposit,success,2022-01-24
TXN_009230,CUST_0309,266.98,deposit,success,2022-01-27
TXN_009231,CUST_0389,129.23,purchase,success,2022-10-19
TXN_009232,CUST_0072,26.15,withdrawal,success,2022-12-02
TXN_009233,CUST_0120,526.04,withdrawal,success,2022-07-09
TXN_009234,CUST_0446,121.06,transfer,success,2023-12-30
TXN_009235,CUST_0446,265.22,deposit,success,2022-04-06
TXN_009236,CUST_0380,91.51,purchase,fraud,2022-05-21
TXN_009237,CUST_0446,3.81,deposit,success,2023-06-22
TXN_009238,CUST_0378,21.19,deposit,success,2023-09-10
TXN_009239,CUST_0014,137.12,transfer,fraud,2023-09-06
TXN_009240,CUST_0115,234.21,purchase,success,2022-04-13
TXN_009241,CUST_0333,81.51,purchase,success,2023-01-07
TXN_009242,CUST_0389,237.81,withdrawal,success,2022-04-27
TXN_009243,CUST_0126,239.89,deposit,success,2022-04-08
TXN_009244,CUST_0389,243.44,purchase,success,2022-09-28
TXN_009245,CUST_0141,135.66,withdrawal,success,2022-12-08
TXN_009246,CUST_0113,492.75,purchase,success,2022-11-22
TXN_009247,CUST_0053,134.35,deposit,success,2022-05-07
TXN_009248,CUST_0014,119.66,withdrawal,success,2022-07-07
TXN_009249,CUST_0017,44.47,purchase,success,2023-08-14
TXN_009250,CUST_0004,73.53,transfer,success,2022-08-06
TXN_009251,CUST_0333,8.65,purchase,success,2023-08-20
TXN_009252,CUST_0112,200.77,deposit,fraud,2022-03-22
TXN_009253,CUST_0115,57.15,transfer,success,2022-08-26
TXN_009254,CUST_0367,72.53,purchase,fraud,2022-02-20
TXN_009255,CUST_0102,294.64,purchase,success,2022-10-11
TXN_009256,CUST_0360,79.27,withdrawal,success,2022-11-15
TXN_009257,CUST_0259,55.47,deposit,success,2023-07-18
TXN_009258,CUST_0367,37.04,purchase,success,2023-07-09
TXN_009259,CUST_0303,298.21,purchase,fraud,2022-03-23
TXN_009260,CUST_0360,27.78,purchase,success,2023-12-31
TXN_009261,CUST_0333,120.94,deposit,success,2023-07-17
TXN_009262,CUST_0045,141.42,transfer,success,2023-08-15
TXN_009263,CUST_0446,232.56,deposit,success,2023-12-09
TXN_009264,CUST_0413,200.63,withdrawal,success,2023-07-14
TXN_009265,CUST_0115,332.91,withdrawal,fraud,2022-11-01
TXN_009266,CUST_0333,9.16,deposit,success,2023-07-20
TXN_009267,CUST_0302,70.32,purchase,fraud,2023-11-05
TXN_009268,CUST_0215,65.74,purchase,success,2022-11-01
TXN_009269,CUST_0048,31.57,transfer,success,2022-04-13
TXN_009270,CUST_0143,68.27,deposit,success,2023-02-18
TXN_009271,CUST_0288,74.14,deposit,success,2022-02-11
TXN_009272,CUST_0120,147.58,purchase,success,2022-11-16
TXN_009273,CUST_0415,217.95,withdrawal,success,2023-03-07
TXN_009274,CUST_0016,95.96,withdrawal,success,2022-04-06
TXN_009275,CUST_0378,254.22,transfer,success,2023-11-05
TXN_009276,CUST_0141,81.94,transfer,success,2022-12-08
TXN_009277,CUST_0053,68.58,withdrawal,success,2022-10-03
TXN_009278,CUST_0120,155.82,deposit,success,2022-02-23
TXN_009279,CUST_0126,4.8,transfer,success,2022-05-21
TXN_009280,CUST_0141,16.63,purchase,success,2022-03-12
TXN_009281,CUST_0360,108.25,deposit,success,2022-04-07
TXN_009282,CUST_0230,572.63,purchase,success,2023-08-26
TXN_009283,CUST_0115,255.68,transfer,success,2022-01-05
TXN_009284,CUST_0333,18.45,withdrawal,success,2022-04-20
TXN_009285,CUST_0102,374.57,transfer,success,2023-05-04
TXN_009286,CUST_0113,263.58,withdrawal,success,2022-02-13
TXN_009287,CUST_0380,188.81,deposit,success,2023-04-26
TXN_009288,CUST_0058,,transfer,success,2023-01-05
TXN_009289,CUST_0215,103.54,transfer,success,2023-02-20
TXN_009290,CUST_0413,50.08,transfer,success,2023-07-09
TXN_009291,CUST_0143,143.5,deposit,success,2022-04-20
TXN_009292,CUST_0013,159.19,purchase,success,2022-09-28
TXN_009293,CUST_0303,154.58,purchase,success,2022-06-12
TXN_009294,CUST_0302,166.52,withdrawal,success,2023-08-29
TXN_009295,CUST_0360,594.03,transfer,success,2023-07-29
TXN_009296,CUST_0115,465.06,purchase,success,2022-09-11
TXN_009297,CUST_0302,417.04,deposit,success,2022-03-25
TXN_009298,CUST_0309,323.31,transfer,success,2022-12-09
TXN_009299,CUST_0360,574.45,withdrawal,success,2022-06-22
TXN_009300,CUST_0113,20.74,purchase,success,2022-07-09
TXN_009301,CUST_0141,61.61,deposit,fraud,2023-10-27
TXN_009302,CUST_0072,136.66,deposit,success,2023-08-06
TXN_009303,CUST_0143,374.86,withdrawal,failed,2023-12-19
TXN_009304,CUST_0367,140.71,purchase,success,2022-04-17
TXN_009305,CUST_0378,275.69,transfer,success,2023-10-08
TXN_009306,CUST_0380,29.92,deposit,success,2022-01-18
TXN_009307,CUST_0017,58.18,withdrawal,success,2023-04-27
TXN_009308,CUST_0457,263.19,deposit,success,2022-08-12
TXN_009309,CUST_0328,36.0,deposit,success,2023-12-27
TXN_009310,CUST_0120,86.57,purchase,success,2022-05-10
TXN_009311,CUST_0217,61.54,purchase,success,2022-06-23
TXN_009312,CUST_0309,86.11,transfer,success,2023-11-30
TXN_009313,CUST_0328,246.42,deposit,success,2023-06-06
TXN_009314,CUST_0378,91.72,withdrawal,success,2022-09-02
TXN_009315,CUST_0058,162.05,deposit,success,2023-02-22
TXN_009316,CUST_0115,21.06,withdrawal,success,2022-01-06
TXN_009317,CUST_0457,326.97,deposit,success,2023-11-29
TXN_009318,CUST_0413,92.37,withdrawal,success,2023-06-20
TXN_009319,CUST_0004,209.13,deposit,success,2022-10-07
TXN_009320,CUST_0378,258.48,deposit,success,2023-08-14
TXN_009321,CUST_0053,47.06,transfer,success,2022-07-12
TXN_009322,CUST_0016,432.0,purchase,success,2023-05-20
TXN_009323,CUST_0328,191.54,purchase,success,2023-07-15
TXN_009324,CUST_0053,111.98,withdrawal,success,2022-09-01
TXN_009325,CUST_0389,40.26,deposit,success,2022-03-02
TXN_009326,CUST_0303,570.5,deposit,failed,2023-03-17
TXN_009327,CUST_0045,281.36,purchase,success,2022-08-05
TXN_009328,CUST_0045,46.64,withdrawal,success,2023-09-20
TXN_009329,CUST_0446,82.41,transfer,success,2023-11-14
TXN_009330,CUST_0413,331.8,transfer,success,2023-02-02
TXN_009331,CUST_0045,237.93,transfer,success,2022-07-17
TXN_009332,CUST_0004,290.3,deposit,success,2023-06-25
TXN_009333,CUST_0072,116.39,withdrawal,success,2022-10-27
TXN_009334,CUST_0217,252.09,purchase,success,2022-12-19
TXN_009335,CUST_0120,97.71,deposit,success,2022-05-20
TXN_009336,CUST_0380,47.46,deposit,success,2023-02-19
TXN_009337,CUST_0058,200.3,transfer,success,2023-08-28
TXN_009338,CUST_0413,746.06,withdrawal,success,2023-02-26
TXN_009339,CUST_0126,74.39,withdrawal,success,2023-08-16
TXN_009340,CUST_0215,123.6,transfer,success,2022-10-22
TXN_009341,CUST_0072,224.17,transfer,success,2022-10-03
TXN_009342,CUST_0280,155.96,transfer,success,2022-09-13
TXN_009343,CUST_0016,370.85,deposit,success,2023-09-24
TXN_009344,CUST_0102,286.88,deposit,success,2022-05-08
TXN_009345,CUST_0380,12.01,deposit,success,2023-12-25
TXN_009346,CUST_0309,1290.22,purchase,success,2023-03-07
TXN_009347,CUST_0415,279.19,purchase,fraud,2022-09-19
TXN_009348,CUST_0014,398.88,withdrawal,success,2023-10-26
TXN_009349,CUST_0115,210.65,transfer,success,2023-09-12
TXN_009350,CUST_0309,387.98,transfer,success,2023-05-25
TXN_009351,CUST_0217,23.84,deposit,success,2022-01-02
TXN_009352,CUST_0360,85.46,purchase,success,2022-04-28
TXN_009353,CUST_0360,418.17,transfer,success,2023-02-20
TXN_009354,CUST_0045,45.04,withdrawal,success,2023-08-28
TXN_009355,CUST_0014,16.29,transfer,success,2022-07-15
TXN_009356,CUST_0058,310.35,deposit,fraud,2022-09-17
TXN_009357,CUST_0016,360.95,deposit,success,2023-12-09
TXN_009358,CUST_0367,35.5,purchase,success,2022-05-12
TXN_009359,CUST_0230,385.3,withdrawal,success,2023-08-14
TXN_009360,CUST_0115,232.16,withdrawal,success,2022-07-08
TXN_009361,CUST_0413,146.83,transfer,success,2023-10-19
TXN_009362,CUST_0053,354.69,withdrawal,success,2023-08-18
TXN_009363,CUST_0367,108.69,transfer,success,2022-05-03
TXN_009364,CUST_0415,43.13,transfer,success,2023-11-19
TXN_009365,CUST_0014,67.05,purchase,success,2022-09-12
TXN_009366,CUST_0360,140.71,withdrawal,success,2022-05-16
TXN_009367,CUST_0288,151.57,deposit,success,2023-12-30
TXN_009368,CUST_0378,327.55,transfer,success,2022-02-11
TXN_009369,CUST_0415,313.42,transfer,success,2022-08-25
TXN_009370,CUST_0004,174.15,transfer,success,2022-09-13
TXN_009371,CUST_0115,303.54,withdrawal,success,2022-02-17
TXN_009372,CUST_0072,42.58,withdrawal,success,2022-03-15
TXN_009373,CUST_0230,10.27,withdrawal,success,2023-12-02
TXN_009374,CUST_0112,413.71,transfer,success,2023-02-09
TXN_009375,CUST_0013,15.71,deposit,fraud,2022-05-17
TXN_009376,CUST_0013,56.66,deposit,success,2022-08-12
TXN_009377,CUST_0378,237.7,withdrawal,success,2022-10-11
TXN_009378,CUST_0072,105.34,deposit,success,2022-04-26
TXN_009379,CUST_0367,418.0,transfer,success,2023-08-12
TXN_009380,CUST_0112,70.76,withdrawal,success,2022-01-03
TXN_009381,CUST_0215,2.39,withdrawal,success,2023-10-30
TXN_009382,CUST_0141,71.52,transfer,failed,2022-08-04
TXN_009383,CUST_0303,172.59,withdrawal,success,2022-04-24
TXN_009384,CUST_0120,94.3,transfer,success,2023-12-14
TXN_009385,CUST_0446,153.09,withdrawal,success,2022-01-15
TXN_009386,CUST_0058,418.46,deposit,success,2023-02-28
TXN_009387,CUST_0215,487.19,withdrawal,success,2022-04-20
TXN_009388,CUST_0303,61.84,withdrawal,fraud,2022-12-16
TXN_009389,CUST_0115,124.03,withdrawal,fraud,2022-07-31
TXN_009390,CUST_0014,159.32,purchase,fraud,2023-04-03
TXN_009391,CUST_0288,595.63,deposit,success,2022-05-28
TXN_009392,CUST_0017,1316.75,transfer,success,2022-05-31
TXN_009393,CUST_0014,53.68,purchase,success,2023-10-26
TXN_009394,CUST_0389,259.64,deposit,success,2022-05-07
TXN_009395,CUST_0072,94.97,withdrawal,success,2023-01-13
TXN_009396,CUST_0415,1.63,withdrawal,success,2022-11-29
TXN_009397,CUST_0017,1.86,transfer,success,2023-02-25
TXN_009398,CUST_0328,123.45,transfer,success,2023-01-23
TXN_009399,CUST_0102,134.02,deposit,success,2023-11-07
TXN_009400,CUST_0126,4.57,deposit,fraud,2023-06-16
TXN_009401,CUST_0014,232.26,transfer,success,2023-11-28
TXN_009402,CUST_0446,69.63,deposit,success,2022-10-09
TXN_009403,CUST_0102,164.15,transfer,success,2023-03-31
TXN_009404,CUST_0303,71.6,withdrawal,success,2023-11-11
TXN_009405,CUST_0378,36.58,transfer,success,2022-07-26
TXN_009406,CUST_0141,104.57,purchase,fraud,2023-10-13
TXN_009407,CUST_0215,52.86,transfer,fraud,2022-05-30
TXN_009408,CUST_0072,153.06,transfer,fraud,2022-07-31
TXN_009409,CUST_0259,44.34,purchase,success,2023-02-03
TXN_009410,CUST_0004,142.02,purchase,success,2022-12-28
TXN_009411,CUST_0113,34.25,purchase,success,2022-07-12
TXN_009412,CUST_0017,222.32,purchase,success,2023-11-13
TXN_009413,CUST_0347,280.43,transfer,success,2023-11-10
TXN_009414,CUST_0016,23.4,deposit,success,2022-09-06
TXN_009415,CUST_0230,126.15,purchase,success,2023-05-17
TXN_009416,CUST_0143,14.7,withdrawal,success,2023-05-16
TXN_009417,CUST_0014,182.35,transfer,success,2022-10-08
TXN_009418,CUST_0413,61.41,deposit,success,2023-03-24
TXN_009419,CUST_0378,150.0,withdrawal,fraud,2022-02-20
TXN_009420,CUST_0280,145.74,transfer,success,2022-09-16
TXN_009421,CUST_0457,516.34,transfer,fraud,2022-01-04
TXN_009422,CUST_0389,159.29,withdrawal,success,2023-03-20
TXN_009423,CUST_0120,174.93,purchase,success,2023-04-20
TXN_009424,CUST_0048,102.72,purchase,success,2022-06-12
TXN_009425,CUST_0126,595.5,withdrawal,success,2022-03-04
TXN_009426,CUST_0378,300.28,deposit,success,2022-03-03
TXN_009427,CUST_0014,67.21,purchase,success,2023-04-15
TXN_009428,CUST_0013,371.85,transfer,failed,2023-06-21
TXN_009429,CUST_0360,113.27,transfer,success,2022-10-24
TXN_009430,CUST_0112,352.83,deposit,success,2022-07-28
TXN_009431,CUST_0013,346.19,transfer,success,2023-02-28
TXN_009432,CUST_0115,41.87,purchase,success,2022-04-24
TXN_009433,CUST_0378,241.56,deposit,success,2022-10-22
TXN_009434,CUST_0217,68.68,purchase,success,2022-05-25
TXN_009435,CUST_0280,70.62,deposit,success,2022-10-18
TXN_009436,CUST_0045,70.29,withdrawal,success,2022-10-14
TXN_009437,CUST_0309,258.61,transfer,success,2022-07-01
TXN_009438,CUST_0303,52.23,deposit,success,2023-03-13
TXN_009439,CUST_0048,0.18,withdrawal,success,2022-01-15
TXN_009440,CUST_0230,251.22,purchase,success,2023-04-30
TXN_009441,CUST_0013,37.55,withdrawal,success,2023-06-27
TXN_009442,CUST_0004,22.07,purchase,success,2022-03-08
TXN_009443,CUST_0328,54.23,deposit,success,2023-08-24
TXN_009444,CUST_0016,95.58,deposit,success,2023-04-11
TXN_009445,CUST_0102,129.22,transfer,success,2022-12-23
TXN_009446,CUST_0058,9.12,transfer,success,2022-11-07
TXN_009447,CUST_0048,705.17,deposit,success,2023-10-22
TXN_009448,CUST_0048,251.8,purchase,success,2022-08-18
TXN_009449,CUST_0004,78.07,purchase,success,2023-04-06
TXN_009450,CUST_0309,76.75,deposit,success,2022-07-25
TXN_009451,CUST_0004,119.04,purchase,success,2023-12-06
TXN_009452,CUST_0288,196.83,deposit,success,2022-10-10
TXN_009453,CUST_0217,31.65,transfer,success,2023-05-04
TXN_009454,CUST_0115,41.88,purchase,success,2023-02-04
TXN_009455,CUST_0113,392.42,transfer,success,2022-10-04
TXN_009456,CUST_0288,59.21,withdrawal,success,2022-06-14
TXN_009457,CUST_0280,95.67,transfer,success,2023-05-07
TXN_009458,CUST_0112,410.01,withdrawal,success,2022-08-14
TXN_009459,CUST_0215,217.62,transfer,success,2023-03-25
TXN_009460,CUST_0217,83.62,transfer,success,2022-05-17
TXN_009461,CUST_0333,230.21,purchase,success,2022-01-18
TXN_009462,CUST_0048,3.98,transfer,success,2022-08-29
TXN_009463,CUST_0259,266.09,deposit,success,2023-10-23
TXN_009464,CUST_0360,133.5,purchase,success,2023-05-13
TXN_009465,CUST_0141,335.52,purchase,success,2023-01-29
TXN_009466,CUST_0347,618.61,purchase,success,2022-08-13
TXN_009467,CUST_0415,520.17,transfer,success,2023-07-19
TXN_009468,CUST_0048,479.96,purchase,success,2023-06-06
TXN_009469,CUST_0215,143.56,withdrawal,success,2023-10-20
TXN_009470,CUST_0328,89.3,withdrawal,success,2022-05-29
TXN_009471,CUST_0017,125.11,transfer,success,2022-04-23
TXN_009472,CUST_0215,234.17,purchase,failed,2022-10-02
TXN_009473,CUST_0017,430.83,deposit,success,2023-01-15
TXN_009474,CUST_0215,46.38,deposit,success,2023-06-19
TXN_009475,CUST_0303,500.68,withdrawal,fraud,2022-09-18
TXN_009476,CUST_0053,337.67,transfer,success,2023-12-08
TXN_009477,CUST_0230,771.28,transfer,success,2022-04-12
TXN_009478,CUST_0217,424.47,transfer,success,2022-10-06
TXN_009479,CUST_0288,65.68,transfer,success,2023-11-06
TXN_009480,CUST_0126,22.4,transfer,success,2023-06-13
TXN_009481,CUST_0457,23.81,purchase,fraud,2022-11-14
TXN_009482,CUST_0347,68.84,purchase,success,2023-02-18
TXN_009483,CUST_0457,190.48,purchase,success,2022-01-21
TXN_009484,CUST_0413,326.26,deposit,success,2022-03-06
TXN_009485,CUST_0367,459.02,purchase,failed,2023-08-04
TXN_009486,CUST_0413,195.5,transfer,fraud,2022-04-20
TXN_009487,CUST_0217,1.13,transfer,success,2022-09-05
TXN_009488,CUST_0053,41.24,deposit,failed,2022-10-17
TXN_009489,CUST_0333,21.01,deposit,success,2022-09-16
TXN_009490,CUST_0014,90.3,withdrawal,fraud,2022-09-08
TXN_009491,CUST_0309,139.17,deposit,success,2023-11-16
TXN_009492,CUST_0048,8.87,withdrawal,success,2023-07-24
TXN_009493,CUST_0380,85.69,purchase,success,2023-09-21
TXN_009494,CUST_0120,39.49,transfer,success,2023-08-12
TXN_009495,CUST_0013,208.3,withdrawal,success,2023-06-27
TXN_009496,CUST_0058,124.83,withdrawal,success,2022-07-07
TXN_009497,CUST_0048,136.77,withdrawal,success,2023-10-05
TXN_009498,CUST_0347,111.62,deposit,fraud,2023-05-24
TXN_009499,CUST_0360,624.8,deposit,success,2023-06-26
TXN_009500,CUST_0115,48.35,deposit,success,2022-01-04
TXN_009501,CUST_0115,145.41,withdrawal,success,2022-06-02
TXN_009502,CUST_0333,266.37,purchase,failed,2022-01-21
TXN_009503,CUST_0126,162.77,transfer,success,2022-12-02
TXN_009504,CUST_0413,529.07,deposit,failed,2023-12-08
TXN_009505,CUST_0048,94.95,purchase,fraud,2023-07-22
TXN_009506,CUST_0217,124.6,deposit,success,2023-03-06
TXN_009507,CUST_0141,18.54,deposit,success,2023-08-05
TXN_009508,CUST_0013,187.81,withdrawal,success,2022-12-16
TXN_009509,CUST_0415,68.0,withdrawal,failed,2022-01-02
TXN_009510,CUST_0230,34.94,deposit,success,2023-05-08
TXN_009511,CUST_0112,157.29,transfer,success,2022-07-18
TXN_009512,CUST_0288,151.99,deposit,success,2022-07-11
TXN_009513,CUST_0143,15.78,transfer,success,2022-04-22
TXN_009514,CUST_0120,239.61,purchase,success,2022-11-10
TXN_009515,CUST_0126,195.51,deposit,success,2023-03-12
TXN_009516,CUST_0102,41.9,transfer,success,2022-09-15
TXN_009517,CUST_0259,126.76,purchase,success,2023-12-14
TXN_009518,CUST_0017,254.82,purchase,fraud,2022-10-06
TXN_009519,CUST_0215,150.76,withdrawal,success,2023-08-24
TXN_009520,CUST_0141,100.67,purchase,fraud,2022-07-24
TXN_009521,CUST_0053,77.82,withdrawal,,2023-10-06
TXN_009522,CUST_0367,188.52,purchase,success,2023-02-16
TXN_009523,CUST_0053,559.73,purchase,success,2023-11-17
TXN_009524,CUST_0328,222.79,transfer,fraud,2023-09-09
TXN_009525,CUST_0215,15.54,transfer,fraud,2023-08-02
TXN_009526,CUST_0143,123.49,withdrawal,success,2023-08-01
TXN_009527,CUST_0115,442.96,deposit,success,2023-01-01
TXN_009528,CUST_0360,19.85,transfer,success,2022-04-09
TXN_009529,CUST_0115,899.72,purchase,success,2023-01-25
TXN_009530,CUST_0120,595.46,withdrawal,fraud,2023-04-29
TXN_009531,CUST_0302,16.3,withdrawal,success,2023-10-02
TXN_009532,CUST_0413,541.85,withdrawal,failed,2022-07-20
TXN_009533,CUST_0013,90.24,purchase,success,2022-09-08
TXN_009534,CUST_0230,372.49,transfer,success,2022-11-29
TXN_009535,CUST_0053,108.39,deposit,success,2022-02-16
TXN_009536,CUST_0288,116.27,withdrawal,success,2022-12-11
TXN_009537,CUST_0288,201.16,purchase,success,2023-01-01
TXN_009538,CUST_0113,297.87,transfer,success,2023-04-28
TXN_009539,CUST_0112,6.87,transfer,success,2022-09-04
TXN_009540,CUST_0013,179.87,deposit,success,2023-06-30
TXN_009541,CUST_0367,41.34,withdrawal,success,2022-12-08
TXN_009542,CUST_0303,84.91,purchase,success,2023-05-20
TXN_009543,CUST_0288,85.53,transfer,success,2022-08-22
TXN_009544,CUST_0004,126.62,purchase,success,2023-03-18
TXN_009545,CUST_0217,81.33,transfer,success,2023-07-30
TXN_009546,CUST_0280,22.71,withdrawal,success,2022-01-17
TXN_009547,CUST_0120,31.48,withdrawal,success,2023-12-08
TXN_009548,CUST_0215,6.8,deposit,success,2022-03-20
TXN_009549,CUST_0014,127.07,transfer,fraud,2022-04-16
TXN_009550,CUST_0415,617.78,purchase,success,2023-08-02
TXN_009551,CUST_0446,24.59,transfer,success,2022-05-21
TXN_009552,CUST_0120,584.74,purchase,success,2022-08-25
TXN_009553,CUST_0259,264.37,deposit,success,2023-02-25
TXN_009554,CUST_0113,202.95,transfer,success,2022-02-14
TXN_009555,CUST_0415,207.28,withdrawal,success,2022-07-29
TXN_009556,CUST_0360,350.58,purchase,success,2023-04-24
TXN_009557,CUST_0053,22.62,withdrawal,success,2023-02-27
TXN_009558,CUST_0230,140.54,deposit,success,2023-07-02
TXN_009559,CUST_0004,238.86,deposit,success,2022-03-16
TXN_009560,CUST_0048,176.77,purchase,success,2022-04-16
TXN_009561,CUST_0016,357.69,transfer,success,2023-11-29
TXN_009562,CUST_0328,15.0,withdrawal,failed,2023-07-16
TXN_009563,CUST_0017,234.69,withdrawal,success,2023-03-28
TXN_009564,CUST_0302,152.73,purchase,success,2022-05-19
TXN_009565,CUST_0259,95.34,purchase,failed,2022-08-15
TXN_009566,CUST_0367,83.19,purchase,success,2022-08-08
TXN_009567,CUST_0413,193.96,deposit,success,2022-08-12
TXN_009568,CUST_0141,443.27,deposit,fraud,2023-01-15
TXN_009569,CUST_0378,137.11,withdrawal,fraud,2022-04-10
TXN_009570,CUST_0302,348.28,transfer,success,2022-02-07
TXN_009571,CUST_0280,102.89,purchase,success,2022-09-20
TXN_009572,CUST_0288,21.6,deposit,success,2022-01-12
TXN_009573,CUST_0053,12.7,transfer,success,2023-08-25
TXN_009574,CUST_0446,10.54,purchase,success,2023-02-23
TXN_009575,CUST_0215,95.66,transfer,success,2022-05-04
TXN_009576,CUST_0217,82.27,purchase,failed,2022-10-15
TXN_009577,CUST_0113,253.12,transfer,success,2023-10-21
TXN_009578,CUST_0113,271.6,withdrawal,success,2023-08-26
TXN_009579,CUST_0367,10.44,purchase,success,2023-04-06
TXN_009580,CUST_0016,49.98,purchase,success,2022-08-03
TXN_009581,CUST_0302,64.11,withdrawal,success,2022-04-06
TXN_009582,CUST_0048,158.64,purchase,success,2022-12-15
TXN_009583,CUST_0230,31.22,purchase,success,2022-08-31
TXN_009584,CUST_0053,28.76,deposit,failed,2023-09-19
TXN_009585,CUST_0072,575.73,withdrawal,success,2022-05-02
TXN_009586,CUST_0215,326.14,deposit,success,2022-04-06
TXN_009587,CUST_0072,39.85,withdrawal,success,2022-09-14
TXN_009588,CUST_0303,104.37,transfer,success,2023-09-05
TXN_009589,CUST_0126,87.89,withdrawal,success,2023-07-04
TXN_009590,CUST_0367,313.09,withdrawal,success,2023-10-07
TXN_009591,CUST_0446,,deposit,success,2022-09-04
TXN_009592,CUST_0328,27.36,purchase,success,2022-02-15
TXN_009593,CUST_0446,268.64,withdrawal,fraud,2023-05-03
TXN_009594,CUST_0112,101.13,purchase,success,2023-12-07
TXN_009595,CUST_0347,61.01,withdrawal,success,2022-10-11
TXN_009596,CUST_0217,94.16,deposit,success,2023-07-09
TXN_009597,CUST_0058,137.73,withdrawal,success,2022-06-21
TXN_009598,CUST_0072,84.05,transfer,success,2023-11-05
TXN_009599,CUST_0113,55.39,withdrawal,success,2023-12-14
TXN_009600,CUST_0360,101.67,withdrawal,success,2022-01-07
TXN_009601,CUST_0048,3.87,purchase,success,2023-05-17
TXN_009602,CUST_0378,296.12,purchase,success,2022-08-10
TXN_009603,CUST_0415,37.49,transfer,success,2023-02-26
TXN_009604,CUST_0017,8.98,withdrawal,failed,2022-12-05
TXN_009605,CUST_0045,212.09,purchase,failed,2022-04-13
TXN_009606,CUST_0380,297.39,withdrawal,success,2022-04-01
TXN_009607,CUST_0360,336.22,deposit,success,2023-05-31
TXN_009608,CUST_0230,136.05,deposit,success,2023-08-20
TXN_009609,CUST_0309,45.98,transfer,success,2022-08-23
TXN_009610,CUST_0302,267.29,deposit,fraud,2023-08-13
TXN_009611,CUST_0280,240.6,purchase,success,2022-10-12
TXN_009612,CUST_0380,56.54,purchase,success,2022-01-01
TXN_009613,CUST_0367,467.45,transfer,success,2023-03-14
TXN_009614,CUST_0215,22.05,withdrawal,success,2023-12-15
TXN_009615,CUST_0415,811.27,purchase,success,2022-12-24
TXN_009616,CUST_0328,393.58,deposit,success,2023-01-01
TXN_009617,CUST_0302,232.89,purchase,success,2023-04-09
TXN_009618,CUST_0102,558.56,transfer,success,2023-07-24
TXN_009619,CUST_0072,256.25,deposit,success,2023-12-14
TXN_009620,CUST_0120,42.26,deposit,success,2022-06-18
TXN_009621,CUST_0017,116.74,deposit,success,2022-01-28
TXN_009622,CUST_0112,14.84,transfer,success,2022-04-10
TXN_009623,CUST_0126,98.75,transfer,success,2023-10-05
TXN_009624,CUST_0215,270.65,withdrawal,fraud,2023-08-09
TXN_009625,CUST_0013,97.7,withdrawal,success,2022-01-22
TXN_009626,CUST_0446,80.18,withdrawal,success,2023-11-15
TXN_009627,CUST_0102,180.95,transfer,success,2022-10-09
TXN_009628,CUST_0048,411.46,deposit,success,2022-07-17
TXN_009629,CUST_0230,9.75,deposit,fraud,2022-06-26
TXN_009630,CUST_0367,97.38,purchase,success,2022-06-10
TXN_009631,CUST_0120,34.45,withdrawal,success,2022-08-28
TXN_009632,CUST_0347,237.72,deposit,fraud,2022-02-16
TXN_009633,CUST_0115,22.35,deposit,success,2022-07-03
TXN_009634,CUST_0120,218.61,deposit,success,2022-07-20
TXN_009635,CUST_0120,67.43,deposit,success,2022-08-03
TXN_009636,CUST_0367,44.36,transfer,success,2022-07-22
TXN_009637,CUST_0259,550.88,withdrawal,success,2022-05-16
TXN_009638,CUST_0215,3.74,deposit,success,2022-10-30
TXN_009639,CUST_0126,115.17,deposit,success,2023-04-17
TXN_009640,CUST_0389,4.37,deposit,failed,2022-03-04
TXN_009641,CUST_0360,132.17,deposit,success,2023-11-09
TXN_009642,CUST_0389,139.05,purchase,success,2023-04-06
TXN_009643,CUST_0457,77.62,deposit,success,2022-08-20
TXN_009644,CUST_0016,28.35,deposit,success,2023-09-26
TXN_009645,CUST_0360,94.45,deposit,success,2022-05-18
TXN_009646,CUST_0302,223.11,purchase,success,2022-02-02
TXN_009647,CUST_0215,305.02,transfer,success,2022-05-01
TXN_009648,CUST_0457,151.32,purchase,success,2022-07-29
TXN_009649,CUST_0413,178.24,deposit,success,2023-01-11
TXN_009650,CUST_0004,44.78,transfer,success,2023-10-05
TXN_009651,CUST_0016,67.75,deposit,success,2022-11-03
TXN_009652,CUST_0058,35.32,transfer,success,2023-12-05
TXN_009653,CUST_0389,57.35,deposit,success,2023-03-19
TXN_009654,CUST_0004,50.95,deposit,success,2022-06-07
TXN_009655,CUST_0303,146.56,transfer,success,2023-12-06
TXN_009656,CUST_0126,165.42,transfer,success,2022-03-06
TXN_009657,CUST_0058,579.89,deposit,fraud,2022-06-12
TXN_009658,CUST_0217,43.52,purchase,success,2023-05-01
TXN_009659,CUST_0413,205.26,purchase,success,2023-01-23
TXN_009660,CUST_0333,339.94,purchase,success,2022-01-08
TXN_009661,CUST_0013,164.31,purchase,success,2022-06-25
TXN_009662,CUST_0126,58.88,transfer,fraud,2023-01-19
TXN_009663,CUST_0360,60.91,transfer,success,2022-02-05
TXN_009664,CUST_0230,8.01,purchase,fraud,2023-06-30
TXN_009665,CUST_0415,72.9,withdrawal,success,2022-06-29
TXN_009666,CUST_0230,272.99,withdrawal,success,2023-12-02
TXN_009667,CUST_0016,9.74,withdrawal,success,2023-03-07
TXN_009668,CUST_0102,49.51,deposit,success,2022-04-22
TXN_009669,CUST_0112,244.99,purchase,success,2022-03-28
TXN_009670,CUST_0215,305.25,deposit,failed,2022-06-11
TXN_009671,CUST_0072,121.51,transfer,success,2022-08-05
TXN_009672,CUST_0360,239.51,transfer,success,2022-03-16
TXN_009673,CUST_0048,98.19,withdrawal,success,2022-06-07
TXN_009674,CUST_0004,34.85,withdrawal,success,2023-03-02
TXN_009675,CUST_0112,101.55,transfer,success,2022-04-22
TXN_009676,CUST_0347,173.48,withdrawal,success,2023-03-22
TXN_009677,CUST_0380,591.51,withdrawal,success,2022-08-23
TXN_009678,CUST_0141,14.25,transfer,success,2023-12-18
TXN_009679,CUST_0378,141.61,deposit,success,2022-06-20
TXN_009680,CUST_0017,79.77,withdrawal,success,2022-09-30
TXN_009681,CUST_0053,141.98,deposit,success,2024-01-01
TXN_009682,CUST_0303,4.85,withdrawal,fraud,2023-06-17
TXN_009683,CUST_0415,75.09,purchase,success,2024-01-01
TXN_009684,CUST_0072,342.81,deposit,success,2023-07-23
TXN_009685,CUST_0333,161.46,deposit,success,2023-11-25
TXN_009686,CUST_0280,119.78,withdrawal,success,2023-06-28
TXN_009687,CUST_0389,67.24,deposit,success,2023-08-29
TXN_009688,CUST_0017,70.78,purchase,failed,2023-08-23
TXN_009689,CUST_0303,96.61,transfer,success,2022-12-04
TXN_009690,CUST_0141,361.05,purchase,failed,2023-04-09
TXN_009691,CUST_0215,683.55,transfer,success,2022-06-11
TXN_009692,CUST_0016,115.48,purchase,success,2023-09-01
TXN_009693,CUST_0048,99.96,purchase,success,2023-06-30
TXN_009694,CUST_0303,374.88,deposit,success,2023-11-08
TXN_009695,CUST_0058,111.34,purchase,success,2023-08-04
TXN_009696,CUST_0048,160.6,withdrawal,success,2022-08-09
TXN_009697,CUST_0215,52.52,withdrawal,success,2023-04-05
TXN_009698,CUST_0389,272.13,withdrawal,success,2023-03-12
TXN_009699,CUST_0367,151.85,withdrawal,success,2022-06-26
TXN_009700,CUST_0328,331.13,deposit,success,2023-09-18
TXN_009701,CUST_0053,303.49,withdrawal,success,2023-04-01
TXN_009702,CUST_0141,48.42,purchase,fraud,2022-10-13
TXN_009703,CUST_0446,251.5,withdrawal,failed,2022-11-20
TXN_009704,CUST_0457,321.94,deposit,success,2022-09-24
TXN_009705,CUST_0217,84.96,transfer,success,2023-09-13
TXN_009706,CUST_0347,37.9,purchase,success,2022-08-08
TXN_009707,CUST_0126,0.53,purchase,success,2022-01-21
TXN_009708,CUST_0017,119.9,deposit,success,2022-07-20
TXN_009709,CUST_0045,86.91,transfer,success,2023-02-20
TXN_009710,CUST_0045,161.9,withdrawal,success,2022-10-30
TXN_009711,CUST_0115,41.66,transfer,success,2023-01-20
TXN_009712,CUST_0380,392.75,purchase,success,2023-07-03
TXN_009713,CUST_0004,59.62,purchase,success,2023-04-22
TXN_009714,CUST_0112,51.35,purchase,success,2022-04-04
TXN_009715,CUST_0333,131.06,transfer,success,2023-08-19
TXN_009716,CUST_0389,138.17,withdrawal,success,2022-04-29
TXN_009717,CUST_0048,48.44,purchase,success,2023-12-13
TXN_009718,CUST_0360,63.45,deposit,success,2022-05-10
TXN_009719,CUST_0360,37.19,withdrawal,success,2022-02-25
TXN_009720,CUST_0413,253.5,purchase,success,2022-08-24
TXN_009721,CUST_0143,294.01,withdrawal,success,2023-12-19
TXN_009722,CUST_0303,124.1,deposit,success,2023-07-01
TXN_009723,CUST_0367,250.41,transfer,success,2022-04-26
TXN_009724,CUST_0446,266.31,purchase,success,2023-07-28
TXN_009725,CUST_0072,29.76,deposit,fraud,2023-05-06
TXN_009726,CUST_0217,677.33,purchase,success,2023-02-09
TXN_009727,CUST_0126,344.11,purchase,success,2023-10-28
TXN_009728,CUST_0112,45.75,transfer,failed,2023-08-18
TXN_009729,CUST_0446,41.2,transfer,fraud,2023-12-31
TXN_009730,CUST_0053,26.86,withdrawal,success,2022-05-19
TXN_009731,CUST_0053,29.79,deposit,success,2022-02-24
TXN_009732,CUST_0380,275.79,deposit,success,2023-06-15
TXN_009733,CUST_0004,126.85,transfer,success,2022-07-04
TXN_009734,CUST_0141,305.51,purchase,success,2023-07-06
TXN_009735,CUST_0230,274.29,withdrawal,success,2022-08-26
TXN_009736,CUST_0102,185.58,transfer,success,2022-05-10
TXN_009737,CUST_0141,231.91,withdrawal,success,2022-09-04
TXN_009738,CUST_0072,3.71,withdrawal,success,2022-02-21
TXN_009739,CUST_0113,74.73,deposit,fraud,2023-06-05
TXN_009740,CUST_0017,203.12,withdrawal,success,2023-09-14
TXN_009741,CUST_0380,1.88,deposit,success,2023-07-11
TXN_009742,CUST_0457,6.71,purchase,success,2022-03-17
TXN_009743,CUST_0259,381.96,purchase,success,2022-09-05
TXN_009744,CUST_0360,230.42,transfer,success,2023-07-06
TXN_009745,CUST_0113,61.68,purchase,success,2023-07-20
TXN_009746,CUST_0215,232.93,deposit,success,2022-03-27
TXN_009747,CUST_0016,314.48,withdrawal,success,2022-12-14
TXN_009748,CUST_0004,73.29,withdrawal,success,2023-06-22
TXN_009749,CUST_0328,7.34,purchase,success,2023-07-05
TXN_009750,CUST_0115,539.95,deposit,fraud,2022-04-06
TXN_009751,CUST_0230,84.68,withdrawal,success,2022-09-23
TXN_009752,CUST_0413,22.52,purchase,success,2022-09-25
TXN_009753,CUST_0048,135.4,deposit,success,2022-12-07
TXN_009754,CUST_0446,292.61,deposit,success,2023-07-17
TXN_009755,CUST_0380,50.12,withdrawal,success,2022-05-20
TXN_009756,CUST_0013,62.8,transfer,success,2022-07-02
TXN_009757,CUST_0016,55.6,transfer,success,2022-02-15
TXN_009758,CUST_0378,957.65,deposit,success,2023-03-14
TXN_009759,CUST_0413,43.98,deposit,success,2023-05-18
TXN_009760,CUST_0328,171.38,purchase,fraud,2022-07-30
TXN_009761,CUST_0112,518.76,deposit,success,2022-05-24
TXN_009762,CUST_0457,31.77,purchase,success,2022-08-14
TXN_009763,CUST_0309,707.09,purchase,success,2023-12-17
TXN_009764,CUST_0303,589.3,purchase,success,2023-10-14
TXN_009765,CUST_0048,431.82,deposit,success,2022-04-02
TXN_009766,CUST_0280,48.3,deposit,failed,2023-06-15
TXN_009767,CUST_0115,201.05,purchase,success,2022-06-01
TXN_009768,CUST_0016,286.17,withdrawal,success,2023-10-02
TXN_009769,CUST_0143,854.14,deposit,success,2023-03-29
TXN_009770,CUST_0389,39.79,transfer,fraud,2022-03-15
TXN_009771,CUST_0016,290.51,withdrawal,success,2023-03-09
TXN_009772,CUST_0113,82.74,transfer,success,2023-10-12
TXN_009773,CUST_0045,38.63,deposit,success,2023-07-14
TXN_009774,CUST_0280,109.42,withdrawal,success,2022-03-24
TXN_009775,CUST_0457,315.82,deposit,success,2022-11-26
TXN_009776,CUST_0415,125.04,deposit,success,2023-04-17
TXN_009777,CUST_0072,154.23,withdrawal,success,2022-06-18
TXN_009778,CUST_0112,1066.14,deposit,success,2023-11-29
TXN_009779,CUST_0280,101.87,withdrawal,success,2022-10-10
TXN_009780,CUST_0072,191.11,deposit,success,2022-12-12
TXN_009781,CUST_0303,90.9,purchase,success,2022-01-31
TXN_009782,CUST_0217,99.77,transfer,success,2022-02-03
TXN_009783,CUST_0112,237.91,purchase,success,2022-01-12
TXN_009784,CUST_0016,555.76,deposit,success,2022-01-28
TXN_009785,CUST_0215,156.33,deposit,success,2023-11-12
TXN_009786,CUST_0309,292.55,deposit,success,2023-12-09
TXN_009787,CUST_0120,18.69,purchase,success,2022-01-25
TXN_009788,CUST_0446,47.44,deposit,success,2022-02-01
TXN_009789,CUST_0333,139.48,withdrawal,success,2022-03-27
TXN_009790,CUST_0259,4.04,transfer,success,2022-11-27
TXN_009791,CUST_0143,58.3,deposit,success,2022-06-18
TXN_009792,CUST_0446,145.71,deposit,success,2023-10-15
TXN_009793,CUST_0113,3.01,transfer,success,2023-08-23
TXN_009794,CUST_0014,61.45,transfer,success,2022-03-25
TXN_009795,CUST_0389,144.32,transfer,success,2022-03-26
TXN_009796,CUST_0112,170.26,purchase,success,2023-12-06
TXN_009797,CUST_0217,520.07,purchase,failed,2022-07-14
TXN_009798,CUST_0102,207.32,deposit,fraud,2023-05-08
TXN_009799,CUST_0303,107.14,transfer,success,2022-04-11
TXN_009800,CUST_0048,532.86,deposit,failed,2023-03-26
TXN_009801,CUST_0126,307.31,deposit,success,2023-07-06
TXN_009802,CUST_0328,44.63,deposit,fraud,2023-10-26
TXN_009803,CUST_0360,28.05,purchase,success,2023-01-16
TXN_009804,CUST_0230,225.29,transfer,fraud,2022-02-28
TXN_009805,CUST_0113,164.14,deposit,success,2023-10-08
TXN_009806,CUST_0217,311.82,purchase,success,2023-09-12
TXN_009807,CUST_0446,268.5,withdrawal,success,2022-01-27
TXN_009808,CUST_0230,196.28,withdrawal,success,2022-06-03
TXN_009809,CUST_0102,859.28,deposit,success,2022-12-28
TXN_009810,CUST_0217,152.54,deposit,failed,2022-11-17
TXN_009811,CUST_0126,24.01,transfer,success,2023-01-24
TXN_009812,CUST_0280,352.37,transfer,success,2023-11-20
TXN_009813,CUST_0302,58.03,deposit,success,2022-04-28
TXN_009814,CUST_0328,300.39,purchase,success,2023-06-01
TXN_009815,CUST_0446,629.81,deposit,failed,2023-10-24
TXN_009816,CUST_0016,238.67,transfer,failed,2022-10-24
,CUST_0413,181.28,transfer,success,2022-10-27
TXN_009818,CUST_0016,123.38,purchase,success,2022-09-25
TXN_009819,CUST_0259,90.64,deposit,success,2022-06-13
TXN_009820,CUST_0017,87.08,transfer,success,2022-03-29
TXN_009821,CUST_0309,202.33,deposit,success,2023-07-13
TXN_009822,CUST_0045,278.28,transfer,success,2022-06-01
TXN_009823,CUST_0230,226.96,withdrawal,success,2023-09-07
TXN_009824,CUST_0457,44.23,withdrawal,success,2023-11-16
TXN_009825,CUST_0120,136.24,withdrawal,success,2023-08-14
TXN_009826,CUST_0230,313.7,transfer,success,2023-07-07
TXN_009827,CUST_0058,129.14,purchase,success,2023-05-04
TXN_009828,CUST_0259,153.84,withdrawal,success,2022-10-22
TXN_009829,CUST_0288,294.93,transfer,fraud,2023-05-18
TXN_009830,CUST_0004,216.51,deposit,success,2023-06-19
TXN_009831,CUST_0215,105.3,withdrawal,success,2022-03-20
TXN_009832,CUST_0217,451.55,purchase,success,2022-06-04
TXN_009833,CUST_0360,35.48,purchase,failed,2022-06-29
TXN_009834,CUST_0016,1081.47,purchase,success,2022-10-23
TXN_009835,CUST_0126,25.31,deposit,success,2023-05-29
TXN_009836,CUST_0217,3.01,deposit,success,2023-09-29
TXN_009837,CUST_0120,441.49,purchase,success,2022-02-13
TXN_009838,CUST_0016,56.2,purchase,success,2022-11-18
TXN_009839,CUST_0389,261.64,purchase,success,2023-01-24
TXN_009840,CUST_0333,333.22,deposit,failed,2023-04-26
TXN_009841,CUST_0215,391.78,deposit,success,2022-02-11
TXN_009842,CUST_0113,955.77,transfer,success,2023-06-04
TXN_009843,CUST_0415,69.64,withdrawal,failed,2023-03-22
TXN_009844,CUST_0016,247.74,deposit,success,2023-04-24
TXN_009845,CUST_0143,24.52,purchase,success,2022-01-27
TXN_009846,CUST_0457,104.45,withdrawal,success,2022-02-15
TXN_009847,CUST_0333,376.74,deposit,failed,2023-09-06
TXN_009848,CUST_0053,91.66,withdrawal,success,2022-02-20
TXN_009849,CUST_0215,178.85,transfer,success,2022-01-03
TXN_009850,CUST_0309,140.14,deposit,success,2023-11-09
TXN_009851,CUST_0333,207.66,purchase,fraud,2022-09-25
TXN_009852,CUST_0115,721.6,purchase,fraud,2022-09-09
TXN_009853,CUST_0230,11.47,transfer,success,2023-01-22
TXN_009854,CUST_0367,170.65,transfer,success,2022-12-20
TXN_009855,CUST_0328,397.6,transfer,success,2023-10-14
TXN_009856,CUST_0259,131.32,transfer,success,2022-12-16
TXN_009857,CUST_0302,16.36,transfer,success,2022-04-01
TXN_009858,CUST_0141,164.44,deposit,success,2023-01-06
TXN_009859,CUST_0014,80.72,deposit,success,2023-06-13
TXN_009860,CUST_0333,33.67,withdrawal,success,2022-10-09
TXN_009861,CUST_0143,378.14,transfer,success,2023-06-27
TXN_009862,CUST_0259,147.46,purchase,success,2022-06-03
TXN_009863,CUST_0013,541.44,purchase,success,2023-02-19
TXN_009864,CUST_0004,328.0,transfer,success,2023-01-22
TXN_009865,CUST_0072,236.16,transfer,success,2023-07-31
TXN_009866,CUST_0413,1.01,transfer,success,2022-05-06
TXN_009867,CUST_0112,111.66,transfer,success,2022-08-30
TXN_009868,CUST_0115,44.0,transfer,fraud,2023-02-27
TXN_009869,CUST_0217,483.37,purchase,success,2022-06-02
TXN_009870,CUST_0389,38.37,withdrawal,fraud,2022-10-03
TXN_009871,CUST_0141,67.39,transfer,success,2023-06-08
TXN_009872,CUST_0280,145.48,transfer,success,2022-08-22
TXN_009873,CUST_0102,61.13,transfer,success,2022-11-26
TXN_009874,CUST_0014,47.11,deposit,success,2023-01-14
TXN_009875,CUST_0004,182.81,purchase,success,2023-11-09
TXN_009876,CUST_0112,18.63,purchase,success,2022-02-20
TXN_009877,CUST_0058,11.99,withdrawal,fraud,2023-01-10
TXN_009878,CUST_0004,93.12,deposit,success,2022-11-14
TXN_009879,CUST_0115,255.07,deposit,success,2022-06-24
TXN_009880,CUST_0112,161.85,deposit,success,2023-08-14
TXN_009881,CUST_0347,109.94,withdrawal,success,2023-01-20
TXN_009882,CUST_0072,166.83,withdrawal,success,2022-02-12
TXN_009883,CUST_0347,90.97,withdrawal,success,2023-07-20
TXN_009884,CUST_0014,550.23,deposit,success,2022-02-10
TXN_009885,CUST_0017,11.29,purchase,success,2023-10-03
TXN_009886,CUST_0215,223.8,deposit,success,2023-04-27
TXN_009887,CUST_0045,443.8,withdrawal,success,2022-02-24
TXN_009888,CUST_0004,325.81,deposit,success,2023-02-21
TXN_009889,CUST_0072,40.68,transfer,fraud,2022-08-01
TXN_009890,CUST_0113,70.17,deposit,success,2022-09-04
TXN_009891,CUST_0378,252.5,deposit,success,2023-02-25
TXN_009892,CUST_0217,17.61,purchase,success,2023-09-09
TXN_009893,CUST_0053,334.12,purchase,success,2023-09-21
TXN_009894,CUST_0058,253.81,purchase,success,2023-07-26
TXN_009895,CUST_0280,261.58,transfer,success,2023-04-17
TXN_009896,CUST_0217,21.13,purchase,success,2023-09-25
TXN_009897,CUST_0058,253.0,transfer,success,2022-12-30
TXN_009898,CUST_0013,227.77,withdrawal,success,2022-01-18
TXN_009899,CUST_0141,355.48,purchase,success,2023-10-02
TXN_009900,CUST_0303,8.5,deposit,success,2023-10-14
TXN_009901,CUST_0259,4.68,deposit,success,2023-06-23
TXN_009902,CUST_0380,93.36,transfer,success,2022-07-09
TXN_009903,CUST_0415,32.22,purchase,success,2022-05-09
TXN_009904,CUST_0058,163.46,deposit,success,2022-03-08
TXN_009905,CUST_0215,498.63,withdrawal,failed,2022-03-04
TXN_009906,CUST_0126,99.35,purchase,success,2022-10-02
TXN_009907,CUST_0017,372.8,withdrawal,fraud,2022-02-18
TXN_009908,CUST_0367,0.05,deposit,success,2022-05-06
TXN_009909,CUST_0016,36.91,purchase,success,2023-02-06
TXN_009910,CUST_0413,6.18,transfer,success,2022-09-16
TXN_009911,CUST_0259,79.54,deposit,success,2023-06-26
TXN_009912,CUST_0120,477.61,withdrawal,success,2022-05-08
TXN_009913,CUST_0215,20.4,purchase,success,2023-07-24
TXN_009914,CUST_0045,186.49,withdrawal,success,2023-06-26
TXN_009915,CUST_0120,120.11,withdrawal,success,2022-01-06
TXN_009916,CUST_0288,557.64,transfer,success,2022-09-25
TXN_009917,CUST_0017,26.14,transfer,success,2023-10-03
TXN_009918,CUST_0380,47.66,deposit,failed,2022-09-22
TXN_009919,CUST_0457,6.0,transfer,success,2023-10-22
TXN_009920,CUST_0215,113.81,transfer,success,2022-07-01
TXN_009921,CUST_0378,65.1,deposit,fraud,2023-07-15
TXN_009922,CUST_0333,407.9,deposit,success,2023-05-01
TXN_009923,CUST_0126,185.74,deposit,success,2023-05-26
TXN_009924,CUST_0058,190.43,deposit,fraud,2022-09-12
TXN_009925,CUST_0004,151.82,withdrawal,success,2023-06-13
TXN_009926,CUST_0389,19.27,withdrawal,success,2022-07-18
TXN_009927,CUST_0288,117.76,deposit,success,2023-01-23
TXN_009928,CUST_0058,1522.27,deposit,success,2022-07-12
TXN_009929,CUST_0415,360.64,purchase,success,2023-06-26
TXN_009930,CUST_0378,447.85,purchase,success,2023-10-26
TXN_009931,CUST_0215,346.58,purchase,success,2022-03-07
TXN_009932,CUST_0347,21.75,transfer,success,2023-02-14
TXN_009933,CUST_0102,51.61,withdrawal,success,2022-10-02
TXN_009934,CUST_0259,0.63,withdrawal,success,2022-09-06
TXN_009935,CUST_0288,72.34,purchase,success,2022-06-08
TXN_009936,CUST_0058,22.99,purchase,success,2023-11-21
TXN_009937,CUST_0113,128.03,withdrawal,success,2022-03-09
TXN_009938,CUST_0360,226.1,transfer,failed,2022-05-25
TXN_009939,CUST_0016,415.1,purchase,success,2023-12-15
TXN_009940,CUST_0045,276.63,deposit,success,2023-02-14
TXN_009941,CUST_0230,558.02,purchase,success,2023-09-26
TXN_009942,CUST_0045,11.08,withdrawal,success,2023-11-26
TXN_009943,CUST_0413,2.45,withdrawal,success,2022-10-30
TXN_009944,CUST_0415,216.55,purchase,fraud,2022-06-24
TXN_009945,CUST_0415,68.32,purchase,success,2023-06-19
TXN_009946,CUST_0367,58.47,deposit,fraud,2023-08-09
TXN_009947,CUST_0288,80.36,deposit,success,2023-10-23
TXN_009948,CUST_0048,62.89,transfer,fraud,2023-11-17
TXN_009949,CUST_0309,143.26,transfer,success,2023-11-14
TXN_009950,CUST_0328,116.02,deposit,fraud,2022-11-11
TXN_009951,CUST_0113,143.66,transfer,success,2023-02-22
TXN_009952,CUST_0288,223.38,transfer,fraud,2022-11-01
TXN_009953,CUST_0004,97.92,purchase,success,2022-06-12
TXN_009954,CUST_0058,57.89,deposit,success,2022-01-22
TXN_009955,CUST_0389,36.35,purchase,success,2022-09-06
TXN_009956,CUST_0288,85.99,purchase,success,2023-03-06
TXN_009957,CUST_0367,270.81,transfer,success,2022-05-14
TXN_009958,CUST_0045,282.7,purchase,fraud,2023-01-13
TXN_009959,CUST_0380,219.87,withdrawal,success,2023-06-26
TXN_009960,CUST_0367,53.32,transfer,success,2023-03-18
TXN_009961,CUST_0215,177.39,withdrawal,success,2022-08-08
TXN_009962,CUST_0415,169.12,transfer,success,2022-04-17
TXN_009963,CUST_0120,132.43,purchase,success,2022-11-14
TXN_009964,CUST_0102,159.69,transfer,failed,2022-09-15
TXN_009965,CUST_0367,135.37,withdrawal,success,2022-03-26
TXN_009966,CUST_0141,166.69,transfer,success,2023-04-19
TXN_009967,CUST_0045,251.41,withdrawal,success,2022-02-11
TXN_009968,CUST_0053,23.22,deposit,success,2023-02-04
TXN_009969,CUST_0288,276.96,purchase,success,2022-10-26
TXN_009970,CUST_0303,29.21,withdrawal,success,2023-10-09
TXN_009971,CUST_0053,13.79,deposit,success,2023-02-04
TXN_009972,CUST_0378,746.61,purchase,success,2022-06-10
TXN_009973,CUST_0126,629.27,deposit,success,2022-12-30
TXN_009974,CUST_0415,12.47,withdrawal,success,2023-01-18
TXN_009975,CUST_0120,117.13,purchase,failed,2022-10-25
TXN_009976,CUST_0120,41.22,deposit,success,2022-02-13
TXN_009977,CUST_0016,132.85,withdrawal,success,2022-07-11
TXN_009978,CUST_0217,354.6,deposit,success,2023-02-17
TXN_009979,CUST_0016,601.61,purchase,success,2022-08-23
TXN_009980,CUST_0141,201.16,purchase,success,2023-11-23
TXN_009981,CUST_0360,87.36,purchase,success,2023-01-13
TXN_009982,CUST_0016,184.93,withdrawal,success,2022-12-15
TXN_009983,CUST_0217,74.79,deposit,success,2023-07-11
TXN_009984,CUST_0113,481.2,deposit,success,2023-12-01
TXN_009985,CUST_0143,408.66,withdrawal,success,2022-07-11
TXN_009986,CUST_0016,163.39,purchase,success,2022-10-28
TXN_009987,CUST_0217,78.55,transfer,success,2022-07-16
TXN_009988,CUST_0017,69.46,purchase,success,2022-01-24
TXN_009989,CUST_0360,6.8,transfer,success,2023-11-16
TXN_009990,CUST_0113,338.37,purchase,fraud,2022-03-28
TXN_009991,CUST_0347,119.71,withdrawal,success,2023-04-27
TXN_009992,CUST_0360,78.65,transfer,success,2023-01-22
TXN_009993,CUST_0415,127.4,withdrawal,fraud,2022-11-12
TXN_009994,CUST_0333,341.56,transfer,success,2023-02-26
TXN_009995,CUST_0302,26.62,deposit,success,2022-10-14
TXN_009996,CUST_0360,389.9,transfer,success,2022-10-25
TXN_009997,CUST_0112,455.6,transfer,success,2023-06-10
TXN_009998,CUST_0413,586.39,transfer,fraud,2023-08-13
TXN_009999,CUST_0446,101.33,deposit,success,2023-06-28
TXN_010000,CUST_0143,48.96,withdrawal,fraud,2023-06-02
