transaction_id,customer_id,transaction_date,amount,transaction_type,status
6c4646c5-13f0-441c-8075-e63ad267f568,1841a010,2024-05-16,3736.41,transfer,legit
1609da79-9ed4-4719-87a7-9ed5dcb9a3da,639760ed,2024-12-13,3329.12,payment,legit
cc188ca0-b3c0-4766-9226-17bb5168926e,5a9f6727,2024-09-24,1761.54,payment,legit
5c9db399-1d30-419b-a7fb-be1a1dc1dff9,6f1271d9,2024-08-06,6072.67,payment,legit
f3a6731f-3040-4a7e-ae4b-42f267d3342a,d69073dc,2024-02-26,4766.24,payment,legit
060613b6-a332-4c21-b0af-a082a632402f,dd1ee8bf,2024-02-26,8657.01,transfer,legit
9920a705-4019-4312-bbb6-0ccaa663fa52,92c77f40,2024-01-22,321.1,withdrawal,legit
bc6a1ced-5bbb-4a84-b85b-e3cacc3784eb,da59ae97,2024-11-12,6438.68,payment,legit
7a3bc534-3160-4e08-ae6b-dc2c71892b27,ca453c2a,2024-08-07,7629.49,transfer,legit
6b4fa2d4-a1c3-426a-b23f-0a6fdcf25aae,f56e1574,2024-09-15,7594.87,payment,legit
656ef59c-c1d3-4f3b-9ce4-d3fd4fa81acc,c2c28ed2,2024-01-08,8860.74,payment,legit
0e9ca98b-fc55-4da3-92fa-4f5b523847df,bf182188,2024-12-20,7290.34,payment,legit
9e7ca858-425d-41da-bf60-2528fe2c1fef,16f1eae6,2024-10-30,9278.1,payment,legit
6d746089-83b0-4f63-a11e-9f167f32d959,90713070,2024-03-18,3326.57,payment,legit
68a42f0f-20ad-4226-a82d-31a2a0a7e982,9b191e57,2024-03-07,5032.09,payment,legit
56c43fbb-47fb-4411-9f85-06a5c6a7e754,72582573,2024-03-07,140.8,withdrawal,legit
7b094675-d943-4021-b883-a8ab97a3d33b,ebb6c3a7,2024-04-21,69.58,transfer,legit
1fe88597-6447-46b7-bda0-4939fc2fa394,e0db3aa3,2024-07-10,2401.27,withdrawal,legit
48d56e01-eab8-4174-b67d-b126e00c5426,17dedb9c,2024-06-06,1008.07,payment,legit
a4588f3e-28c1-4dd7-8765-549788fa8867,98f83ad0,2024-04-16,2602.11,payment,legit
8bbeda3f-823f-4319-9f9d-ecd185a579e6,d0c80e46,2024-08-11,1770.43,payment,legit
d414b3ad-473b-42fe-91df-ec4cd1d26188,82ddbdd1,2024-02-20,285.2,payment,legit
212a63fc-8ee0-4223-98a9-e1b795a7ac59,e0655dc0,2024-04-16,9093.04,payment,legit
c335e77f-b596-476e-b9c7-2ac972584e62,abae48ab,2024-05-13,82.23,payment,legit
7c68a3d1-5292-4693-ad86-8e7fffcd9adb,57149e7c,2024-06-15,7360.82,payment,legit
e0513205-f259-4a3a-908d-4e1afd31f920,7474fa30,2024-10-13,1521.48,payment,legit
ddce57e4-5ebc-444d-a709-7fabe6fe4db3,c0642f57,2024-03-13,9122.3,payment,legit
29dd3aa0-c0e5-4c97-ac04-9389f00baaf1,18d5ea72,2024-07-06,8927.96,payment,legit
ceff0ae0-64fa-4560-bcda-684d77544a43,16eeaf9f,2024-08-04,6539.01,payment,legit
2c8e060a-87ac-4f41-a9e9-4e31eb75992a,2bdc3ef3,2024-01-17,6722.34,payment,legit
62fb0e8c-a9a7-4ccf-9c5f-d3a4780bf84f,b1a20803,2024-08-09,53.39,transfer,legit
814dcc99-c3e0-4eff-a28a-4a594f4a0bc5,6aad2b16,2024-03-03,9848.72,payment,legit
f5d6ca81-4597-4425-8ba2-e210c5bca465,c42d335c,2024-01-24,8778.33,transfer,legit
8f488ada-be3d-4500-aaa0-bda6ebeba87d,2650c80a,2024-12-12,8951.06,payment,legit
4e40fafe-f8e2-483f-a1de-1f09bb2852d5,b7ff2b8d,2024-12-18,6592.45,payment,fraud
5e6da789-c3ac-4e6b-a9ad-416b6abd049d,46a6774a,2024-10-22,3447.87,transfer,legit
d8464299-782e-45bc-9fff-d571bc298374,a9b26a77,2024-04-21,8936.49,payment,legit
1798a1e3-a428-4b55-89f9-44e67f227f34,70b52f26,2024-02-05,2915.17,payment,legit
11ae2d3e-8415-4179-863d-7910f8a5ad8b,5017caae,2024-09-06,5627.12,withdrawal,legit
f76d3bf1-8852-41be-aec7-f84080d7d5b5,a0642cc3,2024-06-09,997.31,payment,legit
572a43b5-d7b3-4f70-b55d-10414204c161,2b6490cd,2024-02-14,9219.56,payment,legit
0050c1ba-dbb3-4308-90a8-5df70db9219a,70c2ac3b,2024-06-29,1407.7,transfer,legit
4b7e71a6-cf80-4be7-a20d-bea7310e6b05,9dc35cb2,2024-01-13,2248.97,transfer,legit
08e80dbf-6fd0-4df6-bb6d-f2b464369372,5d2374a9,2024-11-27,5581.34,payment,legit
3557f572-1975-4244-b371-418afec83684,049fc2c2,2024-04-04,7640.93,payment,legit
13afd788-4007-4b4d-adbc-9d83bcf6fe88,d9803e90,2024-08-29,6193.51,withdrawal,legit
ce059dd5-fd52-412e-937a-afb4402b5114,4fc1e4b2,2024-04-23,2321.34,payment,legit
06348471-9df9-42ea-8200-e08a21caae99,8451d02c,2024-07-08,9.43,payment,legit
f8460229-8225-4547-95d6-7856fa6474ab,57dc5cda,2024-07-18,7571.51,payment,legit
965787f5-e56c-47ea-9299-7f7d746c079b,7c577199,2024-03-08,9852.07,withdrawal,legit
fa01d67f-bfdf-414e-af8e-fb1fea85dbe5,b0dae3c5,2024-12-19,8099.13,payment,legit
d95e047a-6754-403d-aabc-413e46ccc7f7,2876d93b,2024-10-09,4602.07,transfer,fraud
8afe4639-2cbc-4c6b-a545-b9feef10d195,75f058f3,2024-12-08,9037.67,payment,legit
662eeec2-6f44-431b-8d96-e5c00a1aac1c,885d62eb,2024-11-22,4098.48,payment,legit
87235768-b277-4e9b-8497-8fa5d4bdbcea,1f624b2d,2024-08-06,5249.34,transfer,legit
c1b37ebb-52c2-45c0-b063-f1965a566270,508f822b,2024-12-02,4771.3,withdrawal,legit
58b24135-1e26-4968-ab23-a27897b85ac9,4b6bf76e,2024-02-02,4476.24,payment,legit
1b5becfb-2baf-4e33-bd36-c0ca7050f763,ab902a20,2024-03-12,7751.91,payment,legit
a61ac54c-5c52-4519-b6df-bf56ff1b87bf,0362d4cf,2024-01-17,5267.69,withdrawal,legit
3d5f2f88-9309-47cf-8a72-b19bf5c701b3,5dd69097,2024-04-28,3167.17,payment,legit
cc6ba102-c1ae-4c8e-9cf4-5dac64fa0ef3,a6e0d27c,2024-05-21,2581.58,payment,legit
fea0f425-286e-44fa-a06d-d214bdc93b76,a61da89f,2024-04-09,377.47,payment,legit
ecde37bc-ace2-40a3-ae75-4ad4eacee2b3,75ab8c28,2024-10-29,5831.95,transfer,legit
191a769e-3a3e-46d6-a10a-d0438d43d6ef,2a6bae0a,2024-05-10,2299.61,transfer,legit
6e44ec0d-b019-4e7e-9fe1-a686c48359bb,d5d32c71,2024-04-12,1481.34,withdrawal,legit
cfe4f8cd-8771-4f6f-a004-23b67b925c90,1ab4c356,2024-07-17,6538.3,payment,legit
3d3bc7e3-9dee-4b61-93b3-de6126c700f2,2b0147b1,2024-02-21,6812.09,payment,legit
64fe3d5d-16e1-4d78-b240-85bcbb9e10ec,939f892b,2024-10-19,7521.55,payment,legit
e928e36b-3621-4626-aab3-f2ea9d15d4c9,0af18a83,2024-01-28,5035.77,payment,legit
43e3d289-1935-461e-8e1f-505af5c2ba7c,1ae9f595,2024-12-26,8940.55,payment,legit
579942df-3fc5-4416-b4c4-3e339270bdcf,5d6d24af,2024-10-08,9363.43,payment,legit
4bf0f487-19ac-4ccb-89cb-f796a478e773,cbb1158f,2024-03-13,8073.71,payment,legit
feb7b252-ab34-4fd6-8338-401f9b6263ac,319ff78a,2024-01-03,6355.93,payment,legit
c8157458-b7b7-4f78-b725-1799f4dec36f,54130c44,2024-10-24,3037.21,payment,legit
8fabf8b6-8fe3-4187-b7fe-0c418ccdf55e,22417b41,2024-09-15,9829.45,transfer,legit
948d4a53-7c6a-4884-a172-39e0b42021cd,765fe463,2024-09-23,2741.36,payment,legit
3e1cb77b-84b6-4531-abf9-3cc8933f3109,afd9391d,2024-10-08,2026.57,payment,legit
8d13226b-0b4b-4df2-9c84-41541284d607,de687106,2024-01-28,4421.54,payment,legit
4cbdd48b-abce-4d1b-b645-93a142407ecc,05bdaac7,2024-05-10,568.41,transfer,legit
0c43c55b-451b-4f0a-bee4-6dd55a9d9b52,ff79b29c,2024-02-12,9784.94,payment,legit
7ba1d43d-86dc-438e-802e-4d0ac08a3b53,cfb32058,2024-11-11,5884.34,payment,legit
076e24cc-9de3-4a97-91da-c3c06af882ad,637c2df9,2024-08-15,5569.52,payment,legit
f933e688-aa84-4aa5-88c1-a0b59e895e29,420b425b,2024-04-30,6557.96,payment,legit
fa48e0eb-8121-45e9-86d6-e3e141e63241,4bab160e,2024-01-24,4970.24,transfer,legit
7f27d9b8-7dce-47ee-b87e-273c2adc4e8f,fd2ce305,2024-04-23,320.64,payment,legit
6eb8030e-2879-4bcd-81f0-5a596c46361a,9daed687,2024-04-28,6123.11,payment,legit
e3cfef13-ed71-4db0-8900-35cbd96e40da,bfe368f3,2024-09-23,7161.74,payment,legit
893bc0e7-f29e-4fb2-af39-a92401220db4,ead9977c,2024-08-20,4167.49,payment,legit
2f5bae77-3c11-48ae-8404-d012b3e9e977,81a62dd7,2024-11-19,7572.96,payment,legit
d5601861-0d15-4343-bd4f-a2760957e56b,8fa762bc,2024-06-21,2270.01,payment,legit
f1c6e065-bf90-4aee-9f37-de124b1b405a,15ad0282,2024-02-13,2212.77,transfer,legit
d7aec1e6-b85a-48ca-b914-0452af08b3b1,cec7ac53,2024-09-17,1614.17,transfer,legit
15138214-abf7-4727-90e0-0992cec3b643,45cbb402,2024-10-04,3719.95,transfer,legit
a2678a0f-b435-495c-af8b-7ccd3d127072,4e9c6742,2024-07-23,8470.12,payment,legit
5e355471-814d-4e33-b690-b057ea4005ae,30a9782d,2024-10-08,8279.12,payment,legit
6296a039-b166-41ee-8cd5-72241395b6b8,de5ebf2c,2024-06-29,3828.24,payment,legit
57d556a7-bb5f-4038-80f8-8af73175aeef,39f82d90,2024-07-09,5891.19,payment,legit
b8281542-9c0f-4a95-980d-efe98b990be8,f5fe1394,2024-06-05,7208.16,payment,legit
8a8be7e8-2c18-4965-894c-f2926f62c60e,53800aa1,2024-01-10,2412.07,withdrawal,legit
e5e1176f-69e7-438e-86ba-752bff9fc2a3,58e22f3a,2024-02-09,1681.41,payment,legit
f10c82f4-0f7d-492c-8bae-6857cf3fbaf4,ec4c8a8c,2024-01-12,9720.96,withdrawal,legit
73c9d2ff-1dc2-470e-bf40-24c77e5fcc4e,13982410,2024-08-20,6175.57,payment,legit
02d732bc-8732-4f1f-a2a3-fb2c26269bcd,cd369d58,2024-04-24,9814.16,payment,legit
ec290d16-3a93-42ec-92dc-a9efd9e4c8a9,c6a9edd6,2024-07-04,3377.56,payment,legit
92567e5d-fe9b-47a8-bfd9-dcaff1bb5eb5,dfefee19,2024-11-27,7030.32,payment,legit
22b1d820-a7a8-4519-ab17-3c05d6dcc807,a7c6a944,2024-03-31,2226.04,payment,legit
80eb9352-6578-418f-8ca7-8b9a95ca0046,ea350b19,2024-05-29,2612.0,withdrawal,legit
91f675ee-bbb9-45c5-8531-71ad7e00658b,934f1d47,2024-10-02,5119.02,transfer,legit
01e72b51-6253-4f5b-80ab-11604226991f,ad6cf90f,2024-03-24,3196.18,payment,legit
d1ee507a-5ece-490a-9f1d-deb489be8b6d,898868de,2024-01-29,1676.22,payment,legit
eddb8e76-a0c7-4608-9636-63238c69ff65,9f5c09ad,2024-04-15,2628.81,withdrawal,legit
2b2f7ba6-142a-4e83-bf89-846853c667d8,ca116fbf,2024-02-28,357.48,transfer,legit
9c3f44ca-e516-4e38-91e4-04c5d77770c0,eb772723,2024-12-05,7044.24,payment,legit
351470e6-d385-4ff6-99d2-18926dee18e1,aa6d696e,2024-10-21,4921.17,transfer,legit
6eb5e7b8-8156-41bb-8fed-fabae69d5fd0,556599ba,2024-08-19,942.43,payment,legit
056dc915-3a3d-41b3-a018-8b951f5733b3,7ffe18ed,2024-11-14,1716.94,payment,legit
8dfbf562-03b2-4361-af8e-6b1eb1873ef1,5b5bb544,2024-10-20,1025.35,payment,legit
b9c044eb-734d-4c28-b154-bcc1ebcd956d,d7ab45cd,2024-03-09,6125.93,payment,legit
16701f21-cc7a-44f5-94e8-bc86408d3586,acae9d49,2024-11-21,942.1,payment,legit
a9ce625a-b232-4b90-9e3f-4f887d5f16f4,00b0eaca,2024-07-15,7542.82,payment,legit
1a51f86e-aa1b-4d22-822c-77c4f013c31a,3ed6b036,2024-10-21,205.11,payment,legit
c51a4a5c-b655-4bbc-ac9f-b9a74a0f231e,425a83df,2024-11-23,2493.76,withdrawal,legit
bfe43ed5-0508-4c6a-a79a-94f50a0614a9,70c049b4,2024-04-26,8906.67,withdrawal,legit
cedd4812-9fa0-42a8-8022-ef3ef93abd3d,af0a6a64,2024-02-10,7185.31,payment,legit
dbdbc1fe-e2fc-48d0-ba37-3d4eb2a97e8e,bcfa4c96,2024-03-24,729.68,payment,legit
02f0ade6-6aaa-42a6-ac1a-88e954faab94,0ccae0b8,2024-06-04,8211.26,payment,legit
a4d27a15-0865-4a1d-a8e1-56270307d382,270770d0,2024-10-25,4930.35,payment,legit
8dc454ac-22db-48cc-9da8-0307e0a5d9f1,2c85c73f,2024-11-10,8467.83,payment,legit
ab300cb9-51c8-4c2a-997d-e8bef38d5337,3621d6a5,2024-01-03,6007.4,payment,legit
9c4a713f-10f5-42ba-ba21-5438eb71e96e,817cd049,2024-07-05,6818.33,payment,legit
a8c29903-4835-4679-adc9-c06d482aa3ff,1313aa7b,2024-06-01,9935.02,payment,legit
3e36ad1a-af45-409c-86eb-d63b41979593,fb2d4a7d,2024-03-22,2323.36,payment,legit
4d12c329-ad61-4fb3-963f-f96271d71916,16829de9,2024-02-13,6239.46,transfer,legit
141dcb37-7a33-41b5-a52d-440ca6d3fedd,b621dd59,2024-05-03,4603.21,payment,legit
ffb0989a-02e6-4ded-b85d-e3a52c26daf4,88caa458,2024-12-10,394.52,payment,legit
d7a1e347-6952-44b5-b32b-548916f5832e,9f612e4a,2024-04-27,144.71,payment,legit
8c508f06-b93e-4262-90f7-5108fcf4e62d,1d2e3b55,2024-07-08,1192.29,payment,legit
e59eb15b-1830-449f-9974-807cd7773da5,34c98d24,2024-09-13,6490.92,payment,legit
e79a5c65-3290-4454-b39a-f3546eb2d65b,794b3373,2024-05-12,5671.63,transfer,legit
f075755a-c180-4d17-8cdf-20bf59a22a3e,38ce1988,2024-12-20,5534.3,payment,legit
dcd89138-b6a2-4884-bec7-dfb6beab7de3,9eea1b22,2024-12-17,318.57,transfer,legit
ffeba44c-aacf-41d9-92a3-7c3c46fcbc3d,5076767f,2024-04-01,4693.03,payment,legit
d561b334-4860-451e-a240-0ebce26aed25,a6d5b76c,2024-06-30,9246.23,payment,legit
aa862f2c-910b-4cab-8bf2-ea7f556656cc,d90078ca,2024-04-19,3975.92,payment,legit
384d1c40-10da-4f0b-89ef-b4bca5bbcad7,e7e62746,2024-04-13,6249.22,payment,legit
a798b6b3-8931-484b-8aea-60ccca792040,f96a9e0a,2024-01-14,7798.19,payment,legit
c68fa6af-f0c1-4156-bf92-b18dbbea8e1a,ae9f7c87,2024-08-10,7839.25,withdrawal,legit
ba637c15-4cbb-43d1-91c5-a726f624d326,852e86db,2024-07-02,5192.8,payment,legit
bae36f2e-1560-4289-b292-55e03989f33b,2520082b,2024-01-19,8579.52,payment,legit
6bf103fa-2cfd-43fb-9a38-0cbc2c429162,b5cf2c53,2024-04-11,3913.78,withdrawal,legit
8589cf9d-d07d-4844-b20f-a358d687ee39,d6487aa5,2024-11-27,8886.93,payment,legit
c25607ca-1a31-443f-ac03-56c5b68abec6,cfe343eb,2024-03-28,2402.27,payment,legit
276437c8-b801-442d-aeca-0134d4914720,8e8a32a8,2024-02-22,2802.16,payment,legit
60c364ee-328c-4dff-ba5c-271b4e5debf6,a524b89a,2024-06-27,531.21,payment,legit
0ce52cbf-5673-4d9d-a1eb-3e4d6b628fed,47f3e8f5,2024-12-25,7955.82,payment,legit
08b8d586-c5ae-455d-9167-766a73056376,58bad484,2024-03-29,4170.55,payment,legit
006972d2-f202-4408-85b8-0483dec72809,a1712dba,2024-09-02,2291.17,payment,legit
ea6eab3a-3d13-4b38-ae2e-dd3085ca68f7,c097f2a4,2024-10-04,2317.9,payment,legit
8a65f6c0-c9e4-4e5f-ab53-06888774d43d,930f441d,2024-03-27,9014.0,payment,legit
35dcef67-ed9e-43db-815e-1e6eefe88759,a7d20d66,2024-09-22,8339.17,payment,legit
742506a8-7f5e-4f54-805c-a6ab54ccf41e,761728c7,2024-05-14,5535.31,payment,legit
a2aea7c1-1a82-4ade-9806-d06b22423475,443e400d,2024-08-18,6161.11,withdrawal,legit
490820d1-02f9-4c47-b519-57920be8890f,a622f959,2024-08-19,4743.26,payment,legit
400d1861-8529-42e6-a5df-1e12de8fea19,dd3b673c,2024-07-14,3916.67,transfer,legit
45a6eaba-d3e8-4853-99c0-229e91d6c784,16f25c81,2024-02-02,9154.77,payment,legit
494089ca-a727-4f2a-811c-6c786997b061,5b1dd6c4,2024-10-31,1256.13,payment,legit
b08a0c25-54eb-4b50-a587-7d32c6e3b9de,2d84423a,2024-04-27,4184.47,payment,legit
285097c4-bd04-4b66-8346-feb411b0e278,608667fa,2024-03-09,3445.62,transfer,legit
ed12ec77-4d43-4847-8ae8-1123b41d5bef,1af342ab,2024-01-15,4981.51,payment,legit
b2745429-1ef3-4540-bbb3-860da9d5a9ff,8d4e41d5,2024-08-03,4576.32,transfer,legit
71ef5aa6-0ed0-4e17-9469-ac707efb1271,a15da177,2024-09-04,5188.9,withdrawal,legit
d30e017f-11a2-410a-852d-32860eb8341b,450b9db3,2024-01-07,1399.19,payment,legit
ccda7175-a939-4837-a1be-6f26c4989654,a9752780,2024-07-05,5131.42,payment,legit
d336ea98-8176-4f05-b95d-8cebbc0ea7be,61b798b7,2024-03-23,2424.19,payment,legit
e6a8321f-a043-457b-bb93-0a7bc54610e4,ac09b5c7,2024-08-23,1843.31,payment,legit
0c8f1d23-3260-426e-9c95-f9296e3f1f7d,bf72c738,2024-03-04,648.34,payment,legit
fb1210e0-ad6e-4d65-90de-efb84872a28c,0200ab53,2024-09-09,7626.53,withdrawal,legit
65b914df-a1ae-4e2b-aa65-b5e671663b6d,aec13e97,2024-05-21,4274.42,payment,legit
72dcac1f-c721-47fa-acbf-33d1a50204c8,8095dfae,2024-12-07,6266.44,payment,legit
dee80e92-02f9-4b61-bae5-dcefcdff5d91,ee45e844,2024-02-20,7275.93,payment,legit
43cdf488-3d07-4a01-92b3-849b8967186e,47a98470,2024-05-04,6793.17,withdrawal,legit
87d76d11-a8bc-4512-a19b-af186ec30160,6a515eb3,2024-02-11,4705.01,payment,legit
50010507-f3cb-42ec-85b2-bd48de7c9e5e,3fe9b4ae,2024-12-03,3878.99,withdrawal,legit
e19ba145-cebf-49dc-8fc1-efab97c7eddf,2297887d,2024-11-16,3759.6,withdrawal,legit
85b288c4-414e-425f-bbf1-a70050ebea50,176c1a09,2024-04-04,6400.49,payment,legit
13fc959c-2a60-4c3d-9d41-9b65826c6e1d,90ba62a5,2024-08-28,4947.94,payment,legit
7c1d6f56-081d-4d5b-bf1f-c078c0a2fca6,72b153e5,2024-10-25,8491.32,payment,legit
c3892b4c-6e39-4286-96e5-8688dbf10bde,fb114c3f,2024-07-21,8747.02,payment,legit
003f3288-8aff-4edf-882e-1178dbb29e23,34abdd87,2024-07-12,1705.6,transfer,legit
b477fce7-96ea-4d14-9d26-5f8db4b54165,7a7676d2,2024-03-29,1362.34,payment,legit
33d5d4c7-20c2-418a-bc84-84de5ad337d2,88974e4b,2024-02-03,6304.01,payment,legit
5f2e1e16-39ca-47d2-9f49-83d5365354dd,49b0e276,2024-11-23,3012.26,payment,legit
608ddc3e-eba7-4428-bf7b-f4778c5c53b1,9986a7da,2024-11-24,185.71,payment,legit
d8d59653-5812-436a-b26f-1bb39fd393b8,1123c58e,2024-08-19,8886.43,payment,legit
1fe816e0-0c4f-49bb-8604-d74def0733e2,e56b6506,2024-05-03,2269.01,payment,legit
da4df52a-fe29-440b-b401-6232f7a314f8,3c1491df,2024-05-07,9292.81,transfer,legit
f66ad1b5-864a-493f-8dc7-8be4974007e5,b54573d0,2024-09-21,7174.34,payment,legit
10c1ac6e-0dd9-4b55-acb0-637a214972e3,dc203b04,2024-11-23,7626.53,payment,legit
6e722f08-4d00-4300-a966-1a3c3469b256,93cf220c,2024-11-19,2014.61,transfer,legit
f45953b9-ef45-490c-9c82-f214c6a3bfad,a00e5424,2024-10-11,2341.94,withdrawal,legit
a16f882e-0f4c-4abf-a2da-72c9ac010aaa,8034c764,2024-08-22,5212.68,payment,legit
4e94ea34-74d7-462e-b8fa-b04daef47c72,e673a12a,2024-01-31,1721.0,payment,legit
b314c398-4317-4e1b-b5da-b17189772f2e,f553ce90,2024-02-28,3054.32,payment,legit
5de0e63e-1d02-40ef-961e-f2a297abcdfa,710a44b6,2024-11-23,3214.62,payment,legit
91dec9f6-3254-4392-80e4-651102556c36,a721bb8f,2024-08-09,1596.3,withdrawal,legit
96a7fafb-f8e7-4004-893d-1f39575968ee,cfd21e5b,2024-01-04,2051.83,payment,legit
d92ff02d-6377-41e8-87f7-9c9c4b1c4593,e9099238,2024-02-07,7885.52,transfer,legit
f9a87f30-0fa0-4e57-aad4-f4b0240f4ba9,2b34f0ec,2024-08-30,1671.96,payment,legit
505b42db-4878-4206-a8ee-4e519a3f9a04,ebd67c68,2024-01-02,284.57,payment,legit
2c457245-53c1-40e9-9c2f-54c2b2bacbbe,76fa43e4,2024-02-28,6293.55,payment,legit
6ab861c4-6c32-4b33-9e55-56569635344c,632bf04e,2024-07-19,9759.83,payment,legit
7407a388-fad1-41ca-b414-52af3918ed43,8ee63623,2024-09-09,3312.14,payment,legit
42397b4b-08ac-4b7e-acfd-36ea6b3f1623,9672bcda,2024-08-25,1186.56,payment,legit
5310bb67-3fd6-4a92-b4c3-24574caf1b22,68c77e11,2024-03-22,5703.87,payment,legit
e86cc258-4794-45e9-b747-a43f6fa8da23,cd77ea0d,2024-09-16,9063.54,transfer,legit
130ea0d1-f811-4108-b024-0f67e69baf9a,28f5b5b7,2024-03-27,7840.62,payment,legit
d3bd6847-beba-48e0-ac2c-b0ee1c9cb6d6,820b7873,2024-04-28,6225.16,transfer,legit
1d4d8cfd-7b56-42ae-ac2a-9c6cdef06e85,f1d87b16,2024-09-29,3150.56,payment,legit
5ddba873-bc05-40d8-b913-49c72cb536bb,8cb33b34,2024-08-25,5418.8,transfer,legit
68005ae4-b913-4959-a756-e4b3d9c83f19,ae7f6875,2024-11-05,912.45,withdrawal,legit
e7a1d972-ca0c-4e3a-92a0-4267de6fa742,afd06eb5,2024-08-28,6789.45,payment,legit
af0246a2-1855-48ff-8b69-6595ed9ed2b9,85d3238d,2024-07-26,7250.96,withdrawal,legit
2d7b42c1-2921-4bf8-844c-fa0a3e0a3e19,eb97000d,2024-02-04,9650.32,payment,legit
6b301575-a9ab-4733-9aa5-863275514b95,7d637b4b,2024-05-14,2603.97,transfer,legit
f3be1927-3a01-4f01-a2f6-0ff0a35ad4b1,0fc97fd6,2024-04-06,184.56,payment,legit
745a525f-3cf6-4c6b-bef2-5496c946e23b,fea37bca,2024-03-30,5456.08,payment,legit
93993023-0e39-4054-8bae-089b644b050c,ba8993e1,2024-12-21,7067.91,payment,legit
5272a09d-4696-4b0e-b1f7-77cf230e5af2,85ad003e,2024-05-23,7904.07,payment,legit
3839f0b5-2ced-4b42-96d0-cc002292edd0,80882533,2024-11-21,1937.39,payment,legit
17dc0b3a-a976-4e35-b490-69aed40d4a0b,57979cef,2024-08-18,2617.53,withdrawal,legit
968df64a-ab1e-44fe-89ee-9296c21068a6,c2698363,2024-10-17,5125.91,transfer,legit
aa32168a-d32b-4288-97ca-e8faa93fa081,94620140,2024-07-02,3306.01,payment,legit
a0ff7326-28ef-4f70-a806-208355065f63,e53d255c,2024-07-29,8605.11,transfer,legit
279c93da-179f-4f0a-9e63-f1fb02955b8a,f1a5676a,2024-06-28,4737.6,transfer,legit
837d7011-4d1b-4bd3-ad28-60e85f560934,ea7ae580,2024-03-12,7995.79,payment,legit
a9a0b536-05d5-4aaa-9558-2bdc8b707440,71bd3264,2024-09-20,5806.2,payment,legit
c851efbd-4399-4ca2-b1c5-4cedc714ddf6,99902be1,2024-04-12,7730.9,payment,legit
7297cc76-db71-4a8f-9e43-60fa374569c2,d0c00c54,2024-01-09,3326.73,withdrawal,legit
d58c457b-c7f1-486e-a811-ae0b4f631f96,85cf03db,2024-08-23,8314.17,transfer,legit
09cc4153-c082-435c-9e01-32185416e14b,3df5ba53,2024-03-05,2745.72,payment,legit
f502c230-ea94-4b0a-a0fb-49247a0373ce,ce7a3d66,2024-12-09,5460.99,payment,legit
9fba196e-bb26-4e66-a19a-7e17dcc5718b,cdb191e4,2024-12-14,2140.07,transfer,legit
7cf89da3-2e06-48ed-be93-000c5e306955,176688eb,2024-11-29,4755.27,withdrawal,legit
542dbf9c-2acc-4ec4-bb2b-a98ef36f7d59,8e39788f,2024-05-15,3181.75,transfer,legit
087249cf-be0f-4af9-925d-ab1a145ec4b9,043ad783,2024-01-06,2667.03,payment,legit
aa555610-f1a5-4e45-a401-88eb61de137a,40fa26b7,2024-12-04,9669.85,payment,legit
fbfac2a4-b886-44f2-b284-17ce8791e4cd,39552872,2024-06-05,1600.74,payment,legit
a7283947-5a52-41e3-b11b-7e96ffc6c928,e41fd4bb,2024-12-18,7873.26,payment,legit
5bf86b50-3454-484b-ad2d-ed14f9e1ca79,b77217c3,2024-12-17,9841.65,transfer,legit
a7ee5200-036d-44e9-a0bf-824c0156690d,0f524382,2024-11-07,199.01,payment,legit
0f8cdf11-0ab4-40a6-a79f-9e9b5d2885a7,8e9e1478,2024-04-17,6990.27,transfer,legit
8d260ea5-6c2a-4f5b-ac55-e0f291d7b14e,feb837c6,2024-05-20,2529.12,payment,legit
16119232-6bf2-4dca-8bcc-487a699751f7,a9647898,2024-11-06,404.88,transfer,legit
ee38acd7-bea9-435b-903d-6b0a0abbdc65,f402e16c,2024-04-25,4028.9,payment,legit
a83cc97c-310e-492b-be36-236e77aa794b,3ac49ac1,2024-03-02,9352.18,payment,legit
49e8897c-2479-40b2-a090-adf679fe782b,aabb27f1,2024-07-22,117.65,payment,legit
27c2a595-4cf9-4dee-babc-2f928b59a898,607d105e,2024-12-07,5878.86,payment,legit
21dee2e9-39de-4bfd-a27d-8ef46f175f1e,caa2d723,2024-09-11,5013.96,withdrawal,legit
5e4ba1ab-69d4-4a49-8a51-51359b6c2612,e1532f7e,2024-07-27,8733.84,payment,legit
0a957e24-591d-4655-ad86-e5d039416904,c1fbcc60,2024-02-05,840.02,payment,legit
2b84f132-ec69-4242-acea-78b82aefbc66,1e1cf1ad,2024-08-12,6815.26,transfer,legit
f4c63f0c-9288-4f13-ac96-a82bddbdc46f,ab902763,2024-12-27,6801.1,withdrawal,legit
b53ab078-1f4d-49da-9b43-b31ae5170629,d0191e9c,2024-02-21,6690.8,payment,legit
f0122a93-e3f4-4d90-983d-868a465509a8,0b134d9e,2024-07-08,9423.34,withdrawal,legit
19af4b38-c3ff-43f8-a1f3-65f78efb49fa,13f9992b,2024-11-16,8230.88,payment,legit
472f70b7-1ab1-4259-84f8-52a8fb47fa15,382a9c09,2024-09-27,419.73,payment,legit
381dc03e-ee1d-4b88-bd4e-ff60c6245f49,3cef3e34,2024-09-11,4710.83,payment,legit
732714e0-179c-45db-88b5-c43258d83b2f,54aa7fb9,2024-09-13,3979.53,payment,legit
44074de2-d372-457d-a106-db11394eb058,e7d543ef,2024-05-11,3101.47,payment,legit
08516c79-e0c1-4e62-b68d-71a084240dfb,69ddb0dc,2024-04-17,4513.37,payment,legit
a5dc7e33-6465-4105-bbd2-57588a80f803,64556266,2024-10-22,3841.94,payment,legit
58adc619-ffaa-4631-866b-4015bd61f587,527f6440,2024-10-22,4323.34,transfer,legit
b4edcc7d-02cc-462e-aeef-c488c14c2e42,ca7933f6,2024-11-12,9792.62,payment,legit
4ead2d23-ec2b-4896-b924-59a45ae7fd55,3604022f,2024-11-29,886.33,withdrawal,legit
2cefe1ed-143d-4745-8ddd-90c4e1811fdb,127a8f80,2024-07-05,9222.31,transfer,legit
745e640d-26ea-4ab3-889b-bcc433c50acc,8def645c,2024-07-02,4802.37,payment,fraud
e50accbd-0973-4631-b55a-0776f1705552,ec5791cd,2024-10-18,6237.42,payment,legit
05f303e8-407c-431a-9a02-dbc0f0c73336,121ed2e8,2024-08-25,8301.83,payment,legit
f1e42347-b0ed-476e-acc1-01d219353175,af8c407d,2024-09-13,3604.63,transfer,legit
0e15a3b3-9453-4070-a345-d402bcd1b6fb,a0d9799b,2024-10-17,4304.22,payment,legit
11b672eb-3451-4f31-a791-feecb0d64995,02ebc755,2024-11-20,4095.18,payment,legit
32bc9796-8d6a-46fe-8f46-2460cc128bbc,3fc597ff,2024-05-03,3747.31,withdrawal,legit
ffb97660-4574-42af-b3b1-3dc2245c1310,ea436e0d,2024-05-17,9255.29,payment,legit
1a66316c-d865-480e-8dcf-6cdc79961ae9,d186846a,2024-02-04,8289.3,payment,legit
b337e000-0589-4648-9cb1-a5ed1f3df15e,267244b1,2024-07-30,1090.0,payment,legit
1bcd4134-d80d-4cac-b874-7e4bceb05250,e0fa3e4b,2024-01-14,1081.23,withdrawal,legit
3d30e9e9-f933-4b69-b83f-f23de64a68cc,05052381,2024-06-18,4278.7,withdrawal,legit
30606fdf-ed43-48a1-bcae-fe89bc0641fa,5405fa83,2024-07-17,986.57,payment,legit
5118af5f-f662-40f8-b594-c1375bd6fd8a,2cecd56a,2024-04-14,6190.93,payment,legit
5a13b1cc-972f-4b1e-8f1e-78c6f24aa15f,93783b43,2024-08-03,1436.92,transfer,legit
cfb696bb-fab3-46b9-a459-a740ebd3aa31,142dde6e,2024-01-12,5223.73,transfer,legit
9b2cd7fa-6005-4afe-b7be-51baac06c509,e868de1b,2024-01-14,72.2,transfer,legit
593f818e-6ef2-420a-a67c-8a1db001ee84,ca4a21e2,2024-10-27,3165.96,payment,legit
484b95d8-f510-4724-a21d-ce8b032f1a03,63e0ebc9,2024-05-11,6771.91,withdrawal,legit
f84d80cc-c78e-41b3-9f04-6b17c749e51b,09daa5b1,2024-02-16,4840.39,payment,legit
fe4380a9-615f-404d-844b-03fc34b67bda,1c9eab6d,2024-07-09,9782.69,payment,fraud
8bbf4692-8f6c-47d4-b836-1a3e350f7b07,b9c18671,2024-10-08,8741.04,transfer,legit
ad74c54f-0457-4f60-9d11-478dc4929f6f,f7746ee6,2024-03-19,3590.71,payment,legit
91a4b419-c851-4169-831f-a38e0d60bc52,b473c5fb,2024-08-15,454.87,withdrawal,legit
ac7a7278-afb7-4d3b-b7a8-2589a3fdba90,ffeeefde,2024-02-01,8456.26,payment,legit
4f3540ac-6236-488b-afb1-a3e3f0bb3e9f,2f4d949d,2024-01-19,9112.34,transfer,legit
220ea283-2747-4c86-b2b6-68a2d8357fd9,f8935f83,2024-07-12,8206.27,payment,legit
376a6876-df9f-43eb-a82d-5197722e9f71,36952d99,2024-07-16,1279.5,payment,legit
3f0c9749-b43a-4cfc-a038-e40b4cf4c72b,aeceeb56,2024-08-20,9979.15,payment,legit
6d7f2172-28fc-4886-8176-78ce62d020cd,7ce1310d,2024-09-22,2585.84,payment,legit
c3199879-dfaf-4da6-b9d6-5c78f46895a8,9c1bc4f5,2024-12-22,7242.05,transfer,legit
4e56a2e0-6e94-4327-8892-82277dc295b8,81881384,2024-07-07,9080.35,payment,legit
e9f23ce8-6c5e-4de2-a4f0-ed6c5be6b084,89fd117d,2024-04-27,2356.87,payment,fraud
91cd77dc-21d6-4f63-8f6d-b7912dca14a9,20f04e46,2024-10-17,9082.59,payment,legit
de49defd-85dd-4645-8d81-c35ba0dc794d,c852bb8f,2024-04-08,3094.82,transfer,legit
b8cfbc98-4df7-489c-ac60-fcf18b3230dc,966ef0f4,2024-06-09,9764.13,payment,legit
e740d8c9-1972-4e14-bfc1-9754218a27cd,9673d0ba,2024-01-29,2812.6,payment,legit
6652169d-cae4-4348-aa07-a2179c73263c,23e3069b,2024-01-10,9534.36,payment,legit
940a494a-8cdd-47d3-be96-5c2e5b96a2f7,2b0eac5b,2024-12-17,535.45,withdrawal,legit
ed3b6953-fe0c-42c4-874a-7b9f02076943,29f90d38,2024-11-01,7092.72,payment,legit
96521dcf-a1be-4b34-869b-4e90a9ab35a0,f80225e5,2024-09-11,5321.11,payment,legit
95564952-8d56-4944-8926-64a3d3061a9d,9f439e14,2024-05-29,4778.77,transfer,legit
979b434c-af3c-4ab0-9457-d1dab39b8747,91499653,2024-03-04,2234.94,payment,legit
6c39f6eb-c82f-4882-81bf-6e4ddd19a963,0d499949,2024-02-27,7055.96,payment,legit
a2d57824-eae5-4d66-a8bd-c97ac2db74e4,9124841f,2024-04-01,1908.09,withdrawal,legit
6d0d2749-5afb-464a-8949-c05339645660,54aec6ac,2024-07-19,5528.42,payment,legit
0e7d0eae-7ade-47a5-b37b-d424ff842d8e,79265908,2024-09-17,2532.45,payment,legit
7bc2e1c3-0651-44d9-87f0-be9acd4b1caf,ccaaaa4e,2024-08-28,9556.21,payment,legit
dd2eba7f-8943-4ce1-9456-6f0ebd894623,51096f15,2024-04-12,286.31,withdrawal,legit
fd5054de-e620-4421-b99d-25343eac1fe6,89718b86,2024-12-14,1997.28,payment,legit
a5b3b36b-ce23-4922-ab48-275a72676715,833a52c2,2024-09-26,2423.11,payment,legit
6ae61888-7024-4068-bcb0-98a0a204308d,c4b11716,2024-07-21,4140.68,payment,legit
f803e288-b5da-434f-bd86-6f59d5df2926,8c6aee98,2024-08-11,2327.3,transfer,fraud
7bef6d8c-0f37-48f8-a514-209156902730,8760fcdd,2024-06-02,4913.49,payment,legit
fa327d71-5cd3-47b5-a789-aa8228096f83,16179a06,2024-03-31,8724.66,payment,legit
405e932b-4849-4ad8-85e2-cbdc954e1df8,280068b5,2024-05-09,7120.63,payment,legit
7aa6f5ea-1393-419b-9f17-a04acbcbe422,73215600,2024-10-03,5799.62,payment,legit
e4b0e60f-fe71-4ee3-9e59-c629c4c82ea3,bd163c0f,2024-01-06,890.03,transfer,legit
1eb14c23-3588-49f7-99c8-621e39a28fe9,9266bd62,2024-02-12,6939.92,payment,legit
c9d231da-8c7d-4a61-95e8-80ce16148513,089781d4,2024-01-17,1664.14,transfer,legit
646cbf6a-ac87-4de4-b7fc-abe846a4f9d3,d72131c4,2024-01-15,7863.67,payment,legit
30f42aaf-a272-4969-a6c9-dae3e55d0b85,dce1edac,2024-11-08,2500.57,transfer,legit
caa8cd5b-d85e-488b-a163-1af48cced966,46975fc7,2024-09-13,4170.49,payment,legit
fc2e714c-78cd-41e3-b949-d7407c0b883e,620b5ce0,2024-06-22,3504.7,payment,legit
890c6eb6-d20d-4d8b-9509-362c9e593f77,97b81dc2,2024-02-05,8588.14,withdrawal,legit
4742b253-89fd-4e66-8d40-dfe9ddd64438,d2049221,2024-06-28,1265.44,withdrawal,legit
ea946936-3276-42dd-9252-a632e5a1126f,1aad470a,2024-06-21,5656.45,payment,legit
4e626b96-3bae-436a-aa26-cea80cbe47e9,942ed161,2024-03-04,1420.62,payment,legit
12682e0b-eda7-4cff-89a4-465c2972fc0e,873fd9ef,2024-06-07,7047.96,payment,legit
2f7e96c5-b7a4-431b-b152-dfdfcda93fac,90de7c02,2024-05-25,9050.78,withdrawal,legit
49ffb9ae-8064-4a45-bbb6-a1752bc83a77,fa79fea5,2024-08-12,4346.08,payment,legit
3567dc32-0166-4c43-a3c7-e96e33036f49,e3a90105,2024-08-19,4880.92,payment,legit
f0421070-b9f7-4461-9818-7f669d187866,d5317bec,2024-01-17,9274.23,payment,legit
475b151f-9380-4aa0-b722-596d520fccc2,c343389f,2024-05-16,5209.91,withdrawal,legit
84d9c7d6-e8ab-4c96-a55f-cda73a5ba6fa,97dc7eb1,2024-08-16,4875.98,payment,legit
1afe6c75-962d-4c24-99e9-5cff7394bce3,799972e0,2024-07-02,5783.29,payment,legit
58fc2de2-e179-488f-a2f9-a2e2d3a25d35,7d295b88,2024-11-08,6892.3,payment,legit
44c85b13-f250-49bf-8574-6f632261a69a,5709a6e5,2024-08-28,1068.83,payment,legit
4a9cbbb1-ef39-44cc-a8da-ab86f369a9ac,70a5b02c,2024-02-29,8211.11,payment,legit
0d5414c5-51ed-4a51-8712-c95fd159f40b,d88b9c63,2024-01-26,4355.05,withdrawal,legit
99a09059-ab50-4814-bc98-8175a48fccdb,435920c6,2024-08-22,723.49,withdrawal,fraud
2a2b44a6-71da-4051-b660-b5082f21b58e,f65ec254,2024-01-10,7861.83,payment,legit
3a3c53b9-0b33-4dc8-a4e0-edee74c1b139,41452e9a,2024-08-01,3769.5,transfer,legit
a5741493-5419-4b12-9bbf-97e8d28152ec,41039d03,2024-12-09,1003.67,payment,legit
65e4a1a1-b6dd-4671-96ef-266457e29849,82fdf10c,2024-07-29,6337.79,payment,legit
e7e7aa16-c99c-40fe-9b94-b58f939e4f7d,51e9b6cb,2024-05-21,8801.31,withdrawal,legit
cc97fa3c-60e3-4f59-a4c4-1f25ac35c616,4362ba92,2024-08-22,8877.54,payment,legit
eaaa4888-f16e-47cc-b9fe-2c5b10d24eb4,210f9eb1,2024-06-16,9576.63,payment,legit
ef3974e3-b814-4347-a92b-4f615ad30731,e4e92a19,2024-07-18,8677.05,withdrawal,legit
832a4b59-fa97-4654-a9dc-f02599525d14,49cca5d6,2024-12-09,21.41,payment,legit
cb5401a9-87bf-4209-8c2e-10376570f62b,211ba3d8,2024-05-20,3802.41,transfer,legit
69736fcd-ac95-4bad-9f33-f8be7f959958,1ba5c21d,2024-12-16,8185.43,withdrawal,legit
6c4c7592-634d-4358-85f3-dab4b194ab92,196c8807,2024-11-26,3662.53,payment,legit
55b0f57c-bf53-45b9-aee5-1a311f9e49c1,740fdf4b,2024-03-12,6015.49,payment,legit
3b78efe7-fda6-4076-a0e4-77a0136e6ac6,0066bc28,2024-01-26,6063.17,payment,legit
2c77303f-6f48-42e9-b370-dd32883eab14,b76a94cb,2024-02-06,3650.25,payment,legit
fdab9569-da02-47d9-bc3f-3a7aadb74d4b,b9add27e,2024-01-07,9044.74,payment,legit
8c23e055-5df6-47b0-8210-6c0b48427070,f0333951,2024-02-04,5032.28,transfer,legit
b6f6ba61-164e-47e1-85eb-006fb7550e56,899a2acb,2024-09-06,4647.84,payment,legit
fbdd760f-78b3-45ba-b074-1141a6e66f6a,b4618478,2024-01-26,9975.14,payment,legit
c608ce26-9597-4c87-b8f0-29d2fea14ec7,ba31b0a1,2024-04-26,4935.0,payment,legit
2b3ea40f-938b-4658-b231-12c8ab714c1a,cee88fe3,2024-11-04,1783.98,payment,legit
0df4f2d4-6516-462b-8c60-4ec2e1ed94be,c5f247be,2024-01-09,5130.69,withdrawal,legit
92e07b4f-091e-4c3e-8884-a87c68c1454c,46f25d78,2024-10-24,8140.17,payment,legit
18046a64-b089-408f-b423-46b3c0165841,b14d4dd9,2024-04-12,7768.6,transfer,legit
2f62f2f6-1b5a-4967-8bed-7e42819a883d,9c50b77f,2024-02-13,7885.82,payment,legit
569d52f1-e4d9-444a-933a-68dc51e65c16,edb0fe85,2024-09-11,7080.24,payment,legit
af956e9d-e6d2-4243-b6fb-d4530fca3a50,8b71c6b8,2024-08-17,2542.18,payment,legit
bb6c34f0-5b3f-4cdf-abc7-935efdaa855c,0a68f383,2024-11-16,8620.84,payment,fraud
c2346418-62d0-4cf8-a843-d16e182324da,469208f5,2024-09-25,8934.43,payment,legit
ceeb14a6-4258-4b59-8628-0f32c8508ffd,25e8aa4e,2024-10-20,1941.53,payment,legit
59cf6b0a-61ea-4e0d-aad9-5457ff019f30,17ab79ec,2024-04-12,1304.56,withdrawal,legit
96d56bb4-ca72-4bb9-a53d-a8c906321078,62af24d7,2024-03-05,9756.05,payment,legit
15fd5c73-0911-48e7-8bfa-f616a6bc4587,5aa919bf,2024-09-30,8683.24,withdrawal,legit
da318304-6acf-4a72-b0a7-a009ce276428,8046d1df,2024-10-21,8932.36,payment,legit
3f4896d9-4063-4f04-80eb-73580ba9edc4,322d1399,2024-12-27,8863.76,payment,legit
f43185c4-2372-445a-9e60-7aefe64e94f8,79e45e53,2024-05-30,5416.87,payment,legit
42612999-ca9b-4faf-8ccf-6d7a4261ae43,edc5bed1,2024-05-15,6464.02,payment,legit
5571b590-42f5-49fc-b13a-246c809c27a0,aef925cb,2024-10-10,5453.63,withdrawal,legit
32e89acc-951d-4f2e-a941-caf3a895156c,0def03e9,2024-05-04,512.06,payment,legit
7f25a246-a089-48b3-9be4-67d153ee7c50,fb245a78,2024-12-05,7455.03,payment,legit
b0d1fcde-7ee2-47ad-b30c-c0724f0a99e2,102d753a,2024-11-09,5053.32,payment,legit
25c7b2d2-64b6-4c80-a23c-5904d12f4a04,1eb26c16,2024-06-05,6477.09,payment,legit
0d79d389-961c-45d9-a5fc-b03d397485a3,01f598d5,2024-10-01,5026.4,transfer,legit
7e35590e-08a0-47eb-80b1-b2489a575476,c9f20cfb,2024-10-02,4918.11,payment,legit
1d4d4b14-cc64-470a-a84d-a1f2e02c5d2d,d1cd18d7,2024-02-07,1717.89,transfer,legit
b8d73be3-7ef3-4687-aa10-96fb0979eb44,f9b7c767,2024-11-25,2787.14,payment,legit
a54a1f56-7723-42ab-8517-b4ea8b550ffc,486bb736,2024-07-03,1588.53,withdrawal,legit
a96fcf3e-40fd-4ebe-ac4d-ce60328f2fb2,1484fff7,2024-10-28,1956.66,transfer,legit
3cc569ed-aff9-4066-9992-39a95f73dbcc,262c5c06,2024-04-26,9729.77,payment,legit
f54233f3-7c0f-4e89-8a48-5b85a9ee8d0b,bb3edb12,2024-11-22,1531.13,payment,legit
25cd4c1f-edf1-4391-a611-bc434161613c,400b0f2c,2024-05-22,2692.7,withdrawal,legit
111b0d08-37e7-4c41-9fd7-2328fc3130cc,f75bcf76,2024-01-04,5905.9,payment,legit
77d42403-7ef3-4947-8593-1cedcff85e07,e6e8af5c,2024-11-26,6101.79,transfer,legit
1684d3b8-a839-49ed-91ce-bb27d4ce886a,08503cea,2024-02-03,1539.74,payment,legit
e008e1d2-3a20-422c-b785-f5adeeb60a0e,df0a0efa,2024-04-26,7937.17,payment,legit
8e0b611c-9882-4c13-8732-64fc403c4be3,fdd291d5,2024-12-12,7852.03,transfer,legit
2237a61f-fbb3-4d6a-8444-cbb32f74052f,fc0867d9,2024-12-12,2373.18,payment,legit
ba28b80a-8dcb-40e3-9595-e2ef77f2246f,641f074f,2024-07-28,2886.66,payment,legit
7dba1bf8-2052-4cc8-a148-7711e5576121,cea987d8,2024-08-18,9379.88,payment,legit
30376447-befa-4dd1-a923-693cd00b8fb3,e28b4fe7,2024-06-12,8256.71,payment,legit
9462e558-2bfb-406e-a876-3ac0220d9bb2,a0bd5441,2024-04-17,6977.97,transfer,legit
87d0a99d-f82f-4b62-baee-69994f35f680,790e4296,2024-04-29,822.33,withdrawal,legit
03f629dd-70e7-4de6-8abc-c66792bff6df,f74e4171,2024-09-02,4182.64,withdrawal,legit
f7e8002d-0b33-4f4d-b0b8-a3e9e2e29a1b,37747967,2024-10-01,5593.02,payment,legit
e7a6ad04-bd72-4fb5-8fdd-4ffb6dcf6c5f,bd2e1125,2024-10-15,1874.11,payment,legit
5408d822-076c-4049-81bf-3bf8e9a2dc1d,c9a1ae31,2024-10-15,4482.27,transfer,legit
1e6224ab-0397-4f9b-9ab0-da12a6219a2a,67a7847e,2024-02-03,6010.26,payment,legit
b143d62b-ab9c-4e02-bea0-497bd483a9cd,4d070285,2024-06-29,3273.77,payment,legit
54986f47-6a86-4f09-85de-49b67bcdff5c,29e40330,2024-01-22,7809.45,withdrawal,legit
0670023a-7288-43ea-ae89-aebd14500980,cb88bd82,2024-07-19,8404.5,payment,legit
fa02a392-499a-4038-bcb4-ebb3c3e3689d,a1a56147,2024-06-10,3236.09,payment,legit
8716f30e-762b-48b7-bb23-55d72d673948,c42e48b6,2024-11-20,8386.57,payment,legit
46d29dd9-028c-429b-8c0c-e88d2f08d39c,8c113784,2024-05-08,1035.77,payment,legit
42b002cb-0f87-4ab6-a413-4fd969dc6fc5,3b7f634a,2024-02-12,8377.29,payment,legit
3fed5121-620a-4fb8-a2c1-7dceeda0ca00,e8863973,2024-02-22,1527.5,withdrawal,legit
410be312-82fd-4352-9e17-42f735adaa77,aa99492d,2024-10-04,829.27,payment,legit
93b30b03-9fca-424b-a3b1-c33a3c950261,28358d09,2024-08-13,6417.75,payment,legit
2abf0129-b46e-47c8-9299-c23a744039ba,11048ab4,2024-02-06,4719.37,transfer,legit
a8ad17af-3255-497d-b14f-8fd06b58fee9,c5a3e5a6,2024-01-31,9078.91,payment,legit
43d9d706-d538-4cf2-879d-1d439db53333,e0d9ab4c,2024-09-12,3631.89,payment,legit
97396f29-4486-4207-978f-70589caa10c7,5d22b00c,2024-01-27,2871.52,payment,legit
7ab5391b-9d95-4549-9925-b79e2373c4ea,b57f9f6b,2024-10-26,5007.35,transfer,legit
56bbdab6-cc41-4a02-86b8-4d5d6dd4fe31,a743eecf,2024-09-14,4559.46,payment,legit
b98a4c59-a1c9-4030-ad06-985e57c48f98,7088569f,2024-01-30,3444.28,payment,legit
2ba2a9e7-4915-4cea-8e31-5ba43004f8e3,3b7eb1a0,2024-01-31,6937.41,payment,legit
84ce7be4-bb49-4c6f-9cc7-2bf6ca285463,d8bab63e,2024-12-26,7595.62,payment,legit
a83e3722-bad0-46af-ad8a-7a378b81c176,969b568a,2024-05-16,8529.84,payment,legit
8e31bc79-46e9-4e04-905a-489912e02604,7a1c11ae,2024-05-15,9728.57,payment,legit
d57a98ec-c811-4f92-990c-7bf44ef04104,2f47d594,2024-10-23,2666.56,payment,legit
358bc465-2757-48b8-9f3c-18b79167ab89,bc2f54dd,2024-12-11,7160.93,payment,fraud
c44b6a46-e7ed-4825-aad2-d6cf9195b86a,77ef21c4,2024-12-25,3942.58,payment,legit
76f82614-f450-4591-9752-467fe9afbb6a,1031747b,2024-10-01,6770.82,payment,legit
0249e9d4-ca67-4c46-9718-743612218f8c,13b222ff,2024-05-17,4759.82,payment,legit
9bc2e339-d27b-4277-837d-180414a5d229,171fec1f,2024-01-31,9937.73,withdrawal,legit
7fb39462-a674-4310-823f-ef8cb0a80ce2,a24c0847,2024-10-10,7289.02,withdrawal,legit
d6502d1e-d962-4e18-8f08-f8325ae3f05c,162920a7,2024-07-22,9524.91,withdrawal,legit
256b4b87-05e8-4e1f-afbb-fb5ba6524e08,e7c26d15,2024-06-03,8349.7,payment,legit
46112baf-9de1-4c61-8836-29c41dd1411e,a0e10ab7,2024-11-26,9029.01,payment,fraud
8c8c5da4-fe88-4853-8850-a92ac3fa1170,56cff4f1,2024-02-10,8144.19,payment,legit
a355975c-f4f2-414e-87fd-13d2d07a422d,363606bd,2024-06-28,4591.59,payment,legit
c1427c2d-5372-43ee-8939-65cadb5d8d62,e9e453f0,2024-01-05,2517.88,payment,legit
925795c6-f738-4401-83a2-fde836e5f0fb,d7af4cef,2024-06-20,3703.2,payment,legit
2d739ecc-8047-4df5-a2b4-4728fb978afb,ebf701e2,2024-01-21,202.36,payment,legit
2b708bd6-3739-49c1-a828-36323e989973,e5a4e3c9,2024-02-13,5239.93,payment,legit
8bd07126-ebeb-49c7-b51a-681167a9aab3,4410512e,2024-02-12,5050.58,payment,legit
dd990242-1630-4515-ae98-bdb6b2431342,612fa1e7,2024-08-24,5252.5,payment,legit
e0588515-3077-48b4-b49a-9366b8cc9649,771ae775,2024-09-29,9740.31,payment,legit
d3e47620-f983-4ad7-a93f-f1f82d3ba7ad,629a8f75,2024-07-31,9114.54,payment,legit
3003936c-5bac-4f48-9fc9-fd8b6195cbdc,b9b8ec2c,2024-12-17,1617.13,withdrawal,legit
42748b3d-5703-4eb1-be9b-064df968b567,17074a85,2024-05-16,3688.83,payment,legit
7e3f8f36-dc75-4843-be52-2e6796bac295,73b96824,2024-04-14,4239.56,payment,legit
20abe111-e54a-4b99-9af6-c9c51dd3cc11,84145ab0,2024-11-13,3605.33,withdrawal,legit
4fd3f25c-45ab-4cd2-a8f3-8a0a7023fa29,751ab4e3,2024-03-22,7984.96,payment,legit
c6171508-eea6-446a-b08e-56d4cbea4aad,71e9036c,2024-12-17,5240.38,payment,legit
4d02f4b5-a4f0-4158-9d97-8a164525b219,baad273f,2024-01-05,5721.0,payment,legit
a619eeee-5093-4bb5-af0a-5d465fc1e5a8,cebfd7ba,2024-12-20,8530.14,payment,legit
7cbadbf0-885e-46d1-a7d7-f9a42ff2cc47,82f8cfb5,2024-01-16,8059.28,payment,legit
53635f1a-b4ef-49f3-b2af-d1e12de54340,291eed94,2024-11-21,1322.12,payment,legit
cb5fdd56-a6ca-4fd4-a196-c01cbd189303,e5de4ce6,2024-07-11,7139.15,payment,legit
658d4f7f-28b7-4453-a852-d5cca639db21,6a033e9c,2024-12-28,4354.36,transfer,legit
f36f6b1e-afa6-4f93-a55d-34c2718fa606,56cf3a94,2024-01-27,2946.49,payment,legit
27507560-55da-4390-9864-55375e69d7d7,2d647599,2024-07-21,500.19,payment,legit
382aa675-16b0-4763-a33d-ab191e9080ff,a9fcf7d3,2024-12-19,4872.5,payment,legit
260ea958-81cf-4c13-9558-3154d9ec7d89,feae5cd7,2024-07-09,3554.37,payment,legit
31b4bcca-d59c-4238-8447-481bd98ca485,69ec443f,2024-08-17,2515.13,transfer,legit
d8ea7157-c51f-440f-838b-8b9d342d54e4,db1e0f4e,2024-09-10,6946.72,payment,legit
da245bcd-434d-4c03-97f1-efeeefc231ca,eb85ddd0,2024-06-14,7694.85,withdrawal,legit
787896d3-d829-4011-923b-2eeaaf62f7a4,81f95665,2024-08-17,2447.9,payment,legit
f367c977-7c3e-4f4a-bd28-361df24b59f0,e3912534,2024-08-01,494.47,transfer,legit
94793cfd-529b-4853-ae28-f6484c7bafbe,ef90063c,2024-11-24,8487.53,payment,legit
e400a49e-22de-4030-ac2c-f7fc986a5ee7,3d6bb88f,2024-01-17,99.6,payment,legit
fb8d2923-e0e8-4fad-a057-68056acaf027,d7538b71,2024-04-12,9371.12,transfer,legit
db12deaf-5df8-4304-b82c-d87ef38205bb,401ced90,2024-12-12,6276.2,transfer,legit
2e98f088-597c-451b-9425-db9fcb8ed328,e00f77e4,2024-11-20,3218.47,payment,legit
4550f9fe-f492-4997-b5a6-9c34330177ef,eb9f9a4d,2024-06-15,2464.78,withdrawal,legit
f6dcb094-cddf-4ae2-9c13-3954156ad240,26574b30,2024-08-14,90.06,payment,legit
38f13efd-ec28-4b32-b450-6dc6c6863c8f,75fb0dfb,2024-04-11,2354.71,payment,legit
bbd9d1f9-318b-4795-88df-08cbd5122376,89060f15,2024-03-09,1377.28,payment,legit
1a738043-6625-49f5-87e1-d9b7d81e5920,d5d7813b,2024-06-18,6121.66,transfer,legit
571abac3-6973-4f55-a9d8-0520e603bc25,e5da5255,2024-05-08,1665.46,withdrawal,legit
2b309924-1771-4980-a3ad-284f9c3d8996,99910e4c,2024-08-01,5286.3,payment,legit
5d1ca9b8-7eb6-49b9-a26b-de81e1d35015,68fbcbfc,2024-01-29,5901.16,payment,legit
16d6cdda-6fc4-4451-ad61-ac32dee8886f,093c8b28,2024-12-21,2980.42,payment,legit
e1570353-c068-47c0-8f1c-1dd890828e9c,704fd8f8,2024-12-25,350.65,payment,legit
a8fa7602-7430-4634-9316-2d69ebe22a7f,e620bdbb,2024-09-11,372.54,payment,legit
83c2856b-5edd-4a65-9d3e-93729fd3c146,baa87fa1,2024-07-14,263.47,payment,legit
b0dd6cd3-2c71-468e-a314-864b2bebae10,df541800,2024-04-22,7391.25,payment,legit
9f9787cd-b427-4b4f-97a7-86588c341067,3fe68627,2024-10-24,3180.1,payment,legit
8dafae58-bb80-4c8e-b0ad-0d4876a0a323,ba615cae,2024-09-06,7963.0,payment,legit
616e4a35-6ea8-4465-ab02-ab4fc3532d1a,63333f89,2024-02-29,4317.33,transfer,legit
dd3fd1b5-c61f-46a6-aacc-6559d185a3fc,cc63a180,2024-11-28,4529.98,payment,legit
3c86cae1-8499-472e-845b-985cbc3e185d,f9761922,2024-10-27,5128.83,payment,legit
aae3f01d-aa26-408e-b6f8-696d8da5b906,c9afb042,2024-12-12,7130.31,payment,legit
41602434-3c34-4238-8eb7-1233cab26e87,a4a85d7b,2024-09-21,2735.03,payment,legit
98c18a0c-8240-43a1-9fd6-2ad9439e96ff,b76be219,2024-08-11,1215.87,payment,legit
87b18b97-ef1d-48fb-a4b1-eab74a78a303,36cadba6,2024-06-01,5560.57,payment,legit
72887a92-2005-4d23-a522-3411ccd1f128,591ccc31,2024-12-06,3269.78,withdrawal,legit
b9414ceb-aa17-428a-a6fa-07ea916241c1,d6eeaad3,2024-11-12,4424.91,payment,legit
eb361dc9-8399-4492-a636-2ce49f49a634,278b7efe,2024-01-17,6469.47,payment,legit
6626faaf-9242-480e-b377-4a33c43d33d5,df38cb91,2024-01-10,4941.26,payment,legit
bfe5b906-d6e3-446f-8d69-5acc8f074cb7,0e28a26d,2024-05-17,6202.79,payment,legit
bc23d532-7772-47c7-a234-8132d0f3f7b4,377d2638,2024-10-22,5442.0,withdrawal,legit
1d7d071c-4c54-426f-8664-01ccfc23c5aa,809cdf45,2024-12-26,7397.96,withdrawal,legit
bfcc8180-4e6a-4944-8966-63d03adae113,40d1bc1e,2024-02-24,7059.37,payment,legit
1764d9d8-4ed4-452d-be74-ff842f40126f,5333ddc3,2024-08-04,5341.9,payment,legit
78a50830-4909-482e-8c20-11d2e1553625,04bf8d1a,2024-05-19,6789.03,transfer,legit
8d0907fe-f3ef-4da6-8b8e-c2e34ce39087,90be680e,2024-12-20,8735.6,payment,legit
8865c1ea-a59f-415c-970a-a31b9ee7c06f,3750aed8,2024-11-03,4322.71,transfer,legit
d2b62148-2f87-407d-aa23-3b34d8d334dc,cb485cbe,2024-11-01,4127.63,transfer,legit
14c92c1e-8a7a-4364-89aa-191c607fe63a,b00b9b42,2024-06-20,7642.46,payment,legit
59d768c6-d1f3-4d93-8808-ca9048363dcd,b36b0a79,2024-05-31,5825.54,withdrawal,legit
196ed960-cdf8-44f4-8d80-e8ea7b240e49,9199eb79,2024-04-09,710.07,withdrawal,legit
c0bc0075-2499-4a05-8545-b1b4cbb01c03,9d427760,2024-01-21,8921.12,withdrawal,legit
d492f9f4-0a9c-46ac-9350-b420e158d84f,be88f044,2024-11-11,307.83,payment,legit
131408f5-e314-41e4-89b0-7f94e70a95dc,681725bb,2024-10-23,7483.96,payment,legit
c32e13fb-cc0c-4e17-96e0-57fbe96e0c07,8242ca6f,2024-12-30,7587.94,payment,legit
fd779c00-6dfe-498c-85a4-c2253a8ad808,0beeee06,2024-12-29,9531.11,payment,legit
c859a7db-ceb0-4086-bd7b-b5a37513b0a3,364f4b30,2024-07-21,541.34,payment,legit
cfe07273-1d6d-4c80-9b06-be25a5f820fe,728b95b6,2024-10-07,5968.57,payment,legit
98a4d08a-1feb-41b4-8b9e-396b7bde97ae,d90133a5,2024-12-10,4278.41,payment,legit
4c5e4387-0db4-4a53-9266-0e573379ade6,c5f936bd,2024-11-06,3306.33,payment,legit
4704199b-c88e-4680-9963-c6cce10ba053,8c50f41b,2024-03-31,903.19,payment,legit
cc5d7f78-47c4-4767-8650-c7b2019fa69e,16410412,2024-06-13,5626.54,payment,legit
98fe7a34-c7cc-46ed-829c-acd1f2cad33e,cad73ffe,2024-02-17,4790.41,transfer,legit
2c75a068-f5ff-4101-944b-823bdbed762e,d7df229c,2024-12-14,1045.54,payment,legit
436691bc-83be-4770-8a33-3640b8bb28c2,ede1d640,2024-08-09,6124.9,payment,legit
cfe74aeb-5c99-444f-9cfa-650603ff428a,9fa3877b,2024-03-24,7379.53,withdrawal,legit
ddf4fb15-27b1-4b4a-a733-9d2394b87df5,255edc51,2024-09-02,7672.78,payment,legit
92f421a2-2f9b-46c3-8890-bfb928b8072c,60fcc472,2024-08-13,9053.73,payment,legit
9dd6f7a3-eeee-427f-91c5-407ff8e0a9e3,c8465279,2024-05-10,4094.71,transfer,legit
b747cffa-6279-45a6-b750-75432ee5d37e,0a026b48,2024-02-11,9530.73,transfer,legit
3cc04803-c8f7-4c01-810f-b2af23899375,1a6b6f19,2024-09-02,8654.29,payment,legit
50367446-672a-4d75-8737-9883a72253e0,6389a06d,2024-07-08,2965.02,withdrawal,legit
941e921e-0727-41c4-b1b1-2d274239e0f1,644ce674,2024-10-08,1592.83,withdrawal,legit
c5b71518-b556-498e-bc87-f506fd6e6519,f97e9021,2024-07-08,4353.89,payment,legit
778ffba9-191e-4f7f-a798-0d0d625f1c39,8f7f3c4f,2024-11-07,4018.99,payment,fraud
7d558a32-2e53-4423-96af-4edf54d18c1a,6a793390,2024-07-20,5757.19,payment,legit
e35ba3f3-2030-4857-886c-8166195dfe30,8977a4a1,2024-07-23,5833.86,payment,legit
fa12454e-2470-43a7-ba1d-c61000c87158,967e20fb,2024-11-15,7499.87,payment,legit
bb1c19b5-7e10-443a-8c94-3ee8f4cb55ff,721e93d6,2024-05-27,5098.9,transfer,legit
a3d4867e-8c11-4d5d-9365-700abb4b321e,70b61459,2024-02-18,1048.23,payment,legit
c9f50304-8c97-4468-b594-236de4b0c84b,66ebd654,2024-01-11,8582.91,payment,legit
72156fbc-0702-4a8e-b6fd-2a7c65e01891,5a052b12,2024-10-02,3097.65,payment,legit
a92c0d5d-819a-4617-ae23-6b1f58863da5,2701e1fd,2024-08-14,9712.97,payment,legit
29dac8b0-09d8-4d03-aac2-ee914daf9417,7fa4e6c8,2024-09-13,1178.6,payment,legit
1cd1c1f5-7ac8-45d6-bdc9-df10b7efd575,a43e4b70,2024-03-18,9582.51,payment,legit
0993d449-ba87-4d1c-91a7-077b0824d2e0,b1b9c628,2024-02-19,910.12,payment,legit
f1ccee26-ca7c-4649-b885-57ccedb45c8d,7eaac10e,2024-01-06,2310.36,transfer,legit
030c6062-b147-4f68-b9ff-041eb89115c8,eaaaa433,2024-05-07,465.8,payment,legit
eb427fa1-bd60-4d9f-9033-f59e310274cc,83f80eb8,2024-08-03,7051.13,payment,legit
70615212-fa84-4cc7-a890-c6e065185c4e,c2184ea8,2024-05-23,8502.99,payment,legit
7bb632b5-0777-40b0-80b5-c4ce561384b1,c182d1af,2024-06-08,4340.71,payment,legit
b4ccb285-366a-424a-b266-94a37708b4f5,205a3f5b,2024-11-26,9285.22,payment,legit
40fbc10b-b8c3-4fcd-a08c-469ec490258a,42944c24,2024-05-07,5902.99,payment,legit
ffac7665-c899-47df-9a92-626b50e8f093,e62c6cc4,2024-07-06,6300.07,transfer,legit
7bcd4446-5d37-4ee5-a7f9-83aa09f7b506,1a3eabdb,2024-10-13,8454.19,payment,legit
f0d7a8dd-b306-41f9-8e3f-8928b3b67cfa,694cd25c,2024-05-24,2968.0,payment,legit
e8f4255b-d489-4e9d-8671-57e79b7a1d1a,ea2d7f9d,2024-08-15,3542.66,payment,legit
5f9eb64d-71c3-4582-b350-f780b3f21a36,06332392,2024-11-10,9059.52,withdrawal,legit
44cb41e0-9ff5-4e09-a691-ab53b4111a31,09b73e22,2024-12-12,9009.63,payment,legit
bafaa611-939b-49a0-8b23-68c9f4cee516,714ff317,2024-02-23,9764.83,transfer,legit
b826c224-1a8f-4e44-bb19-445c00847f14,28e2dc84,2024-12-04,9018.38,payment,legit
4e1614a2-9b6e-4a45-9c5a-2c97889aeaba,6557fb90,2024-06-28,1273.72,payment,legit
708014c9-28aa-448e-a87a-b832b6ced2aa,0ff32b49,2024-04-04,8237.24,transfer,legit
b6e805ec-0da9-4be5-ad2e-82f5d27f6658,2ec5dd3e,2024-06-16,4098.38,transfer,legit
ff8bd9d6-edef-4106-8aa3-57257b23a540,750d0438,2024-12-23,9908.01,payment,legit
ed03d4ad-6813-413a-9ddb-fa06f5aa1160,84f3fecf,2024-06-28,4722.81,payment,legit
7c3076ec-c93e-4441-9516-b6bb44c86419,90d548ee,2024-04-29,5538.36,payment,legit
7c826e8b-dd15-48a8-ac01-02f5add329d5,11686633,2024-08-19,5297.75,payment,legit
d0d008f7-6480-47c9-82d0-3529df7f286c,4a27cafb,2024-03-28,3217.37,withdrawal,legit
f1307187-11ef-4c8b-b34b-a254f86c40bd,3f679ee0,2024-01-28,750.22,payment,legit
c7b58569-8ea5-406e-901c-dcdea94062dc,0c65fbfe,2024-02-17,8956.51,payment,legit
f646c5e2-e7d9-44d1-b977-4fe4f33c8c9c,09d2697d,2024-02-16,8026.76,withdrawal,legit
62b539e4-c224-42e4-851f-20d32a88a65f,094c3966,2024-02-25,1395.27,payment,legit
f073fcb1-943c-44c4-b8f3-524388ff666f,3294907a,2024-02-20,7767.68,payment,legit
dde5e0d4-2b88-4ea6-bc49-abcc61c1df5b,70c2d355,2024-08-21,6258.47,withdrawal,legit
fd2f3835-5cc9-4431-b556-fcf6073921fb,cd799108,2024-03-07,4091.44,payment,legit
46800b9c-d334-43b4-9c26-068974daa9e4,108e71eb,2024-05-06,2540.21,payment,legit
dad8c64b-9ad3-467f-b5e8-21d284bb1acf,7e0e831c,2024-11-23,8597.29,payment,legit
620fe6f9-49a6-4750-ad1d-972a12e32403,0bfd5069,2024-06-21,7001.88,payment,legit
5974fdc4-5e99-4029-b72e-38839deb784b,6ba02ce2,2024-08-31,5477.4,payment,legit
ffad7aea-1365-4355-810e-4cb90d926c24,4debdb28,2024-03-03,6095.69,payment,legit
7e35c7b5-16eb-4636-a26e-804608d95abe,9ea99c19,2024-03-11,910.66,withdrawal,legit
9e1a4fae-986c-42cd-9f42-b2a5b53cb8ea,ea26df5d,2024-01-15,4739.2,withdrawal,legit
9eec07f8-8a24-4a97-b32c-d1d449dc128c,dd89bde7,2024-03-02,1937.0,withdrawal,legit
a403620b-7445-4ac9-8bb7-e9ad6b1b9655,73f151c1,2024-04-11,2083.84,payment,legit
8d81f108-d5f3-4f14-af8a-e1ee9d5ea995,4a42fb49,2024-03-05,6613.04,withdrawal,legit
4b77a111-4bb7-4947-9fe2-54e16d14655f,7c069232,2024-02-02,9112.56,payment,legit
776be675-d338-424c-a650-5a68a7f48a6a,80063215,2024-02-14,4037.57,payment,legit
e0f5d419-1e72-4368-8700-655ae67f9b41,c0ed3d3c,2024-06-17,2077.49,transfer,legit
aa6b380f-7526-4a26-b89a-d655819135ba,36cf8efd,2024-03-16,6487.47,payment,legit
0c79d311-4b1e-427d-b625-751928a883f6,d8f8fbf2,2024-05-12,8711.87,payment,legit
d37318fd-92ef-43f6-a2f3-60b112a2c2c0,ae165ce2,2024-07-02,7483.19,transfer,legit
9c48caef-80fd-498e-8aa3-e4a06fa8eb7d,c4971756,2024-09-08,8687.57,payment,legit
c0fa6246-8d8f-464a-8c89-713163085d27,dbbe4f99,2024-01-15,5365.55,payment,legit
c3c587cd-ba9e-40e4-b906-de95f604f54f,978e1971,2024-10-18,7518.76,payment,legit
562d51d9-9817-483f-9f65-00fe2aa99584,38695797,2024-08-17,1400.65,withdrawal,legit
bcf03a84-8336-4e65-91d8-3408fa490942,16e95884,2024-01-30,3482.75,payment,legit
3427f314-3b27-4b4d-9a76-d18ffc62bbcf,c098d2dc,2024-11-14,3895.49,payment,fraud
b7e40e61-b5dd-4ae8-9468-e3da68bdd75c,75e7999a,2024-12-02,5112.96,payment,legit
2fa2d12d-5974-495d-a74b-aaa0da1effad,0f4e3808,2024-01-23,9290.76,payment,legit
afcce9cb-ec54-4d4c-8e7d-86b81bbb502b,948e0568,2024-04-11,8742.97,withdrawal,legit
3f200b97-df34-42d2-aced-414e6da5450e,43199921,2024-10-21,1345.25,payment,legit
4cad6ea8-fdb7-41e8-8581-712e5109f33c,5ea12336,2024-09-30,1727.9,payment,legit
76a3275b-1b10-4452-9cad-0dfbeb5978ba,75962e5b,2024-03-08,3576.41,payment,legit
4f8b8341-19c9-4a41-b0d4-f2c52e446baa,8bf59b6a,2024-03-17,2907.44,withdrawal,legit
8d98d10e-6d28-4300-a9f0-cee1f34a8d6c,4c9cc41c,2024-05-15,6147.71,payment,legit
2af2dc88-6d03-4ac8-ac96-3c3b53adad45,639a0d83,2024-06-25,9027.76,payment,legit
beff02d0-0044-4b90-b95b-dddcc80e2609,c2a5d5f6,2024-08-13,9622.92,payment,legit
d4d27690-7586-4382-866e-90d9d364d68c,2bd702fd,2024-05-14,6536.03,payment,legit
39c8d75e-c35e-4e85-82c9-13688753f628,ef19b91c,2024-06-17,8381.59,withdrawal,legit
8bef3be0-c6b9-4789-978a-00ffb8ccea42,09ba16c3,2024-09-29,5252.02,withdrawal,legit
fa26c52c-6b70-4628-855c-83dd2ea0fbbb,371456d7,2024-01-14,2083.27,withdrawal,legit
1f98080e-5f36-4890-a5f8-f84573ae2c56,d2f1e231,2024-04-02,5246.88,withdrawal,legit
e12246f2-e5bd-4827-9e34-00c212b3fb9a,6c62551d,2024-09-17,5550.83,transfer,legit
aa6c25b7-a477-46d1-853a-29d2e0e9c9d5,59b350b2,2024-11-22,7424.58,payment,legit
2c0e8270-c76d-495a-8c27-8c91dbb3b25f,39c470d8,2024-07-05,2198.83,transfer,legit
49f2c74c-577b-47ff-86c0-fb82fd37996e,68e39584,2024-07-13,3683.1,payment,legit
4658a79b-d07b-4ef1-a0f5-bb9e60070039,72443bd1,2024-02-09,3640.27,payment,legit
ec73eff5-794b-4437-b58f-a54a90c96d6d,16a3a836,2024-06-12,9594.4,payment,legit
22b471da-3ec4-4d53-ab39-63bcb5910f11,258c7835,2024-07-13,4439.45,withdrawal,legit
1f2b3ad9-4f70-44f6-b4fa-54b107b4c29f,fdd5b9a8,2024-03-29,7550.94,payment,legit
27eb4101-4181-40ca-a391-a4ed8b732ab0,5b5c6e52,2024-04-08,7508.11,withdrawal,legit
926c2b6a-b93c-4054-8c03-6674c60880e3,debbe3ae,2024-05-17,2655.44,payment,legit
06c9000f-a684-44dd-8aa1-c36246f78972,282912c5,2024-01-08,5718.7,payment,fraud
050cb297-5e22-4db1-a99f-8fd97ee61d5b,418582b4,2024-04-27,8943.03,payment,legit
79afae9e-dbe0-4573-b348-96bc76ad1a83,24ea2ba3,2024-03-18,4751.98,payment,legit
ee9eedb9-3f4a-4bff-a12a-d22e78002d4a,a510e764,2024-04-29,9451.18,payment,legit
3f35af51-f8d9-45fa-9f5d-ff9b7f9df466,630df1da,2024-02-13,2144.58,payment,legit
e5accf1d-9c25-416a-a6d6-a560fab74982,741fd550,2024-11-21,741.59,transfer,legit
0de4dca9-f78a-4af8-9248-b446af659cea,b2e535e7,2024-08-04,8914.54,payment,legit
02375132-d5b9-49e2-a698-d4a5afbba3c1,14c62998,2024-09-04,8476.81,payment,legit
e40142cc-e1fa-492b-afbb-288ffbf52dfd,861bebac,2024-10-15,9925.9,payment,legit
3eb744f4-8004-4278-ba8f-c74f0420e508,69b76dc1,2024-06-30,6793.93,payment,legit
a88ffdaa-577a-4c3d-81ca-bb3ed8f27c9e,485ae15e,2024-02-01,9366.88,payment,legit
f72aa1c6-a573-450b-a341-f5c30b354a45,7a2c069a,2024-07-15,8269.49,payment,legit
1a061941-574a-406b-828d-020f592e87ac,7ac85166,2024-08-02,8444.26,payment,legit
963339da-492f-4ac9-bf9c-470ea9a1bb53,d7ac6e66,2024-09-29,5691.42,payment,legit
6d34121b-2063-4c94-abb3-023d6cfcefbf,3f101291,2024-06-06,3823.65,transfer,legit
84950c38-4752-4cfa-b9aa-7de3263da510,1a8e0bf9,2024-02-16,9345.58,transfer,legit
a6f2f44a-afb9-4178-9cfa-bb0112cf737c,6c1198f0,2024-04-13,4321.17,payment,legit
2b6631c7-a775-4f93-9d58-e33689f6a807,73c695ec,2024-05-12,5388.19,payment,legit
dd377ac4-5ff9-4dd1-887e-a192595ae835,0d9ea35e,2024-08-23,4461.14,payment,legit
7010288f-6ab8-4b53-8337-8d9ce8638ed5,540ad166,2024-07-27,5648.18,payment,legit
fee158e5-3d02-45d6-a80f-682bcd9636dd,58952ce6,2024-05-09,4705.05,transfer,legit
b53b9376-29f2-4f9b-8a5f-4b447a27ef8e,32b60e4b,2024-12-26,479.68,payment,legit
8728c217-d15b-4ca0-941e-2f5475dd40b4,74d18cf7,2024-08-09,8820.48,payment,legit
aedd2bc4-b432-479b-a6b5-176a442deae3,6e1a0837,2024-03-27,4443.94,payment,legit
203bdef3-7bb5-4c8a-834b-8b95023a232e,ef113561,2024-02-07,5889.44,withdrawal,legit
152a73fd-8f1c-45c8-9d58-d90001f7c6bd,d7381dc6,2024-02-25,1391.88,transfer,legit
f25f320e-02c5-4afc-8264-442c773191e2,c0741e7b,2024-03-30,33.88,withdrawal,legit
eb542180-d827-4b9f-a758-5ac00fbb7a66,19d175aa,2024-02-28,2452.9,payment,legit
8ee5755b-5230-42d8-a702-676f15bf9e50,627b744e,2024-03-09,7045.86,payment,legit
e7d13853-59ab-4906-ba49-22e675174bee,118bf4aa,2024-04-14,991.95,payment,legit
d66e29d6-4acf-4c1b-84d8-a30291281b5f,5de1c17f,2024-03-04,9088.87,payment,legit
3d3542c0-20ab-4279-aaa3-e3794fb8b994,d28cd38a,2024-11-23,2150.23,payment,legit
0f33e1db-216a-4e3e-81fa-c35b56abb0bd,5e8962c7,2024-01-30,2045.94,payment,legit
a075b552-94cb-451d-b968-0aec478db7bb,7397ff28,2024-07-10,1815.08,payment,legit
f451ac3d-761d-4f47-a1b0-73dfdeb71129,14428fb6,2024-05-29,139.82,transfer,legit
86f6add5-2e34-40ee-9578-83eb33fd22a9,0148eedc,2024-12-24,7718.05,payment,legit
f1b51abc-df2a-4552-b9cc-06ca039525e1,2b56d801,2024-02-10,8750.35,payment,fraud
fde31462-d8fa-421f-8fd6-32a855406922,972813b3,2024-05-25,6141.63,payment,legit
c50ddc6d-a7a5-4bed-9891-47ea8c129622,65030c55,2024-12-19,1882.0,payment,legit
9118eb8b-66a0-4c8d-937c-d51447fd885e,5fdc26ec,2024-11-11,2852.78,payment,legit
ed7a02b6-a780-480e-ab7d-6f72103d37e0,a0688e38,2024-10-25,4759.27,payment,legit
841cade9-70c5-45b6-a168-7ff21e85b63e,005e69b0,2024-04-04,9543.46,payment,legit
df839d15-ddd0-44f2-9ac5-aef30389c409,0fd9e729,2024-03-03,2473.51,payment,legit
49c40760-e244-412f-8fe3-1fbc8da4613c,dd563a08,2024-09-01,7316.46,payment,legit
67971956-7713-46be-b195-798ad525dd88,2503e33a,2024-12-05,4394.48,payment,legit
3404e209-010e-4de5-bba3-5d8d78e5ffe8,c6e0b068,2024-07-22,2978.47,payment,legit
ddfe6579-7b38-40af-bd0d-1464d3ad7cc0,08a9b45f,2024-07-27,4559.16,payment,legit
33158bda-e287-4c97-a88c-58ebafcb8c42,c9b1e7bd,2024-04-12,712.07,payment,legit
4373fec0-d12e-4e92-bd8a-b000e752a76f,383cc372,2024-10-07,7986.87,transfer,legit
73623bc8-54ee-4455-8e35-4d0d1a2cce40,2c208989,2024-03-09,2433.02,payment,legit
3fdb03f2-2ab0-4f3f-8b1d-9463f61b321c,c06e4e91,2024-04-28,7254.12,payment,legit
b49877b3-fc79-4651-9e69-ed827180fa61,02697e42,2024-06-04,683.48,withdrawal,legit
ab3e1c4c-dc28-4f86-8dd1-384da8e83095,310b5346,2024-07-04,9550.99,transfer,legit
3f2d0c6d-682f-41b9-9e27-87dd12e67a50,eb648730,2024-03-29,1930.15,withdrawal,legit
5ea29379-ce30-4f60-b285-29365e01c3bf,949db05a,2024-02-11,8827.42,payment,legit
f2a0a197-8098-4fc6-acb2-d8e5e136aaaa,d775ed6b,2024-08-10,8094.73,payment,legit
c35d5913-21e6-4fdb-88c6-ce4498c151c8,cd286301,2024-04-15,9678.6,payment,legit
51d2de53-a6c1-456d-89af-22d9529fc946,49ab5dab,2024-07-31,4778.91,payment,legit
6f88c9d8-9634-461a-b6a6-e4a11bcdf6c5,e55230dc,2024-02-26,7273.97,withdrawal,legit
3cca1b7a-75a1-4345-82ce-ae3ad41df806,c4459490,2024-06-24,3707.11,payment,legit
29093ab6-66a7-4075-86c5-c2d09d994eaa,c0d14706,2024-07-13,1843.68,withdrawal,legit
6cc57aaa-b78d-463f-9477-7015ba5c7051,a8be4d58,2024-01-19,4430.76,payment,legit
ddf48b6a-1b35-4394-b980-95c1f72384e4,8c84b9a2,2024-05-02,1657.49,payment,legit
eb8ebc84-4652-4371-8301-290ac995edcf,d07037fd,2024-02-19,9820.45,withdrawal,legit
3cdd16d9-c078-401f-aaee-86cf7394cb6a,981e8e16,2024-01-24,962.46,transfer,legit
f66b8f7e-5201-4362-96e0-2d2f6f3fe2c0,3abf84ea,2024-12-27,5892.12,withdrawal,legit
2ade1a19-2562-4661-92b2-0e331616ae78,fd082c8d,2024-04-27,6264.64,transfer,legit
cad962de-b9af-44c7-91e3-7a4713384855,0ea09489,2024-10-22,5380.8,payment,legit
50d772b8-5706-4bc1-a921-6632e7842d46,89154fc4,2024-04-02,6621.86,payment,legit
54b131c2-3699-40d4-8137-b76900e96be5,b105bf57,2024-09-05,1161.81,withdrawal,legit
48c419dc-3cd9-45c5-b49d-b51dd6ecbda9,d8c87595,2024-10-04,5550.19,payment,fraud
4eebeb32-75bb-44d5-bb4c-be86a438451f,94a5e225,2024-08-05,2872.13,payment,legit
d6f4f6f4-f0a0-4246-afbd-b69b2c264187,42a02a63,2024-06-21,9401.76,payment,legit
881ff174-f6b5-4c2e-a784-90b695827575,154d6c8f,2024-05-30,7620.72,payment,legit
a276d7a9-b62d-4964-9585-d38cd7100187,54ea87a0,2024-05-07,9725.14,payment,legit
f5c6c3f9-8c97-4c75-9acb-939cce057a21,950efc12,2024-12-05,375.56,transfer,legit
3fb7bbca-a432-45f3-8e71-abc0a9758624,5cbd67d3,2024-10-30,2851.33,payment,legit
71db49ff-2685-445e-91ce-90dcc36e2abf,e31ca582,2024-12-18,1954.23,payment,legit
9cd82bc7-e5af-4710-9b29-d7043466182d,c0bba3cb,2024-02-15,111.55,transfer,legit
202de5cb-30d3-4940-874c-4c6f7d48ae7e,648b878e,2024-09-23,2423.26,payment,legit
6193d415-d1a2-4b1e-b27d-c0a38b8faca9,091fbc1e,2024-12-08,6787.76,transfer,legit
ab2fa2b3-593b-42a6-8b43-1ed8111e9a2d,8821e056,2024-03-07,2310.89,payment,legit
b8951ac0-2d5b-48ed-ad03-43c5b48f7cb1,3bf1faf6,2024-01-25,5090.03,withdrawal,legit
efa1badd-670f-49d1-99e0-6ff7b5f3fdb2,74e096e4,2024-09-27,8878.18,payment,legit
2e69ff74-1c0e-45f3-95b5-b62a871cdcb0,fd81e178,2024-07-28,6937.58,payment,legit
369b6b05-f4bc-4a0d-a7e5-114c5d112544,6974991e,2024-11-03,3946.29,withdrawal,legit
d2d3ee26-dc89-4f7c-8a25-86b9413c319b,192ab2a5,2024-02-21,3724.69,transfer,legit
103c93eb-5154-42cb-a870-06dd1b5623fe,d14d527e,2024-10-17,4557.36,payment,legit
ad12609f-cc4c-4392-9eb0-b20641010d4b,9a41b7aa,2024-03-14,1770.41,withdrawal,legit
6eca6143-32ac-4a23-bdbf-5588c303ae4b,29cf01c2,2024-02-29,6340.01,payment,legit
dd3a0841-8534-497f-a14d-3a47522a90f0,e74a7dd8,2024-02-29,3641.53,withdrawal,legit
8660cf26-d16a-4542-aa4e-d2753b509238,839ef8ee,2024-10-24,8523.65,payment,legit
4431fc64-10f5-4fe6-8381-d722097d4060,e822d3cd,2024-08-30,7565.53,payment,legit
1f71e1d6-695e-483e-bf44-d9e6c188bf25,2fb9c9ff,2024-07-09,6105.13,payment,legit
1b1a6706-3ccd-4389-a6fd-df1e13f28622,83bf3eb1,2024-05-10,3642.02,payment,legit
0660e5f5-80cc-427d-93bc-17e843d99c88,378016a2,2024-11-16,2099.32,payment,legit
ca37aa26-6296-49ed-ab53-479e7dd36873,8c3d80b9,2024-05-23,7761.52,payment,legit
3a6645d1-33fa-4e65-a1f2-3499656ef9e8,4dd358fe,2024-10-25,4864.09,payment,legit
c3fc2c8d-78cb-49a8-b503-8ec26c7c1cc2,b70c8c0c,2024-06-09,2247.5,payment,legit
7869cce0-2e68-4336-bc73-9fc6880dff96,a91c871d,2024-05-17,1951.75,payment,legit
97d17978-a2bb-4cda-ad32-17653e76337c,8099fada,2024-06-17,1654.01,withdrawal,legit
7bbc9cdd-32cb-43e4-af63-e43f66722189,e7439383,2024-04-20,7771.61,payment,legit
ca3ce212-547b-49f1-99cc-0c1c2ab1748e,fa68d181,2024-09-29,2289.87,transfer,legit
7c50e761-2957-4f29-b0df-ab89de41a7c0,5def5f50,2024-07-02,5266.42,withdrawal,legit
36096c93-84e1-42f6-865b-41f1532625a3,f764e66f,2024-03-25,4515.46,payment,legit
f579f78b-e7ed-48fc-8019-1f79b27bd1d9,97ba72dc,2024-11-24,5796.11,withdrawal,legit
6d289d86-ca7e-433a-87fb-204c606c436b,48f63451,2024-05-20,8771.55,payment,legit
91f3c8d0-2bec-44e1-ba53-5053f6fe528b,c63146d0,2024-07-17,8677.47,payment,legit
a7c5967f-f795-410c-b8fa-44811ca56ff8,7e4a8ad3,2024-11-26,4510.76,payment,legit
b5c7c254-c8d7-4ba6-a303-f2d80a860db9,f69fbd21,2024-08-15,153.66,payment,legit
2a2161cf-9908-439f-a116-a7d5116d0159,c6a5653e,2024-02-12,4264.44,withdrawal,legit
a69b617c-f7cb-440d-bddc-ed96668ec9cd,7e955b1a,2024-12-09,6061.94,payment,legit
51fb5194-caf7-456b-b403-c95eba84b0c8,25f1e719,2024-08-17,5577.65,payment,legit
383c65c1-1338-481c-b849-28f61fb4202d,1be3f08c,2024-05-02,6513.36,transfer,legit
4f4038bd-d814-4518-858b-13586e246679,eb2427ce,2024-02-20,1540.76,payment,legit
c037f000-3cdb-4503-b104-c8f24799d478,a47a2509,2024-10-16,6465.35,payment,legit
39ee1fc8-d63a-4428-85fc-c0e9200225c7,6a7943e3,2024-08-14,1826.52,payment,legit
2b55e7e3-baaf-408e-8596-e811d3810afb,e0a2d604,2024-07-13,7505.24,withdrawal,fraud
d1d58685-8243-4cbf-aa41-64892c16a0aa,3abc6032,2024-11-22,3390.88,transfer,legit
638067c4-18e5-402b-a053-4ff928545f96,d6cb69d9,2024-10-14,7098.95,payment,legit
e62823aa-d032-4410-aa41-687cd71417ce,3ff9eb96,2024-02-25,478.66,payment,legit
5e6cb16e-826c-42a8-9e15-81913bfd01cf,23f3053e,2024-04-23,4078.6,payment,legit
d7e5fd4f-0ff7-4e4d-902b-2cf96beda363,d1cacd8c,2024-03-31,7050.35,payment,legit
a8aab01f-9f39-4023-8499-b984e9f8def1,5a640d44,2024-09-28,2268.71,transfer,legit
72b7feea-c74d-49ab-a443-027607626750,95ce7915,2024-01-13,7952.87,payment,legit
38840883-327e-4247-9be7-23334b8f4818,38c546f6,2024-07-27,6307.8,payment,legit
af06585c-a61e-419b-b64b-3555ab8960e3,88a07523,2024-10-05,5875.62,withdrawal,legit
d9d9c9e1-09e8-4e81-ae42-c1f0a3d39bd4,800b33ed,2024-11-16,3535.49,transfer,legit
ba70ee2c-6d41-4420-994b-4145ba876c85,113b90a1,2024-05-04,4824.51,payment,legit
bea9f589-22a2-48a5-aa0f-e9f3fe00209d,0a807456,2024-10-26,5973.49,payment,legit
7b7c2874-2756-41e9-9a96-48aecd8866bf,d15fc3cb,2024-02-10,4724.62,payment,legit
2b797f66-205f-4ac0-a192-5fb132206cd3,52d97e30,2024-11-04,6983.13,payment,legit
a3237eb6-eb46-4cd2-bbc4-36e6ddab6535,dd0fea52,2024-02-16,4336.97,payment,legit
ac2791bf-44cb-487f-90b3-a7c948e96e3b,a220a15d,2024-05-25,2022.73,payment,legit
30ee720a-a523-4761-9194-721f937b9280,22515e4b,2024-10-18,2139.34,transfer,legit
f4c7df24-d963-4dff-a1dc-5c4ddd97eaf4,e1e8a0c6,2024-02-24,58.04,withdrawal,legit
19e189f3-1225-4a4d-bea0-56d16b7cb8a6,a1c20552,2024-03-24,3009.58,payment,legit
e1f4971b-d5ab-4d97-9df5-64f2b37ac79f,f90a969e,2024-09-20,7489.18,payment,legit
56906350-0eb1-4e88-9e39-31b6ec26ed5a,80685c42,2024-09-19,7941.63,transfer,legit
70f6036a-0f83-42f3-a07a-0adade447196,a56c5c05,2024-08-22,2024.68,withdrawal,legit
b4ef24c1-412f-4e50-8e9a-dc3b1f89d99d,b975fe09,2024-09-10,9590.44,withdrawal,legit
4cd09ed0-3714-4a16-94da-fc4a58584469,1111ffee,2024-07-17,5024.03,payment,legit
6d37768f-6820-4696-bdfe-ed3684602e14,39d46128,2024-04-01,9169.79,payment,legit
626a3b1c-e01b-408d-b7fe-1516671c11df,d60cad96,2024-05-06,7067.65,transfer,legit
1b785f94-f76f-4322-bbf7-4f4b2007e41e,9557e16c,2024-03-07,7224.33,payment,legit
65d6d7f6-8e11-4eec-8dcc-732d9081b15c,85371242,2024-11-27,850.44,payment,legit
f0b9212a-b769-4b29-8d2d-7f08f25e8dca,f37fe4d8,2024-07-31,2199.91,payment,legit
ed485d99-5526-46bc-a996-cd5446de33cd,3184a37b,2024-05-26,88.15,transfer,fraud
4fbc9718-cf9e-4cc8-bf05-258a36bf1062,fcbee394,2024-06-17,7161.28,payment,legit
63eb839c-eb5a-46e0-87eb-ff538f98c1cd,078d6151,2024-12-11,3444.38,withdrawal,legit
7df86f23-bace-4ebe-993c-cc90edeaeeb7,1a7c9221,2024-02-25,7866.53,payment,legit
fb559f21-9f2f-49e1-a39d-872268d1b3d7,427a0665,2024-08-01,3389.36,transfer,legit
6b5d9eae-7e6c-4201-a284-dc9c40fd7ef7,2c22039e,2024-07-03,8193.34,payment,legit
64032f27-4b21-4ba5-9ba8-1db895f28567,06207abe,2024-08-11,1306.98,payment,legit
f0030673-c794-46e8-ac9d-2717e998a114,798b9e2b,2024-01-07,1733.73,transfer,legit
9615e1ef-2942-4ec8-88cf-6aef838394da,7a7c7a6a,2024-11-14,3408.77,transfer,legit
c945d9ec-62b6-4efc-b5d0-9162653b9553,2490d6cb,2024-12-06,4084.87,withdrawal,legit
d35be3ae-ea38-40cd-ab5a-b37a3d3a7a21,89eaf0ac,2024-07-25,3487.03,payment,legit
5e1b5f6e-bc65-4f65-bf27-2b71164cee80,d60dcd5d,2024-09-11,7636.47,payment,legit
7a709000-6c1f-4c3b-a263-bd877a2946d3,d9780561,2024-12-02,969.51,payment,legit
64768bec-81d9-4a87-94f0-ed8bdccacd6a,6e95b24b,2024-09-15,3512.17,payment,legit
83b586ea-e14a-491a-9f13-164205e0cf5b,d23fbfb3,2024-02-25,8372.4,withdrawal,legit
4d99bcda-252a-4ae7-99ab-b70078bc3f9c,3bc60a09,2024-07-29,667.97,payment,legit
7b0e8bff-91c9-4b12-982e-488354217ced,339090df,2024-08-09,9423.44,payment,legit
14ffdf3b-ad9a-4e22-98e5-e9a029d5c750,c075ebc5,2024-06-03,9863.17,payment,legit
36222162-3540-4ec5-a724-81758b5f1060,f926f58f,2024-09-25,885.68,payment,legit
5925d1bd-e8a1-4150-a3e3-1105ac10b3c8,03b1badc,2024-12-07,2912.73,withdrawal,legit
b24ce576-04d6-4875-86a8-9e11d588032f,12b0b010,2024-12-03,3724.01,payment,legit
37c32934-2dba-4058-8659-c3a71a6c8958,c1388b6e,2024-06-13,7763.91,payment,legit
15c64a88-d63b-4948-9f5c-d9eb858e0339,be073526,2024-02-11,5959.27,transfer,legit
6bf61a7a-777e-495f-acdf-0a101b64939d,83a3c858,2024-12-25,6443.66,payment,legit
e6480c99-710f-4650-8cf6-fd09bddadc58,3e952984,2024-11-02,7575.1,payment,legit
3c4f02f5-f36b-4ca1-bbe6-794916b2eabc,427662cb,2024-02-15,1179.79,payment,legit
dbce1d49-192f-44b7-9ce1-bf4317f8e384,b78ceb90,2024-12-02,8332.09,payment,legit
5d520ccd-2770-4bd5-b90b-971e55ab5b6c,13097d32,2024-11-13,7056.2,payment,fraud
87e16ee1-1d1a-4122-b2d9-566b26b64289,cf359cf9,2024-07-08,5773.42,payment,legit
4e0f5147-6680-4c10-a81a-ca1cdcef16fa,40c906c4,2024-08-03,8897.35,payment,legit
4c80d476-9392-43ac-8705-54d72f40af29,8dbcc6bd,2024-05-25,7003.06,payment,legit
ae376ecd-9f30-49db-9498-7c0415a64700,bb7999a0,2024-01-20,2017.0,payment,legit
66630e79-d2b8-4301-b98c-9ef63399cdc4,e81cbc77,2024-05-02,4297.45,payment,legit
c6e38548-6d50-4a9a-b1a5-60643e512518,ab111bb6,2024-10-20,4940.43,withdrawal,legit
06bbe158-b8f2-4520-8d65-5e4c3568ede4,7b526435,2024-01-02,552.18,payment,legit
8b5992db-7919-44c1-ae2d-a8af14cbe0c3,c4babe58,2024-05-01,9546.38,withdrawal,legit
cb1cc1d3-4918-45b9-9232-d091811c5150,44593b2c,2024-05-25,1285.77,payment,legit
04f1a3a8-1522-4c27-9359-e40e00bfa813,cf3745fc,2024-07-15,6974.61,payment,legit
3a143fd0-c5fd-4e0a-a9da-149eb4b5253e,fd54335f,2024-12-01,5062.31,payment,legit
2a237f40-a454-4954-911f-10ce8e60bedf,bb2985d9,2024-05-06,256.32,withdrawal,legit
dc23b0ca-4cb1-4491-badb-2defcf3fdc85,d435cd4a,2024-05-06,9247.47,payment,legit
63b63a3c-8a27-48ea-9d42-de476135dbe3,00c8f7c5,2024-09-26,8518.37,payment,legit
fb76a7b1-3bac-4b29-b023-f55c137219d4,0daf5d3c,2024-06-14,5242.58,withdrawal,legit
55859226-f3b9-4998-bd32-89d12e791a11,2e0763bb,2024-03-22,2289.42,withdrawal,legit
0de17531-c5c3-485e-ba07-02164ff0209e,a3f7b86f,2024-06-14,1216.23,payment,legit
64053fa7-d283-4dc4-9a96-67e61195679a,8d0e6558,2024-02-21,3633.92,withdrawal,legit
fdb288cc-c36c-46a9-9273-b7239204fe70,47ef7ff9,2024-03-05,2554.28,transfer,legit
27424144-e8ef-4838-b0bb-f4346c6794e4,14d5e985,2024-06-30,5066.91,payment,legit
53c7b499-0fd0-45fb-ba49-33f3c3845b37,6d513443,2024-06-01,9664.09,payment,legit
6e99fc6c-ccb1-4bbd-abac-8d47f703510d,eb18d50f,2024-11-29,5749.53,payment,legit
0040925e-a090-484f-9a91-b288a67aa976,1b216892,2024-05-12,8899.31,payment,legit
54faa21d-3db6-4fdf-bcd6-482603723458,dc028dd6,2024-07-30,6508.79,transfer,legit
a6facce3-16a9-4333-96c3-d435af34bf9e,494b6c0a,2024-08-18,4752.47,payment,legit
8b3b2427-2afe-4e18-b538-bc378f539165,f2eb1368,2024-01-05,8546.08,payment,legit
75188af4-6be6-403a-a0b8-2346d9f989a7,86ab9be6,2024-08-30,4713.68,withdrawal,legit
a2896c74-efdb-49f9-81f4-cdd1f5fff2e6,46355eb6,2024-03-05,8686.28,payment,legit
355a6209-885c-455c-a1ca-a9f572831792,0972deff,2024-12-16,2915.77,withdrawal,legit
507e3f94-bd98-4299-975d-b3b418e83215,0f3bf33f,2024-02-24,1288.13,withdrawal,legit
7e23b264-b681-41dd-918a-b5c32297fdbd,a7b117a1,2024-05-31,8553.14,withdrawal,legit
bcd520f0-cb59-4ea5-b8d6-9217eb53bbf6,ee2978cd,2024-02-01,5874.15,transfer,legit
7c60a346-b5d1-42b2-a99f-453bf9a78f8b,d12dca76,2024-12-29,8890.92,payment,legit
67ad3a17-ac79-4726-a17d-2c6155a9d4e8,969bf19e,2024-07-02,9378.27,payment,legit
54a114b9-beca-451c-80b6-2a31059478c8,b75b2989,2024-08-05,536.28,payment,legit
0df23126-1bfc-43c7-8f63-2cb884d2b760,e5addece,2024-01-25,5009.69,payment,legit
b0192969-df5f-43de-a919-f7d579c546f0,9d51f341,2024-09-30,3749.65,payment,legit
9f194a46-4410-4935-ac7b-d92c088a928f,1dcae830,2024-03-17,6258.58,payment,legit
60cc3c30-e50f-481e-af70-72d9139c6c0c,1dad635f,2024-11-23,7935.91,withdrawal,legit
a0658006-c9ce-467e-acb0-d879e27fb286,5451b0fd,2024-03-15,2805.9,withdrawal,legit
43700b2f-a4f9-46d8-9d1f-ba083aec431f,b07f30db,2024-03-10,5567.98,payment,legit
ac2d152f-6bd8-43e2-b07b-ea5ed1f16443,a0c97026,2024-01-14,7087.29,payment,legit
0d49c619-4056-4306-908e-f36dfe0d15f7,628e4a9f,2024-06-21,1344.31,payment,legit
b0e06967-3bcf-4e27-a44b-e15abe7a5627,6962359d,2024-07-25,8140.67,withdrawal,legit
8561c4f2-e4f7-442f-9410-49b0ba5576b0,32115960,2024-01-24,6061.1,payment,legit
5d35ba43-f1a6-4647-bc81-430188ca3fda,bdb9b246,2024-10-10,9495.37,payment,legit
194d8553-6700-44dc-b184-2967ca6a99c1,9cb52168,2024-06-14,3395.29,payment,legit
b1ec0012-f39f-4a9f-8ee5-601b251e21ab,ada59faa,2024-07-10,1081.46,payment,legit
be38cbfd-bfcf-4e79-b347-56f8dddbd1b4,545d208b,2024-06-09,5065.01,withdrawal,legit
ab2a572a-62d3-46e9-ae2a-8538475a9946,93f6e095,2024-05-26,858.11,payment,legit
b546a282-78f1-46dd-b176-33a2ebc308ba,f3660238,2024-07-23,9695.27,payment,legit
6e8bb658-9f27-453c-af22-0d921578f6dd,3fdaac7e,2024-02-26,386.85,withdrawal,legit
b83a2ed5-d953-4198-b8a5-7cd4dfddd389,bf03fe1f,2024-03-07,7535.04,withdrawal,legit
898f0594-b0b1-432b-b395-932226da732e,01e50bcb,2024-11-10,5251.02,withdrawal,legit
d1c8aa2e-d104-4f1d-b327-5795f01c2974,f446855c,2024-12-11,3686.21,payment,legit
7c5881a9-7ef6-47c6-a254-602b8c9afbdf,95626453,2024-05-16,658.42,payment,legit
d2b3c13d-65f0-4890-8458-cd82757064fd,82a36245,2024-04-08,6221.67,payment,legit
6f12d4dc-45f1-4676-8a60-5f552ce10b0c,a15cea42,2024-08-23,5852.2,payment,legit
6b4689d1-5d42-42d9-84cc-617dff38fac8,12451c92,2024-05-29,2808.83,payment,legit
36bc1c93-a233-4cf8-9cf0-b3c5498a7a7c,bbdd1a73,2024-01-10,9102.22,payment,legit
232980d2-5f6b-4e1b-9012-555b1a0b82f6,fd741f48,2024-02-26,3041.1,payment,legit
01a9ce33-dbea-4e8e-b496-f2ddcb774f95,b199283e,2024-09-18,4497.25,withdrawal,legit
854e5bb4-c1e0-4405-919e-d444d8167b70,fd185769,2024-08-28,5437.62,payment,legit
2853a0b6-0568-479b-816e-df380b43384d,40b6b6a4,2024-01-10,1002.32,withdrawal,legit
6f1d01b0-d726-4b60-8279-03ac6c2fbaa2,3479e70e,2024-03-22,9321.62,payment,legit
2900748b-3988-4886-9bee-9a3011ceb923,5e4a4dee,2024-03-25,3745.36,payment,legit
8918179d-aff6-4e9c-9991-0d804c65f57f,4b0a0a9e,2024-09-02,807.79,payment,legit
8ab5d3bc-39eb-477f-a697-52bd51d1f952,e7103ab8,2024-01-08,3872.91,transfer,legit
6bd5b497-1b23-402c-83ca-37e1efb38f27,234ab789,2024-02-07,6002.03,payment,legit
37d56157-928f-49cd-9467-c7b42d991822,9e728403,2024-10-18,5136.53,withdrawal,legit
52dc8c79-43c1-42b1-9bcf-66f99226fd71,8e8b9ad8,2024-03-06,6945.42,payment,legit
c9c37a83-453b-4fea-a84b-cae743d46b32,ffa3fd77,2024-08-26,554.84,withdrawal,legit
02bd957a-b4f7-4f75-be1d-fb869bce6323,ec395765,2024-03-27,2845.41,payment,legit
0395b33a-06ab-4942-8d58-a21ffe7228ec,57cc31dd,2024-02-06,8192.31,withdrawal,legit
bafadc97-be24-4537-9841-c857a082ca75,80602652,2024-03-29,798.94,payment,legit
b4b3b43a-0ffd-44e7-b3d6-a0e4f4709d79,262c5127,2024-09-20,8554.86,transfer,legit
4121a727-71a6-4c7c-9ad0-31af88af44cd,b879ad98,2024-11-08,918.96,payment,legit
cfc6022f-3652-463e-a87b-26f5e3d34878,c7b9367a,2024-10-30,8344.54,payment,legit
d8dbf812-dae1-40d1-8dc5-3a773eecceff,723057ea,2024-05-24,3607.88,withdrawal,legit
9cd98f29-c634-45ef-8234-baeaa5cf7f7b,84901b2c,2024-08-31,6122.09,payment,legit
1824e53b-d214-4f98-aefb-d405463c8d38,e46e4737,2024-03-15,1528.87,payment,legit
798c0fdd-0ebc-42c4-b170-8f99093814dc,39e2e2a1,2024-04-16,661.69,transfer,legit
cb732a3d-7c3d-47fd-8895-8604f99e326a,d91ed5dc,2024-11-23,2159.38,payment,legit
174f27c3-1c7c-49a6-bc8d-9516f58318aa,3e96102f,2024-01-05,1278.54,payment,legit
4bc9dd00-58c3-4652-b1c2-60a99769f230,89057241,2024-02-01,3124.06,payment,legit
56fac2d8-5261-4a44-82cf-ae819b505446,988c4473,2024-03-16,5143.83,transfer,legit
f86ab521-9857-4565-a4a6-5f6f2fb09ede,f24e7b5e,2024-01-10,5887.59,payment,legit
824862eb-7885-47d4-bb73-4e29c1216ca8,77c63893,2024-03-07,7898.68,payment,legit
edaae363-5b4c-4985-b9d2-abb27496055d,49e5a5cb,2024-07-31,6562.4,transfer,legit
58f667af-ecef-444e-a1c5-c69f8b8ab8bc,8a92cd01,2024-06-02,6087.58,withdrawal,legit
21100dd8-a78d-49be-94d7-66e13d055b12,32062276,2024-11-21,4117.82,withdrawal,legit
67f0715e-2dd2-4fea-a3c0-10794d51099a,6e5af3d4,2024-10-25,4738.08,transfer,legit
a0dee813-a68e-4620-9e6e-cd04d845c420,e5e9743d,2024-05-04,4145.21,payment,legit
dcbcd690-f8db-4540-8542-d89bec31c01b,7af9f23c,2024-04-04,8421.66,payment,legit
b987b195-f884-4d4a-a470-e2d3a8a1497f,aafd35c9,2024-05-18,2300.0,payment,legit
378470f6-20e5-4e06-b23b-90f29a7a1997,875afc8a,2024-08-03,57.21,transfer,legit
f7781936-a15b-4cd3-8495-1b5ddcce9b34,4603233e,2024-04-07,6513.2,withdrawal,legit
bf40c65b-0f3e-4b36-b997-d1df1ec2ce92,ebb5c22d,2024-08-15,2024.62,transfer,legit
0756c591-7979-4a34-81ff-be1cef79f732,edf9a077,2024-05-29,8901.15,payment,legit
b03fd695-7c3d-48c7-958b-27445a4f49ca,c5b1152c,2024-07-20,8590.46,payment,legit
8d45ffa7-e1aa-488c-98c4-2bd67575bcab,18c38697,2024-06-08,767.27,payment,legit
ca952951-bd56-4cc1-900d-b19ee10dac1b,6318fdc6,2024-04-17,1063.88,payment,legit
6ec0a541-b651-446c-aa24-2aa3ba66203f,03dfe19c,2024-12-12,4951.72,transfer,legit
337f33cd-2461-488b-98c8-00d18e44a4b1,3973cd18,2024-10-05,6092.23,payment,legit
e5110b40-d294-4e32-9b03-f5b1a57e916c,30e23d91,2024-02-21,2749.08,payment,fraud
f2158ab8-f0e6-41c2-8338-c8e4a6caa31a,1835684e,2024-11-12,7167.98,withdrawal,legit
a87cd150-3d8c-44f7-8fd9-7e599d2c51a9,0126b767,2024-06-26,5949.16,payment,legit
111c4ae5-0538-44a3-b9b7-9aa73aeec056,47c0d2cc,2024-11-22,3248.24,payment,legit
9e601123-8bd2-4cd1-8eb9-9cc5f830d255,114b999d,2024-10-18,253.71,payment,legit
11330ba6-b471-4caf-bd4d-20e9b3849347,ae762359,2024-06-04,7501.5,withdrawal,legit
0acb6020-eb8c-4963-9220-88d4c0e552c4,ec74000f,2024-01-09,2147.54,withdrawal,legit
ab44926c-4bbf-40b6-84c9-a6342aee8b4d,33257f06,2024-04-08,8344.74,payment,fraud
64035860-2333-4a79-9e13-56d2bade15fa,d8bfee18,2024-07-16,4202.9,payment,legit
d28445f8-df82-45a4-95ad-84eb1d7a6221,349710cd,2024-08-19,5770.77,payment,legit
936e7beb-9a4d-4447-85ae-ba4fed08548c,60ec4cbd,2024-04-04,8729.49,payment,legit
ce5b15f2-20db-4db9-baea-8a8f0a3edfab,34ff8e34,2024-02-20,8636.23,payment,legit
30c91255-c0d5-4fb7-b63c-e66f153505d6,ea7bfeb0,2024-10-31,3715.2,payment,legit
f024d6d6-059a-48a6-bfdf-833139fd64a7,967bcc07,2024-12-25,2088.89,payment,legit
b5aa6d70-893f-4856-94d5-430f91862992,d74b1f7b,2024-07-10,7751.46,transfer,legit
8d11c79c-2cc0-4cdf-aaf1-82ce0321733f,892d311b,2024-03-03,4330.8,payment,legit
6d02eb67-dff5-4292-babd-7fd6d4485fcb,b35bad8e,2024-04-09,1920.42,payment,legit
a1e83185-cff8-44ff-9a4d-ae444eceaf82,e9254b37,2024-01-07,9044.25,payment,legit
a6b2e16b-27ac-45d1-becf-4271b9b87ae4,4dbf1a4b,2024-11-29,1981.04,payment,legit
31eec640-55b1-47fe-ba70-34d7def9b5a3,97c1f53f,2024-02-12,258.07,payment,legit
f424a7e4-79ed-41b9-8237-21a646a8b543,81ed0898,2024-07-29,202.8,payment,legit
ca8b0fe1-2eee-44be-a8be-a02b3e405e7c,f4255500,2024-04-10,6223.15,transfer,legit
df300529-6373-4dc4-b453-c472fb139ea5,0ba92260,2024-07-21,6616.75,transfer,legit
3fd368e6-7f1b-4e21-9d88-d359010df6bc,2ffd5712,2024-08-25,3110.42,transfer,legit
c6ff04fd-9649-4eae-b1e2-42155d3b89bc,e26e5207,2024-10-29,3200.11,payment,legit
6c482577-c86e-41a5-bc1d-5cb14b81abe6,d8fda30c,2024-03-16,3394.94,transfer,legit
1485a0e2-bfc8-49be-939a-5f1a0678a950,37cde910,2024-01-05,6801.59,payment,legit
4eef8343-9bc7-4099-8f0e-14755d6db73c,fe10aa74,2024-02-19,581.34,withdrawal,legit
f11e82b9-0bff-4145-a6a6-beb4adabfe4a,61a5aab4,2024-11-24,9291.16,payment,legit
89a2aba4-381e-429b-8c5c-65217bcf4768,b688807e,2024-11-14,2225.21,payment,legit
b205931c-ca17-42ad-9ea8-aa307c569e8e,243c7ab2,2024-08-06,9996.73,payment,legit
799a8027-3614-41fa-a60b-87377847e20b,99429e91,2024-08-07,1715.23,withdrawal,legit
21c13196-7230-4ebd-b474-016a712388b9,381c0eb2,2024-08-30,7715.46,withdrawal,legit
28eafc78-9fb0-4ddf-a848-795507c46a71,3b99fe54,2024-03-05,2234.13,transfer,legit
7cbec5bb-9344-4870-ad77-0c649288c192,f224778e,2024-11-29,808.47,payment,legit
73a325e7-1a3a-477f-ac47-a91f27468df5,d848bdcc,2024-06-01,8749.33,payment,legit
654a0698-ce5b-472f-bcbf-a2a2b8137a85,76943573,2024-05-19,8587.51,withdrawal,legit
5df2bf2d-45ac-4ce5-97eb-9be0928572ca,a0cb29ab,2024-07-08,4035.7,payment,legit
74f73aed-d1f0-42b7-a160-c8700678da31,04641243,2024-01-18,7023.96,withdrawal,legit
f1815694-5bac-49dc-9eb0-8562245a96e4,325a2041,2024-03-01,5570.66,payment,legit
cd3384d4-aca9-43d7-a036-a96bb3da08ec,6d1ec1d8,2024-09-26,8529.56,payment,legit
d5fb13f3-ae90-4730-9430-7c0fbbbff16c,2b3cd1d6,2024-01-31,3150.56,withdrawal,legit
3a3ffd44-9805-4da4-b5a2-e1071c0aa01b,4d648bf7,2024-08-08,5236.72,payment,legit
58613378-92c1-4789-8aea-ab86902015e2,f2240afc,2024-03-30,4853.72,withdrawal,legit
5507d799-b234-4a31-8418-3c447ea2f9a3,76bd80e5,2024-05-22,3539.06,payment,legit
0badade8-d46d-4328-88bd-8d35a055421c,0738eda3,2024-04-15,8914.55,withdrawal,legit
7c41fd22-9609-445e-aca3-c4c4f8a72abe,edb67754,2024-05-09,1658.78,payment,legit
1c6ff0d4-6c75-4802-9609-11bf424aac26,2aecf0b0,2024-09-19,1495.09,transfer,legit
915e4e1e-c223-424f-95f1-664a2d7b489f,f886df1e,2024-04-18,5769.1,payment,legit
b561949f-d91b-4395-aaed-dac416b50436,864c9329,2024-07-25,6574.94,payment,legit
22d4288b-6f4e-4f28-a1d7-85dc3bfad3f4,1f19371b,2024-06-22,1946.19,payment,legit
29162ba3-a892-4741-b717-6b62cca0e205,ca57cf82,2024-08-30,3907.17,withdrawal,legit
a3f7b8a9-5ddd-400d-bc40-780affd14fd3,e6c43bce,2024-12-07,9465.64,payment,legit
f0d32f90-0fe4-4dd9-8f90-51cb3870a252,39f35808,2024-09-24,2466.17,payment,legit
6c0db874-9dac-41d6-a498-cf46120b1569,c4381c47,2024-03-19,6683.61,withdrawal,legit
4e15856b-187d-4dfb-ab9a-d895aecfbba6,4f73f2a6,2024-01-12,7401.49,payment,legit
cc501eff-21f6-4c7c-9a19-fb9ed9bd71c4,a963c49d,2024-04-05,4481.29,payment,legit
a439830e-d562-492e-b9bd-369d9e9522d1,1d2148d0,2024-08-05,9375.26,payment,legit
61122ef7-4604-4355-b522-9a2538ad5779,eb4278b5,2024-01-19,7366.57,withdrawal,legit
96603c41-9956-4d80-bef5-aa2c0c164154,b6983231,2024-06-30,4579.25,payment,legit
c126da40-593c-485f-8d34-45db8b559713,cba9affe,2024-08-05,5693.35,payment,legit
393023ac-4284-4120-a4d8-cd88902f2740,15b695c4,2024-05-01,6926.13,withdrawal,legit
fc89c55b-e615-40cc-92d3-e39073ad7787,116b520b,2024-10-08,5921.9,transfer,legit
bfdc8df1-4694-401f-a731-5174942e8cc5,e7be10e7,2024-02-08,8786.98,payment,legit
1d52f6a3-9884-477e-bef9-cc021455a58d,016e179d,2024-01-28,3568.89,transfer,legit
c194a4b5-06be-40d7-becd-337359d6d971,353b4b54,2024-09-22,2998.86,withdrawal,legit
20e01a7a-f7f4-4153-92c7-d728c2e62c9c,7e17bfaf,2024-06-29,2138.39,payment,legit
f6261df7-7838-43c9-bfc1-2aa40d9cadee,3161b5a8,2024-09-08,377.83,transfer,legit
169d0a00-34ef-4aec-bd55-558397e632fb,4df72cdd,2024-06-07,430.14,payment,legit
07233e88-e0eb-4572-8535-f3cad92890c6,25801e7f,2024-03-30,8700.55,payment,legit
33327ee8-bdc2-404a-bf33-dd619185e6ed,72d9e134,2024-10-25,6783.93,payment,legit
18faf8ce-39f6-453a-bf58-fcb62fb8c5b0,ac09a932,2024-10-18,6605.32,payment,legit
989cbaf5-32e9-4101-a247-2f6d25164428,19b7e21a,2024-09-10,6146.43,payment,legit
0cf2f8aa-c20f-45f4-b617-547b4f8b6e5e,18049b2a,2024-04-09,8492.19,transfer,legit
c43d4bbe-f3d6-460e-963e-1a5c90e9da60,b975c07a,2024-08-03,4802.67,payment,legit
45ae7703-d049-471f-bcc7-2653cfcf5064,aaac80fb,2024-05-11,8704.11,payment,legit
4e6f20ef-d315-469d-8c29-d4b9183c2661,a32827b1,2024-02-03,3594.45,payment,legit
f387d580-a5e9-4e1b-9fcf-efc27314baf2,ccfd1717,2024-11-30,9267.08,transfer,legit
63b8b8dc-da4c-475e-9fa4-f13bfbac95ca,857d9065,2024-02-19,6986.57,payment,legit
4f764b3c-e0ed-4428-aba6-cfa6a1f49d55,889aee26,2024-12-12,2571.77,payment,legit
a9909bde-2f31-4d6b-ba90-92c6e7afca90,a80b5d57,2024-06-11,5640.85,payment,legit
175d19e5-aa70-4c3b-af6b-df50d2d2c8f5,542d8375,2024-03-08,5330.31,transfer,legit
b9c56fce-4507-4fcc-9209-a9a0378cd15e,2af00291,2024-07-16,1378.99,payment,legit
5443f17d-be01-4715-8d33-2998eb6d049d,c42aec64,2024-11-14,5912.43,transfer,legit
faa9ef7f-ccec-4be8-9c36-70fe17c3da42,6968613d,2024-09-24,3147.86,payment,legit
a8d18bee-d03d-4d25-83de-7271029ecada,57127546,2024-10-21,523.49,payment,legit
00669dec-3930-4f93-9e61-e30b7f52b143,3d7ad9a1,2024-08-28,9486.56,payment,legit
e661e080-c81a-4268-970a-9fdccc0f9231,ffbd45f5,2024-09-09,6414.9,withdrawal,legit
d8fcef18-2372-47c2-8d89-c07cf7b66119,7b0c2d52,2024-11-05,8769.19,payment,legit
bfbeaf15-72f4-4a73-a7a1-381a4e301ade,12947ae7,2024-04-01,6760.56,payment,legit
9b324066-68a2-4876-9074-7acf76949891,d71de268,2024-06-27,3569.84,payment,legit
0cb65020-5054-49da-bea6-60f7925cfd75,23c38a03,2024-03-21,5126.88,payment,legit
25cb8c44-f215-45bc-a279-26eeee13dcb1,b4265eb9,2024-12-26,6757.47,payment,legit
56287b87-83c8-4460-abb4-c3300ffd04c0,a46df1e3,2024-12-10,9602.52,transfer,legit
d7db9d72-2def-4728-9a6a-b1acaebc8908,d5540c2c,2024-01-15,2536.69,payment,legit
d93914b9-5c59-4f2c-9db0-4be5078874a1,6d5a12f7,2024-09-14,8749.77,payment,legit
7b7162a4-e67f-4cd9-8e39-48090ff095ad,5fa8be56,2024-12-03,9240.78,payment,legit
dd9a0756-f1a4-406f-ab18-2a646cd6de69,0ef118ff,2024-03-06,6704.16,payment,legit
070f817d-7613-477e-a6f3-42e5ca8bc507,683ccf4f,2024-07-26,9312.67,payment,legit
6fc51c72-a758-47e7-9361-1da1567b3d0b,c6178f6d,2024-11-30,3978.79,payment,legit
6299242f-aa23-434a-a965-7189f6956e06,22c2c536,2024-01-13,9530.16,withdrawal,legit
51d04352-b98c-49dc-850a-dc63d990c276,acf26bff,2024-09-11,7027.83,payment,legit
db4a6483-496f-4b64-ac84-b80339307890,6ef3e50e,2024-04-18,420.06,transfer,legit
9336a614-75fa-485c-a7f7-1391e86a9a59,79644900,2024-12-03,9068.73,payment,legit
e61f0edb-71e1-43cd-8194-527f9abd9705,e262b5d0,2024-12-20,4844.73,payment,legit
18c4dddd-108f-4d3e-a429-a499f9c39ad8,8af4939e,2024-12-10,4603.27,transfer,legit
7a04b317-9fa8-4c4d-b02a-750082815442,ef4aa9b4,2024-06-22,5664.67,transfer,legit
e2cb1467-47f3-48e9-acb2-cea611f6c3e9,ee3892c4,2024-11-10,1493.85,payment,legit
8e4dbaa1-a9c0-4801-ac82-57694b1b26e2,29124568,2024-11-04,4691.66,payment,legit
1a277d94-0306-4e43-b26d-67b90f06115c,e2b74c73,2024-04-26,8311.27,payment,legit
5583c872-1598-428a-a69b-ec36fa413591,1ace8a57,2024-10-29,154.82,payment,legit
7505d7c7-bf0d-40a7-b007-fcf092338d7c,76f0a6d4,2024-01-14,2729.17,payment,legit
a811f7b6-a32f-41c3-a6f7-975e3dac1d78,de31c23e,2024-08-05,24.55,transfer,legit
c96c75b7-1ba6-4a09-8ec3-43a8a8899ea3,bbdd9420,2024-03-24,4157.11,payment,legit
211c20c5-fd04-48c8-a526-5084f9d887b7,af70f2f0,2024-02-14,7283.16,payment,legit
c215526a-b509-46a6-948f-600acf4a7d8c,21d9c965,2024-01-29,7987.72,payment,legit
52f22527-3cd8-4a43-bac4-b428c3b3ea5b,7a402d55,2024-09-11,9451.9,payment,legit
d264ab7c-82dd-4a2d-a722-9748a9e6b21d,bf55dc1e,2024-05-04,6085.05,payment,legit
ecb8c984-3d69-4b53-aad1-07a673481c4a,e4b5126b,2024-09-21,2546.27,payment,legit
40718ed6-305c-4ebf-aa20-ee9d4fd9c975,6db69ac6,2024-01-24,9241.48,transfer,legit
a38b3ef5-594d-405a-afb1-375aafecde6e,352d7b56,2024-04-25,7753.16,payment,legit
5d3a253c-8056-4b4f-b8a1-7b1bd920d377,ef33863a,2024-07-15,5744.28,transfer,legit
175ac92d-6353-455f-86e8-2940f09c2ae4,a5815c59,2024-10-15,6956.4,payment,legit
0a25c5fe-ca97-40fd-ba7c-988a3b81ba0c,f6b59c8f,2024-04-26,9243.16,withdrawal,legit
a86d093d-8632-45c7-af1a-1a2277578d55,9c5cf3a4,2024-08-16,7123.94,withdrawal,legit
9b35eb64-0a47-45ed-a8f7-9dfbc4bc7658,092c0f35,2024-11-19,3683.75,withdrawal,legit
1ec4779b-e02c-4f2a-8411-046c0c2a741f,bc0b6d49,2024-08-12,7130.28,transfer,legit
2e9b25f6-bae1-42fc-84fc-01be9a9cf519,f2a61184,2024-03-26,402.78,payment,legit
47263748-b986-4d19-bdaa-ec5e8c6d01f3,6e7d80c0,2024-01-09,3864.16,transfer,legit
82d8a4fb-60f4-4906-b3b2-674199234ccc,a23ecf13,2024-11-13,4063.23,withdrawal,legit
c89844fc-3eea-47e4-982f-5d5626f2d1f2,d89f85bd,2024-01-08,1668.38,payment,legit
76c4d709-88d9-4747-857e-bf5f3f7a8a1f,d3808237,2024-11-15,230.85,payment,legit
0067dda1-8079-436a-bcaf-d33b9d61e702,a5f5cb44,2024-07-12,1333.81,payment,legit
3bd557a9-78a5-48bc-80e7-f232ca2316cf,2ae4a4e3,2024-12-08,6546.21,payment,legit
65417275-9dfa-48e5-97f8-58a73479912b,edf36d52,2024-10-18,8022.89,payment,legit
fd0f62b7-bba6-49b5-945f-8aa7671119ac,ce107463,2024-12-30,9882.03,payment,legit
028008b8-7c76-420f-be37-72a35e35492d,fd92fb41,2024-05-08,3463.64,payment,fraud
697f9684-2812-456f-baf8-d13bce4cde65,d57017f2,2024-10-07,5993.79,withdrawal,legit
290e4eb9-6147-43ea-8ad0-5e8ab175831e,5f54e389,2024-05-26,9371.45,payment,legit
2cd0d56e-d66f-4ed6-9138-92e504c3effa,7152f748,2024-06-24,1670.42,transfer,legit
392c8a37-9464-4f7e-b5df-dcf7d7557d86,b7ec31a7,2024-08-17,7176.46,payment,legit
23d4943d-fd1e-4c6c-8807-524bd0129c77,425ca51d,2024-11-14,7549.79,payment,legit
45630699-fb7e-4c8c-b406-30f25eb49a41,86c32505,2024-12-25,889.76,payment,legit
771c269b-ec15-43ba-9da7-9e3da4fc06d2,33a07970,2024-10-07,8612.49,payment,legit
33a7f484-c35a-4813-b0bd-1ed341f58962,734ec77a,2024-06-01,8131.05,payment,legit
c7ebeed5-79b9-403b-b306-d6cf802f578e,3950d4af,2024-06-02,334.03,payment,legit
44f90c5f-9136-479c-aa74-b28cd92f90db,a10b1486,2024-09-26,910.84,payment,fraud
0b31b825-8aa7-4e79-8098-bf3f1403cfc9,9ca29038,2024-03-28,491.27,payment,legit
4bd32447-bd2e-472e-8809-31502df0040f,a1320752,2024-02-10,3347.44,payment,legit
76ccb56d-e6d7-4367-867a-50118517ea78,9807ccb1,2024-05-09,5092.89,payment,legit
a0f12f20-ddd6-43ef-9e55-ce2707480327,da964326,2024-04-14,5323.48,payment,legit
5c78ed4d-709a-48af-8454-bb0b70b6a1fe,ea1da095,2024-04-18,2676.67,payment,legit
8de0bf01-e950-4ab3-9793-70ebd7782aef,a3549154,2024-03-26,9115.97,payment,legit
3cbc483d-1b88-4900-896e-edf72ec9d6a8,f3ab1d2d,2024-01-16,3682.63,payment,legit
2afbd14a-fb58-48f8-a17d-af490d023786,c8deede5,2024-01-07,455.5,payment,legit
779cc061-e80f-4595-a36e-26dfa43ad627,393ccc6e,2024-12-26,3002.27,payment,legit
f99f5695-ac98-4a93-b9cf-a8c5d7735ff0,131c1b3d,2024-06-05,5311.09,payment,legit
eebf50d7-d237-405e-be47-2f606781bc37,785237f5,2024-05-20,4082.22,payment,legit
3060f24c-713d-4a59-ab4b-1f4d83480d33,434d1cdb,2024-09-05,2738.43,payment,legit
def3d045-6c8c-4bc3-983c-9b31104b1ae1,c57a2798,2024-03-20,1313.23,payment,legit
fff58f66-3eff-4c4d-8ecb-0b88062a7b6a,c47b939f,2024-12-12,8191.65,payment,legit
637e0790-d86f-4c18-9b5e-da020488ab0d,520de507,2024-10-14,9961.45,withdrawal,legit
7158d06a-88e4-40c0-8e71-629547877613,78409d56,2024-02-02,3295.42,transfer,legit
d3e72457-56cc-4526-94cb-d6b05c0fd354,eb585f07,2024-06-01,3816.21,payment,legit
e8ecffce-4561-4205-86b5-1adfb89620c5,e44f09aa,2024-11-16,6180.38,withdrawal,legit
d64e3084-03ff-4af8-b411-1e4eb7ae70b0,8b2c5245,2024-12-10,7184.41,payment,legit
1f9a0dc3-ca0c-4938-9efb-0fb1dfc696e5,41635794,2024-06-19,3920.3,payment,legit
0426c458-5800-4578-95a7-62b599669787,f5aab9b2,2024-08-11,9049.3,withdrawal,legit
1c2ef143-31d8-4870-9ec4-547669ed4986,d60da286,2024-03-01,5600.04,withdrawal,legit
c621c389-55c3-4423-a6d3-ee14cf93c992,17e5a92c,2024-12-27,4503.9,payment,legit
3a6a8758-37f4-4858-9bf1-eeee95017c10,7ffbee43,2024-03-25,6466.73,payment,legit
a1054bfb-1f64-435d-b8bb-c69c581db0cb,3c6cbd0b,2024-12-10,9528.04,payment,legit
ee745da2-61ef-42f3-846a-1438516ba3ea,dde9f1d7,2024-08-25,7945.52,payment,legit
3a18801b-4d88-451d-b63f-34127f43ba61,0e1c8936,2024-08-09,400.13,payment,legit
a647ee5d-c100-43d6-a2f1-3020ff959ad8,de1a6da7,2024-07-06,3323.1,payment,legit
fbfc15c3-45ec-4cd0-809f-79b57bae4d05,3987e2f5,2024-03-25,4705.45,withdrawal,legit
cb3d120d-5421-4bb8-bab1-5d16628e358b,ebde75a8,2024-03-05,3145.18,payment,legit
accfeaac-8e0b-43bb-b2ec-89e771fb0a49,5464d639,2024-03-21,7001.88,transfer,legit
aecffe6e-103f-447d-b8c5-c533ad8ec438,3809cd50,2024-03-09,8262.69,payment,legit
0571586e-04da-486f-b97e-1d0f10d8d7db,89ff3f57,2024-10-11,7313.45,payment,legit
39369de7-cc7b-4752-b0b2-108c9d83e816,467abde3,2024-05-07,9893.33,payment,legit
c8ea3833-45d7-45af-b16b-c75a63eeb347,31301a6a,2024-01-22,2725.48,payment,legit
a54d349d-5aa5-4cdb-92a8-7a931d2bf161,0b4def35,2024-12-19,8749.89,payment,legit
060e0c72-5acf-48ea-8bf2-3fc7b33e2e5d,214fac7a,2024-11-18,7666.23,payment,legit
c5f9525d-0c26-4743-8d7b-cbc3994f8311,8f9cae28,2024-12-04,3621.79,payment,legit
ac9b3421-9345-4e79-b7d0-1dde031e4c16,197c15d5,2024-12-29,7341.25,payment,legit
7a900415-6540-4003-9afa-5e7f75fa8ef3,d6013bcd,2024-03-04,1040.76,payment,legit
5023fd8d-5766-466b-9ce0-6836bc0e4bc3,97f3250b,2024-05-24,7893.33,payment,fraud
b5d4b962-a069-4293-b723-3a31b73ca14b,85de0a9a,2024-10-03,5323.31,payment,legit
eecfa855-35cf-46dd-a5bb-574097733cd7,b792b2bc,2024-09-11,2922.9,payment,legit
c3073bed-023e-4196-9065-000c7c760ce0,48f1fcc9,2024-02-26,6557.77,payment,legit
0c9a9c08-0942-431c-9248-70f8f27596b5,94f35a89,2024-10-24,6416.2,withdrawal,legit
be9b419a-27d3-4e14-ac2e-2421a2fc51be,aa0b40dc,2024-03-22,2094.86,payment,legit
4bd831d8-3e68-4345-a925-c2935b594977,5a1ebd3a,2024-03-22,303.97,payment,legit
f264d93f-a44e-4550-a02b-da2d56cad28a,5170e6cc,2024-07-14,4336.23,payment,legit
f367c9c5-7e17-4002-9bf8-5f8c2fd419ce,308c5522,2024-08-04,5695.12,payment,legit
24efbdf6-278c-4def-8c24-b6b100e6c6ad,99098dca,2024-07-30,8766.05,payment,legit
93e4f4e6-c19d-4a27-ae4b-891f9e7427f8,3e49b897,2024-02-03,9282.17,payment,legit
e17d14d8-a7f4-4649-bfd0-d6d82ab59e86,9534f8d2,2024-11-16,5288.05,transfer,legit
3d5aa251-fe63-4a01-80bb-b3e157e49c69,e1122769,2024-04-06,7538.03,payment,legit
46713d9f-bdd3-4805-b052-7c6bdb6a1a2a,27b08d5b,2024-02-17,4393.03,payment,legit
48e33238-755f-4a7a-b8e1-bfe06cde18b0,9a5714d0,2024-11-20,7460.82,payment,legit
c109765c-463a-44f3-a92d-6ac35d611380,17074468,2024-12-14,2048.02,payment,legit
2037ea62-c198-4440-8a53-3056f5ac9e5a,ca026cd2,2024-11-10,3710.65,payment,fraud
250c35c9-ffb3-422d-a5e7-eddb0b57fb14,09d8658c,2024-10-22,6342.28,transfer,legit
a958a51f-a8ef-4533-adeb-94b35f4eff0a,a47345c9,2024-08-27,181.58,transfer,legit
2b400f3c-86f0-4d32-bf74-c3ffbe87afd0,52e3f087,2024-07-20,7224.61,transfer,legit
be182fb7-a32e-42f9-9d6e-75264eb45779,3cd6e4d2,2024-02-01,8355.36,payment,legit
b82fa49c-e193-4567-a2ab-b7745645c793,b4c42bdf,2024-05-29,3991.42,transfer,legit
edea5996-16fb-466d-b85e-33cf7abad866,4674013c,2024-05-16,4479.42,payment,legit
c736ada4-72ab-41c1-973a-c8c987da1271,4195778e,2024-04-04,8512.82,transfer,legit
d827beaa-33f7-4229-b643-6f0e7aadb8af,c103f0c5,2024-09-21,7756.55,withdrawal,legit
f83653a0-2d5f-4454-938c-5ca8fe820bde,ae242f10,2024-06-29,2881.49,payment,legit
d00e712a-613b-4fa5-95af-a04c61ff2a3c,e5a41160,2024-01-30,3239.76,payment,legit
9b1d9f3f-f850-440c-bd58-ec84ee5ab2fa,d4b2eab2,2024-03-21,6788.78,payment,fraud
a825e263-bff0-42ea-b8d6-e763608df2ba,c7ed6e4e,2024-09-06,5631.98,transfer,legit
b40882c7-971e-46dc-9b99-1297cf40773d,2756f6a7,2024-01-28,1622.3,payment,legit
e8c405f4-a8a4-498a-a3de-ed63c0d856ce,fd5645f9,2024-11-06,3099.3,withdrawal,legit
1773e9aa-a18e-4c6b-a249-2132b8bde604,43b0373a,2024-06-29,8999.83,payment,legit
62f0edc2-470c-4e7b-978e-267111b12458,6fd9eeb8,2024-06-24,6881.74,payment,legit
f0817c71-4873-4076-be08-583ff3ac3398,8549a4ce,2024-08-04,9859.74,payment,legit
00ee0478-4893-4ec4-bf55-3f4cb6faca04,0bd38b43,2024-10-28,7670.13,transfer,legit
afa674c4-19fb-489d-901d-9be1cd8e2173,cad46c18,2024-05-06,9419.74,payment,legit
5440258f-2ca4-4a0a-85e6-ba677d51e563,74cc5968,2024-09-04,2161.89,payment,legit
673bb131-861f-42be-85a3-dac219830390,d8c9dfa7,2024-07-25,7714.85,payment,legit
00d4a04e-4bc5-4e4e-8e29-f9ea1b88a479,1e3a8999,2024-04-07,202.18,payment,legit
4c8f665d-aec5-4eca-8581-c21f5169ac48,00fa52ae,2024-11-16,6707.6,payment,legit
32fe419d-ceda-4cbf-a584-0e2952631d69,c6a31a6a,2024-10-18,4692.82,payment,legit
c1e0d4d3-3a75-4c70-85b3-59b8785a48f6,c9239726,2024-08-28,3467.6,transfer,fraud
62ad702a-adb2-4291-8c8d-c09147d09ca6,f4c41a66,2024-11-06,8624.04,withdrawal,legit
c07977bc-6563-4dec-909e-9a40cfb2b55f,5d50a48e,2024-11-12,8542.68,payment,legit
1b20837d-1ff7-4598-b068-1e741ea053bc,4a9d9925,2024-09-15,223.02,transfer,legit
4f9952dd-d4ab-4b0f-8378-2cd47c09e59d,5f090754,2024-11-01,6095.05,withdrawal,legit
f6205fd9-956f-4aea-a6dc-55ca568f45f1,e27c90cf,2024-09-11,3678.32,payment,legit
28859fc4-c0fc-46e1-a240-550da2882702,e4ff5570,2024-09-05,4156.61,payment,legit
cc37a897-8951-4d1d-921d-24e1f5d3345c,a1a9eac9,2024-08-13,8320.41,payment,legit
f26559dc-8674-45c8-9f91-d712d57b0341,d3451d35,2024-10-01,3098.4,payment,legit
c9a4e460-8d34-4d0c-b1f6-81f3e3b91d29,beb8853c,2024-02-27,9430.49,payment,legit
ea5e811d-8230-4c28-8dd0-fbda3c968123,f43dc093,2024-11-17,1796.34,transfer,legit
0b360973-8b44-4b30-ad1f-dbff618fe61a,39692cbc,2024-11-14,6627.22,withdrawal,legit
75611141-f8b9-4f37-b532-57582410209f,f1f6009d,2024-01-11,6721.05,payment,legit
c0a39c41-2ee2-4cd4-b94e-580836102cea,73641a71,2024-10-28,2521.95,payment,legit
c7705661-e6f6-4221-800d-5fce5ef0e00a,6288e8c5,2024-02-17,3247.51,payment,legit
201d3332-38b3-42ac-bcb5-2abd98a5d7c1,66c29e85,2024-05-02,8347.98,transfer,legit
10261183-b264-49c0-9cd5-c2263d206524,d2c78bfc,2024-09-28,7618.05,payment,legit
d7978f0b-04c5-4495-90ef-439be0556920,3abb6946,2024-02-28,3290.96,payment,legit
458e5b84-91f8-4e2c-b1b2-b6857ac689bd,686aa95f,2024-10-25,5339.57,payment,legit
ec1a0bea-c957-44bd-98bb-f5b5632c22f0,5bf5072b,2024-10-30,616.8,payment,legit
47dc97f1-06b8-4d1a-9cb1-392827dd42c2,5309dee1,2024-07-04,2087.46,payment,legit
eabe28c4-89da-4748-8d52-63c167a22b2b,490b5d52,2024-01-03,4858.21,withdrawal,legit
ea2007dd-c03e-4475-bae3-9f0e9b511655,f95b219c,2024-04-14,859.74,payment,legit
3a682ebb-86c2-4549-84ef-90f81c4b690c,0fd518a7,2024-08-13,8433.32,withdrawal,legit
5e981d24-a652-4b54-b158-8e2aa4ecb0f5,1547733c,2024-12-24,7180.06,payment,fraud
3a80411a-02e1-4946-8d8a-6d0dc6ec5f14,e009d12b,2024-08-18,9436.34,payment,legit
9cb157fe-c6a0-41f9-8a00-c0d9b8de10ab,fa5c2528,2024-04-04,6934.67,payment,legit
0c8b7035-578c-4cc1-b273-e8b55c299278,c710005c,2024-08-19,9404.01,withdrawal,legit
15809994-fab0-47ff-8344-682340eeae92,e5d8fd53,2024-07-16,5545.13,transfer,legit
a388bc3a-6bc0-4c4a-95c7-158f49e89c47,033ba5cb,2024-10-11,6002.19,payment,legit
3292d598-0845-4e85-b94c-1d6659c09943,ab95f9fc,2024-02-09,9769.71,transfer,legit
cacd2564-7bcd-4930-a91d-6df438628e0e,8f1a8eb4,2024-10-04,6421.29,payment,legit
26fb4108-55b5-4afe-86ef-c75119ba521f,ffab9c2c,2024-07-16,307.87,payment,legit
45f8fa14-3f9b-4cab-87a1-97050b165e6d,8f80a5c9,2024-12-17,7238.03,payment,legit
6fa3a030-29b3-4185-bc79-3c0d50664c86,da8607cb,2024-05-04,9054.69,transfer,legit
213f16d7-90fb-4fac-a3f4-ffb8a9f1c44d,3ab2e298,2024-08-18,7955.8,payment,legit
237e458c-e7cb-443e-bfe4-aabf56ddda5f,8e5aa8d4,2024-12-06,5838.33,payment,legit
524a3ded-a8c6-40ba-b45c-90ad98e2d3a0,aa827d66,2024-02-07,6713.04,payment,legit
a0d017ac-0faf-4f42-837d-2fb25403746b,49a8ae0d,2024-12-08,9901.92,payment,legit
41109134-93b3-4e2c-991b-50a9ac6076e3,f57b3e2d,2024-09-08,906.62,payment,legit
37a32b69-a65c-475e-a8e4-d5935ff4c453,9027592b,2024-01-25,6672.45,payment,legit
3a4ae74e-26b2-435e-a6aa-8800d97254ad,ea1e659c,2024-04-19,2833.98,payment,legit
3444d634-4f0c-4292-81f1-8963a0469707,0c0f9830,2024-09-15,6400.9,withdrawal,legit
46803243-5470-4d6f-bee9-446e8ffd5afc,492a4461,2024-01-25,6076.24,payment,legit
5d37c4c4-a861-48c3-9b61-05142fd0b2e0,9715dca0,2024-07-31,1534.57,payment,legit
b493dbda-4a99-4548-908d-59649344659b,79e63ef4,2024-05-06,2067.47,payment,legit
4f934455-a82a-4329-b763-5af052be1c3f,ba34f9b9,2024-08-14,6216.3,payment,legit
0ccae1e1-d1b1-463d-8d08-3b7d9dba3494,425a2814,2024-01-17,1282.3,transfer,legit
89858c89-dd11-4abc-9a74-526268d0d771,efa3a0d4,2024-11-14,2651.81,payment,legit
bd3c077e-bda2-436f-940d-e320f6858275,def5d1ee,2024-12-21,8352.46,withdrawal,legit
9b64cd22-0fb7-453f-b2a8-ec894ddaf7f1,92df6bb2,2024-12-19,3270.92,transfer,legit
29e85b27-81ed-4a3b-96b5-cb3b885ed77f,e2575cb5,2024-09-30,4880.6,transfer,legit
9c58e453-7e70-41f1-b6eb-41740f44a6e5,e4e602aa,2024-02-17,9411.4,payment,legit
61697a3f-b375-401a-9b72-01b854b56d8e,332a2fef,2024-10-03,2271.49,payment,legit
06a99cde-1d12-406f-893f-0eeae92196e1,7640907e,2024-01-09,3896.26,payment,legit
c7623933-a593-4c43-b928-ad0b0f0bbc6d,37626f59,2024-01-09,6064.58,withdrawal,fraud
6b454c09-d19a-4e08-af4a-b80796c2f2cb,5733d430,2024-04-28,7553.39,payment,legit
7707e49d-4291-4dd8-ba7b-16997f83bbcc,2fb65415,2024-06-27,9016.53,payment,legit
91d8417b-0dee-4017-bb34-178ac07199dc,f699ba9b,2024-10-08,9154.73,payment,legit
5b28096a-36b3-441b-8f5c-bea0cc4cf05b,b1ffe0e4,2024-09-06,7766.4,payment,legit
95b91a21-42e4-452c-b907-36416ad33458,7c52d091,2024-06-11,2283.31,transfer,legit
48c354d4-4d9b-4384-ac76-b19c68ad960c,cc3eb14d,2024-04-09,248.09,payment,legit
ad84f44c-b023-43d3-9e87-8b41cdec6acf,bc2f9297,2024-12-29,3837.74,payment,legit
874c5158-c25e-4f56-b012-8ae947bfad9d,d496c1d4,2024-06-04,1415.49,payment,legit
2c875532-82ba-441a-9f10-6373b8417a16,b955b345,2024-06-13,7103.88,payment,legit
e34af9e0-4455-4403-a870-a2d647d95aec,c744d618,2024-02-29,6611.31,transfer,legit
ce373a6d-f8ed-452a-8b6a-56e596481554,9ddf97dc,2024-10-17,439.72,transfer,legit
7edd9c77-8500-4495-b803-44f9e5a79594,0a25a8be,2024-09-10,8365.94,payment,legit
8d46bb22-12ba-4d0b-acdb-7ec97904beeb,2e9f0392,2024-03-21,2487.43,payment,legit
ddf0fd74-b779-4973-a054-67b49d111d26,dbbd8fd9,2024-01-31,4322.27,payment,legit
6f11a3a0-c9f2-4601-82aa-edd9ca8ae863,296f0b88,2024-09-05,6679.34,withdrawal,legit
bc61831d-9399-491f-8e68-3041f245bce0,e45fdbbc,2024-08-26,4294.19,withdrawal,legit
bcc4aee1-f899-499e-81b5-68aa068b8bee,06d06ae2,2024-04-09,4412.88,withdrawal,legit
3dec364f-a753-4001-b22f-c872d7a8bc69,ef115daf,2024-12-13,656.28,payment,legit
ed1fdd47-8625-45e3-8de8-d6235763723d,08e3cc0f,2024-02-25,4014.44,transfer,legit
e6af882b-2774-4a59-8a0c-6a565ecdc05d,85f4069d,2024-06-06,7648.48,withdrawal,legit
2c7b6a15-ba93-4a43-b9f0-2fa564b3bcef,45e32a9e,2024-12-10,9151.76,payment,legit
3e89104d-ad85-4309-869a-7c5a060b41e4,fa144cd9,2024-06-02,4134.97,payment,legit
c841023b-c755-4c30-a6c8-10a37e414210,b4c0df13,2024-08-21,4235.86,withdrawal,legit
5796bf9b-8904-4a13-aad4-5adac899d14f,be4320c2,2024-05-25,7026.27,payment,legit
f0ddc7c8-7734-41e4-b006-932e5c384a20,180f4c7e,2024-04-10,9427.72,payment,legit
8c399d79-1e0e-4606-bdaf-ae6b73277c7e,fca39ec8,2024-12-25,2670.61,payment,legit
c69533a5-482c-43c0-b34a-55f6ac7d0998,cdeb150b,2024-05-29,4401.44,payment,legit
c54a5ac5-cd31-45fe-8175-769241cd85a9,920e4581,2024-11-22,7959.73,payment,legit
b1708eba-d7f0-495e-b50f-a38f974f199d,82811709,2024-03-24,6096.94,payment,legit
3c6afc2a-d737-4927-b24d-3f756e27e86e,47174670,2024-03-18,1105.86,transfer,legit
e1241607-b45f-4bb0-96fb-62726e283c44,0e711953,2024-01-12,6277.33,transfer,legit
dbacf445-4fb5-44cf-89b6-9c1b6ce41db1,10b75643,2024-08-25,1867.46,transfer,legit
5c3ba51d-9f20-438d-ae8f-5a31e0c32108,89855d81,2024-05-14,5102.16,payment,legit
ca812cea-544e-48d2-bb39-31ebfe86ff4f,0b249939,2024-11-11,5291.03,payment,legit
12d7ab8d-cc94-4855-af41-12d72ccd7a1d,bb6afc57,2024-06-21,8762.03,payment,legit
764fd186-722e-4510-80dc-ea42dd83aa6f,20c9302b,2024-12-19,4624.94,payment,legit
2f68cb1b-2837-47d6-a3dc-afa20bccec2f,186efaf6,2024-03-08,2794.42,payment,legit
2b4b111e-403d-4956-95b1-1137ee7b961b,12e2fafd,2024-11-13,2309.66,transfer,legit
1f2f99ac-0b1b-4a8b-9350-d91f941a5872,37276f00,2024-10-10,8742.52,payment,legit
014df22b-5148-4fb8-a891-68aaa144be50,8525f7d6,2024-10-08,1710.11,payment,legit
c1276113-1879-429f-b075-8a3ccceeb108,69525107,2024-11-04,4258.69,payment,fraud
80e61206-eef7-43ab-bf27-81bbde77c1a9,f205264b,2024-10-04,1871.73,payment,legit
f6e4bd6e-59cf-45d6-9844-1517d0c549ad,25f5a349,2024-08-16,7733.04,withdrawal,legit
7a12e67e-23f0-4026-aff3-7acd1383c589,a88c03c1,2024-02-17,4743.73,withdrawal,legit
a8a339f5-2f01-4cf6-8c18-2299e3ca222e,77459842,2024-01-12,3511.44,payment,legit
692b8e84-7edd-4800-b08b-0b72ae36464b,bd799e72,2024-12-02,3611.0,payment,legit
a95548c5-e9ce-4382-9271-3a3f2ed9e6cb,74112503,2024-08-13,8522.14,payment,legit
abf414c9-989f-466a-aae0-bbda8f061370,c8e2e684,2024-10-17,5537.74,transfer,legit
d0a6e880-3654-4cb1-a517-c3ad9ff95154,369b1b4f,2024-06-24,7178.68,payment,legit
73cb4c48-d60c-4a0f-9c4b-6fe6ec5f4fa1,a217e07e,2024-02-12,8970.39,payment,legit
809ecfa0-73d8-4ea2-af63-02934806c5ab,21f83c43,2024-02-15,9017.42,payment,legit
9b43c60f-0dc9-4ce8-8ce1-09bd0893592c,74dd7486,2024-09-07,3285.09,payment,legit
5d303395-0c7a-4233-b4c9-298f4cc2c488,70dfd040,2024-06-06,9524.51,payment,legit
0199c385-2adc-4e35-8a85-04f27eabe181,48587ec8,2024-03-14,248.76,payment,legit
65c43574-6b4b-4430-8566-3bf0927ea18d,52b80e3d,2024-06-28,3768.36,payment,legit
26850f80-4e6c-496d-b592-bb1580ec473b,a84ed8ce,2024-01-24,8957.99,payment,legit
83415a8d-58c0-44ef-b102-44b6f52695ac,b4c6648b,2024-07-31,2746.37,withdrawal,legit
74cf5ed3-aabf-471f-891f-e9054efb8300,fdb8bf0a,2024-04-08,2730.81,payment,legit
d334061a-8672-494d-a0d9-4d8f88910dfd,b6714590,2024-10-18,3026.22,payment,legit
087c219a-940d-4192-83eb-5486621457e3,dc8eda8f,2024-04-23,6123.13,withdrawal,legit
580a2341-6394-44dc-b94b-6d7a7f7b2278,6683f8da,2024-06-15,4383.33,withdrawal,legit
c123b006-edb8-44ad-924a-16fb3dc1e7b7,8414ecb6,2024-01-05,7267.35,payment,legit
fe778c88-bb89-4d7d-9105-2513cef268d2,e4ab36e1,2024-01-27,8949.11,payment,legit
d2b3b519-d1a0-40a7-8c38-cd5447e2dc87,947795ad,2024-05-23,6741.99,payment,legit
6f188b52-4f18-47e9-97f9-061a13be2cef,6863f44d,2024-06-24,2044.67,transfer,legit
b7ace159-6ade-4d88-93e0-0193a15cd06f,df821999,2024-08-07,9326.82,withdrawal,legit
2709b67f-a1dd-412d-b65b-5c50463f86a9,fad75a33,2024-04-16,2644.93,payment,legit
1b21a968-b257-440f-b2c5-c5da74fad908,bae9c9c8,2024-09-10,1498.94,payment,legit
80d07fcf-380c-4eab-aa26-17bf2c3a8f33,b401712f,2024-11-09,899.67,payment,legit
7d61abba-942f-4a81-b014-6c94aab5fbc4,54c3408b,2024-10-11,5633.84,payment,legit
e3220d70-4191-4244-9803-9275b562bb35,234bc165,2024-01-15,1137.62,payment,legit
6442b0ab-f946-4e39-9612-5b8051f64184,4d055059,2024-06-24,1387.76,payment,legit
b4300a30-7200-42e1-94b3-0c297abca822,d549b3cf,2024-02-08,3000.3,payment,fraud
7a2d5208-76b1-48b2-8fa4-58c3bd46383d,5688be1e,2024-03-29,2816.53,payment,legit
fca44f3b-d69f-47c4-ba43-acce9b41ea47,0f7be8c3,2024-12-26,6042.4,payment,legit
5c93b91c-1881-41ed-a201-18655372653d,07d7b06e,2024-02-22,8167.45,payment,legit
fd2585ea-1115-490f-9d4b-1caff3b7c589,550af7cb,2024-07-01,7613.5,payment,fraud
2568bc0a-0ebc-470c-923d-d2755966d07c,e02c992a,2024-08-13,2624.84,payment,legit
d895bd5c-99c6-4fa1-a9bb-8bb8bca93c4b,d9acae1e,2024-09-13,2453.1,transfer,legit
f3f888b2-94bd-4e74-8db8-6cb5b9418b96,c0c8a143,2024-07-23,9657.92,payment,legit
c6833433-52fd-4090-b600-b919a9eeb45e,bb692e8f,2024-01-04,82.36,transfer,legit
75d5f8c1-2142-43e0-a2e1-c22ecbd38435,3187d21c,2024-04-29,8797.21,payment,legit
c8adfbd9-233c-41c3-986e-98c39dc65b66,4594566a,2024-07-07,1997.29,withdrawal,legit
08109cfc-76ac-49cd-8265-f5d61de2833e,a79f948b,2024-02-02,9472.84,transfer,legit
b547bf7b-5c9d-48b1-b1e7-074da86edc77,a906fa1c,2024-05-07,3423.07,payment,legit
bad5510a-42d2-487c-98d3-01b7562473ca,47519a4b,2024-01-13,4403.52,payment,legit
b44d38ce-7f57-4553-9624-d6356bf9759f,569a0ef4,2024-01-29,7071.21,payment,legit
0497dc2a-168b-42d3-afa0-d3dddca52308,08c9b9cc,2024-05-24,5876.69,withdrawal,legit
89d24fe7-3a69-447a-8d91-4ddffc342e72,05a9e7ea,2024-02-18,3179.39,payment,legit
79e55697-903f-43ef-80a5-c2f22fe9d7f6,a70d67e7,2024-07-26,5538.31,payment,legit
1c8567dd-1633-4c47-a142-f6c63f174877,802ca989,2024-09-08,7307.07,payment,legit
40fff9aa-fd78-4082-8218-540748521a19,e97769b7,2024-10-19,423.35,transfer,legit
02163110-975a-4940-8e4e-7452e7e64337,bfcd147b,2024-03-14,111.99,payment,legit
9ab6ac9b-8b70-41a8-8294-e4f20f751141,71abaf21,2024-03-02,4580.67,payment,legit
a585e4da-80c8-40a8-9809-e76d6a447f30,bb17346f,2024-02-08,1318.37,payment,legit
2b866dfd-d6f4-4235-a4e8-cf58211dadaf,0bba6340,2024-08-20,6643.44,payment,legit
fd30d467-fadd-4a1f-a3d7-a2e3a8ccceac,b451cf3d,2024-09-14,2140.52,payment,legit
c6557765-4161-4cec-a34d-ad1fec8789e2,26f72add,2024-01-12,4328.51,payment,legit
e4379d1c-e981-4e64-997a-02af5b0e04ca,fbdd590e,2024-12-07,1976.71,transfer,legit
60585179-aee3-460e-b2c8-ec9639ed73b8,00feba00,2024-01-19,5484.84,transfer,legit
1ca0502b-0142-48c9-b4e6-633bcfe70d57,52d03d03,2024-07-16,1160.53,transfer,legit
966d5d00-99ba-4b27-9a54-13a72b0e4205,af07ead8,2024-09-15,231.07,payment,legit
ff2238a2-595f-4e9f-9028-3f0d2ea01556,1ede3254,2024-11-13,511.32,transfer,legit
29f7a28d-16e7-4203-8c78-a8dfa93f6a4c,2be96d9f,2024-09-17,9542.58,payment,legit
6beae4cd-cb90-488c-8094-3fcc169e9d42,5a94927e,2024-10-19,1422.86,payment,legit
a652363e-65ca-4e09-8ac3-2461fbaa8891,fd83d3b6,2024-05-03,7084.78,withdrawal,legit
e6e9d4c8-28c4-472c-9dcd-d674d74171e0,d520d76f,2024-10-24,679.26,transfer,legit
f70485cf-b812-4a26-8436-d7368130d2f2,06ab2ee3,2024-01-30,1081.6,payment,legit
3c6bafe9-746b-49db-aff0-d0f7a1132ddb,eb3a9c99,2024-11-22,5088.76,withdrawal,legit
18503ca7-fded-4d60-b7e2-8584b83e64d0,d6bf509b,2024-07-18,4648.71,withdrawal,legit
b7bd02fe-e28b-4983-a0ee-80fd35afc5b8,26a9f9ad,2024-10-25,9515.8,payment,legit
665cf45c-9454-4983-8042-e59e9e554b2f,90b12cdf,2024-06-14,9448.35,payment,legit
1a984f90-f590-4372-a3a5-3f440dbbb856,7b9de943,2024-08-22,7796.09,transfer,legit
91180f43-fddc-4fed-a074-d89498b6dc9f,519cb535,2024-07-11,6021.02,payment,legit
7a9cfd42-649a-466d-8174-df54ffc3bcb0,b66f2561,2024-09-24,4549.6,payment,legit
7602ee30-597a-4877-b37c-01780178bcfa,84695ead,2024-01-30,3561.79,transfer,legit
8652b2be-60c6-4495-936e-afbed199296b,8ead34e2,2024-01-23,9470.88,payment,legit
3a9d7c7b-5249-4436-a24c-467e4a91eaa6,ef82569a,2024-03-31,6029.09,payment,legit
4f9d6341-1b87-4778-88ef-d025116b71f8,17637222,2024-02-28,5790.73,payment,legit
eb7da67d-0653-48e2-a9de-4a8d2b816558,b230318e,2024-11-14,2319.01,payment,legit
71ceac86-00c4-4240-b30e-389458023d32,3278ed36,2024-03-21,466.98,withdrawal,legit
395c0b61-5e85-4fa9-921f-96fbb5701b2b,7686200e,2024-12-22,9451.89,payment,legit
a57999f7-b445-45aa-87c0-7de2b08ce6e3,2163376c,2024-05-02,3137.35,payment,legit
2a22cc1d-6ca9-4030-8eaf-f4cb5d6bd485,e698ae5f,2024-03-07,4425.89,withdrawal,legit
297997f2-e637-4f9e-bfce-76777bde3355,82861361,2024-10-15,1146.4,withdrawal,legit
445edd62-d8b3-4e8a-8477-29e27a364a5c,afe7102a,2024-08-28,8369.24,payment,legit
6577dc86-fd7a-423e-b89d-c638593063c3,df646b98,2024-06-30,276.32,withdrawal,legit
9cc86ee4-9056-490f-a17c-5bbf6c4bf0ac,02bdbe0d,2024-07-21,8339.91,payment,legit
9f93244e-1a76-43f9-8bd8-75ae76dade31,4e6ac402,2024-09-19,1402.85,payment,legit
d351e82b-5745-4d4e-bb2f-14edea61d818,14dd1c9c,2024-03-24,8865.64,payment,legit
74ec6414-90d3-4cca-84e9-0991d819076e,823d44b2,2024-12-29,7297.73,payment,legit
f0ea350d-0717-4a32-9579-5baeef889e70,d1171360,2024-12-21,1646.7,payment,legit
fed76047-a880-4b3e-bc4e-f79cc105fcbc,65cd9c06,2024-08-25,5658.18,payment,legit
4eea3a2b-1029-403d-a0a2-221e399e3c25,91595e1f,2024-03-13,3126.56,payment,legit
ea6ee165-8664-48db-abbd-3fa330a1d44c,3834a641,2024-09-05,1782.33,payment,legit
110d77e3-d583-4dae-a7a5-e5e3136b317e,22515b44,2024-01-27,8591.82,payment,legit
9b16d417-675d-47ac-bdc8-7ec91270b232,797d7bb4,2024-01-12,4035.23,payment,legit
f9408fa7-6f43-4ce8-8162-35338ee9278d,a7a45255,2024-04-04,3985.44,payment,legit
16573eab-5408-4de3-bbf3-62a73e5ec0d7,80bebe0f,2024-06-17,1698.87,payment,legit
650c5f94-8c3c-47f1-adfc-6009747fe914,e42c2700,2024-11-12,3830.66,payment,legit
45fb2497-1030-4626-8ee4-4955afb965bd,6b192ca0,2024-09-22,8716.17,payment,legit
6064c1ef-303e-48ec-876f-5a7e7ce3a074,d07ce483,2024-09-28,3631.29,payment,legit
a683833c-84ac-4ac3-a8e0-9f5a3109813c,301bdfd3,2024-06-04,9516.04,payment,legit
50f86c06-e3d1-43f2-bf8d-657460b709bc,03fad597,2024-05-06,9463.09,transfer,legit
02b61b0b-1acf-49db-b5a9-e074bbccae2c,a81d6840,2024-05-15,1448.99,withdrawal,legit
9317e925-7fd2-49d4-9706-7c7e75a412a1,40fd806a,2024-12-26,1773.11,transfer,legit
04a58113-e5ef-4319-aefe-dd9838173899,21a9ec56,2024-01-15,8626.74,payment,legit
ea20ff28-6398-4e6f-9b80-4ab915aa3d92,be2dea00,2024-11-12,3927.61,payment,legit
8624c363-aac5-4d74-b792-530387ce3b2a,b42e28a8,2024-07-30,43.74,payment,legit
b0d34758-403f-4189-a935-2689cf5f6247,e4f7bcbe,2024-06-09,2738.72,withdrawal,legit
ea0e430d-661b-427b-9ce6-dab305456bf6,74494b26,2024-09-21,5976.29,payment,legit
f9498b32-3781-4993-8198-5516ea7fe6ea,25d62832,2024-06-26,7992.66,payment,legit
b74e8a35-8540-464e-8751-7000ef719cf6,1c07b724,2024-11-14,1333.89,payment,legit
c65e15bb-c61a-4c29-94e6-cbf724ef4b6d,9d655639,2024-11-24,1105.41,transfer,legit
342e9bdd-ead3-4cb1-8800-95dd9e710c89,a6cf5083,2024-06-02,9220.93,payment,legit
909ed007-9f2d-4831-a013-e595ef6c3719,8e7e5803,2024-04-11,7511.48,payment,legit
9433a609-2a39-4b23-8630-ad13f5278721,a35b2640,2024-08-04,5897.8,withdrawal,legit
53464123-5b6e-4d7d-a127-281819dca33d,aa0d4c29,2024-11-29,7691.87,payment,legit
5dff4a93-f421-412b-94c8-465b545515a9,df75fdd1,2024-03-17,4288.54,payment,legit
a61277c5-59d5-497d-a267-9c3b9eba86c7,a00b0175,2024-08-15,7584.56,payment,legit
247b836a-0f3f-4aa7-a1a0-fcfc85532c56,7a2b36ec,2024-08-18,3718.03,payment,legit
fe8dc1ea-402a-4d92-b91e-ce3ba13bb0e8,568d0379,2024-09-24,2440.95,payment,legit
02c12273-9a07-407e-a994-724fe284b4be,b80ce277,2024-02-18,7290.13,payment,legit
6d6e5686-0c44-45e2-b3e3-0e6778dd8e41,7223fc7c,2024-09-18,4196.72,payment,fraud
b55175a0-f9c2-4228-8f04-55112ed5bc3f,1a571e4b,2024-11-27,9813.77,transfer,legit
96d102e0-becc-4782-bff2-5185537799dc,04ad21b5,2024-03-06,3494.85,payment,legit
571d6380-4089-47dd-b645-61728b9d1a43,1516f669,2024-03-27,9217.27,payment,legit
c127479b-0634-442c-80ad-322da4726df4,9deb5dd1,2024-12-20,9329.63,payment,legit
5a8024fc-c5a0-48a3-929e-44493daa8fde,d94661db,2024-03-07,2418.53,transfer,legit
59fe8feb-18c8-434b-b0ea-e5d0f80fac11,5be830cb,2024-11-07,7982.21,payment,legit
742c9483-1066-4ed6-894b-1f5a9d2f9623,713994d5,2024-06-28,4330.75,payment,legit
11436c81-60db-4264-b9ba-66f9a60bd3fd,2c5f5b49,2024-03-31,9175.25,payment,legit
098124e2-8018-41d3-90c3-71d54d3ed8a6,8b2a4692,2024-11-13,4501.24,payment,legit
ba5d2413-b867-4673-b28a-17f545d870d4,76bd9a55,2024-06-11,7443.04,payment,legit
29ed1a17-c29c-4e99-82e8-c8cdbf18bd42,38c32793,2024-07-06,4669.67,transfer,legit
b4440e4d-eacf-48a5-9ee1-7e2225f9ae68,6006dc90,2024-05-11,2278.01,payment,legit
db210457-9a22-42a2-982e-0093645e5a26,b514c22e,2024-08-04,1993.5,withdrawal,legit
921af7d6-f524-42dc-b077-af1da3ea58c2,e0421f62,2024-02-29,4254.31,payment,legit
dd480c3f-1a90-455b-911a-fd133c85f4b5,c7ecd8d1,2024-05-22,7554.95,transfer,legit
dfdc5754-7ed9-407b-844b-f8c2f1268a72,35f32e40,2024-12-19,6050.71,payment,legit
44c96d16-05a8-4ca0-a478-0c3f8cfb51c9,576fe7e5,2024-04-04,6886.29,payment,legit
9b51c737-7fd1-493b-bc4e-a0b214e5b632,743cf197,2024-08-27,2823.26,payment,legit
2cdc69f6-7209-49e9-a9e8-51c36bc3b591,90611c4c,2024-04-28,4814.35,payment,fraud
45cb34bd-012b-4721-a364-c4f216c3a211,53ec989a,2024-10-09,443.95,transfer,fraud
cd4970b7-c05a-4f03-bd39-b738fbecedba,6f189d1d,2024-02-17,8175.32,payment,legit
4fba118a-c53a-4d7f-a7a2-b775dd6ca7fd,eb0634da,2024-12-19,9898.92,payment,legit
d8cc2806-e910-416d-9bd7-2eef6361e52f,bf533466,2024-06-14,4068.79,payment,legit
30cc8a35-b0f5-4964-b09e-e690ca35594c,55a5c4ab,2024-03-27,109.64,transfer,legit
514f4d37-0bff-43c8-92e3-e38da7288db5,15210fb7,2024-01-27,1697.93,payment,legit
2107d54c-f21b-4959-b5a9-b8415d0ccf8f,7ea5de89,2024-03-02,6525.27,transfer,legit
796d69b5-4827-41a4-94e3-e221c9727442,b92f9035,2024-07-08,6120.79,transfer,legit
e1615712-7646-4bb9-814f-c9a66af7c14e,5e2077c1,2024-05-03,7878.65,transfer,legit
8a42dd58-4101-4261-9e5e-23fb01e84c01,0a7511ec,2024-10-29,2538.84,payment,legit
f7f48b6c-b4a2-4de8-8ba3-cd5f7caf0b50,740d5f91,2024-06-06,7636.32,payment,legit
b31f9ea1-59ad-4d1c-9f90-08fa640dc72f,fe55779e,2024-03-31,6879.84,payment,legit
8b0415b4-0f52-4a19-ad4b-ccb020ec5923,bd3ca121,2024-08-13,3228.14,transfer,legit
d650320c-354f-4723-b794-59df96909506,ea19e5b3,2024-09-14,5454.88,transfer,fraud
0cb06738-4fae-4329-8723-27deccc12cff,944020e0,2024-03-01,1472.74,payment,legit
6657e064-e247-4e40-857e-1531866848fe,5ad291bb,2024-03-02,4525.65,transfer,legit
348da077-ddaa-4029-b27d-15ca7012a09f,3cb73e0d,2024-01-14,8811.97,payment,legit
760bff36-bd2d-427d-8e68-8faf425da2aa,0c5b628c,2024-09-25,4211.91,payment,legit
a2d2d85b-2bc2-4d8f-8b1e-e76a5f980535,627d7883,2024-08-30,8395.67,payment,legit
7534eb5d-8fb2-4928-a112-4adb51229d1c,cd2e0bfb,2024-06-22,5902.53,withdrawal,legit
92424fef-5ff9-4704-b4e4-e1102ac0d713,6a75b671,2024-11-04,1918.77,withdrawal,legit
b42f3700-f22b-424e-865b-748a5fbf12af,dc47f254,2024-10-21,5811.06,transfer,legit
94f9b1ae-9662-4249-9625-2fc6b13ca1dd,d2a528b4,2024-08-01,5059.83,withdrawal,fraud
e7893b0c-e32a-4ced-9232-f8002c7b6234,944ae159,2024-11-12,3986.41,payment,legit
3d3f02fc-3eb3-4065-91c0-9ae49ae7de01,8f21bb60,2024-03-16,1196.3,withdrawal,legit
76cc8f5e-da63-472f-8eaf-bed113698772,c807ba82,2024-02-10,4167.09,payment,legit
c9ca0175-167d-4b84-9bc3-0ef0ce67ce00,b303f633,2024-04-08,727.62,transfer,legit
02dbebf7-232a-4969-bef1-285d754146e3,658e6cda,2024-01-21,987.69,transfer,legit
6cfd84fc-ca53-490d-b1d2-3c3baba59360,2e3b7b8c,2024-07-12,4159.17,payment,legit
7396f8a8-75c0-4a60-b878-4cc7e73b5eac,06d59d9b,2024-12-07,3053.81,payment,legit
99ca219f-4788-47c6-9d35-94304d084e30,e2172074,2024-01-15,9255.44,payment,legit
29df4dae-2919-4637-9c20-88339da20818,e5374e18,2024-02-14,3757.06,withdrawal,legit
e39bc723-7b40-40b8-9dd4-cb47e9ea5bb4,e8f0b9ae,2024-06-14,7578.58,payment,legit
06ebf8de-c3af-4b9b-92bd-993cde477ba8,561cda24,2024-12-06,5302.48,payment,legit
1c26e41d-3304-474a-b791-bf1f8822d5e8,7dc554b2,2024-04-25,7040.86,transfer,legit
3f9c0678-c5df-477b-bf5d-19e394d4e50d,8107f2c1,2024-07-04,2601.16,payment,legit
40d3a8e0-6fa6-426f-98fc-7fd548a26264,6480232a,2024-01-16,9419.05,payment,legit
b21ef057-6bec-4938-a8c0-ccddc4f03301,5aef2a6f,2024-02-24,5300.88,payment,legit
d5d767c8-fbe1-4374-8340-a37061029d9a,27a358dd,2024-12-26,8313.24,payment,legit
0901121f-222e-46cf-b4c0-56030803533b,9fd1d176,2024-12-18,3650.46,transfer,legit
19113aec-ec9b-4797-bfb4-78fa8bac71e8,63a56cf7,2024-01-02,1002.11,payment,legit
645de593-2aa8-452d-be37-851ebc56040a,f95a5023,2024-12-13,6737.12,payment,legit
79c99832-503e-461f-b303-cfe48f6ef147,8433a6a7,2024-08-21,77.6,payment,legit
b6b713d5-6678-4ec9-b319-48735d458156,584c9e26,2024-11-12,4752.93,payment,legit
237e3da6-90eb-4017-872d-269f3fcd3d35,cb65fa03,2024-06-14,1928.02,withdrawal,legit
c4c8b96f-e995-4f56-9400-6cd23c03aa00,742f4dec,2024-07-07,6273.76,withdrawal,legit
4f340908-855e-4996-b53e-0c34258b814d,be506c45,2024-06-27,9794.2,payment,legit
0d47ecbf-ee58-4d95-b91e-41637f93fdbe,1360ecd5,2024-08-31,4644.03,payment,legit
36e60583-3af0-4502-a2ed-3a7ec26149fd,df10ccfd,2024-02-20,8174.98,payment,legit
f5b4e2ab-986e-42c7-a634-4704c555186f,598f0301,2024-01-11,5077.84,payment,legit
2cb2cefa-eea6-4623-8a7a-479342e4217e,64c34a68,2024-04-22,4958.4,payment,legit
5e8d42d7-1dd6-456f-b90e-707974a74dbc,89454872,2024-09-14,9304.23,transfer,legit
0de65f08-0d7c-4034-a34e-d648ca0b4ef6,8012a12a,2024-03-14,8899.66,payment,legit
8d6f4490-ce73-40fd-b101-8a911008a862,e54c6388,2024-09-02,7858.0,payment,legit
a90a26c3-ba8b-43e4-8e3d-e7ea4ff997c4,c67f8b09,2024-12-20,2962.56,payment,legit
651b16b4-af94-4ff0-8bb7-7e19d849f026,7f583d91,2024-02-04,5450.08,payment,legit
347caf22-4005-42df-acd5-88e8f39936c9,864031a3,2024-09-02,2238.97,transfer,legit
52f17899-3574-4812-8446-654ef6c0acb3,bc9f451c,2024-06-10,4439.17,payment,legit
ee84994c-1538-4c4b-a671-0d0e2ceffc8e,b0b7cb35,2024-11-12,4842.13,payment,legit
ffbf1aed-4c96-4c98-8f95-f8f6aa68a057,a42ea995,2024-03-05,8316.4,payment,legit
00489f82-f6a9-411f-b68a-4150bcc97977,27b228d1,2024-09-09,8960.28,withdrawal,legit
a68025e3-807f-48e4-9d50-2ca433e80b8f,0911891a,2024-11-01,4146.2,payment,legit
4f8b3e18-09c8-40ea-9bc0-69da0a0e9c0e,9c6784a2,2024-12-10,177.04,withdrawal,legit
46355846-4f4a-4a96-9990-1576742da60a,ce84ef96,2024-09-06,8617.74,payment,legit
5284b75c-d3c7-4815-8fb4-3cb7df0c8963,f1f49b31,2024-06-30,1742.79,withdrawal,legit
3893c96b-97a8-427a-9caf-f28fbfa1e5a1,c41b6750,2024-08-13,6218.82,transfer,legit
f9ae6598-c99e-4215-a397-348c7e0b0f42,39c76741,2024-11-13,249.71,payment,legit
3beaaed8-8c6e-43aa-9aeb-b69b00a7aa86,f381bc22,2024-07-27,3995.06,transfer,legit
6fe24404-1938-41d2-ac6f-abe1c83d2cec,d6197b20,2024-01-12,9859.6,payment,legit
afb01f1b-8caa-4e69-8bf4-83dd2a70537b,a02a460f,2024-12-05,1006.94,payment,legit
908a82c5-6cc1-44c5-aeb1-5431ef015af1,d43b068c,2024-09-08,4236.93,payment,legit
4b547e30-48ae-4758-84e6-092053f19ad3,f70f31b2,2024-09-03,3071.5,payment,legit
07b2e847-9a88-429c-8a6a-056e2752eacd,7c6fea17,2024-03-19,9050.88,payment,legit
9a6da994-07fd-437a-8007-75a0cd95ac4a,a1199e5e,2024-08-28,8693.4,transfer,legit
1ce9f9ca-7193-4f26-a87b-678f76df26dc,7744e2f7,2024-05-23,2376.99,transfer,legit
03c0791a-43fe-42c7-8f54-2633463f821f,6bcdd78f,2024-08-25,811.88,payment,legit
f6e9fb29-5456-4e90-ac84-8c24388acd27,e1b7cef9,2024-02-08,6271.38,transfer,legit
1901e500-65a0-45d0-9c3e-cfdb7054a4fd,2ebce256,2024-08-28,3363.69,payment,legit
52e8b207-59eb-4ab3-be3a-b842c97031c0,9de3c3b0,2024-12-30,6720.84,payment,legit
45509488-1ce0-41c9-a7a0-31de2ceb5f67,9e20d6e6,2024-01-18,321.2,withdrawal,legit
7afd49e2-a4e8-4134-ab0a-e0a8e0743b9b,794cb782,2024-12-22,1333.99,payment,legit
44a41dd3-736e-42e6-ac77-5daaddb080bd,34ec6c95,2024-05-28,6863.72,payment,legit
6960fd31-ae88-444b-957b-83a6c189a9be,ab6dcd4b,2024-11-13,2123.71,transfer,legit
ed0638f7-64a4-47e4-a936-79e6ddb7d99a,cebe04f4,2024-10-12,8575.88,payment,legit
7da767a1-f928-4177-8cc2-5e7e2af9b56e,5981a546,2024-07-25,585.91,payment,legit
b052c13e-63e4-49db-87ae-7e345543f831,1655cb71,2024-09-26,2154.82,payment,legit
8212f3c4-a1d8-4215-b454-91002ac703f7,f6379d2b,2024-11-16,9985.6,payment,legit
43a8e192-eff3-495d-a872-23ac9f90c4c2,41910cb1,2024-05-27,4330.76,withdrawal,legit
5295dc74-1594-45e9-8a0a-c564c9084b7c,948ff844,2024-04-29,7029.66,payment,legit
f8c21aaf-9554-4d4a-a78f-6c9abe370213,0385df7a,2024-08-31,1826.63,payment,legit
7a3567f2-9a2d-428e-b539-3773f67d19cf,a43f8739,2024-10-21,6098.69,payment,legit
01d53284-5ba2-42c5-8830-a96dacfad062,d6d405c9,2024-10-05,7261.06,payment,legit
712d87e2-1087-4bd2-8595-771f0a0c2893,b62fc5dc,2024-10-18,3144.77,payment,legit
d3651091-6337-439f-b677-30f0b2e5e2ca,6a343fa0,2024-06-07,8288.97,payment,legit
273aa032-977c-4278-8c30-20907c127704,7b73455a,2024-10-25,6034.18,payment,legit
47973613-95d0-4386-98c4-4f49e6fea99e,928268e8,2024-02-13,3891.23,payment,legit
7eaa7fed-0a7d-4411-9ca1-03b6696a7941,824b5150,2024-07-17,5576.42,payment,legit
6e2ecfa6-baa1-46eb-b8ed-9c69a03448f3,46b8787d,2024-01-03,5767.61,transfer,legit
f1ec9c3d-8840-4c76-ab99-b206e121ac32,20c7e89f,2024-04-28,1655.35,withdrawal,legit
58c0fb6b-7e99-4d60-a3d4-ff2f573894dd,9783e96f,2024-05-13,4027.32,withdrawal,legit
95d89d1c-354c-492f-b4a0-f4e897ce4c57,584a41e3,2024-05-24,3434.31,payment,legit
a97d0649-2517-4a32-af4d-12a279acf344,3a37012c,2024-09-10,4009.03,payment,legit
0e9d2d89-f13e-4a83-af8c-733e4d2198aa,c50070ce,2024-05-21,7611.11,transfer,fraud
9ee21ee9-8543-4423-8679-42bfe2a037ce,ea21adb1,2024-06-12,4825.38,payment,legit
7589636c-2e53-41b4-8944-5b6fda36cd9d,3c23bf04,2024-03-27,9403.16,payment,legit
7747e881-e5b7-4736-a84e-dd834744f44a,33484254,2024-05-16,2936.76,transfer,legit
aab7eb6e-bd53-4516-94e2-6d1ed920925a,201339e6,2024-03-23,4157.04,transfer,legit
0f16a7fb-73bc-4a3b-938c-b4938b4f1e28,226c0d5a,2024-01-27,7869.57,withdrawal,legit
50ebd563-40a7-4d88-9231-431c13f5d54a,c2825eb7,2024-08-08,5460.25,transfer,legit
b5d1362f-9a75-4f06-80cd-684f2e524022,f529083a,2024-08-31,5470.28,payment,legit
3415e055-c2d1-4e90-9a3e-890bdf8a99b3,aa25f1ee,2024-08-14,533.4,payment,legit
84fa2dfc-eb8c-4c57-8be1-532d5a80f2d8,56184149,2024-06-18,3986.0,withdrawal,legit
b974a7de-4159-4917-9bd3-93a4d550c9bb,5066ae09,2024-05-18,2707.34,payment,legit
69fd24f1-cd96-4d81-9475-a2018f6199f6,35b1b0b8,2024-11-11,9993.35,withdrawal,legit
cc9da070-394e-4ba9-8552-8a908acd1d3d,754775ff,2024-07-08,3083.55,payment,legit
8ac82d3c-b1dc-408e-9fc5-237679bfd85a,e8c9a5fc,2024-06-23,8844.97,payment,legit
50f088f7-5190-432d-b839-522b7f953314,8a967f7a,2024-01-10,6762.34,transfer,legit
dae877b2-fbcb-43f6-820b-2d2d6b7f0e81,375dd658,2024-05-04,3409.16,payment,legit
39582605-d55d-496f-83b3-447ff82f3294,c876627e,2024-05-18,5435.34,transfer,legit
5bc901ed-ed9a-4312-932c-c89a7e2161d9,400a536b,2024-05-25,8405.36,payment,legit
8e764648-4726-49da-8323-e3baa3da6da9,af06ae71,2024-07-30,8833.68,withdrawal,legit
433cf79c-05ee-4b1a-b643-17034535096a,6c9b1b8f,2024-07-13,1603.94,payment,legit
01e7979a-48a3-4067-9102-f51a5d5b1378,3a4d310e,2024-08-09,3395.73,payment,legit
12107681-44bb-4dbf-a45f-17b530f6adea,a1cfb8a9,2024-10-06,3352.23,payment,legit
982f9e1b-57f7-4012-a180-e836634f1321,a546d85e,2024-10-23,420.45,payment,legit
eb3d60b2-3ec8-4c4d-9098-9b0763923f7e,88d3ed3b,2024-09-19,5982.38,transfer,legit
6a6c66c6-22a5-4d01-a3ba-76b68a766f90,40766a9a,2024-12-14,8548.2,payment,legit
9f04f8b0-595f-4e2a-b48b-b02ecd0f86f0,81f2f393,2024-01-07,3815.74,payment,legit
fc1cc76e-fc3c-45e4-9f02-24b8128ac247,592ae75d,2024-03-12,7400.36,payment,legit
f823d1d5-cd8f-4f83-9310-c27bcdf5b099,f4835890,2024-01-03,6277.0,payment,legit
51fac973-8288-42cc-982e-25ad99be001d,b5e93c9c,2024-08-24,3756.49,payment,legit
9b54e516-3b5b-44c3-89ae-bf971429325c,625245fa,2024-11-23,1410.6,payment,legit
c1e9ae78-fde8-45ef-8112-93cc0b5e10e5,509dd13a,2024-03-29,7093.24,payment,legit
da96ab49-73e8-4a47-8a32-9913d66d7624,43e998c1,2024-12-04,8545.65,withdrawal,legit
2beb0d25-3f1c-4e4f-a90b-f7b1515863dd,fa54b699,2024-01-22,6858.54,payment,legit
34fc6a22-c83e-4273-9fb4-5256c4a9fe45,f633f74a,2024-12-07,178.78,withdrawal,legit
eef14a36-54e6-4d97-a2ca-af3a80587dc4,9868edfb,2024-05-08,2162.33,payment,legit
948a5219-029b-428e-abb1-7c6794cf7d30,03a495c5,2024-02-07,694.8,payment,legit
26094bbc-2125-4b5e-815d-7e17e1f8c021,7da81c82,2024-06-26,5703.86,payment,legit
357143f1-8f23-4b49-ad29-cbcd3a79573b,8bf9fa7a,2024-04-03,7564.78,payment,legit
f9ec3a69-a940-45ed-b53d-8c7771b78464,ae89b4d4,2024-04-13,1105.79,payment,legit
20b87413-f8f0-4af7-b284-4579bb55efe3,c9b0c4c1,2024-04-22,8383.38,withdrawal,legit
bfd540b5-a3a3-45a0-8e91-340c4cab4968,cdb1a4cb,2024-10-20,5555.09,payment,legit
a163f8bf-4042-42b4-b996-86e66cdcfa8b,d4d3bddf,2024-07-15,6899.69,transfer,legit
d68e7261-6cd9-4afa-b610-0a05d55b0fac,b1336ddc,2024-04-23,9714.02,payment,legit
45155105-ad18-4c7e-b015-1241f0162b83,4f94533b,2024-08-10,836.81,payment,legit
9647df42-7c75-4bdb-bc74-f50becf7d805,fcd8a676,2024-09-18,9012.24,payment,legit
767ea3a3-6773-413a-9fe7-359265be4297,c40e63ec,2024-04-09,1261.03,withdrawal,legit
bcb2aa40-5e18-4bef-9ca4-3798aa99b946,c5b839c4,2024-05-30,3929.59,payment,legit
6878e064-c5ba-4ec8-869c-23f596eb0246,409dc16c,2024-02-14,8514.39,withdrawal,legit
78683de8-26ba-4987-bc51-cc5b2ffa56d5,96e0ba65,2024-03-07,9062.54,payment,legit
1a3cbefa-d1e1-4728-8ad6-28136f3bb80b,5e06ea8a,2024-09-05,5063.72,payment,legit
52e36cb4-350f-4d62-b10c-939cee534127,25b6a417,2024-03-07,5941.05,payment,legit
a3c89442-7a24-4060-87f1-e35ac49329c8,360b4434,2024-07-10,7081.47,transfer,legit
3e404d07-f177-4b7b-a3c6-5499d139e595,f2f6e7ed,2024-09-15,8327.59,transfer,legit
c98b60bb-2424-423f-9114-c51e2aa70c5b,443f1a73,2024-02-09,1215.11,payment,legit
da8937d0-cafa-475a-a110-ee16eb02b46c,4fbe3249,2024-07-26,8100.69,withdrawal,legit
09e73c4e-222f-4f33-a739-a06139208e21,fef33447,2024-04-03,4812.76,payment,fraud
370b279c-e42c-474d-8909-e5ceb47fc0a9,fdf35b77,2024-12-17,4506.23,withdrawal,legit
c4c75473-2913-49a1-9c12-c26d3f3aa9cc,9fe2d4c6,2024-06-25,4239.0,transfer,legit
e18b33d5-08f0-432f-aa57-992195002f50,686cfc69,2024-10-21,5092.12,transfer,legit
791a5999-24d4-412b-a044-071094233dc4,4d9f5bdd,2024-07-19,9450.51,transfer,legit
1be7f68f-904f-43be-97aa-4a6d6043ba69,e71ca6e3,2024-01-16,5482.04,payment,legit
308c0f40-c177-4b40-b667-2ea0e23f2a1b,40fd0da4,2024-08-19,9531.78,payment,legit
a0f45c92-bfa0-4950-a3be-bfb2b2701d45,ee267e6a,2024-12-13,1802.9,payment,legit
e28f21b0-272f-4345-9623-1f1c19f92f01,75570219,2024-08-07,7241.36,payment,legit
7d3c25f3-440e-4431-b160-4ff965a84d65,2f1a427f,2024-10-26,8122.4,payment,legit
b0fd585a-7b6c-4073-9a7e-9f34bdb7eb97,650e157e,2024-11-18,6791.29,payment,legit
b553960d-1530-4df0-93b3-5206f8904a92,bc49cba0,2024-03-24,6069.22,payment,legit
b1f67612-808f-49ef-8f35-1920b0293002,34c93c8b,2024-03-18,5648.13,payment,legit
c95f3b18-9bf5-467b-9a77-b316148de98a,342d7515,2024-08-11,8609.3,payment,legit
423fc301-c391-4fa7-85a8-4a6100dad643,06ced51e,2024-05-30,8216.47,payment,legit
9c27b509-e58c-4217-babf-bdd080bacf99,3c9711d3,2024-11-02,1222.89,withdrawal,legit
70d70ad6-fc73-4e1f-b168-5d62e7644740,99f090c8,2024-11-24,8485.88,payment,legit
d1ff6e2b-b44a-4b75-889d-d11f1e0f906e,5c7f9ef8,2024-05-08,4140.69,transfer,legit
bc807620-ca1e-4be8-b45e-da657ab93dbd,e16df9ca,2024-03-27,2536.97,payment,legit
c9de9afa-b71a-4799-b835-5f2292efed44,43ec4a93,2024-10-11,8697.69,payment,legit
532bdfd5-3e57-4603-9db4-0c33bfa649e5,96784042,2024-04-10,4320.25,payment,legit
14072eb8-f686-4578-9d63-a8681ce42663,b670094f,2024-10-27,8083.65,payment,legit
85be4a94-37b0-4ad6-9215-db5e2f7a989a,02270b0f,2024-06-03,2634.04,payment,legit
f038caf4-d7e7-4056-afa6-fcf1d26af2e3,36b5fe28,2024-08-31,39.29,payment,legit
d6d253b4-876d-4a3e-9165-195d17a55167,374cb800,2024-02-04,4954.59,payment,legit
68541480-ee01-4f13-b5bd-63659b0a8eba,2afdbdd3,2024-08-15,1002.28,payment,legit
deeb573b-fe9d-45c5-a55f-8f13f945da37,9c10e2e2,2024-06-13,7543.76,withdrawal,legit
a5a47053-e141-4865-8728-8253d0472e7f,6ff14e20,2024-08-02,2760.75,payment,legit
6ab932c6-9ffa-4a84-92fe-63743765c107,29c84500,2024-03-02,4436.46,payment,legit
f582b41f-83a9-48eb-8f51-84720b64ec6c,0ecc80d1,2024-09-25,870.34,payment,legit
7be69cda-5ca0-44e8-ac75-0c4380922e7f,42cf897f,2024-11-10,2866.59,payment,legit
fead51ed-cf30-4814-9b05-2af3e5e21ad9,a632b7a6,2024-03-20,7814.9,withdrawal,legit
0456f92f-0029-485d-88dd-5676367e86c7,62b4a9fb,2024-02-04,1515.88,payment,legit
2bd2201a-4aa9-4450-8c1d-e3ef640b5593,8f789988,2024-01-09,6471.6,payment,legit
02fff0b2-3a81-4b72-841d-9bd9fd5e4a94,a5cc9751,2024-08-22,9174.26,payment,legit
17e82e81-d1d4-4e3b-947b-ccbbd0ae512f,bef96e43,2024-08-09,6798.37,payment,legit
240b8dff-9460-4075-9f38-d5f2098931f0,b073f41c,2024-07-18,8110.22,payment,legit
d2673c18-72f2-4234-8679-baa155e1937c,0bf597f2,2024-03-25,1089.72,withdrawal,legit
e4dc1d7c-a834-49ca-94f4-cb006567200e,5c67cdb1,2024-05-22,2507.32,payment,legit
cc98635a-bdc2-4829-b496-5a8f99a08ec4,ec618005,2024-08-04,8945.39,payment,legit
ced6a179-6193-446d-93ca-57bdb7683a2a,f8517834,2024-06-30,7151.06,payment,legit
48cb45c8-5431-4e31-b1cb-ae2236ed2adb,8ebed88c,2024-12-26,6395.54,payment,legit
b9b638d6-3cb3-4da6-97ee-5ee635afbfb9,4d5c934b,2024-02-19,6637.67,payment,legit
b6bf2dd9-c990-401c-91f7-32ca14b3615f,2a21bc40,2024-09-10,4142.01,payment,legit
817f3cfc-1e63-4589-a68c-e9a1b9edbc83,a97b41bc,2024-05-27,445.57,payment,legit
03839c14-591c-4063-9435-00b9db9b7889,b961a56d,2024-06-05,7844.42,payment,legit
d6af99ec-cb46-411e-8774-4741d075c99b,086e72d8,2024-09-18,6787.13,payment,legit
cf38ad8f-07dc-4ac9-babc-381fc27e2536,9b606f2c,2024-09-09,4728.04,payment,legit
8636a6df-439e-40b1-9348-ba01440e8f5c,abcf1b15,2024-12-27,8997.6,payment,legit
2dc2aef8-e91a-4e89-ad28-7f68a292af43,2825acd4,2024-02-16,3361.6,payment,legit
cecb2a78-8869-484a-a107-0696c6ca3fdb,1de86573,2024-02-08,2943.22,payment,legit
a92a1b1d-f039-44f0-9e01-7f4ff79bd0f5,5ec0fc43,2024-09-21,8727.96,payment,legit
b7be90c4-4f43-45be-a85b-58f1a4b2c6da,0a103f41,2024-07-30,7969.88,withdrawal,legit
a3b78312-e069-45ac-953f-19e4dc816248,17879f7f,2024-04-10,5149.8,withdrawal,legit
0c1c7f2e-5526-4f1f-8029-1df73556ef2d,a26def60,2024-01-29,1307.35,withdrawal,legit
a82b58e6-fbc8-4239-88f4-578578cd825c,f06ae86a,2024-02-01,2150.71,withdrawal,legit
646290fb-488d-4ebe-b149-1c09bbe530f5,040902f3,2024-11-22,6562.28,transfer,legit
9f0b4108-009b-4f49-b59f-99c980f34a49,2c03d524,2024-03-11,3850.41,withdrawal,legit
42b6a72e-652b-4a25-b2ff-300551620f38,9c5563fe,2024-04-28,8364.73,withdrawal,legit
2cd4af3b-f901-4463-8ef6-888002816531,47f0bf5b,2024-03-23,9499.55,transfer,legit
73fd7b32-7ee3-42c1-b867-0a83bdd5e52a,43106f48,2024-05-09,8056.37,payment,legit
22e0172c-9136-4f41-b03e-0d6f3053c8f1,ed9e32e9,2024-01-26,3775.45,payment,legit
44de604f-dec7-4dbc-8246-2f8c3d4f5d2b,d6918903,2024-07-08,7886.86,transfer,legit
c4f5627e-3c2f-4a17-9be2-a1c539af0345,1ea06db6,2024-01-25,3514.42,payment,legit
567c2525-ffe1-4de1-9407-6c5feb27bd1c,5d4465e5,2024-10-19,1671.0,transfer,legit
4de7bb79-a343-4cc5-bee7-1264ca642089,2c81949b,2024-03-26,333.93,payment,legit
1f912727-e19c-4baa-b6d9-9292080dfbd7,4fa083cc,2024-07-16,3857.17,payment,legit
a79d6121-8839-4023-9600-05a21cd97483,36814062,2024-11-17,9035.59,transfer,legit
ffde2b6d-2174-4a2d-a21c-6b9d74f88967,15e56a3c,2024-08-25,2389.87,withdrawal,legit
240e781d-e45f-4086-a782-dd119aa2c201,8708257e,2024-07-13,2065.13,payment,legit
57a95683-085d-4f3a-af99-7041da02682f,56dbd824,2024-04-28,9698.21,withdrawal,legit
fac41f50-3481-405a-ab9c-478debc05a09,31d7c4b9,2024-05-01,250.04,transfer,legit
ec95dc11-05ed-46b9-b6b6-dcb61dedfbf2,afe3015d,2024-09-01,7857.82,payment,legit
b4fa6148-00b2-43a4-8c18-96ddd74e9bc5,6505ad96,2024-12-28,3213.7,payment,legit
a881d759-c4af-4a6b-aeff-4f70436e81ef,a1f328c6,2024-08-29,374.88,payment,legit
c85008c4-7286-48ba-a00b-bccea5b128ed,fe1b220e,2024-07-22,9178.03,payment,legit
75b0d0a9-9b66-4bea-a50a-0b72253817b5,8078a4ff,2024-09-23,1396.42,payment,legit
0766f205-a8fa-428d-8107-1a0c4154539f,2e24da51,2024-06-18,5517.79,payment,legit
e67ea1a1-c63c-4946-b58e-6707ea55d95e,43a6469e,2024-01-22,2740.54,payment,fraud
1733739b-54bd-4889-8fb1-2e6f98bf588c,1d84c807,2024-07-24,651.93,transfer,legit
ff5b9e3c-e260-4bfe-a226-860b8b75e5f4,a45cc774,2024-12-15,499.22,payment,legit
6418123c-2432-4414-957b-64bfe4a04b43,469b1fbe,2024-03-04,1155.57,payment,legit
c9f0420a-92f5-4c1c-b3fe-748137051d65,43861e73,2024-09-08,713.67,payment,legit
2c19eed6-93e7-43e2-8902-d1c5e9fe7640,3e5ec943,2024-03-14,7605.58,transfer,legit
92af9265-4680-41d8-bc48-3bf799e364d5,a6610c27,2024-07-14,4855.66,withdrawal,legit
6e5d66d1-7420-4367-a1a5-e4605c57f6c9,31d7a4dd,2024-02-05,3428.92,payment,legit
c3894649-8c9b-4752-9aad-bf94718825d7,0b4d073b,2024-06-13,4183.69,withdrawal,legit
c83a31d6-4d4e-432d-9587-e71de85dcb17,596d7a50,2024-10-02,9289.47,transfer,legit
8e25d671-2dba-4dae-b6c7-4bde0dddaf62,07d2696a,2024-05-06,9107.52,transfer,legit
4516349d-09c0-4675-9ca9-0848b08db832,e7e6d3e8,2024-08-30,7156.76,transfer,legit
914aee4c-54eb-4503-8b9c-43a36eb61a89,0a115185,2024-10-17,8846.82,payment,legit
e7af7ee1-4447-4a55-a2bf-43b5b5f3373e,c84730e6,2024-12-04,3196.48,payment,legit
7a713657-73f9-45f6-b92b-b6d7fcc95d1b,0905b1cc,2024-03-26,3811.09,payment,fraud
2a181790-46f1-47f3-a426-91b4005af7f8,3e4c8c68,2024-05-25,6137.12,payment,legit
5634b8a1-a99e-432f-ba33-e0da6dfad6eb,7de16d10,2024-02-25,6236.26,payment,legit
4d9cdb5b-61ea-4a15-9d77-48b14fae4155,48188063,2024-12-28,4817.0,withdrawal,legit
9836eeb5-8a36-4da9-b846-43e6d4bcfe73,80c4744c,2024-12-04,4006.58,payment,legit
a07a0721-e086-4462-9957-fe82494919a8,a8e4cc4f,2024-07-16,9861.8,withdrawal,legit
7e271408-2333-43c1-bb65-7bd1d21f5fa1,84d409bb,2024-11-03,8211.24,payment,legit
af52198d-38d8-4617-813c-439984b8936e,bf6f4f2e,2024-07-09,4349.8,payment,legit
21d89512-36b8-49a8-89a9-532e70cef6b1,443b168a,2024-08-15,7272.92,payment,legit
c24b74d8-3b88-40f2-9c04-f60c00aade5d,b78db70a,2024-02-02,2695.62,payment,legit
6ab1fcfb-e1fe-49cc-bee7-71e71a43052d,d087a2a4,2024-10-02,1001.69,withdrawal,legit
7d2a13c0-3040-4d19-b839-88a471589ccf,9bc21208,2024-02-16,3524.31,transfer,legit
df99dcbb-7423-49b5-a026-96aeeeb8b7d3,15f306fe,2024-10-28,4029.73,payment,legit
51afbef3-d6b1-48de-9e40-103c0a79ec15,11a78ee2,2024-10-12,165.37,withdrawal,legit
7b9f6469-3bb7-43c5-be9d-31cb478bcffd,e803514a,2024-09-15,8147.92,transfer,legit
5d57cd70-5b78-4744-8223-915686a2c534,5958416a,2024-01-14,3591.93,payment,legit
399861c8-d328-4ff3-97f2-b0b7a7d2e679,14df6e95,2024-04-20,5804.18,payment,legit
29fe8a49-a685-4686-9c95-9c577b150554,e3dcb0a6,2024-04-06,739.63,payment,legit
c48773b9-a188-46a5-a23c-9f281626834a,2dd9430d,2024-05-11,1749.97,payment,legit
4a87338d-7607-482a-9a2c-b7da7a539a20,0dede5f6,2024-02-01,8896.94,transfer,legit
e436d5ad-6121-4390-822c-61487e9ab612,7e4a1e25,2024-12-07,6086.88,payment,legit
a1092f45-7e6c-4c46-a8ea-d3d82f428fa9,8949b471,2024-07-21,9502.84,payment,legit
3823d5a6-8718-4450-b482-b8735d728616,27f5ff74,2024-04-21,9987.5,payment,legit
b486665a-6f3c-4382-8e5a-6051c8a2c936,459b1409,2024-05-24,3718.6,withdrawal,legit
44c378a7-1827-41a1-afaf-e2869e9116ab,0b0a0069,2024-06-12,2988.03,transfer,legit
bae7a719-995d-4f82-9344-385c8da1c0c7,be2b6d3c,2024-08-07,8583.56,payment,legit
c5b493b9-5e4e-42be-820b-82a24a13dc8a,a13496e1,2024-07-07,9986.11,payment,legit
ef8893b0-1907-4e86-8d9c-36accaea7eaf,e7d8208c,2024-12-01,6296.41,payment,legit
a6ffea88-594e-4cf8-b61a-8ec923613252,456b7b46,2024-06-30,7951.41,transfer,legit
afa1c4c2-b705-4da1-8c76-b6774f2ba8dc,efdf4b89,2024-12-28,7817.46,payment,legit
4b86f59d-e018-4f92-af53-415d42cdd9f4,5d750a83,2024-11-06,3553.4,transfer,legit
5f2c227e-a35d-4e23-a4da-7c8bc0008e70,41183dae,2024-03-17,5742.7,withdrawal,legit
4d018133-6b9e-45b9-9137-62e0b18ebf12,c8af663c,2024-12-05,8330.57,payment,legit
e81c7d73-a28a-48d3-9695-a338c54690aa,dad109b0,2024-02-12,6881.14,payment,legit
bd39f63a-0c3c-44cf-83b1-601d186c07fa,9fd57e08,2024-10-25,211.64,payment,fraud
98fa6af7-6886-4785-8d6e-372a297b0271,acb7f3d7,2024-05-18,3367.06,payment,legit
d24a2ab7-548f-47ee-8711-d0576db34a83,92019fad,2024-11-16,1444.76,payment,legit
6b043e71-466f-428c-9647-a5b83503f419,d7edbe56,2024-11-12,2329.72,payment,legit
d3d3a05b-ad0b-4b4d-a23b-1598c121c1c3,6157b910,2024-10-21,9054.89,payment,legit
12fc7b8f-b9c5-40f7-b8d1-f73a98d152bb,a4ea9893,2024-10-15,368.93,payment,legit
f66329c0-06a8-45ce-88a1-45fbe6c82ee6,dbc0c4cc,2024-04-21,2198.01,withdrawal,legit
b28078b0-4a17-4a41-b9a3-c56cd72b49e1,4df2d6c7,2024-01-30,3095.69,payment,legit
58aabd26-6625-480e-8997-fdaecdedf31f,245aa7e9,2024-05-27,6168.84,payment,legit
cabba8dd-d969-40e2-8a9b-5b95d2f79364,7b9af62b,2024-03-04,5341.02,transfer,legit
e0afbeb7-879b-42c9-bcc2-2b3cfdbf84d2,1f5ca42d,2024-09-10,2182.69,payment,legit
388f9470-bb09-4e04-8eae-d83033e545c1,691dad2f,2024-05-06,1642.41,transfer,legit
e39daa96-cade-4125-aa20-c5924bacd123,234e2353,2024-12-22,2367.98,transfer,legit
b0033fda-9aaa-4a71-94ec-a3601969d150,02fe8086,2024-08-21,5025.3,payment,legit
1991b3c6-8edb-455e-b0c2-47df15f7b975,f042b702,2024-10-27,2711.78,payment,legit
b52326bd-9c4d-4280-9dd7-28764274b563,8d53f1ff,2024-02-18,9476.03,payment,legit
e0c5329d-7016-4777-8fe0-fc0c882aa646,badb68b2,2024-11-10,4638.65,payment,legit
d3198ef2-894f-4563-bd58-0ace3fd9382f,7763d403,2024-12-02,587.96,payment,legit
e9cb2a1a-a501-42c8-829d-ed62ce15adc6,3841a3d3,2024-06-26,7292.66,withdrawal,legit
3a21a87e-2398-4f63-912e-139ac4b71084,4e634d25,2024-08-09,3288.45,payment,legit
5073c06a-b19f-4462-a12c-8c896f137c25,bce1b274,2024-10-06,6534.89,payment,legit
5d375e34-a691-40cf-8913-f10ad7741171,94386163,2024-03-04,2795.94,withdrawal,legit
dec4baf7-21f8-4629-bf20-6489bb1ff7a1,555b450e,2024-07-02,5707.44,transfer,legit
f54326a2-aada-4e49-b1e1-c86b726f445b,a2de271d,2024-05-25,7721.53,payment,legit
18085485-48c8-4314-9d0f-1a92b5327cf9,55d5f2ef,2024-02-23,9280.09,payment,legit
4ac722cb-888d-4adb-9128-78e3006038c4,7ffa611f,2024-05-14,2611.27,payment,legit
f301568c-2881-4b9d-b52b-963f7ef6059f,82458fa5,2024-01-25,3348.57,withdrawal,legit
d2003012-92a9-4b92-8344-71565b3cc511,b88eb820,2024-01-10,4642.66,payment,legit
f87a7667-ab6f-4bc8-a63d-57f52303c954,50c9b816,2024-02-19,9271.75,withdrawal,legit
4a1fad54-0a2b-4f1b-b9a8-e38507a07521,cf2384ce,2024-12-17,9013.87,payment,legit
f9d5c4e5-2f1a-454d-a338-8e9ca96f2538,588597fd,2024-07-19,898.78,withdrawal,legit
f7c4c6c6-7106-4bd1-b4df-623320487fc5,6bad4585,2024-12-18,1319.3,payment,legit
51e422e6-5afd-4e19-b433-8c60b1d75f33,7547b094,2024-06-06,4955.09,withdrawal,legit
8cddfd96-3ed5-4137-bb70-70a3f4fe8623,79f9119f,2024-04-23,1066.19,withdrawal,legit
0275f397-6ca4-45d6-94d9-e8163289d331,f70facfc,2024-07-03,3455.81,payment,legit
f794a490-f088-4436-bd10-70d317a3fa6e,278b0719,2024-06-09,1483.85,transfer,legit
aec0ef39-a542-4389-bcc5-50568a2b1874,fe79fbe8,2024-02-08,6360.4,transfer,fraud
b4113494-89bd-4576-b0ca-5d2ffd8bc148,edce0fc9,2024-08-21,9494.95,withdrawal,legit
05c572ab-b22e-400f-96d2-4f08f7327535,5ce3df8c,2024-03-19,9967.34,payment,legit
df67ce22-492c-4a02-8310-6103bce77a64,ab32afa0,2024-08-14,3752.41,payment,legit
b62dbf4a-dec2-419d-a114-d193327d6f12,19a942bd,2024-08-25,5990.13,withdrawal,legit
66d56a6f-339a-4161-9104-cedf0c199e29,fa36cc35,2024-02-25,8562.68,transfer,legit
4dc3ab76-1b62-4d7c-9728-9ef51c066759,14105afa,2024-01-23,1174.62,payment,legit
f3794855-f3cd-4785-b3b9-3b5a8ad39a53,b17472ab,2024-10-11,6895.64,transfer,legit
7f157657-9aa5-4fe2-a6cb-c2cecd24867d,e4fee88c,2024-06-16,4088.44,payment,legit
da8bdaa3-2d87-4d31-a665-ec0dd7d6d72b,389727fd,2024-01-22,2061.46,transfer,legit
48662d34-3a43-4eda-bb4b-deb84f2caf5a,9f0126b2,2024-12-29,4027.54,payment,legit
3e1f8391-2a1d-4364-9a97-26aa0583237a,dcebeb3f,2024-01-22,759.6,payment,legit
9808a8d9-1c48-4c9c-ac01-50f49e7a94d0,029d89ea,2024-09-10,6954.07,payment,legit
9b341146-1321-4a0a-9f49-b73dedd2e907,a48f8b6a,2024-12-25,2527.43,payment,legit
10f5a7b0-1515-4f5a-97ec-a33afdb08132,a57c7676,2024-03-28,3114.06,payment,legit
3e24bbf6-a8ec-4abe-babc-41657026a55a,49be0e6e,2024-02-21,1210.81,payment,legit
8644da3b-2f1f-4615-886c-3177352127fb,11ac3906,2024-02-14,8646.59,payment,legit
5f26a04f-0b65-47c5-a252-a3fc665c1382,7c23bcf2,2024-04-20,4934.44,payment,legit
bfbb634c-84f4-458f-a8d7-9ff3cf9e18ac,b430bec2,2024-02-06,5721.47,transfer,legit
f5227666-4b53-47bc-966f-587d2785b2ed,8079b551,2024-09-09,5694.33,payment,legit
b0318aae-242c-4610-a7fb-832a0685eb57,3174194a,2024-01-23,4104.93,payment,legit
95f98d09-98ed-4fe6-9ec5-117bb1085b1c,b0224536,2024-07-04,1925.3,payment,legit
f78896f3-aa52-4b6f-8dfb-012c502640eb,36da12d1,2024-12-29,7451.33,withdrawal,legit
88fee657-b556-4c47-a39b-9c67b46fd13f,a9decc7d,2024-10-24,1270.56,transfer,fraud
f5eea69d-7dfb-43e7-bdb1-4ccd28fc0d1d,7877a30b,2024-08-12,1038.74,payment,legit
2b7d4034-0f31-46d5-a32b-33bf2e854167,4de1d90f,2024-04-21,7101.45,transfer,legit
5afcb5fa-af09-465f-b1d8-50fd16d1624a,e0ee6004,2024-08-15,2088.37,withdrawal,legit
da023cd6-c612-448a-8566-30182fb9b726,dbca3528,2024-07-11,3067.73,payment,legit
00d49f2a-45a8-4791-ae21-8428610b9054,ee6e016c,2024-06-04,4752.27,withdrawal,legit
a3988682-a06b-488e-9a3d-1f7046dbed7a,74a8709b,2024-02-17,4493.51,payment,legit
5644b9eb-3331-47db-82b4-deba776666d1,41b4bba7,2024-11-19,7085.79,payment,legit
2af69097-6ae1-4cc8-8bbf-3abc243693c1,767a8f31,2024-06-13,6234.32,payment,legit
1c6f61aa-6372-4620-b9db-31cae8916507,685cd1bd,2024-03-12,6443.96,payment,legit
900718d7-f67e-442b-abf7-a2cebce45a16,ca0d1779,2024-05-14,7140.54,payment,legit
5601a051-e4f5-4d7f-9e40-a25602e640d2,6428a8fd,2024-05-31,2926.13,payment,legit
8d16b483-211b-4446-b2ba-0d4aef433e03,358827d7,2024-10-29,3223.33,payment,legit
9980eb43-bc26-4ef3-a39c-a13193892f69,ef295075,2024-09-24,4379.98,payment,legit
e70a88d5-10c8-4d72-8172-dd47a90910b8,1df057f2,2024-10-07,3074.62,payment,legit
a6fa3f90-96b8-4349-82a6-e3d4e338dccc,06aa02b9,2024-01-05,9849.38,payment,legit
da10d030-efd1-4127-8010-f2247b88547b,496b1c30,2024-05-31,8140.52,payment,legit
0d8babe4-8485-4068-910b-03c12888d861,742cce14,2024-06-24,1646.55,withdrawal,legit
5363e444-fd8e-4662-9443-92322270d7d8,a63925eb,2024-01-08,55.94,payment,legit
bf6c3208-df5d-4175-b48a-9ff1d1cf080f,302e79d5,2024-04-04,427.83,payment,legit
285336b8-6b83-4502-96f1-6b01eb568346,a2375be4,2024-10-04,2440.63,payment,legit
6cacc2c7-794d-48db-975b-69fed0e111f3,1958b999,2024-02-20,1142.91,payment,legit
248bfe60-2196-45ce-a9ec-8620561b88df,879a9a30,2024-07-14,5333.38,payment,legit
4a06ce22-fda6-4509-8746-7a6f1648d232,81c083c9,2024-03-19,8579.95,payment,legit
e03d8127-2a2a-45c7-bb6c-3767b632e95a,00946384,2024-01-05,7367.5,transfer,legit
eaf886f9-105f-4e35-b419-9969875325e4,534fadc2,2024-03-29,2156.09,payment,legit
91209ee8-0a1e-4e39-877f-86bc9c9b616f,b787ca15,2024-12-22,3992.99,payment,legit
d826e2f0-1812-48f1-b31e-4a1e3a9c4901,50257f66,2024-10-19,5078.94,payment,legit
bf8ae667-2594-487f-abad-5fdeed1758b0,83948165,2024-12-16,8102.06,transfer,legit
024166a0-bedc-41ee-be29-8d7673599353,7d2ea813,2024-06-27,8391.22,transfer,legit
45b96e8b-8972-4a3a-bfd8-05c1302072bd,fb38aad8,2024-02-10,9097.18,payment,legit
f8dc9b50-3a3b-425a-8777-c98ad37413e4,59595dfc,2024-07-19,5092.45,payment,legit
02846cf5-69ce-4735-9d54-964b75e50862,a904008d,2024-06-14,6942.75,withdrawal,legit
73aa5713-0bcc-4600-b870-79a34451a908,adfe8bdd,2024-11-04,1118.0,payment,legit
d555aa37-4d3c-421a-a271-5487755e8b0f,480f758d,2024-02-05,5652.89,payment,legit
a1c5b33d-717c-4557-acf4-ecc2b3ad0229,497906c3,2024-06-27,2486.92,payment,legit
dd190e8c-79ec-473f-b668-22819570d137,e361ce87,2024-02-24,4317.17,payment,legit
506c75e4-9c2d-4e13-a9e5-fcbca4580134,1d4613c8,2024-04-28,6340.51,withdrawal,legit
a159ae1b-4596-4cb6-a370-67bee4fe5033,cf82d5b8,2024-09-26,2569.86,withdrawal,legit
44ba622b-909e-46eb-8aec-f85163424152,8b22ff71,2024-06-22,521.85,transfer,legit
132deb79-62a3-497f-b0ff-be2f95418c50,df128b66,2024-05-17,102.34,payment,legit
f23ebb36-67f2-472b-ba4c-d01fd07bf6f3,a1f29a6b,2024-05-23,221.6,payment,legit
71a85885-6e23-4eeb-9ce9-6651a3d8bd4f,a6d858d4,2024-06-16,83.5,payment,legit
da6ff3ed-a61c-4d1b-a039-f0e292d92aae,bc8645fa,2024-10-13,1103.55,withdrawal,legit
8a780392-38b1-4e51-b942-7ad58fc7dffb,869a966c,2024-11-21,2394.89,transfer,legit
283f55ca-ceec-45c4-a01a-ee4bbf248a9d,57c9ebd0,2024-12-14,2212.22,payment,legit
1dea09fa-8fc4-4970-a316-919c0f96d960,08d5a66d,2024-10-14,9867.97,payment,legit
a46928ae-20e8-4276-961f-06bae8f258dc,adb804a3,2024-04-25,3060.06,payment,legit
3e052db9-afc5-4580-809a-45458410943d,77ea158c,2024-09-08,1274.21,withdrawal,legit
274f960e-2335-4fdf-839c-0fd38c05c48d,a78f6a2b,2024-06-08,5455.63,payment,legit
194e858e-cdf9-4269-8196-bcdd0bca2040,eb37dd76,2024-04-02,8579.57,payment,legit
ee08dae1-f432-470a-8fce-18a005e431ee,fc4afdc7,2024-11-02,6780.6,payment,legit
2230d693-8c8a-4533-bc2f-0e333c64de8f,23b95e80,2024-01-15,2960.82,payment,legit
5f157f80-d930-4a5d-85aa-30d09f566d79,f957b90e,2024-11-25,5616.16,withdrawal,legit
192c8651-5065-4ace-85dd-f67d0a354e58,ad1616cc,2024-06-17,7148.56,withdrawal,legit
0c8054da-51d5-47b8-8f43-6bd3c876a5f5,b87600fe,2024-08-20,7281.04,withdrawal,legit
f4583910-c56d-4ef5-b029-310b44515b67,5bf1831c,2024-08-28,6665.38,transfer,legit
866ee600-a02e-49bc-b336-592f2cd03e04,a7c2d853,2024-11-22,8708.1,payment,legit
25072935-25ac-4e26-b290-32c631bf1ae5,013587d5,2024-08-20,8701.05,payment,legit
ac3794af-ac33-4849-b677-bcc36b8cbc4f,136108e9,2024-08-12,5789.37,payment,legit
17bb4435-3af3-4bb1-8ae3-9b12d493a683,ee58f6a7,2024-01-25,4298.56,transfer,fraud
3a808f9d-ada1-4cdf-8738-ef30097c0b61,1456cda6,2024-07-08,6415.7,payment,legit
92214362-7f10-44a2-bd9b-8841f117b93f,ad6f7e6f,2024-02-24,8182.12,payment,legit
eb016f50-a928-41a5-b5ed-7be71cf26194,4e275c5b,2024-09-26,56.52,payment,legit
7defcf74-3d40-45df-96f6-6890ba48d64c,b447a4b0,2024-07-05,9919.97,payment,legit
a74ba227-bccf-4260-a79a-4032b053fdad,1595717c,2024-09-05,1828.94,transfer,legit
98abc7cc-e851-4741-9e3d-bbe46177c0f1,9958630b,2024-01-16,4702.49,withdrawal,legit
2dad5004-c46f-4dbb-95b1-0839ffea735f,06bef877,2024-01-31,8720.3,payment,legit
ad1ce871-f3f9-4b23-8147-270e1b5606ea,085defb9,2024-09-18,2250.4,payment,legit
75e8998b-be77-4312-8703-e700eb467be9,891059a5,2024-01-27,4767.95,withdrawal,legit
336fcd6f-4862-4261-ba89-ad548045f744,9a5fb261,2024-01-27,1325.82,transfer,legit
699a2831-d940-48f1-acbc-f5e6c0e3553c,c2af4244,2024-01-05,3950.76,payment,legit
38dcea40-b809-439e-83a5-7527d83930b2,0ba410b5,2024-12-15,1771.35,payment,legit
0decff38-7231-4b9c-8113-b83a1e40f106,6cd793e9,2024-09-26,3636.28,payment,legit
39936f7b-d63d-4839-b450-fab5a934dd7a,b52fc3d6,2024-05-08,3734.64,payment,legit
90910137-0a7e-4abc-af9e-4f4e1bf622b6,11252108,2024-04-18,9931.71,withdrawal,legit
e8f5d197-14ff-4407-85cd-bb0f225f98f4,ba492021,2024-05-07,9948.13,payment,legit
ddde0e2d-d4c2-4e84-a799-eeb532dcee19,2f9d8190,2024-10-09,1147.86,payment,legit
fce09dde-b1a4-4d4b-9fb9-83ef663051db,4b9f7b74,2024-08-29,7259.69,payment,legit
be7c86d6-b931-4485-9035-3b1f32393105,5d7706ab,2024-03-08,517.45,payment,legit
a0f8ed03-6cf7-4b5a-8eb3-094c8610a2a0,395c7b53,2024-03-04,301.92,payment,legit
2e1190c6-475c-4655-b5a6-170e10a84f70,c00f3780,2024-02-05,1053.34,payment,legit
41741949-9187-45ec-9bd5-3054383dabd3,9bcf63ae,2024-08-29,9654.86,payment,legit
73e37c22-df8d-4641-a89e-254175835bce,c4d0ec73,2024-10-05,9408.64,payment,legit
f9f500d0-59b4-45af-bee2-8aa99d4ee2b8,5145b553,2024-04-06,1939.28,payment,legit
d9e8800b-c9dd-4cbf-a53b-b664b9cbae64,f38c1040,2024-01-08,1616.72,payment,legit
62ca552f-194e-4fd9-97d1-e0c1928ced83,4b9d1bc5,2024-01-30,2405.35,payment,legit
1e8a0251-2f2e-4b34-996d-2afa75422e7b,d922980b,2024-12-19,5155.47,payment,legit
0afd6629-95ad-4495-b34a-29c94b3da6d4,a4eeb0ac,2024-04-17,5697.05,payment,legit
28a45a2d-6ec2-4a13-a1f5-9f4254052059,81df703b,2024-10-07,2215.93,payment,legit
7312c9f1-3398-43d2-a7e5-f30719455bfb,942a4872,2024-08-16,7566.23,withdrawal,legit
245edea5-4d84-4011-8a8d-2a552cbdea74,6c6b35fa,2024-05-19,3095.53,withdrawal,legit
bb6e4fc4-8d6f-4590-91fd-185cfb4ef1f1,e8e252f9,2024-03-16,9221.31,payment,legit
be71b8a6-94fb-4e4f-87ad-6923ba7ee7fd,4b33fe5a,2024-02-14,6567.23,transfer,legit
0abc797d-fa90-470b-97ac-0c3ee474e182,b16f1a78,2024-08-12,4363.51,payment,legit
fcf5167d-0359-473e-a971-49d2ac343fb7,ecaba72b,2024-10-09,7899.12,payment,legit
82dc7113-6846-4f16-b025-2e00a96b2cca,a140b00c,2024-08-23,8179.15,payment,legit
b9d98687-3241-44ca-a1a2-b5542b2e6c06,af03347c,2024-07-12,2904.82,payment,legit
88ea4072-17fd-47f0-a33e-973cca187fbe,258e9593,2024-01-16,3397.15,payment,legit
6fd3d241-159e-41aa-9d5a-93f54766cde0,d1172fb9,2024-12-19,9359.55,payment,legit
20b2baf9-762d-44b1-a57d-ea90497be043,b5818cb4,2024-10-18,1647.41,transfer,legit
31337d74-6268-4910-aea3-94c465e3975b,c014721f,2024-04-16,421.5,payment,legit
230c42e3-ecff-4ef5-b1d2-0497aca90701,4809e91d,2024-12-23,4540.55,payment,legit
573def75-d79c-4f38-9590-fe57eb81c753,cee034e8,2024-08-07,8012.1,payment,legit
b66b50f1-0986-4fbb-9da2-144a449b504c,35533068,2024-07-31,7716.68,payment,legit
88f50691-ff20-465f-9100-31d14b74d928,85de52fb,2024-09-30,9195.31,withdrawal,legit
97e31416-a51f-4365-9bfa-51cb3abcf14f,9bf1ec2f,2024-10-23,5332.01,transfer,legit
c73bd95c-7e67-4989-a91f-a1fbb674ad6d,2078f5d4,2024-08-27,1000.65,withdrawal,legit
64a002ae-c4d0-44c0-a955-c77852b617b6,03738509,2024-02-16,5886.89,payment,legit
9d210c28-f236-4ac0-962b-fe1d634df838,735b0d67,2024-05-03,7783.96,payment,legit
6577ec88-1444-4342-a1f4-776c3b87448e,773f07d7,2024-12-04,933.28,payment,legit
c570ea48-c908-47b1-ba34-602436416f9c,427fa76e,2024-03-22,1726.57,payment,legit
7a34f519-716f-4129-aca1-987cdd4409ee,774fc3d8,2024-05-15,122.91,payment,legit
3b306a88-e31b-4d48-b860-97595f842b69,0cd864cf,2024-06-06,5936.53,transfer,legit
8007a159-99c8-4c86-8b07-69fb030c9327,ef70589a,2024-06-09,8867.34,payment,legit
6b0f42b1-7862-4944-b05e-a4696c950f8d,95608293,2024-08-11,6706.63,payment,legit
f8202e33-6abf-4359-94ba-2ce0fafe6ab2,7a1e8c9c,2024-12-10,9820.4,transfer,legit
41dbd200-2a0d-45ee-870a-cde6c0711dd7,a98c5006,2024-03-28,630.34,withdrawal,legit
955c15f2-cab4-4303-bc77-cd32c6aeb4f5,85eba616,2024-02-14,9030.01,payment,legit
a7442d98-d552-48d9-a66e-9d7ed6c2d7e3,08aa874c,2024-03-13,8140.68,payment,legit
429281b6-4370-41e1-b614-a4ef36e2b061,21c0558d,2024-11-19,3142.42,payment,legit
4dbb6dec-76c7-4e85-bf6c-24138536f846,1dcb1b05,2024-08-23,9735.27,payment,legit
a3648b00-fadc-4332-866e-4765808d54a6,1c9bf506,2024-04-14,2879.38,payment,legit
7e7c195c-1655-4568-810f-6ec34d1e2735,a2237e77,2024-10-24,8893.05,payment,legit
6d00c3b7-3b3e-4e6e-83d0-1fde76617369,d1537ab8,2024-11-10,8807.49,payment,legit
ed96b416-06fc-4d49-85ef-202147eb76bd,6fbd8f38,2024-11-04,7576.58,payment,legit
104b3b25-1f11-4465-b90e-f0890b2d6a66,6ce61341,2024-12-01,5634.7,transfer,legit
73b6eefb-6b0f-41be-8616-7abd9247bf5f,a3ea8306,2024-04-02,1200.03,withdrawal,legit
9dcf7a45-bf47-4b2b-bbc8-650ae2a7d010,750e55cc,2024-10-02,5319.72,payment,legit
8b2c0488-6c0a-401c-9880-f88d57d77664,ca63fa5c,2024-06-17,3567.96,transfer,legit
23eb744f-dc6f-4977-ba9e-92cdc2c52b80,ea78c0bf,2024-11-03,7922.17,payment,legit
e5a28cba-7d0e-4a50-acc3-07392798295a,7486d1b4,2024-09-22,7581.29,payment,legit
35d42733-d346-49f6-9645-5b471706134b,b520836f,2024-10-10,9106.13,payment,legit
4ec4acba-0440-493a-b05c-a3409b0261a3,29e89fbf,2024-08-27,148.3,payment,legit
22f64eb8-870d-44f9-bfec-761be2e5c643,e7befc71,2024-03-05,8091.03,payment,legit
1308c22c-86f2-475b-8afc-8fa18ac4df5c,79d238a0,2024-07-17,9384.62,withdrawal,legit
b1189a77-10a6-4eeb-a771-799f9643ff28,57cb96ad,2024-12-25,7893.0,payment,legit
b08e512e-1488-4ddb-8571-ba3ad6b7a52b,78cf5710,2024-12-08,1301.94,withdrawal,legit
d2cebb6f-7077-4967-a5b5-881b69f3d1c4,48cbf8c6,2024-01-16,812.79,payment,legit
08614acf-fa1a-42a2-ab4f-e2bc15c9f79f,6511f3bd,2024-03-01,208.45,payment,legit
7bf261fe-abe0-4cc3-b619-c0fbacc00209,3af5383d,2024-02-18,6287.45,payment,legit
d74aa96f-267e-4e2c-aea6-ef76bd06850c,277245f1,2024-09-21,6296.73,payment,legit
16944bf1-1bb7-49e7-84ea-3930d94d1187,488e4201,2024-10-25,9869.14,payment,legit
8291a3ae-bdc8-4e79-8f29-8dae8b876515,8c31990f,2024-03-18,3980.43,payment,legit
c2ec8b83-5b2c-441f-b1b0-282e35f0bb82,99e1a4a2,2024-07-03,3319.06,payment,legit
e0124426-963a-4dca-8ea9-3e97339c2454,6db21ac2,2024-11-02,6244.25,payment,legit
bf86658a-19f0-4ab9-9dd8-495556ed0c49,4bd28039,2024-09-24,8256.09,payment,legit
e673e232-0903-430a-af45-3dba2a65a0d1,f67bd754,2024-07-16,9367.74,payment,legit
d8aec82e-a01f-44f6-afd6-67c75574def8,4ad96b81,2024-08-03,8031.24,payment,legit
e8ff33f0-db73-407b-ab4e-ca15530fa3c3,ce1eb257,2024-07-04,4266.74,transfer,legit
907aa7a6-dde8-47ee-bfdc-61cbcc45e634,fb22cfe9,2024-04-18,6349.14,withdrawal,legit
ea0caf8d-baaf-41dd-87ec-4b2ef7c6e6f1,7c71c51f,2024-07-25,8562.99,payment,legit
f4b9e1ac-999e-41d3-b8e0-b2541330870d,518e8ae6,2024-09-08,4906.1,payment,legit
db41e0a2-2963-4866-bde2-f29105ee19a9,014e472e,2024-11-14,2166.87,payment,legit
c04a00b0-fe11-4742-948a-534971571f44,803f41d0,2024-08-20,1697.23,withdrawal,legit
99641dff-5e93-48a0-bff6-19b0f61cc8af,c4339679,2024-10-04,1.58,payment,legit
85040bef-f862-4dae-b4ff-da03dbac5ab5,eb0f4dd0,2024-02-28,7182.38,payment,legit
c089de91-e44b-4cdb-8bd8-49fd6f3265c4,e79f20df,2024-06-17,1110.97,payment,legit
a3ed3002-6e56-4004-9ea5-af5d561baa0a,67622ee9,2024-01-04,2438.39,payment,legit
2f12bc94-6989-48b1-9ff3-d4ee8222349b,0db1747e,2024-03-31,2978.76,transfer,legit
32457c56-afe4-41b7-b66b-72a324c582b7,6fa33a99,2024-09-22,5603.8,withdrawal,legit
aff3470b-ec7d-4fb2-abf7-dfc90c4f165a,ff3c7517,2024-12-28,3979.57,payment,legit
4a60a13a-6c62-4077-ab54-c1c08bef33a9,826db2e1,2024-02-06,6746.74,withdrawal,legit
f2a7b3c4-74a9-4670-89d5-40dff717ba75,372dcb28,2024-05-26,556.39,payment,legit
eb3c12e7-0a25-49f9-bb3c-8e58a0e0eca1,50feb705,2024-10-19,1239.39,withdrawal,legit
507438b2-9e84-4448-abaa-1b7ea29f5cf2,21ffa513,2024-03-15,4992.12,withdrawal,legit
884be46a-d10d-4731-88ae-d3c5b5fd018f,4f594170,2024-07-21,3369.65,payment,legit
52579758-afb7-4da8-af95-083b555c43ee,f0d50cda,2024-09-24,2958.13,transfer,legit
20971c89-99fa-467b-bab9-73050411067a,3d17a862,2024-08-12,670.28,payment,legit
7b96958c-625d-41d3-8350-949080def726,92c0dc6c,2024-03-09,8957.19,payment,legit
2ccbf847-a6c1-40a3-9e5c-a09869b4d18f,8a73090c,2024-05-09,6918.19,payment,legit
4acd6da3-a9b4-4f4d-bea9-db89ae4079d1,1f1373d3,2024-10-13,1216.18,payment,legit
cbdf528b-7499-4712-a20f-65f0843394d9,cabd67b6,2024-07-21,650.46,payment,legit
62f2930f-34f0-468a-b44f-a95eba95df7a,eff10ebe,2024-01-02,9748.73,payment,legit
6c5fc461-e416-4269-94e4-b90ec46b2a2f,d6cf245b,2024-10-04,6811.73,withdrawal,legit
1a99c36a-f5e5-4355-b572-20cbc46a22ad,d6d85e54,2024-01-13,4174.56,payment,legit
dae897a9-253a-45c7-9df8-da46ea21eb83,dc319315,2024-09-29,7017.31,payment,legit
d6938e5f-a0d3-4418-b7de-ae855f0daa85,ae23a10e,2024-03-14,7563.32,payment,legit
414e10e7-310e-4407-af2d-a7073103bacd,ff6c271d,2024-12-15,7799.62,payment,legit
077b4984-64d8-429f-b6d6-1b3563538817,d4f93f3a,2024-05-14,4778.77,payment,legit
37d6e57d-c777-4cc2-894d-3e188d24299f,20f2762d,2024-04-29,4298.83,payment,legit
df58d511-deec-40c6-ab45-064e09195a86,cc60758d,2024-02-24,110.28,transfer,legit
ce137cb2-e451-418d-8170-f314a0da23fc,66c70318,2024-04-21,9265.57,payment,legit
23a07627-5d46-4060-aeb6-b7bc41374454,34d6b808,2024-11-15,6033.08,payment,legit
945d0c02-af18-48a4-9b2a-5092c72bdb40,929298aa,2024-12-29,2031.54,transfer,legit
b546bf3b-c8ea-4599-ae34-0b6bfa889d7f,bd168944,2024-05-14,9196.03,payment,legit
6662224c-63c4-4db9-9548-5504fc7000e9,de099303,2024-06-12,9149.32,payment,legit
5c7d6d2e-ceb6-481b-9051-2bccd59b32a9,d0733c25,2024-09-20,9891.84,payment,legit
ef67009b-dfc7-43ca-bed7-ca4c831e8fa9,d3e0110a,2024-11-19,8740.57,transfer,legit
888f0ea3-9350-4325-93ed-e4abf73d37fd,f3e8ba02,2024-08-04,9977.84,withdrawal,legit
1d0d77d9-fa63-477c-a4d5-58f2edf8f4f8,d4876efc,2024-05-22,2446.86,transfer,legit
84589088-4586-436b-9243-631ae9cff947,095e001c,2024-05-30,8422.5,payment,legit
b24f4a27-4b07-40c2-a09e-609ff7a38836,01a15dcc,2024-09-10,8230.28,payment,legit
30a2577a-d97c-441f-94ce-cf4d07c6729b,aefdb2d5,2024-01-02,2309.4,transfer,legit
3d00d51f-8580-40b7-800e-4185ee20ee24,9b82cba2,2024-08-14,984.38,payment,legit
10cff967-4a43-4149-94ce-b6dd20b3b86b,900d4d42,2024-05-09,9794.21,payment,legit
e847cf95-2263-4a56-90c0-30e499e1d6a8,cc108910,2024-10-16,2960.25,transfer,legit
b161dfde-f7c2-44bc-840a-8a895c694127,ee422d8b,2024-02-03,8708.92,payment,legit
fd35a95b-5dfa-4028-989e-fa71b2e9934a,54930a47,2024-08-02,41.27,payment,legit
1c10f122-80a9-44ee-b240-a9dc84f32edf,4b353f41,2024-06-24,210.25,withdrawal,legit
d4d9b47f-4c8c-448a-a802-a8f8997af2ec,09aa25a6,2024-08-22,4658.71,payment,legit
3b6298c3-2d10-4639-b186-bbed7f095ec2,23081885,2024-01-24,2387.15,payment,legit
fe4c3917-b9a2-4d5a-be44-4c180d6be641,3b45288b,2024-07-30,6898.41,transfer,legit
507fcb20-7551-4f47-8875-ef213541325a,204e8134,2024-07-23,5655.64,withdrawal,legit
1410f223-ce46-4c3b-89c5-a7296b5e9653,fd72e3b9,2024-07-23,774.86,payment,legit
28217a2e-e9d0-44e0-ae0b-07c0606b425f,3c5662f7,2024-08-08,1626.28,payment,legit
3a81c501-561b-42bf-81a9-977b11cbbffb,afb9c57e,2024-09-03,3880.49,transfer,legit
9bdf4164-3fae-4657-aa39-0d4056898be1,9872ae24,2024-10-20,1856.04,payment,legit
e4b0dcf5-f412-4314-87c4-60ddc33aab86,1153aa91,2024-04-08,7922.22,payment,legit
82ac5bf9-f9d9-474c-844d-70f85a8c7fe9,89554bb5,2024-10-28,4160.7,payment,legit
03780574-420d-43e5-b2ea-febf3bd7142b,8cee6e24,2024-06-30,934.32,transfer,legit
9bfabaf4-8bc4-4cd1-a52a-87c9391f01b8,a86a8aee,2024-01-29,4843.43,transfer,legit
aca6c455-66be-411a-8942-2dcf2bc2b462,1e1205a8,2024-01-22,908.38,payment,legit
f7032bbc-b71a-4960-b835-2f17e74871a4,33f56d0e,2024-05-01,1289.37,transfer,fraud
ab6b0aac-ba7c-45a4-ba55-6b27a21cd28e,eef18e8e,2024-10-13,2396.1,transfer,legit
0c9580b4-8778-44bb-985d-7c2606cc5c6f,b44168fe,2024-09-15,8595.28,payment,legit
0e2f9ed4-7af3-4e24-9906-9fd81d64ffb2,ecfad977,2024-10-14,9246.13,payment,legit
7f57facb-602d-4377-9398-a8c75830833a,1d89a051,2024-07-07,8262.58,payment,legit
2591fc6c-eb6d-4581-aa55-8bd92571039c,490a10f5,2024-06-09,3340.77,withdrawal,legit
2ff24f71-f6ee-4dbc-b513-3d6234fb3e75,f754989b,2024-02-23,2724.46,payment,legit
cf0b95f0-8602-4b94-9eda-56004fb61f27,45380754,2024-04-29,5491.56,payment,legit
99f72367-54a7-428f-9f17-9fa7e1c126ac,5e4224f9,2024-06-07,7218.53,payment,legit
e81172f2-824c-402f-9354-2040fcaa7e5e,99d070df,2024-02-02,9933.73,payment,legit
7a5fe614-2556-4e2e-8f24-3d908e95910e,bffb38f3,2024-03-21,1315.71,withdrawal,legit
575010ee-2cb1-4753-a5f4-315ae96dba9d,e66007af,2024-08-06,492.92,payment,legit
a4452e70-e943-43c8-a47e-cac42b8af1df,5d27c714,2024-09-25,6943.56,withdrawal,legit
1aee05fc-3e43-4f8a-be11-ea4ecbed6640,656a0bde,2024-12-30,8322.26,payment,legit
2d8d8aab-5209-4bad-bd4a-e3afc8ee0406,9ac158b5,2024-12-06,8463.49,payment,legit
bf0ea276-79df-414d-a659-4f8d91394e24,aae1d23e,2024-08-22,6784.64,withdrawal,legit
2bcdd781-2959-4a48-8148-ef4b8b40a9a5,26b297b6,2024-06-02,9540.16,payment,legit
2da903cc-9b6e-4d77-beb1-fc35675b3439,62ffe3b3,2024-08-20,5110.05,payment,legit
3d13c60b-cd72-407c-8353-98931d648c75,434d8a41,2024-10-13,9138.15,withdrawal,legit
ae90c718-c0b2-41b7-b3aa-f1a9eb3a2621,6babfa07,2024-02-13,9678.12,payment,legit
1d16ea10-4629-483d-a5a1-5d0a716831da,1037283d,2024-05-29,8471.57,payment,legit
c62685f7-81bf-413e-9e5b-e437c55b034e,7e1161c8,2024-11-02,3097.59,payment,legit
234310cf-3a1a-47b7-bf56-7cd04114ed5c,41f588d3,2024-05-20,1962.16,payment,legit
d1eb41e4-dcf2-4532-b1ed-fe324af76302,1f5d8998,2024-07-27,5481.2,transfer,legit
f2db9fab-f012-4fe1-a58f-e012d36e9214,dd1b67d7,2024-08-02,4530.15,withdrawal,legit
dd67e285-8726-454e-b5cf-088b2f4cacd7,a1bca7c1,2024-03-08,8777.58,payment,legit
14efea0b-3949-4b58-94a7-1b8bb361359f,cf7c2e2d,2024-05-12,1000.32,transfer,legit
3e95d946-f1a7-40bc-a8d1-3d16a49fd465,e97af003,2024-05-02,2577.4,withdrawal,legit
46eb7118-e235-4b8e-bc57-fe4c5110d8fb,a3471e1b,2024-01-10,7517.99,payment,legit
44747b50-9bc4-4c39-b7d3-a8ec1e99cb3a,6f48663a,2024-01-09,949.87,payment,legit
24f9d0b9-fafd-4227-99d0-c9a026d4b1cf,ec9df55c,2024-10-30,3207.64,payment,legit
e1db8b7a-a666-45f5-ad47-5357f14537f5,a01c6419,2024-04-09,3871.55,withdrawal,legit
d5454529-c4e8-44ed-90e9-13564fc637f8,3f265191,2024-07-08,6225.94,withdrawal,legit
76bea21b-17ca-40ff-b649-7755b5cad55d,3d5f6832,2024-04-19,1581.33,payment,legit
934f9575-a3f4-4aa3-843d-5a747d3f60d5,8678bdae,2024-12-09,8606.04,withdrawal,legit
fdac1459-a766-4d2d-b22f-5965ce8d23e4,e45d0592,2024-04-04,4475.42,payment,legit
e754add9-cbc9-468b-872d-6953b0ddf88d,141c3d77,2024-06-05,9170.22,payment,legit
eb1f8eb5-7260-4e4b-8ca1-9f15d97ddba7,50ce6f53,2024-11-14,4678.7,withdrawal,legit
0b55b22b-f078-4d75-bfd7-861a3687f2e6,0255de91,2024-11-03,2750.4,payment,legit
174bc914-93d6-41e2-bca6-be0392962eb5,ca697e77,2024-03-08,1418.29,payment,legit
30561d77-afff-4e2c-ab94-967b2b748860,f3ff9c08,2024-10-19,37.45,payment,legit
b19098c3-46f5-4a5b-a587-a15d71f74905,61c4b9e5,2024-06-16,5321.57,payment,fraud
f1d74567-2ec5-4eaf-93c2-bb3e581c2d2f,62315f4b,2024-06-25,1071.57,payment,legit
bcb875e9-00e7-4e49-b8a4-5e5db4fb6561,20949faa,2024-02-18,3917.28,payment,legit
83f9acc7-723c-4a1e-a865-df303df66b67,10b1699e,2024-01-30,5892.72,withdrawal,legit
fae19498-36a9-40af-82bb-905dffb18c14,f55082a6,2024-09-22,2756.86,withdrawal,fraud
fa666eb6-ce74-41ff-9052-bdda17b720a0,99c82ce3,2024-06-30,1752.24,payment,legit
73a88411-2209-479f-a9e1-083dadf1c29e,8e1089e4,2024-06-08,7747.22,payment,legit
bd5f6815-6f20-4ee3-bb69-46359c6cf363,4d55a1c7,2024-09-23,9467.91,transfer,legit
196b2134-40d1-4327-8dd3-05889a0dcc7f,b2f1bdcf,2024-10-06,1004.4,payment,legit
064bc4e1-bc48-4107-b12b-0419938f318c,d6b5b180,2024-02-28,1555.9,payment,legit
cf099ab1-21e5-4e55-aa58-2a383b94f950,a874e5e9,2024-08-10,9600.13,payment,legit
8c659cdd-dbd9-4c05-a110-ae09b11200bc,ee5d57bc,2024-02-19,377.84,payment,legit
22556a5b-6109-4fbd-b7a9-f2a265f699f5,70562d47,2024-10-01,9776.32,payment,legit
8de2b99b-90ce-479d-9832-af3f01fb5cff,8bd8d418,2024-08-27,46.44,payment,legit
2d58411c-b993-4e4c-8a1f-b119f292ae43,21f3d85d,2024-12-15,8736.69,payment,legit
a65789d5-4daf-4d5f-a7cb-d79531a57f4b,f2d4571c,2024-01-26,3073.25,transfer,legit
6a0e06b2-184f-462c-a794-06678396a7d4,2cb1a992,2024-01-21,9385.89,transfer,legit
4e6045c3-4d91-47e8-ad0f-6549855821c0,a9746201,2024-04-12,3169.45,payment,legit
514acc9d-57fd-4e67-8a7f-f619331fc9f1,a410736d,2024-04-05,6543.06,transfer,legit
6279e995-6a61-4b77-9b76-8ef4915c4529,cd37c3c4,2024-03-31,800.33,payment,legit
e06aa617-9ab1-4223-9f5f-3aa30946f0d9,33bd3daf,2024-11-26,2423.3,payment,legit
c0067fa2-2b76-484e-8590-1082846135d8,705e988c,2024-04-01,7736.79,transfer,legit
675e9ae9-d000-410b-8645-33e657c2e7fc,57be495f,2024-04-09,5286.86,payment,legit
3de4ee2c-6525-45c0-891e-3b212298491d,0d02655a,2024-10-04,9279.69,payment,legit
24a77f0b-bfb5-4a91-8344-b3ed426c4cad,fe162740,2024-06-13,4287.51,payment,legit
bea36056-7861-4ae2-b741-a4639d928c28,e0c426a0,2024-10-10,8698.12,withdrawal,legit
f3b89f87-ac6f-4ca3-8621-c8262a48265b,f3963827,2024-01-24,4489.55,payment,legit
bca61bd0-fce8-4365-b13c-d8782364e434,57c66764,2024-06-26,9792.48,transfer,legit
5c8a0d9d-d973-4799-8b56-1491585d36b3,ae2c086b,2024-01-13,9598.34,withdrawal,legit
7dfd8480-e6aa-400d-9e71-4e33fa711dc6,f87e9ef1,2024-01-23,3291.37,transfer,legit
09ed49ce-80a1-4e49-be80-849f17e38d60,fed24a07,2024-11-26,8859.24,payment,legit
bab9450a-02e0-4b8d-b6f2-a3c24bae7f22,f293b268,2024-02-20,8476.11,payment,legit
4f63bf7b-e8d1-4ac6-935b-d2c761eae9f4,eca5b9a0,2024-07-13,2106.8,payment,legit
cc0da952-9f10-4741-8bf9-2e26a8a939d6,4bea6aa7,2024-05-30,6242.9,payment,legit
60f06a70-bd4d-4eed-b629-f5c3492eb055,18aeb4fd,2024-05-06,726.82,transfer,legit
18573c7a-1d52-4c04-a7fa-5b311f5f553d,06e6e0ea,2024-11-24,8367.11,payment,legit
0b5c2d81-f1d5-4bf5-a328-e06d9030871e,038b35b0,2024-01-08,1745.46,withdrawal,fraud
4bb1ccde-283a-4a24-a5ab-d4489e950c07,05580507,2024-08-30,708.15,payment,legit
ac0e9d06-b92e-4687-935b-3247f6c5d3bc,6f510427,2024-12-17,4002.19,transfer,legit
6eee33f2-4739-4a29-992d-08dae37fb33e,81a1d09a,2024-07-23,5769.22,payment,legit
3ea6b170-fb0a-46c7-8e3a-eb49232c0be1,c366b342,2024-12-07,8549.17,payment,legit
6b52071b-00fc-491b-b2f9-3cce364b053d,2e44e884,2024-01-20,9742.43,transfer,legit
c8d4d296-dfca-4b01-b54a-9dd747abcd7c,46f3aabc,2024-06-01,4394.93,payment,legit
5aeb7205-951b-4825-b07a-12ea9a169ea2,ad03b9b2,2024-04-04,604.47,payment,legit
ac4619bb-5a03-4b31-99ab-2a7e117fe6fa,f808cc06,2024-09-23,7491.16,payment,legit
5bda8113-6ab6-4ef1-ae66-8a2071028542,c3fd404e,2024-12-24,5651.73,payment,legit
76a35c24-c2c3-47d0-89a9-525c205fce9a,fc2f461c,2024-04-03,4478.91,transfer,legit
fc0a5bc1-d141-4cc8-b893-3a8f119d9a0f,df52a319,2024-08-26,3092.69,withdrawal,legit
0e59deb1-6798-47d4-ba80-cedd103adfbb,594305fa,2024-03-13,5023.99,payment,legit
eabc1e37-bb25-4dbd-ba92-94cf1dece4dc,bf7bbd47,2024-07-25,3386.8,payment,legit
60a47aed-9add-41a8-9292-d20e6b4a32c9,5a8d45ef,2024-06-18,7570.12,payment,legit
d5477f83-41af-4894-862a-1d54413fd9b0,ab868a68,2024-12-20,5438.94,withdrawal,legit
d88c5434-e7aa-43b7-8698-82a2f3e1a1f4,e913dea9,2024-08-10,8768.48,withdrawal,legit
5bcf1fd0-52dc-4ace-85eb-2237a5048771,7cda8745,2024-05-07,5435.44,transfer,legit
a04b88ef-27c9-4f8c-b7ff-adc0a3b54a00,95cd32b3,2024-02-11,2382.62,payment,legit
b6968c98-90c4-42c6-a2d4-8ade8e8783b8,2f5c3963,2024-02-25,8510.92,payment,legit
9fee6290-cddf-45c7-93ef-5b2433684e7b,e792fdd5,2024-03-23,5572.19,payment,legit
df91f6d0-83f3-447a-8d5b-535de81cf1db,156783ce,2024-04-01,2068.41,payment,legit
6fa1065f-7009-4aea-8988-3ceb3e5a3964,becca1a9,2024-11-06,6235.08,transfer,legit
47758b68-fbf8-485a-beff-7ad3502e3534,c57b5555,2024-07-23,3577.17,payment,legit
c744a6a2-95d4-41ea-8468-c34b60147ceb,fcf42680,2024-07-10,8444.06,transfer,legit
0cf2281a-10f4-4f51-8cf9-217879199502,867df506,2024-02-11,4533.0,payment,legit
d2448451-0640-4d80-b7d8-eadc5d696c59,88172377,2024-11-09,7264.41,transfer,legit
821e2cd0-1ae6-4bb2-900a-be25cb87372c,b6de58c1,2024-09-20,955.36,payment,legit
be533021-d6d4-4541-ba6c-d05eea37a626,618a459b,2024-01-25,3960.24,payment,legit
21bc8c29-abf8-463f-9b20-cc37b612a8ec,f47a6b5a,2024-09-15,9832.41,payment,legit
dd59cd66-cfd1-4686-bcf0-a6b90d679511,05c5c3c6,2024-07-17,8084.6,withdrawal,legit
26d0dd1c-6016-442b-8f2e-f959d323d68c,566b5846,2024-01-30,1599.41,payment,legit
626d5700-393d-4cc1-b516-6d30cff18a92,e5b61f47,2024-06-16,2777.64,transfer,legit
e1034892-e62b-402a-a542-f5b20e94e8c4,dc5c5928,2024-06-25,3298.16,payment,legit
83286d41-1755-4a3c-8704-0e15416b5d12,dbd7d43b,2024-03-01,6503.66,payment,legit
e8a8d75f-d444-49b3-b588-5772b7ede1b8,9c214c02,2024-12-11,7569.95,withdrawal,legit
cedba038-3160-492a-b216-4ac1d397fbfe,638f104a,2024-11-06,7495.27,payment,legit
454e159c-63de-4ad9-8c17-9df6b6266038,c90478c6,2024-09-01,5098.74,payment,legit
67b8b038-a665-4bfa-9288-e057124e7f2f,adc16bf1,2024-06-17,8108.21,payment,legit
1fac8e10-f5eb-496c-ab9e-e7a37e2109a1,42370dda,2024-05-30,4370.78,withdrawal,legit
fd0a0421-014d-4179-a7a0-b3c499345ea9,f0a3bc8d,2024-08-25,1238.81,payment,legit
ad0a9410-a977-4191-98f1-81d485b00890,106763f9,2024-07-18,5644.42,payment,legit
162afc66-bd36-4d7c-ab28-45a99ba10ca0,6cd42804,2024-01-23,9523.01,payment,legit
5a65e174-b0a7-4c90-b832-b675ac6952c9,d40f9f54,2024-07-06,7929.94,payment,legit
2778d748-504b-4894-89d1-2c24fbc9feb4,3374b71b,2024-10-21,5787.01,payment,legit
d3d8f860-7e58-48ac-bcd9-2b663f5dbc79,fba2712b,2024-06-16,6468.06,payment,legit
a0fa5663-afb3-4d6b-937f-c11a7110e436,52501480,2024-01-19,9305.62,transfer,legit
0b823698-a3ea-4037-90eb-173694ec6b3e,01623379,2024-10-13,4283.43,payment,legit
02a8207c-ff95-48bf-9085-f4cb4084264d,9bfa2061,2024-03-14,3313.94,transfer,legit
0122c790-8cfa-47df-8bca-5b0731ee1908,9b02795c,2024-04-04,9772.42,withdrawal,legit
b2e90064-5601-4ce5-a846-ae3d8b789688,e3c530a2,2024-03-01,8634.43,withdrawal,legit
f85252fd-ddd0-46bd-b1cc-4b250987fdcc,b6e6acd2,2024-04-30,3230.44,payment,legit
fca0d742-1f11-4d68-a4c0-4243da33fa13,19da377d,2024-10-03,4637.81,payment,legit
f9f03993-4641-4391-8143-8734580213f9,f99de3b2,2024-07-08,4150.78,withdrawal,legit
144adcf3-3622-477b-be75-82d1389983c3,b52d5a94,2024-03-15,1490.96,payment,legit
d823fd1e-da10-474e-bb40-142eb7f8203e,85d6043b,2024-11-16,9578.19,payment,legit
57555b6e-e70e-4b31-98de-6bc238230602,f56beb92,2024-11-17,4043.12,withdrawal,legit
4d0e3dd8-07ae-43d3-9f9a-7dfc903050af,ca867e2f,2024-11-13,8753.29,payment,legit
6e3a80c7-7f92-45e9-b426-af1dfd74e88f,1d14a3b8,2024-03-28,1893.56,payment,legit
79aa592d-4143-4cad-a34d-12a818dc2c78,9dafed5d,2024-06-13,5478.71,payment,legit
86bf6a6d-c9dd-4e88-9d67-b4b0650ff451,6317156a,2024-12-25,239.61,transfer,legit
ca16f429-c4ee-4b53-9885-17046d324191,09a567c1,2024-10-08,7642.2,payment,legit
01639944-39ff-4c3a-a44c-7dbc910b8f6e,71a5c409,2024-01-10,5809.14,withdrawal,legit
22abc1de-ddb8-44c2-8e56-be268526fa28,f9869c2c,2024-01-24,6255.9,payment,fraud
7a478777-2f27-472d-8eb0-be9d4776a5c4,29842b2d,2024-06-18,517.21,payment,legit
9ae1db7a-bd4f-4543-850c-9e9364d17708,86c9a958,2024-11-27,2110.38,payment,legit
e5b0ac33-4432-4b06-a16c-53da12331c09,cd4e3772,2024-07-15,743.31,payment,legit
62ff79f6-715a-4ade-acba-166a930079d8,c1a4ead0,2024-06-30,2889.14,payment,legit
847a7eb1-a4c2-434d-a654-7146bc854ba6,5b7a9837,2024-02-08,6274.39,payment,legit
de3b270e-39a4-459f-9b78-9f2135816b68,43c3c77b,2024-08-27,5661.86,withdrawal,legit
e429c4f5-53c2-4c8f-bb2b-3fd2b1b5e7bc,9fb4666f,2024-10-27,6121.5,payment,legit
9642c8a1-4f50-43e6-b096-df685a521b8f,cbf292d4,2024-05-18,5492.51,payment,legit
2dbf3bce-752e-4079-af90-4cb2719df43c,a7af676b,2024-10-10,2730.29,payment,legit
ade18b36-1cc5-4d71-b7ef-59b92879d839,1ca451ae,2024-12-18,2445.07,transfer,legit
172ce025-031c-437e-9f33-0b441d8cf37a,472159b9,2024-03-15,1370.6,payment,legit
b2469342-e6c6-48b3-a226-379ddc8fd752,7debe940,2024-07-10,8490.71,payment,legit
df15ac66-278c-4781-8abf-1c2035a9da93,76388af1,2024-04-14,6164.79,withdrawal,legit
2549bc02-0237-4d78-981c-f5ae092d137b,3ab6bb04,2024-10-16,1865.11,payment,legit
908c2279-f136-4d12-bd36-0cca7db7f8e4,95b8dfc4,2024-07-29,1772.09,payment,legit
5853322b-f1bc-4ee7-b522-6934b03c2d18,4835d3c8,2024-08-19,8730.36,payment,legit
c72d3279-b5ca-462c-8134-e06d5878fd5e,c6b145c3,2024-10-18,7427.31,transfer,legit
64ac899b-0f0a-4f17-b4cd-4134f76b8278,41355406,2024-05-24,6593.99,payment,legit
0922f5ff-4ce0-45b4-a66b-a5cd7c6ca4e6,9234a0d5,2024-11-30,4068.64,payment,legit
532bcbe8-e328-4b76-9a73-55d74e9b7392,23d4f524,2024-07-13,2619.76,transfer,legit
f0e73a38-2146-4345-b728-9c9344af595e,71b05f0d,2024-02-27,9794.51,payment,legit
0e77db35-9866-498a-8c12-6e3ec923f9ad,4e7b205b,2024-09-11,7972.4,transfer,legit
e0b412cf-1ed7-482d-8df2-85926a75d998,d68332ef,2024-10-16,3017.79,payment,legit
9c4164a0-21da-4406-aea0-60ad7c95d806,455bd87f,2024-04-25,8475.65,payment,legit
da1d975b-0dfb-4cf6-8894-ab4776584417,f8f59608,2024-11-08,7589.32,payment,legit
a9f983bb-b963-46f3-8b9c-49762d9c4fa2,f0387d22,2024-11-26,2970.81,payment,fraud
572e402b-738b-41a7-8311-84d4ac904477,d6adf2e1,2024-04-11,4265.53,payment,legit
5b24b06e-5a32-4aca-98b4-4d78f3b33700,c1c5bf45,2024-12-24,1859.53,payment,legit
8a35725f-205c-4b93-9331-2f2de3208515,6d0b52fe,2024-02-21,1110.52,payment,legit
d2f64242-d338-4cd7-a1c2-181a766a9332,97aaa1d0,2024-03-14,7227.62,withdrawal,legit
d6dccc21-24e6-46e0-9b1b-6e4362e4a58a,cdf23056,2024-03-08,2675.12,payment,legit
0f8c20a1-05d0-4c6c-a13e-553f59eb5287,23dae442,2024-11-22,8200.59,transfer,legit
3b323180-d7d1-41e9-99b3-b012c9e3b38f,e1220222,2024-08-26,9956.09,withdrawal,legit
13a67360-4513-43ba-8efc-fe207ee1a6fe,c77ef6c7,2024-02-25,766.2,withdrawal,legit
1fc4ce80-e0c8-418a-912a-acdb676f4ddf,1620e6f8,2024-06-09,4730.35,withdrawal,legit
6b9c2bc6-c913-4bae-ab7f-15401511fb52,d63bb570,2024-08-12,8020.63,payment,legit
49142718-49fe-4583-94bb-399beaefc09b,6c3ef150,2024-01-31,7889.51,withdrawal,legit
7fd62e5c-2b06-4f89-abe2-47a2cbba1b33,f1f4886a,2024-11-18,7599.97,transfer,legit
1ca6da9e-bf0a-4f0a-8696-044966dd2794,206b280d,2024-10-20,3489.95,transfer,legit
7b777aff-7d6e-4770-b545-31fbf483a04b,01586eea,2024-07-03,4538.53,payment,legit
263bbea7-4174-4c74-90a4-d585b491ab0f,b9b8975d,2024-12-19,5949.68,withdrawal,legit
a635f90e-03ee-4b14-a11e-cb5b2e2c2ec5,0a0b70cb,2024-06-01,9739.41,transfer,legit
c3337436-4cf5-48ba-bd91-5dc3872ef6c1,384c1fce,2024-12-25,3275.47,transfer,legit
12e5cde9-d8d1-4bf9-9673-b4e3791301c4,8a49aace,2024-08-31,9231.44,payment,legit
3e890fdd-fb45-4a0c-a9bc-bfe64cf805b7,28381c87,2024-08-19,2693.57,payment,legit
67904bbd-d033-4cb6-bc35-fdb33ea32a34,12a65f15,2024-03-01,9890.74,withdrawal,legit
94f26dff-f9c6-4623-b75b-c92cef32dbd5,483ac0a1,2024-11-17,6702.64,payment,legit
1d2ef016-b9c6-43f5-ba47-153591b7fa32,f33dc222,2024-06-05,4635.11,payment,legit
e47f8d3e-14dd-4b28-9a2c-3dda23830790,6e193f04,2024-02-29,6133.9,transfer,legit
98c34a32-356a-43fd-997a-d94946ada2f9,a73fcb83,2024-01-05,2725.31,payment,legit
d002d57e-87af-4fd2-91c6-d93f9d6de0b7,9cdce488,2024-07-23,2741.74,payment,legit
c787d50b-140c-468d-9038-f97c38b317bf,c863de6e,2024-07-11,1135.55,payment,legit
34eac0b4-f870-4e5b-9729-e082589a0ca4,0b633ab9,2024-09-19,1140.5,payment,legit
f180a4bd-c281-4eae-8cfa-c12e3dd3855e,58c80b01,2024-11-20,3476.72,payment,legit
35518b79-9c0b-435c-89fd-3e917e115922,f37cba5d,2024-01-29,7628.55,payment,legit
9ce86c97-ff74-48d6-a797-92e316ebce95,939252be,2024-09-23,6079.71,payment,legit
f1e44520-5c4b-4001-b98e-2384e1fcac47,4fcd2e11,2024-03-09,1025.85,payment,legit
4294503d-ff97-41fa-9e24-dbfb868a613b,ddfcdabb,2024-11-09,8522.37,withdrawal,legit
6246a52c-93f6-47be-976c-36daf7e82e10,0effecf0,2024-10-25,6013.68,payment,legit
b5f00191-2832-4bf5-923c-b1b56baf67a3,bc852e75,2024-07-16,9608.56,payment,legit
7387cde5-546c-42c3-8d97-5c482c1b0127,5dc931d6,2024-09-16,6701.85,payment,legit
f1342a40-2a1d-4e00-a1a5-c7a9cab624c2,1bc330e2,2024-04-24,1751.75,transfer,legit
d6c264f4-6442-490a-9247-7994cce97cd2,dd44c945,2024-06-20,4737.83,withdrawal,legit
4bd7a42e-fa66-44c8-ae98-667731f5f68a,9159acd8,2024-10-26,6484.98,payment,legit
f4e0fe31-0ce5-4048-aaf1-36ec111b8c26,37f13cdc,2024-06-16,282.65,payment,fraud
1bbb9faf-c82b-47e8-a243-241014064f03,a97ca5ff,2024-05-10,149.1,payment,legit
eab2a5f9-0414-47ed-bab4-8914b3fb9136,d288315c,2024-06-29,1294.03,transfer,legit
be21263f-2fba-4786-b34b-268c41579aa3,d97ef261,2024-10-29,2516.64,payment,legit
7a2ca031-4a9d-447d-8af3-d8425e204b78,7dad4b34,2024-05-02,4295.49,payment,legit
1b365a4a-b14f-418f-a58b-6e0bc9360e61,26cfaf83,2024-03-04,4874.4,transfer,legit
8181149e-b55f-4faf-b0ff-53a1925873b9,97277687,2024-09-16,1380.28,withdrawal,legit
1713f4f0-d762-4862-82a8-a67e81cf9447,af1f57d5,2024-10-28,6733.92,payment,legit
07d82fa9-e997-424b-9b69-8a83aa16d8a7,60008578,2024-02-06,5961.38,withdrawal,legit
184f6b88-0a1e-4f7a-9318-59b358931701,8a73acf9,2024-03-28,2944.64,payment,legit
b740bdb9-7687-49fc-b7c1-5eb647945e99,b7f1b43a,2024-02-21,136.6,transfer,legit
8dc6addd-38d2-4a84-987a-7097e809342e,83c326e4,2024-05-06,776.48,payment,legit
689e660b-ee2c-4ccd-bd3d-70e9fb056a40,a1e1c268,2024-06-13,3916.95,payment,legit
fbe21306-374a-4cbf-9dde-f453f98d371b,16315026,2024-09-30,1539.74,payment,legit
86d4f0d5-d7bc-4f71-97df-cc66590d461e,f39d4667,2024-08-25,3768.2,payment,legit
f8925474-c7c2-4e39-bba7-ad3815437b54,3b8e3596,2024-08-14,6281.83,payment,legit
1535c554-8c26-4133-b58d-4e124d7b43e5,88dbef55,2024-05-08,5472.37,payment,legit
dbf3167a-120a-4d4b-8077-38e7009fd1a4,b46a6eb1,2024-11-03,2311.76,payment,legit
a399f09b-b133-45eb-aa2b-8345243f0153,9b842da2,2024-06-21,3438.22,payment,legit
5a8de0e3-abe0-41b2-8a2e-9c2e2083d08b,abb47e76,2024-12-23,6140.31,withdrawal,legit
d87f479f-f41c-4503-b814-fb1ea5d47200,890b5133,2024-08-19,8608.55,payment,legit
fde33626-3f97-48ee-a145-635e9e1efb43,e5a1b262,2024-02-16,7532.13,payment,legit
dcaa3a5a-3581-4a2a-ab78-44e34ec0dc47,15e76e64,2024-09-03,5534.0,payment,legit
9d7c11e5-7400-45fe-a1db-4d120f749315,ee1732cc,2024-04-28,3622.93,payment,legit
b1375fd9-45b2-40f1-9916-e3ba43fcc30e,ba3ab5fb,2024-09-07,3650.51,payment,legit
d7daa860-c232-466f-8811-0197ea14d986,f95749fd,2024-01-26,8794.17,payment,legit
11a8fa10-0a02-4e87-8758-8511e1cc7707,087b4271,2024-03-04,392.44,payment,legit
47489d56-a308-4b27-ab8c-89561d145283,6c22414e,2024-11-08,9879.83,payment,legit
799c148a-5b42-4861-bad2-82d95b662e8c,072319cc,2024-03-23,6643.75,transfer,legit
fb62df0a-bc00-45cb-afa3-68d9d16aab9e,c8a89f50,2024-11-01,6811.38,payment,legit
da8ec51a-7e13-45df-96fd-a35ef978f70f,e841e390,2024-04-11,379.98,payment,legit
444a4ef3-ef63-4d96-b552-56d8246f9551,f689dfc0,2024-08-22,6055.29,payment,legit
7e1315ef-cade-46a5-a778-7b9c5026f343,f64bf4c5,2024-09-10,4847.78,withdrawal,legit
a1d9a4b3-d52f-40f4-8341-4a4aac5a548e,5f6b83e8,2024-07-06,1057.79,payment,legit
27479ce1-fa56-406c-b66e-e46f15c46e78,a7b3917b,2024-04-21,2779.22,withdrawal,legit
029a1275-4751-41f3-9a89-42077219d4d9,551a86f8,2024-03-18,8903.14,payment,legit
633d94ee-fd04-48b0-ade6-85dc6f889712,1ab6486a,2024-01-13,5499.88,payment,legit
c808dfd6-93b2-4f26-828d-1c31c0c5ef59,9af003c2,2024-04-20,4134.17,transfer,legit
00182748-116f-4022-bd4d-708152dbe2e7,6bb99b00,2024-08-26,726.82,withdrawal,legit
c2691b03-3e4f-4908-ac9d-528dec2aa495,fe027f09,2024-12-08,7141.22,payment,legit
65254dfd-b862-4628-9b19-f8dedacac06c,e20b2296,2024-11-13,7028.51,payment,legit
0942e939-07bc-47a2-9640-bc3ce9189612,7788f2a5,2024-10-06,6140.44,payment,legit
7dfb68a3-166d-4370-8169-73458ca89926,7f5ab513,2024-10-14,5102.63,withdrawal,legit
a07d41eb-1b2a-4e49-aee4-ac21d7533bcf,4037ebf5,2024-08-30,4337.84,payment,legit
7af9d9ed-c7c9-4f53-afb1-ec3861e5dcae,c5486def,2024-04-05,5932.71,payment,legit
a99dc358-2bd7-4ea9-b34a-ca327229ae73,889e1e0a,2024-11-27,2333.95,payment,legit
988b54b7-44d1-457a-8852-6d887f0724e7,52dbe136,2024-09-01,9412.59,payment,legit
057433e0-593d-4b87-9aca-a2939b11dba6,19317331,2024-07-23,5887.95,payment,legit
638ceabf-9226-4a96-a130-16b1fbff1d23,3e553fd0,2024-02-10,3111.92,payment,legit
bde0eded-7503-424e-8663-ab8c0aeaf4c7,dec4ea73,2024-06-12,4496.8,payment,legit
752823fe-295a-4aaf-8d0f-843a050a3d02,eac71b40,2024-06-17,8056.85,payment,legit
2f2b1650-3dd1-41ee-bf1b-3570a479ba6d,f00d80a8,2024-11-11,1616.16,payment,legit
b03fa894-e08f-4d60-b268-f512790df970,cadeae06,2024-07-18,2928.36,payment,legit
1a27c206-0488-4160-b6e0-4bd96e4c1626,4cdd92ab,2024-05-18,6795.08,payment,legit
b5dea017-836b-4f6b-a730-b24c94a20159,271f52e8,2024-12-22,3154.89,payment,legit
b3171da5-ee20-476e-9cc7-b4e51636a123,f4f87f74,2024-02-10,7925.02,payment,legit
df7f0b53-ff22-41e1-8e86-9c2572acca88,90918803,2024-06-03,1304.53,payment,legit
01edce33-a88f-4177-a0a3-55b238158a0b,1598d4e5,2024-01-16,7626.86,transfer,legit
8b16dd3a-074e-4aa2-8dc6-38d77a111518,b0fda72f,2024-09-27,683.52,payment,legit
d6ca74e5-78f6-4e65-b116-4746bd7ac814,c01d0e14,2024-12-01,125.93,payment,legit
49e36c40-9ea3-464e-b207-2d2b153ea2e1,78122e75,2024-04-12,8982.24,payment,legit
6aabead9-de60-4243-b189-ba140ad8c95f,c4583a23,2024-11-09,5813.39,payment,legit
b4cc6612-6455-427c-b18f-c5fcccac0399,6a61b60b,2024-04-16,3518.27,payment,legit
35f179b8-1932-4aae-8125-f99d72120804,e279276a,2024-11-28,2325.95,payment,legit
4922a569-04cf-47f7-b12d-1316569309a3,3a652b79,2024-10-02,6168.86,payment,legit
af261dcd-fa28-41fa-a2e7-f98c7fbcb075,49aed48b,2024-10-20,5090.02,payment,legit
eb54ee72-3b17-4916-824b-b26fe9d64edd,66082870,2024-01-07,9915.98,payment,legit
042984b8-758c-4630-8cb1-beabb54a5d0d,bc256c85,2024-12-17,9832.16,transfer,legit
5d13ceeb-b796-42bb-863d-702b2b33cfd4,a3cde3ed,2024-09-22,6350.25,withdrawal,legit
2d765165-aabc-4090-b07c-b3ef9f15c203,f733a250,2024-04-21,4428.71,withdrawal,legit
c0c0be23-dbae-4911-b8fb-740fa6803c0f,c5fb400d,2024-10-29,4911.41,payment,legit
ade68c30-503d-487a-b5b3-5b876f3efec2,2a16efb7,2024-04-12,6824.79,transfer,legit
b68ff7e8-3680-46ab-9e69-0bda6ce62523,ba25e078,2024-11-14,1015.75,transfer,legit
cbf35af0-70db-4556-84ae-0197e4735223,793d8a2a,2024-02-11,3283.52,withdrawal,legit
63b2e6db-8316-4cf8-81ba-e8b29fa7754a,b4ac46a1,2024-09-13,752.72,payment,legit
9a422848-8a17-442e-8a7a-1c53cbb14348,fd358b02,2024-07-16,733.61,transfer,legit
d9de1ae9-e4e3-4bc4-9374-70e86ed474af,b37465c0,2024-02-05,1958.39,payment,legit
02090dfd-fa0e-4a28-9b67-a230d2ae7c60,120d691b,2024-03-29,4852.53,payment,legit
e9ef0892-dead-44e9-9fdc-7b616a0f8051,1b23efc0,2024-01-05,7847.74,payment,legit
9878341e-6a14-4cd2-a259-63300a0f868e,4a98c344,2024-06-20,4854.96,transfer,legit
2eb7dd3d-b182-40ad-8363-bada8d659d5d,968562e6,2024-04-19,3354.77,withdrawal,legit
44e07d18-13bc-4b91-abd9-a01be27906aa,be284700,2024-08-06,823.53,payment,legit
aa5ad3f7-685d-4a07-8511-3325865e292a,708a3555,2024-04-18,5502.96,payment,legit
3dcb76ff-1826-4b6b-937e-842bfa46dcdb,04f83831,2024-04-19,2712.69,payment,legit
6357075b-0dab-46d6-ab09-e40e7cc935d0,d97cf9ad,2024-09-28,6149.34,payment,legit
1400f647-4604-4bcf-97b8-29309f488aa0,f0746910,2024-01-18,9771.88,payment,legit
86f36bc0-30e2-4347-baa9-eb10b06b4bde,c411a0a6,2024-11-25,1113.14,payment,legit
1189fd59-a83d-4347-b2b9-0f35c564b08b,1bfaeb6d,2024-11-07,2121.25,withdrawal,legit
711a82c3-c9f5-4ca8-b69e-e35b6cd1ab9f,bda54f05,2024-08-31,4730.95,payment,legit
2647bb46-58f9-4122-b398-42a3afbb8ce1,e71411df,2024-08-04,9686.14,payment,legit
cc19ec83-d3bd-4269-baa4-ad7a7d5eade0,f2e6a3bb,2024-11-21,7718.1,withdrawal,legit
20e7da65-6c6a-4e76-88e8-82de4c1432a6,cbd8bd23,2024-03-08,8982.29,withdrawal,legit
f30121c9-f2e0-4f37-95d8-93850ce96a65,0730cc91,2024-01-29,3337.15,transfer,legit
bee3f330-3942-431b-9059-58e63d483b4c,7858fa71,2024-03-28,9920.38,payment,legit
b2e4d9b0-1484-45db-af52-7839ad152f16,4dc9d500,2024-10-17,1028.33,transfer,legit
96b2949a-e7d5-494b-a798-281c08648e75,710c2582,2024-01-13,529.73,payment,legit
e6ce8097-f76b-4d62-b4b2-c0af448a1c76,2d6fd86d,2024-07-31,8556.03,withdrawal,legit
a70b343b-01f3-4004-a7b9-90d1e693d796,1f76cea1,2024-12-29,9272.65,transfer,legit
1ebb8f4c-461e-44df-8262-eacc8f8b4349,76faf23d,2024-11-08,905.85,transfer,legit
6fca58c0-2ac0-4293-b12e-53fc8b7ee6b9,28c44cae,2024-07-09,1134.27,payment,legit
342258d0-d03c-4988-a821-e70adba70733,f0f47d89,2024-01-24,331.74,payment,legit
3a4def9a-1e1d-48aa-bd0c-ff221e30d17e,34e17bfd,2024-10-30,1045.08,transfer,legit
fa77c557-95f6-4829-bf61-cee6688bc4e5,1449ec24,2024-08-06,2094.2,withdrawal,legit
fc3dadd6-2cc3-4564-b66e-2d8a170cb1cb,96c940a2,2024-02-11,9700.77,payment,legit
771fd9e4-6207-444d-babb-ee06debf38d9,fa4ea3c2,2024-02-04,6678.6,withdrawal,legit
f3b92c21-c779-41ad-9a00-2f09555303fb,5c0741c5,2024-11-28,7785.53,payment,legit
906b6e57-bcf4-4e79-9593-2e440ea9cfef,43754891,2024-09-01,7761.39,payment,legit
2a71ec33-671b-4ddd-88bc-df760753207b,d92a74e9,2024-10-29,5350.74,payment,legit
dd31a308-325f-423a-b9a1-d30c52004090,1f6f94de,2024-11-16,7974.89,payment,legit
189f9d48-86f3-4d1a-89b7-7c50942e5023,d12bf1f8,2024-07-27,5958.08,payment,legit
dca07b4d-eb26-4d8b-a3c7-edb4eb49edc1,4d4a2fb1,2024-07-07,3145.46,transfer,legit
93e87483-ae1a-4c66-809d-c527e6810135,ba45091a,2024-06-06,5611.1,payment,legit
7bdebb48-6e18-4e2e-a887-6348e20e5a43,0512842d,2024-04-25,5335.09,payment,legit
f1a6aad0-1b1b-43b4-bc82-ff97e438214f,da2f89c4,2024-06-07,8234.53,transfer,legit
a0b2aeb4-2fc6-4adc-ac0e-c41afbbda7b9,95ea2422,2024-10-09,9817.27,transfer,legit
19caa53c-4109-45cc-a689-ba770490ff6d,dda3be3f,2024-08-07,4110.43,payment,legit
9fcffa4c-b7ce-469a-8c8f-4a287aa06218,16074faf,2024-11-21,7633.91,payment,legit
75888211-8142-4dc3-aeed-1f54b5a6381d,886a69af,2024-06-10,997.63,payment,legit
b9b816b1-a3d5-4a29-a8f4-250ab8910244,1d18a6e9,2024-08-09,7768.31,transfer,legit
5e42b502-9f33-4cad-985b-6dbf4fbb2ebf,ddc50d93,2024-08-18,3714.17,payment,legit
9aa9269a-2cd0-484a-8e84-f38ac90e74a5,1fc15967,2024-08-03,393.9,payment,legit
bfd6265f-d815-47a6-a402-25fff4a8e1e8,5e1ea87e,2024-09-13,3632.46,transfer,legit
e3dbac60-068d-46b5-9aa9-eddd3e696c16,2c58ad2a,2024-03-27,6106.43,payment,legit
670ce747-89a2-4052-ac06-13d55dc325e4,77de84c1,2024-07-06,1192.5,payment,legit
b80d0386-83c5-4f3d-a919-b29b97ea7e24,daed378c,2024-02-08,9240.34,withdrawal,legit
463504e1-64c4-4092-a186-b6a9d89b1bda,ccee7c2d,2024-05-20,776.72,payment,legit
76f7bdd7-8fb1-47f8-aaae-7dc253704226,6fc7d657,2024-06-26,9300.07,payment,legit
9c0874da-29b6-45cb-a95c-e90915525c76,d912b9d6,2024-08-26,7071.38,withdrawal,legit
fe47dc4b-b2c0-4672-9de9-ac1da7ba73c6,07efa4f7,2024-12-12,3297.12,withdrawal,legit
f1e73ca8-96c1-4180-a932-fbd08cc3cc6e,c263a56d,2024-08-07,3907.5,payment,legit
6b0cd306-2e6a-435b-88a4-18b97743e293,0c3d72ce,2024-09-28,7408.09,payment,legit
5e894411-c745-475d-9d85-3eba470a4d5d,885deedd,2024-07-03,6014.71,withdrawal,legit
f31a4253-d617-4021-bd66-6d81b1cdfe2b,b7fc0e14,2024-08-19,6716.43,payment,legit
8d6acaa7-f79e-4d41-98c3-035a4650c887,6110ccc7,2024-01-26,3891.65,payment,legit
724e2c06-b980-47aa-9439-7e67349b8981,8f6382f3,2024-04-02,4878.13,payment,legit
bfe46f2a-f1ad-42ac-93b7-010e83920025,9f73081a,2024-05-12,9898.67,payment,legit
7ba1680a-283b-4c15-88fd-ba5a4ae72afb,a474072f,2024-06-21,2139.23,withdrawal,legit
f5d7f9ed-4915-48e8-9347-58b2fb0fbb1a,9379cda9,2024-01-17,4178.56,payment,legit
305aed0c-c21e-4cac-8bbd-6a4df9aaaa7f,83a9a8cf,2024-02-21,2918.23,transfer,legit
a7316503-830f-44e4-a9e1-883ac6860c8a,5c5fdccc,2024-04-11,7651.12,transfer,legit
47b4d135-b697-475b-a356-024353175df8,72921cea,2024-12-20,7640.13,transfer,legit
14a48513-4ae0-429d-809c-a986dafb62bd,2d3ad1a8,2024-04-30,2924.45,transfer,legit
390e436d-075f-4de4-8fc1-29b2c00ca01a,58968c76,2024-06-24,813.9,withdrawal,legit
ccfee889-4e55-4961-aa38-dbc8f7d21f73,294b25db,2024-03-12,114.33,payment,fraud
49fdbc03-56ab-45a9-860e-9fe3e8b1bf62,b0ca3d98,2024-08-10,4274.51,payment,legit
49a900cf-ec0a-4f9a-bcda-54b05c895571,bfbe098b,2024-04-12,4103.38,transfer,legit
29760dad-5514-46e2-bc7c-297720f100e5,f467bc5e,2024-03-16,9883.9,payment,legit
46cb3e7f-2108-42c2-bc65-a5d5e4261f7f,9360d922,2024-07-07,4698.02,payment,legit
5f9832aa-e6ff-4d5f-a9b5-45c1d0c4edd0,3863fb6a,2024-01-03,2564.18,payment,legit
3e6eaebf-29a9-4dc8-9406-3c3e161d7ba0,2be31f79,2024-01-03,8912.29,payment,legit
f7008ec3-6e81-4106-a420-f70b045ab50f,902aad56,2024-03-20,4910.68,transfer,legit
173f1319-78fe-4c47-a2bc-858cd83d052d,10064641,2024-01-14,5991.76,transfer,legit
4056d921-5bb1-46b7-a756-e01de59e949d,89daa978,2024-02-09,956.69,payment,legit
cb613251-5260-4eea-97fe-4de5dd7e3f8f,ac9c2d50,2024-05-03,3829.16,transfer,legit
ee1834d2-4af0-4acb-bb5d-d2034f0af9dc,d4b06fae,2024-10-19,9442.24,payment,legit
b02b85fa-9766-4657-9e21-f23f3cda7695,bc57693e,2024-07-27,5895.05,transfer,legit
6e359329-282a-4eab-90d8-b0cc81551451,1b93e539,2024-07-06,3445.02,payment,legit
a730abed-6b35-47de-be08-5fee0c3c240a,1d770d5d,2024-04-17,6256.67,transfer,legit
573073be-5aed-433a-aac5-aae84e715298,478e1c74,2024-12-06,9104.11,payment,legit
8b48652b-c484-4f95-a311-6c0b159156b2,9621ba1d,2024-05-24,2739.91,payment,legit
622c9977-081e-458e-9bf6-8b16a521ee6e,1e2bf5cf,2024-02-01,5051.17,transfer,legit
62743a7e-52a1-438b-a651-2fe036c9a5d6,2836339b,2024-08-13,9586.91,payment,fraud
fcf7ca03-cc8d-4424-a9c1-b2fb72149d3a,dc41b183,2024-02-11,1723.96,withdrawal,legit
45bd5a53-4f7c-48f7-a685-54677afb9e34,2f388288,2024-05-06,7196.64,payment,legit
6da8ea4b-7dbb-4fd3-b2c0-84a80d5ccd8f,74c4071c,2024-07-04,6144.81,payment,legit
94fe2b6e-fdb3-4d3d-907f-214c1fecb86b,d96e9444,2024-11-15,6796.75,payment,legit
9a3f35d4-89f4-48a1-9454-65a3be94bee9,30f80075,2024-06-29,3512.2,payment,legit
a9f536f2-ff4d-440c-8077-54e7cc74dc4f,33c228a4,2024-09-13,3138.79,payment,legit
6b26b2ea-46db-41d8-8bc6-c8a76b343dac,31b54f6e,2024-12-28,6842.1,withdrawal,legit
67dde95c-f775-4205-8f63-be95bd7b513d,6e3ef7a5,2024-02-17,2155.43,payment,legit
f87b2e5d-6c17-4600-9657-27cd43ce3ddb,728e3001,2024-04-10,4196.55,transfer,legit
6b9abd46-d90f-40ce-bf78-20efd3274c8b,3c5da80e,2024-05-24,1881.75,payment,legit
08827ffd-8137-4892-9dce-ccf9448bd418,56b60357,2024-06-02,83.05,payment,legit
580a039f-274d-4990-b216-9199df602462,d77eac9a,2024-05-30,9700.57,payment,legit
7caa12c5-2d21-4eb4-bdce-d15a3adeb211,367d27ee,2024-11-27,4317.03,payment,legit
47d69e0f-6c12-4f3f-8f0e-5229e9871790,0ce09c71,2024-09-17,9693.5,withdrawal,legit
ef8089fa-bd25-4462-a3d3-bc5267617d90,ff2e4613,2024-08-09,1403.24,payment,legit
55a44f50-21bb-4d50-a303-2acffdef177b,3c396abb,2024-04-22,5873.67,payment,legit
42e85b59-e11c-4724-aa54-6185ed4631a9,5a8257ee,2024-10-27,2009.74,payment,legit
ef497c14-8cb1-40c2-a059-f39f9b31977b,1c2403bd,2024-12-14,7900.74,payment,legit
67d19a2a-0829-4de7-aecf-ff1a94125fff,5bba0c2e,2024-10-26,7837.03,payment,legit
ddc41044-2ee8-4b89-9400-bde9a067fdea,c2123e38,2024-01-01,1126.07,payment,legit
fb19b7b2-7528-4e40-86f7-11a7d1787774,f4da5fe5,2024-08-20,9120.64,payment,legit
469b9746-3972-424b-95be-307f629b31db,b07a8451,2024-01-19,1946.3,withdrawal,legit
4ded563f-f23a-442f-a723-ace4b79dcfc1,36b3ff74,2024-04-04,6129.77,transfer,legit
58104288-c7aa-4fbc-9b57-2f46f5dcb661,9a269b5c,2024-01-22,9856.34,payment,legit
04dac69b-cea6-4ed6-bb5b-e232105952c3,a471a071,2024-08-08,8823.97,payment,legit
d17fd38c-b32c-4a29-ab3e-d806a7d4a66c,5a9f061f,2024-09-07,9565.64,transfer,legit
9f4ea76a-5d99-457e-838c-1723e4250860,f9f08401,2024-02-11,3425.99,withdrawal,legit
d21b95b0-af10-447e-82d6-728535717181,d8c75fd4,2024-05-20,1055.76,withdrawal,legit
5cbe4c7e-4a6f-43e2-bd69-a6f76774dd65,2e78e00f,2024-06-15,1883.47,withdrawal,legit
291e3420-c72d-4f57-9d28-1de5e6ed598f,64e38576,2024-05-14,5004.95,payment,legit
a4093213-1fed-4cee-ac3a-b6160760cd7b,2af73526,2024-02-14,7932.3,withdrawal,legit
6b9f39f2-bac5-42f5-9637-182c3ebafb7f,24768662,2024-06-01,1501.54,withdrawal,legit
b93b31ca-166f-4f97-a006-065e3e2e4262,44384a78,2024-10-01,6597.32,payment,legit
3cc54e23-8d31-448f-8951-245461db5f3c,0706b7a8,2024-01-26,3235.78,payment,legit
a3e80498-be2b-4503-9f44-a89c96b0b160,fe6fcdfa,2024-01-30,3412.02,payment,legit
3a76f9f1-57de-4c22-9cc6-ed7a243f049b,0b604ebc,2024-05-09,6619.18,payment,legit
317b65ed-1663-4fb9-a859-815db5cb95de,fea81887,2024-12-09,4669.99,payment,legit
3dc52b29-42f4-40be-8b50-9e9b0aed39b5,eca906f3,2024-09-01,8120.33,payment,legit
bca8fa7a-639d-4762-ac81-cc309493790f,30a91ce7,2024-09-04,1559.19,payment,legit
e3c46534-c322-4dcf-8307-aa70261e6ece,64e8b513,2024-05-12,7899.48,payment,legit
cbf8b090-dbf4-45c1-b95c-0db6663d838c,5e41d8ed,2024-08-04,642.35,payment,legit
ed7f72f9-f299-41bf-804b-47df89fa8286,69b96c4a,2024-01-04,1940.54,transfer,legit
ecb10b5b-2d9c-48c1-9b6f-6698156690f9,31403eaf,2024-08-20,6561.5,payment,legit
07b0b533-fab1-4b77-baa7-4174ab9f5644,f8de97fe,2024-11-29,8549.26,withdrawal,legit
310962c1-78eb-42f7-af36-53f7e7f9682c,69683bdd,2024-08-11,2526.8,withdrawal,legit
e81e64fd-3c52-4d47-ad22-33771f1a6b5d,c6d9b64f,2024-11-14,3271.92,withdrawal,legit
9731f768-3e9f-4934-b8d7-72a9f98ab452,7244252a,2024-09-21,5371.21,transfer,legit
15d2c271-557f-455d-b5aa-93e2eea8df58,4dd3245b,2024-02-14,2115.73,payment,legit
a8eba656-602f-4f66-bc52-240134bf0d88,b4fe3b15,2024-11-25,8111.56,payment,legit
5fbb7633-9cde-4396-bebb-c7505b9bb9e5,e0389eb2,2024-01-25,7736.37,payment,legit
a6379e1a-9ed4-47fd-a929-9131eef1c5ae,0f18358b,2024-07-13,1452.92,withdrawal,legit
50fd1ac4-edb4-44c3-8d4f-d92672c5f3b8,0352a2a8,2024-02-21,4638.3,payment,legit
4bf890c7-a4ce-4dd4-a65b-b11228aec5f3,a25a8aa4,2024-01-05,7748.28,payment,legit
76e6c8f0-7b0d-4a5b-a870-1e8c3f5c9ccb,4ae8a2eb,2024-06-03,3373.3,transfer,legit
29d71c03-f86c-4462-9fc8-6a75832bf2ee,e6614243,2024-04-17,6331.07,withdrawal,legit
f2f9d1f8-5d70-490a-b25c-f308485255ae,6d8d00d2,2024-06-26,502.13,transfer,legit
83817dd1-a75d-4226-bfc5-f54763cffe64,59a8e3aa,2024-07-29,6086.89,payment,legit
18f7395c-51c8-414f-ae6a-1d62d4aac1a8,d3993509,2024-01-16,1526.53,payment,legit
c82869c4-2911-4c53-bbfc-000c87c0acc7,fccfcc02,2024-02-14,8305.83,payment,legit
2d4bf39f-9866-4ba0-88bf-b8512ad1ae7a,245a947c,2024-07-22,3554.49,payment,legit
dd320be6-05b1-421e-ae85-280f38b6abc7,d3c386ac,2024-05-05,2815.54,withdrawal,legit
21fa68e3-ad6a-4e68-a6dc-3a45cc10c3bd,9258aee8,2024-09-23,8408.89,payment,legit
ed4ac3c7-bd65-4170-ac6e-a084c8233c4a,b0d5c610,2024-08-26,501.44,payment,legit
27c3f714-7f75-4cd1-9838-ba38fa174746,f9083a22,2024-11-04,3966.09,withdrawal,legit
8726b11a-4fa5-4c81-b615-f2450d6a5caa,e60a5a5f,2024-09-09,3700.04,payment,fraud
ba873de7-7329-4289-988f-3a4cabd55b26,be42c4c3,2024-06-05,2848.0,withdrawal,legit
ac884024-8d1f-439a-8925-55267e3a9a4a,49abf873,2024-09-02,9117.54,withdrawal,legit
34f74c82-5344-4b7c-a3f3-11de913c13cb,b49a16e2,2024-04-10,7509.28,transfer,legit
f3a8e2da-2c54-4fb8-89d7-036da7c41eed,dbeb14e8,2024-04-21,639.23,payment,legit
08cc79b3-8ee7-4131-8bf7-8c50476f9b7e,e03b58a6,2024-10-14,7146.87,payment,legit
df01b6db-45ba-4934-a7de-00be0d13cbbc,edd291a2,2024-06-11,5272.99,withdrawal,legit
c7e4e486-2ad9-4eb3-bfe5-7ebf2e9807e0,55bfc52f,2024-10-18,9008.68,withdrawal,legit
dc814927-2157-46f9-b261-d6760f977245,d5c0d881,2024-10-27,3129.46,payment,legit
3712b343-773b-4c8b-95f5-29fae2e253ba,fc96ecc4,2024-11-09,5741.62,payment,legit
6f79be8f-3b44-4fac-815f-872cf4529b44,5a0147c6,2024-11-30,5007.55,payment,legit
d785de65-6b70-4291-9f83-77288dea4892,cbbeee36,2024-06-06,4895.61,withdrawal,legit
2069fbf3-5c7d-4367-8b97-55dafb1f96af,5ba287b7,2024-04-26,4561.05,payment,legit
50fa8d50-301b-4d5b-b2d4-27bac95eec10,1f72ca2e,2024-07-31,2056.29,payment,legit
6aa41eb8-cab0-4318-b3ea-879158908d03,86160a1f,2024-05-15,7557.1,payment,legit
03c856cb-63c7-4ca4-ac7d-fd18dd0428ff,19c3c772,2024-08-07,4513.36,payment,legit
ee9b8657-ceb4-467d-ad46-1425ccac30c0,88f708af,2024-09-14,9585.16,withdrawal,fraud
760db921-80d5-4a1c-a9c3-fdf4f5768690,80ddba34,2024-09-08,2608.08,payment,legit
10c248b4-35e8-4489-bc2d-95f56667ec0f,2e0f4e58,2024-05-16,6827.44,payment,legit
71e516ee-e4be-40db-8107-c50404356bfb,e01e80b0,2024-03-01,9407.17,payment,legit
0eff3865-bb53-4d9d-b6d9-b17493320a21,5ecfcd54,2024-06-06,6634.58,payment,legit
e82fcd12-3872-4eb6-bd1f-952e4a6ad092,baabe5e1,2024-02-22,8712.73,payment,legit
219ee802-924b-4af0-8569-714b1aaf7733,b236f118,2024-11-20,8274.81,payment,legit
475e78b9-6b1f-4bd2-acfc-6cfffafcb48e,ff47fc22,2024-05-06,3601.18,payment,legit
0b221675-cdec-4596-8629-9c170d25699f,ad5db244,2024-02-26,6001.24,withdrawal,legit
4f08aca6-a953-461d-8eb1-46c29103648a,32d6475c,2024-01-10,1562.61,payment,legit
4010dbbc-6215-441b-b01b-f1224ae1afc8,450faf6c,2024-08-23,5355.26,withdrawal,legit
37b3fc50-b0d9-405b-a262-56152e2b316f,cf1b4168,2024-08-20,2304.22,payment,legit
c00fefff-f866-4ea3-a01d-e220b95d3130,9512179b,2024-05-04,7437.37,payment,legit
179065d2-fbb0-4ce1-bb22-4868ce42a822,2c3ea0a4,2024-01-27,5280.58,payment,legit
0a03785c-9c34-4458-8ff0-cfb752ada168,50e6ffbf,2024-05-29,4112.27,payment,legit
52381684-8f3c-4359-a70f-884e359f5e0f,50f32521,2024-04-23,2687.97,payment,legit
8c06c149-8b95-459b-ad08-1a38e3ff5fd7,761f2cbc,2024-09-04,9986.98,payment,legit
d21060ba-0ae1-480b-8bdf-edbebf0218c5,515a006c,2024-08-09,717.11,payment,fraud
8ebd9e11-a1bd-404d-b9b0-ede5930f5dda,e3cbd827,2024-05-13,435.61,payment,legit
f32ae364-d889-4196-8fb5-1cd6a62862a9,e33b54d1,2024-03-20,2172.57,payment,legit
78a74527-be94-494c-a7e4-1e7150e35b25,df73edb6,2024-12-26,9710.72,payment,legit
37014d60-3379-4b1a-98e8-975f0978bc5d,dc9f1041,2024-06-14,9792.38,payment,legit
9cb57870-464f-495e-81bd-2707c17bc75c,e1991ac6,2024-09-08,6549.28,transfer,legit
a454e29e-9a27-4182-a944-2ba7274cebb3,09ec1137,2024-02-21,8801.07,payment,legit
0c8dbc69-837b-41ca-a7a9-57ad2f6a16bd,a4d4b344,2024-06-26,2139.62,withdrawal,legit
a76ec237-1da9-43e5-b841-28900c7cdfbc,7734e3d7,2024-01-11,9720.42,payment,legit
bbb4544b-ce74-4bf8-a2b8-1563b090bfe9,d0de4d77,2024-07-03,1427.85,withdrawal,legit
d9026098-75ef-476b-b948-d48ac9ca8200,5cfe71fe,2024-12-17,1011.25,payment,legit
d65606a3-b856-4440-843e-1294d4a9d7d8,fd9801ec,2024-05-20,1122.12,withdrawal,legit
918f14d4-c311-4efd-90b7-1895d6a50182,685b4179,2024-01-15,5731.28,payment,legit
a18711c9-b1f6-46d3-a859-51c0738411d4,668f47b7,2024-01-12,7809.74,payment,legit
87399cc1-ae6b-47c9-958c-6983577745c0,73c811ec,2024-05-21,3666.67,payment,legit
f2e5fe27-5f20-4793-8088-da0d7baa65fa,6b64dcda,2024-02-28,9778.96,payment,legit
1da8da77-fc51-45ba-8895-826f0f7efa79,9fa22d04,2024-01-09,4344.2,withdrawal,legit
c68e5614-2082-44fd-bed4-89942a8aad73,91350d7c,2024-10-03,1504.49,payment,legit
e184eb19-64ba-431d-ae12-2f85bcbd3467,32d8aa2c,2024-06-16,4659.67,payment,fraud
1c6b8fa2-dad7-442a-9637-c04d3d735363,d11227a8,2024-04-15,6790.37,payment,legit
8184d9dd-d4ee-40ed-8a62-6d9172aa75ba,39b88527,2024-11-24,8322.26,payment,legit
99019ddc-ac75-4aef-9aa0-cfa736a32200,1100989e,2024-02-12,4587.68,payment,legit
9e46e4f2-d465-423b-ae57-47bf8fa14c0f,1bd9814d,2024-12-14,5936.07,payment,legit
5649fb95-f6a6-45d2-a307-20862140fd30,49b1dab3,2024-04-24,2673.45,payment,legit
5c5f0370-288d-416b-9ab7-13cfca4f2d6a,3266d5af,2024-11-20,6459.17,payment,legit
f00a53fd-8396-4649-af3a-7860cb1a6b3c,51b07ad5,2024-08-08,9859.72,payment,legit
a90db5aa-824b-40ca-8dd2-5d996c2be99d,2b14418c,2024-10-28,490.54,payment,legit
3bf549e0-b0ba-4b3e-9488-2d3319d61d52,44f77c40,2024-12-25,8865.31,payment,legit
f80a8ea3-d935-4f2c-8ce4-b3aea20bd57a,affa8121,2024-04-15,5622.83,payment,legit
c25344a5-ee5f-4e07-bf1b-1767f315af49,7431b876,2024-12-16,2520.99,payment,legit
e94ab47c-9195-41d6-9097-3f3ea86f4704,824a7270,2024-05-22,9548.9,withdrawal,legit
cc9db22a-d4e8-4dfb-92be-2e34d6cb165d,1be6c301,2024-05-20,4833.54,transfer,legit
6795e48c-7dc1-49dc-958d-9db5be381666,36eb94c7,2024-05-04,3316.9,withdrawal,legit
9f91ba54-94b5-436a-a2b6-7ccdd02402e7,0265eb88,2024-07-16,1814.98,payment,legit
54ba7c83-be02-4cb2-9dcb-9ccfb71e6efb,f2112776,2024-02-26,2444.52,withdrawal,legit
300aff2e-80ef-4c26-806d-9298b91d69d4,79a7f392,2024-07-21,8328.49,payment,legit
f6209dc0-deb9-4602-91cf-b85e8cdb5fb9,23c6a8f2,2024-07-16,6144.1,payment,legit
87a6f124-76c0-4691-99bb-617c9807afd7,7e277f50,2024-10-05,9132.46,payment,legit
c7d0921a-0e40-49a1-a71d-3bcb7f2f77b0,55607ea2,2024-10-31,2319.68,transfer,legit
1738733d-cfa6-42e8-99b7-c24012ce274d,bb5c640d,2024-06-09,1211.39,withdrawal,legit
41cdace4-f4ec-48a0-a320-64ea3ee4aeef,7d17098a,2024-04-20,60.88,payment,legit
4b930bde-ec76-4c30-9210-ecbe0ccf0ce9,ecffe448,2024-04-04,5078.62,payment,legit
2aa8a998-5867-4a39-a5df-bf04d1b074ff,4a0af6a4,2024-03-12,9983.07,payment,legit
7c651d0a-e637-4d79-aa37-4bc7c348f273,74b08f26,2024-01-22,6949.65,withdrawal,legit
937d09e5-99eb-4aac-83a4-cc16360f5568,47d6cd99,2024-05-04,3083.95,transfer,legit
08a9a71e-d836-4bcc-aab5-c18f6381fb7a,f23aefe8,2024-04-08,8768.59,payment,legit
b3282747-515a-4c37-adf2-c46f519437ba,65b2967b,2024-12-18,7817.22,payment,legit
6a2ba1de-58e3-4a33-bcc3-38ae4b0ee68a,22fc6105,2024-07-22,154.15,payment,legit
6495022f-62e0-4d69-b1af-7c245056ca24,f93eb1e4,2024-05-06,8168.6,withdrawal,legit
37dc43f1-4587-42be-8911-dcce9f2661f1,e7c4effe,2024-07-30,3005.27,transfer,legit
05f3e959-d28d-499e-924e-34947757655a,3a47b298,2024-02-20,1496.73,payment,legit
6246f4af-78ca-41c6-aef0-75efa0840a14,33a27f39,2024-06-11,2263.31,payment,legit
23e7848b-6498-44c4-a060-32cdd64c6a23,2eedfc4a,2024-08-16,4685.8,withdrawal,legit
31d22acd-152f-4f5f-ae74-925e485a67b8,3bed40fe,2024-06-27,4248.68,payment,legit
7a8c1bde-9247-4ae8-b93e-d3a10fd9f29b,0850c5c6,2024-05-26,2888.87,withdrawal,legit
e63bcfdd-7784-4e70-8162-9cabe02a00c9,60b029d6,2024-12-28,1722.18,payment,legit
f5e5d5c8-bbe2-448c-9789-74b3dd19ce6b,e142f075,2024-11-17,7622.31,transfer,legit
6eda2841-5039-488a-a79f-dd2671a6acf5,813e8e5d,2024-08-15,9901.1,transfer,legit
14ad253f-f326-4aef-9de0-182c7886a930,c41cfc76,2024-07-26,7777.92,payment,legit
cf366eb9-2124-4c01-830c-2cbdec8aa142,4c125810,2024-08-14,2959.37,withdrawal,legit
e6f95481-4898-41ba-8896-23e570648e20,dd6b6f2e,2024-03-14,2448.09,payment,legit
52240604-b8c2-4297-941d-6f05e38f10b3,a59048a2,2024-05-24,2176.66,transfer,legit
1033a68c-f64c-4991-9bf0-09b45cb111f7,36de16a9,2024-01-15,1366.95,withdrawal,legit
799c25f9-2918-4de5-904a-f9e8e0ee3d49,033e139a,2024-06-22,5513.31,payment,legit
6f18387b-f563-41e8-bde0-ca52cd79982e,283918b5,2024-07-17,6054.0,payment,legit
8f95929d-3210-4da4-8374-589a01f5e2e2,00181179,2024-03-24,7055.03,payment,legit
8c75a50f-570d-43c9-9b14-f926263b2a49,16a21971,2024-12-17,6802.13,transfer,legit
32ee3909-e761-4c0f-b548-d67040f8191f,4a85adca,2024-11-27,2923.33,withdrawal,legit
d56cb2aa-a112-42b1-9426-dc8fc4ec65dc,ffa60ff4,2024-09-20,3303.11,payment,legit
b1d74a40-c3f9-4efd-a32f-b1e6c26c5e4e,fc3cb5c7,2024-07-13,6815.15,transfer,legit
ce01a615-1270-4564-9b4f-32f8708651ac,6d8739b3,2024-11-13,3494.48,payment,legit
82379ba9-6eb7-40bf-8536-31515657d8f9,ae2dd52e,2024-02-17,2126.23,payment,legit
3dc0c07b-730c-493b-99ab-0d2d2a61fb7c,b5523b21,2024-10-15,3743.36,payment,legit
f9e03c58-d310-49d2-a814-f6c1d9ae0e8d,3446fb6b,2024-02-15,2720.84,payment,legit
cabbf669-7d0f-44ad-a887-92e5464eb2d7,d984c5bd,2024-10-16,883.13,payment,legit
26c715f2-5a51-4bfb-ad10-9f1eaf46ee3e,f55982a2,2024-04-10,8301.39,payment,legit
a95189f6-bc3b-4694-af8a-8532c8393884,6a1bc92a,2024-11-16,8531.11,payment,legit
9e35bacf-0f1a-42c5-8385-47db1555fd09,8ba59d1a,2024-12-10,2197.5,transfer,legit
99a9a518-3612-4928-b254-0e399ea0e253,f83504a3,2024-02-24,647.72,payment,legit
9c71b3e9-812e-4af9-92c6-4a28922d2191,739a3ef7,2024-06-17,7388.27,payment,legit
48caf707-6eda-40b0-a825-cc4baf930009,d1c26dca,2024-12-24,2115.29,payment,legit
815e64f6-a431-4ca2-aee1-d41f2f93f1b6,8377ff82,2024-06-25,3934.35,withdrawal,legit
e1c9508f-52ee-4bf2-a4b7-516027adcafd,b5f959ba,2024-11-11,641.35,transfer,legit
9cb044ef-f0e3-4260-ba52-c67e5df0bc38,98a1dd09,2024-08-02,2262.7,transfer,legit
66dbce60-08c3-4d21-8708-9ccbf9a2b76d,81867196,2024-05-16,7929.02,withdrawal,legit
6eecd1cd-51c5-49ee-ac95-ce060d7da91d,f42ce199,2024-04-14,8043.96,payment,legit
092da6d0-baa5-488d-bd83-48fd39d35d97,9e421b29,2024-03-15,2070.85,payment,legit
cadd0f81-76cf-45fa-a8fd-3680fd76e7b9,2c54d66b,2024-10-05,3359.14,withdrawal,legit
1edf273c-69af-4095-8bb6-c078d878b776,a6fc4bd8,2024-05-21,1342.38,transfer,legit
ba9519e3-cc72-4139-9eb6-0835a1b62c37,d003c123,2024-07-05,741.73,payment,legit
6156c5a8-0d17-44ef-841e-62daffd139b1,6575d8cd,2024-06-28,9921.72,transfer,legit
288e6da6-5392-4816-87ea-78ae5d67eed4,78bc75a5,2024-07-29,6555.94,withdrawal,legit
40e0ef3f-22d3-4554-bffd-79f22a8d8b9a,ef14a34e,2024-11-11,5420.97,withdrawal,legit
2c17a78f-72f8-423d-be83-653b779fa6c9,d5988c74,2024-12-23,7654.99,withdrawal,legit
88a7eb01-a21d-4b43-9197-f96f37e6e0ab,95d4c16e,2024-05-28,8400.77,payment,legit
49477b25-5403-432a-be1b-198fbc915ddd,b68b1cf7,2024-10-29,8067.15,payment,legit
0051ffe1-a123-4010-a24a-96274e111fef,b39e64e2,2024-10-06,165.39,payment,legit
7b5e1ee0-9561-486e-a456-6ca3b9948d2e,03aa9cf7,2024-07-28,1868.08,payment,legit
dc25f911-1bbd-428a-b794-8cb4aa3741bd,33b37b08,2024-12-14,6549.05,withdrawal,legit
d3580fd6-2e33-414b-bdf8-dc71f806a595,4229ffb3,2024-03-14,3757.59,payment,legit
33be7db4-b5ee-40bc-a52b-52fafcb5f444,bcc2c522,2024-02-09,9824.83,payment,legit
a4b3113b-0860-4865-8364-bbcc1f8a001c,15c30efc,2024-11-07,6654.05,payment,legit
90fddf75-be8e-44f8-9ca3-734379f0ed5e,5e441821,2024-06-09,9565.49,transfer,legit
764d8464-3e88-4056-9163-5dbfa27be58f,3716e839,2024-11-05,2014.46,payment,legit
cdd2193e-9e1a-4fa2-ae3e-de96e9ca587a,ffbaf506,2024-11-21,8639.57,payment,legit
0ea403c1-cff5-42b9-934b-cf4b12b5cf61,80935163,2024-01-23,3213.52,payment,legit
c35b6b54-20b6-4cfd-bf15-0f1f0176986e,8c4ec92b,2024-11-18,9895.65,payment,legit
f63583ca-698d-455b-96ad-d80b138fa77c,c04519d2,2024-06-12,1576.89,withdrawal,legit
21b54912-d15d-44bf-83ab-a6a39a4a2e86,096299b6,2024-07-05,5163.4,transfer,legit
0e890f6d-b15e-47bf-a284-d6dc7208cb97,dcd75adb,2024-08-16,7928.45,payment,legit
9bdca080-aeee-44d8-8ea5-603aa3669a4c,dda537b5,2024-12-04,4326.42,withdrawal,legit
f1035be1-a8b4-4752-ab08-07b73f4f6d2d,26ee59c1,2024-01-07,4680.84,payment,legit
87373031-6b98-4385-b7c6-f02436b55441,92916cd6,2024-06-23,9863.56,transfer,legit
393be2f9-0041-4f40-a6fc-cf2b892c51db,578ea664,2024-09-08,4253.08,payment,legit
3367db32-00ee-4783-ace3-b60f6031ad37,11cd5905,2024-09-20,6040.72,transfer,legit
c4549b7a-03f3-47d2-ae17-c774a45dacaf,3248c56a,2024-09-09,545.4,payment,legit
4cb815ce-3311-4f8f-a558-52591558d8aa,dd200ab8,2024-02-19,8422.1,payment,legit
46eac4ef-d3fb-4ac6-b320-1c3cad53a728,1af72b27,2024-04-19,6481.68,payment,legit
330680ec-11b3-47f9-9eb3-cb1bbc3d2810,f1826e53,2024-05-10,4040.2,payment,legit
17a5ec47-c390-4668-8402-dbe9f8e9089e,63defb4f,2024-10-20,161.7,transfer,legit
2c0d8edd-d084-4ed7-9a39-6322420e296b,273eb497,2024-04-11,5916.69,payment,legit
2f9b77f2-ff0a-4ee5-abfb-4254d63b665b,80a78403,2024-03-17,126.58,payment,legit
b1d8bf67-a568-484f-86be-3509c2806fb2,4871ad57,2024-12-15,12.04,transfer,legit
dcb4a6c1-0a16-4b4b-838e-53dcd00c2814,0d358609,2024-01-04,6160.99,payment,legit
7d04f7d0-9183-465a-9607-8ce11866cbe9,debeeac4,2024-12-30,1890.17,transfer,legit
a54e1ca8-83c5-4fac-896d-be3e2e5e6b0e,a8418b90,2024-09-04,1918.88,payment,legit
0460da3c-7522-4b33-aa15-02a4ed91db19,4b50a9cb,2024-10-29,6532.72,payment,legit
fd3e9311-6bd8-4b12-8b2a-f6c6043c97fb,aa0c63b5,2024-04-17,536.97,withdrawal,legit
565aacf2-211d-4a68-b253-a39fa893a986,2bf8c910,2024-01-06,3134.06,payment,fraud
a4d0fce7-f0ad-459b-8a0d-586c7e46456f,6324559c,2024-09-26,1494.32,payment,legit
ae380a8c-d57c-44b6-ac01-13798fac803c,11cb08d3,2024-10-31,5801.76,transfer,legit
894acc75-bb1e-47fd-a674-d2ebc9f4d975,176b5485,2024-09-27,6617.65,payment,legit
65790ecc-79d2-4f64-93e8-fbf0d5d600a9,4de8a195,2024-02-22,7211.36,transfer,legit
315bcc28-4677-4215-8856-de7d8b5a6c61,0ee5c4cf,2024-10-02,2552.31,withdrawal,legit
a8bdf446-83ac-468a-823a-cfd63bbbbf6e,258eeec5,2024-10-07,892.5,payment,legit
faafaa37-340a-4c52-b79a-39902df570e6,a31157fe,2024-08-28,786.84,withdrawal,legit
b82e3adf-9ee4-4f2b-8f5a-979d79b0d6ba,8c5cc0de,2024-10-06,4261.52,payment,legit
7c04792c-6f1c-42bd-94ee-f831cc90534f,57c126af,2024-11-04,9458.44,payment,legit
d643637e-411d-4726-b983-7c11d8327144,68fa8783,2024-08-11,2177.29,withdrawal,legit
ce99170c-f0e2-4af6-8ff6-b478c3d3869f,b56a73e9,2024-02-02,2567.42,transfer,legit
308e6332-af9f-47a1-aace-ec1b19f56a85,c35272d7,2024-06-26,1008.89,withdrawal,legit
451d102f-391e-4240-a2f4-5017d1b44452,eb210445,2024-01-29,6055.7,withdrawal,legit
8e561e9b-b638-4496-a201-74effff3660c,86a076ee,2024-05-28,6798.73,payment,legit
ef2c6723-5318-4db1-971c-a68e00b8fd32,31bf0cb2,2024-05-28,6429.31,payment,legit
eba38086-315b-46f9-8d17-fad7b8984f96,b777ebd1,2024-01-25,8611.3,payment,legit
95a2bc60-23be-4b94-95a3-695b9e3b135f,2d137d3b,2024-05-07,4864.26,payment,legit
acccbc55-acb6-4fd9-b9c8-9658b008e766,7b602a83,2024-02-10,1344.57,payment,legit
423f9861-4e13-4e80-b032-95ffdc706ed5,761298fc,2024-10-22,2894.05,transfer,legit
09ea6d35-8e8b-4af9-a7da-d44024565369,603c8ea4,2024-12-11,6624.3,payment,legit
2f513cae-a611-4b0c-b88b-ac989849bab9,25710443,2024-01-27,6131.22,transfer,legit
568e48bd-34cc-4709-830e-afe22b55164e,9e14dc4f,2024-12-14,5310.03,transfer,fraud
c99226c3-f9ec-4b0c-8d33-dedc9d8b40b9,94e89680,2024-07-09,6829.64,payment,legit
8635a93b-d534-4d4f-8610-519f018f182e,179f313b,2024-04-19,6373.91,payment,legit
d48e1f1e-40de-4bec-81f1-249f046c8b95,f6a74aa4,2024-01-29,8813.25,payment,legit
61bec387-caf3-483c-89cb-b92109cfad95,a7b892a1,2024-07-01,5860.16,payment,legit
d8479208-6d71-4d33-9018-4fea2b9126e3,563f9fab,2024-10-16,7786.01,transfer,legit
569e98c9-e0f7-4279-ad4e-d25299cb65df,97ce6968,2024-09-15,2487.07,payment,fraud
243578e3-60cc-4b16-b8dc-8cc3e657bbdb,5065a86c,2024-01-19,6781.83,withdrawal,legit
9a41352f-7773-4439-8f1e-603194be9376,fa757210,2024-01-27,9021.94,transfer,legit
cdc7b04e-1d36-48ac-ab73-b4bf2ffbd3ee,53f56955,2024-05-27,3857.32,payment,legit
44f29d4b-6804-4461-842f-03bc1017768f,87bb0793,2024-04-17,7791.04,transfer,legit
3af4bcfa-5d03-49f0-83f5-88eaf3b39454,58f04746,2024-03-25,7247.89,payment,legit
0a6ecad8-4a47-4405-b12a-65d8ab0bec8b,1973d829,2024-04-12,595.26,payment,legit
586f7424-7088-4519-827a-0be5031b4d1e,ed028a7f,2024-10-20,5815.08,payment,legit
b99d9e1c-897c-4b69-a50b-da32f681f47e,b090ef37,2024-12-05,1301.89,payment,legit
58dea3a2-9771-440d-97b0-9fa87e336881,ed24a869,2024-05-27,9673.19,payment,legit
264e2e5a-20c4-45f6-b522-0432b1a81659,26370250,2024-11-26,8114.08,withdrawal,legit
5f7eafb3-0cef-40b2-ba1f-55e8e2edbbc5,fac6e62f,2024-04-27,1097.24,payment,legit
5426b6db-1c7b-4ff6-9c2b-96abe565ebcf,95bc47e3,2024-06-22,1217.52,payment,legit
109c3ae2-0bc2-49b8-9c18-030d9bfb762a,5d6df739,2024-03-23,5944.74,payment,legit
c6c803e8-55ab-4a4c-a9d2-7da97af10ea6,c8474812,2024-08-21,3448.89,payment,legit
0b0f3bac-f6b3-41b8-845f-33567c903636,0226edf5,2024-12-23,349.06,payment,legit
8c1a3298-6be0-497d-9b54-2bab99ff4370,0a47fcbd,2024-08-08,5416.42,payment,legit
7fdc5cf2-ec59-4ac8-9fd3-cddfe652e6ea,4f46ab17,2024-05-10,3878.45,payment,legit
a675a1dd-ca51-459f-b738-0cccb5bbdc51,d00d9d91,2024-08-24,1010.76,payment,legit
df257a37-544b-443e-87c8-3fa80b7d82dd,89392ebf,2024-02-14,8019.2,payment,legit
425ca8ca-bf2e-47eb-8ab0-d8e8a03e1c41,e1d3c8ee,2024-11-20,9150.77,transfer,legit
d2198ff4-bc96-416b-b152-b2aa1136100c,8284ec09,2024-07-02,7565.94,payment,legit
4bf6ebcb-3338-407d-9cac-cd7a9963548a,72a12eef,2024-06-13,8224.22,transfer,legit
6691179e-437b-4c70-b845-75c85379edf2,aecbd410,2024-08-01,2164.91,payment,legit
3a76e8e5-8748-48ab-a026-58b824c26ea9,e5c07d7c,2024-08-16,2635.73,payment,legit
f0c94d9d-fe4f-43a2-8360-e99777a3e774,7ba19acd,2024-01-27,2085.28,payment,legit
52d6aca1-a840-492d-8c21-dc3bed8aee1f,b2536b27,2024-09-06,7650.63,payment,legit
ebde56cb-c922-4b6a-a041-304f122fd10c,bff8b28f,2024-03-29,9479.17,payment,legit
7ca5be1d-3d40-477f-bf2b-969c72182b97,8ce9d91d,2024-09-17,7168.37,withdrawal,legit
11352ea9-5eb6-4e69-bb9b-0d059b9c473e,82e71509,2024-10-27,8814.67,payment,legit
ff2fcd64-8fec-4379-ba40-20bd3b0e93ad,b094df9d,2024-10-20,6386.99,withdrawal,legit
4459d289-78a0-4e37-aaee-40ad485117cd,40a711e4,2024-07-20,3876.6,payment,legit
8127d1b2-58f3-44a6-93d1-47c9057a2474,877700df,2024-07-08,4257.62,payment,legit
6da0b0c7-0180-4858-8d37-65d52a1e715a,a23aef6c,2024-02-22,753.21,payment,legit
23a98f47-c764-4b4c-aa05-a88cbb32d20a,fb922205,2024-10-10,314.57,payment,legit
92f0fc9a-fea9-49d6-a899-ed7dd6b6a75e,20783101,2024-04-09,6954.76,withdrawal,legit
d9be990c-1677-4b29-91b2-217d6547551e,82eec78f,2024-06-30,4384.29,transfer,legit
424e23b9-ac5f-43fa-8dbd-3d4214cd3447,ab17b17e,2024-04-13,5522.15,transfer,legit
d77ddbc0-5ff5-4ae2-81aa-05f2fd098c55,764c356b,2024-02-18,5576.61,payment,legit
83873230-5637-43ab-9d2a-9f4d67e62d00,37b34ddb,2024-08-17,2773.76,payment,legit
f62f7629-4fe0-41e3-a0e7-aa2753a95ff7,47747641,2024-01-20,4758.93,withdrawal,legit
8c803a73-8140-48f1-bcf6-ffebb19fd73e,eb110c1a,2024-09-30,4707.6,payment,legit
2705f3c6-0f7a-4e8e-9f1f-6b1eab57671b,8126891f,2024-04-25,3884.27,transfer,legit
07c9255d-14fe-4cc9-9c55-a24acc8ada55,15524825,2024-01-01,8206.75,payment,legit
f609bdcf-6d27-4a56-802e-7a8d1e382648,ac54d981,2024-07-05,4511.64,withdrawal,legit
86b40115-88a3-4764-a011-b0a7144e8420,005c4bad,2024-01-18,6036.45,transfer,legit
5ab22b4e-e559-47f3-bc45-81707dd7e3fe,ca9dc8b6,2024-04-10,8955.2,withdrawal,legit
160dd13c-df99-4f57-b672-c9fc28a9381a,2a5cdcf4,2024-09-15,8662.34,payment,legit
35e404c5-e7c6-46c9-8b8d-7d72e5fa80ea,da84d68d,2024-01-23,8904.22,payment,legit
14069a0b-09e8-4716-9c75-391f3386c427,b2012d8d,2024-11-02,2700.05,payment,legit
8052f41f-4276-4821-936d-e0765928038a,ff8613d7,2024-01-02,349.82,transfer,legit
a2efedb4-b6ee-4c82-a4c7-664adf3f78e8,f8fdc1f2,2024-03-31,2610.67,transfer,legit
e78f559b-192d-4dad-9f40-d92c229127cc,bfcbcd6a,2024-09-27,2787.07,payment,legit
9329ee19-5114-4bbc-93b5-1b8a31c28a8a,87c71aa8,2024-04-25,9093.6,payment,legit
ce76727b-e6c5-43b7-9011-8e6aa19c90c9,8d4d373a,2024-02-07,6492.43,payment,legit
c22d1c8b-2570-472b-836a-c5acda370f1b,e82e265a,2024-05-11,817.04,withdrawal,legit
538e36a0-e602-42c5-a790-65629618e639,63f1ddc4,2024-04-08,1353.79,payment,legit
afb63767-a0ec-4f85-8630-a61ee1435327,77a009ed,2024-11-03,1556.76,payment,legit
85222954-a5c3-4ad5-bc6c-041dfbd46316,238b4d3c,2024-04-24,6304.22,payment,legit
47e562a5-449c-44cc-8378-0e5289a9b4e6,c5e9812b,2024-10-14,7354.14,payment,legit
92e2c51f-f51d-4fa5-893a-8d7ea3758042,8466b86d,2024-11-21,8596.44,withdrawal,legit
87bef9ee-0836-46ca-8a92-f5641c726837,38106e00,2024-06-07,9406.37,payment,legit
7a9ea14f-7506-4ae7-93a7-870a33a2326b,305c1239,2024-11-28,2017.05,payment,legit
6f2f44c9-763b-4525-af66-25ba5fa346c3,405d88a7,2024-05-17,3097.72,payment,legit
27bb2e08-798c-439b-ad25-a9fe989f7b32,ef61bbee,2024-12-17,2403.23,payment,legit
8ac34292-0f23-4642-8996-3d0a3596a64d,cc601cc9,2024-02-02,3587.62,payment,legit
855756e3-f0ab-4a94-8f96-1884c75a65c9,48210c28,2024-09-07,9146.65,payment,legit
da599285-0b26-4c6b-bd12-37c866bfc606,d66dc624,2024-06-29,5751.13,payment,legit
8d143757-6c89-49aa-bba4-cfc8ddad08a4,2195a4db,2024-05-21,7381.92,payment,legit
dc03c7da-1ab5-4df0-995d-6adae68ce037,bc805f06,2024-08-18,4901.19,withdrawal,legit
fdd9934a-7882-45c9-9f93-c1ed06ef0d72,8ae8c186,2024-09-13,288.58,transfer,legit
121af6e3-2390-47e7-9396-04a0eae6a6a8,faaac184,2024-01-02,641.95,withdrawal,legit
5a2b0aaa-4e21-4a9c-b943-f1a2e5e3f74a,82ef42bd,2024-03-01,5379.23,withdrawal,legit
61a929d7-f499-45fe-883f-3862b8771aa5,ff5e0864,2024-09-17,7187.89,payment,legit
da1107fa-630d-4138-ac87-e3abec06c9f2,7215f177,2024-08-31,2153.31,payment,legit
d62eb275-497e-4480-bc00-38cab23529ae,6012a8cd,2024-12-18,7219.1,transfer,legit
c53a65e1-31e1-4ad6-aebb-febb1eec92a8,f0b9b8fc,2024-10-04,8106.66,payment,legit
58366553-00ce-4911-8e3f-a03072fddd00,3ddf9f92,2024-12-13,4118.97,payment,legit
85fb7c54-d30d-4a55-b965-935329f3a2fc,22a6f5d7,2024-09-13,7464.19,payment,legit
86852eab-62f7-4967-b247-a6d9bd436d56,bfcfd450,2024-04-18,4040.3,payment,legit
974a9b9e-f110-456a-9b2e-37ab533ecd80,302991c4,2024-02-08,6783.51,payment,legit
72da78e9-aeb3-485a-8956-52a748c6ddac,916fd051,2024-10-12,7639.97,payment,legit
6b6a6f44-5c77-4713-a9bd-bdadb5f35a28,d8cc2d01,2024-08-23,9919.27,payment,legit
f32a128f-d650-435d-b760-2ac0a2595340,b79ed833,2024-01-18,3453.97,transfer,legit
c8173dc1-73fd-486a-aefa-577394c1ebfe,dbf3a22d,2024-05-11,4110.41,payment,legit
d105a4c8-ad0f-4ccf-925c-c892dca517f9,42e65cb4,2024-12-15,1656.2,withdrawal,legit
1702505b-6836-40e0-9dcb-c3539bfc4121,79818130,2024-07-01,2040.73,payment,legit
2056b0b1-643d-4e6e-86e0-10af23f49b08,e8ad3a01,2024-06-06,6933.95,payment,legit
c5f35491-f93b-4212-ad40-ba0e7f3cb91e,3c749b01,2024-06-16,9170.46,payment,legit
f291e75b-6a69-429a-b168-b356efda0011,7cc02c93,2024-03-17,3946.05,payment,legit
d05a75df-45fb-4545-91d5-bbef0fbe7ea8,c2a5a09f,2024-05-14,1798.44,payment,legit
e662df74-d717-4513-b135-d39af7d276af,1071f2bc,2024-05-14,2850.99,payment,legit
e30017a7-d883-4bf3-a914-3258a7f395b5,b50c2fc0,2024-01-20,4550.52,withdrawal,legit
196f06a1-1112-4540-b389-6132132a5531,bbe48d16,2024-10-07,2906.5,transfer,legit
96630c7e-7ba9-47d8-a9df-1d9ab587c400,738c2721,2024-06-01,2335.79,payment,fraud
baa5dd56-616d-444a-aff3-abbb7591121f,bff1d740,2024-10-27,7359.84,payment,legit
2dec2be1-8576-4e67-a285-5556006d3b6d,c5765e57,2024-11-06,78.45,payment,legit
a9d48a35-a54e-471c-b036-20099c22e62d,7d94678e,2024-03-18,5392.31,payment,legit
9479e748-7041-44a5-ae07-65aced25d6e3,ef18138e,2024-08-27,7937.67,payment,legit
ca2c2e94-c0d4-4100-8768-fcd5b75a3377,af2332c5,2024-06-21,2662.28,withdrawal,legit
6eb6a1ed-5268-49f8-9f6f-cf96040e905b,87f5b0f7,2024-11-17,6032.92,payment,legit
ac4b9ca8-5e58-4105-841a-be39391d41ef,4d2b4123,2024-03-19,6689.0,transfer,legit
7dda5e61-351e-4b82-a1bd-95616823e9a6,62e144c8,2024-09-04,6550.25,payment,legit
79193f96-8f33-45c3-aafd-acfb15de20ce,256bfe39,2024-08-09,4458.5,transfer,legit
d5a9245d-d1be-4d48-94c0-4dff869984fa,cf0624f9,2024-04-17,3465.78,payment,legit
d157c7a0-fb88-4ebb-9a7b-99c0bb2eda71,627776b3,2024-02-19,8359.24,transfer,legit
274b340c-f409-4dff-98ff-fa3bdedd8c66,5c984b67,2024-08-25,7584.46,withdrawal,legit
a98e47b4-58bf-438c-9b85-e6500768034b,31643864,2024-09-26,3212.55,payment,legit
463e384b-c8e0-4ff5-8d74-7ba42f592279,791cbe80,2024-04-25,1030.19,payment,legit
96a511f3-0afe-4d7a-a7ba-07508f463f75,3286fedb,2024-08-23,718.08,withdrawal,legit
f19e1e8f-edd8-4b57-932d-8d28a80c70a1,f30afcbd,2024-05-24,942.76,transfer,legit
9d011cf5-c96c-4aa3-85b5-0b0d0baff23d,7c7fb706,2024-09-17,5828.69,payment,legit
0ba3f950-5da1-4020-a8c4-2924eac45b9a,a947dc28,2024-03-13,516.62,payment,legit
14a7ac29-68f2-40f6-b96c-575bc72adf07,0bac6dda,2024-11-20,3369.27,payment,legit
69020436-d572-4109-bca5-301dcf0141eb,ae14aa6c,2024-04-14,7532.0,payment,legit
84d82312-becb-4fc8-b5e9-4efae86cc732,372bebdf,2024-05-14,2943.48,payment,legit
63c676f9-70b4-4c28-8349-8f988f09fa25,d449db62,2024-01-22,7633.08,payment,legit
83937bae-aa6d-44c6-8d10-4b5c32ac58d0,40f0c555,2024-02-10,7454.67,payment,legit
8a8c8e5c-1131-499e-9431-7fe512f3b3db,aae3eff3,2024-07-07,2458.27,transfer,legit
3c9fc873-5075-47c9-9c50-6274e2380236,26868e54,2024-04-07,7288.22,withdrawal,legit
abf50e01-35d5-4942-9494-b5c871d79480,f1da23ef,2024-10-31,7477.77,payment,legit
1604e334-c4fe-4ec3-8e76-bcd679190e1d,ad81f960,2024-01-06,3974.54,transfer,legit
c1c75acf-8ffa-474b-9313-ab8e89485a70,2a0c01f0,2024-05-18,2104.2,payment,legit
c30fc754-73e5-410e-9e02-9528451f5113,53b6e3a1,2024-05-03,5212.71,payment,legit
6b355752-8314-4dbc-8ef1-c2f2daac1178,bd5dab13,2024-01-08,9213.98,withdrawal,legit
e578d316-72e0-45d1-9245-7a227d76279d,c7f41720,2024-02-15,6396.17,payment,legit
8b9db836-977f-4a49-b596-859f5c89de26,accce0a5,2024-05-30,1729.22,payment,legit
d26b7bf4-af9f-4dbe-ac1a-ac7514675488,b1816331,2024-06-28,6827.57,payment,legit
9928e63a-3031-49eb-b40e-38c4e0d7490d,3159f851,2024-05-27,4272.03,payment,legit
244f2d99-485f-4e94-8f4c-dd11c4108b50,d42077d3,2024-07-12,5915.29,transfer,legit
0297595b-897e-4aee-a3f9-47242043b6fb,710ee8fe,2024-08-05,7340.64,withdrawal,legit
55ee5bc4-79d9-4c9f-87ca-68c839dd4b60,79dde49e,2024-01-04,5149.47,transfer,fraud
e925d3d3-dd42-4915-80be-6d8af1f57dc5,8ec1c3ae,2024-06-18,8139.84,withdrawal,legit
614bcdee-021d-4f84-99b9-eb98e0c518ec,617bf862,2024-12-17,7221.56,transfer,legit
e4bf0d3f-92ca-4555-90c6-7790a1700f49,e19105af,2024-07-08,6150.73,withdrawal,legit
675a9a6e-1aca-472c-9bca-c4d0e293a3e8,ac17ba0d,2024-09-04,1507.93,payment,legit
1d761cba-36c4-44a8-a394-a58d5f209616,5354b38c,2024-04-23,8359.49,withdrawal,legit
d40b201e-ac9f-45cc-a14e-62c91f1bba83,7b66d559,2024-10-09,9359.06,payment,legit
5402817e-1c94-4a3c-9de2-2720492121d2,9ec25e53,2024-10-09,1369.65,withdrawal,legit
c4fb04c0-20c8-484a-a149-e595b84ec467,b15294e9,2024-07-09,4882.41,payment,legit
60eb55ed-0d5e-4501-bb1b-e3941f51a715,a7706df7,2024-12-22,2588.89,transfer,legit
06c6e5eb-be47-41e7-96e4-2d70e59c978f,39e59e52,2024-02-15,7545.23,transfer,legit
e36dc622-1b84-4657-8a65-3dc6880c5fcf,b0afd25d,2024-01-07,7216.3,withdrawal,legit
dd081984-ab2b-4413-a6ae-aa09f52aa27e,e0d15ed3,2024-10-08,1408.85,transfer,legit
cda82ea2-3384-4143-a990-b2766e2e08f4,cda62ab7,2024-10-21,8770.27,payment,legit
95851632-2b70-4b35-bea4-0854a6637744,42497a34,2024-02-13,1809.73,payment,legit
53f8033c-2100-4e66-85a5-1ecc790d8ed2,e5b04b20,2024-04-06,7972.59,payment,legit
c9b96cad-5d37-4254-80bb-bc34a732fd29,049e41ea,2024-01-07,4569.8,payment,legit
d4143cd1-0741-4633-a959-0966007edd2e,287dc370,2024-04-17,3282.72,payment,legit
9f396a76-c5ed-4bbc-bd11-272d94148661,f62bf5a3,2024-10-09,1582.39,payment,legit
4981bc97-5909-4fe5-abfc-56c7df6440e3,ade0330c,2024-07-08,1676.14,payment,legit
7cc61321-0ca7-4279-9c91-16e066c3e535,a587d60a,2024-05-07,6618.91,withdrawal,legit
5089954d-d9ec-416c-844e-f6e532df67d7,3fb46c71,2024-05-15,5504.3,withdrawal,legit
75f8bf29-5b0c-40f2-ae97-a93fca443a78,9a8c3703,2024-01-01,1220.85,payment,legit
f50bf3be-41b3-48ae-8554-951c39897876,f7627416,2024-04-19,1126.98,payment,legit
06076cc5-9a7b-41d5-a95f-c3a5d0a4ae4e,db1ecf3a,2024-08-23,723.11,payment,legit
02c89270-2761-4304-b760-293152577229,4ad9b4ba,2024-12-21,7437.67,payment,legit
20516130-a1c6-410b-9a26-de3565fcd4e1,a75ac4ba,2024-11-05,7118.82,payment,legit
8dae87f5-3fd8-4251-a21f-53379d85a5a6,cfc90709,2024-01-09,584.31,payment,legit
fb9eec6e-b792-4fc9-b05c-a8c9c55acc44,3cbd7f81,2024-11-23,5602.7,payment,legit
10331544-2519-4b00-8de5-493377baa03a,c0b6b5ad,2024-10-12,846.76,payment,legit
8cc80235-a469-4f05-b598-ddaafc3b1a8a,9e761777,2024-10-11,9037.46,payment,legit
082dca51-632d-4062-85d4-1b50282bd022,b6f18ea3,2024-06-16,9071.17,payment,legit
e5b78b2b-b011-477a-9b5a-b8aec87f2468,be70959a,2024-05-25,6982.33,transfer,legit
1b7bc1e0-3a8a-4417-b636-c948c2ed4c8b,4cd7606c,2024-04-20,9261.89,transfer,legit
8cb84798-2737-4fe6-a970-92136efbf48a,37ca85df,2024-01-24,8114.53,payment,legit
fb775f98-8931-44be-90a5-172ba00c9bb1,4b533748,2024-03-24,8285.39,payment,legit
acf9dce8-c64e-40ac-a113-6bfc32a2131a,6ee6ce29,2024-03-31,5697.08,payment,legit
a5eee7e1-ab91-4aa0-9437-24d5a2beb49a,14190285,2024-06-25,3060.59,payment,legit
3aeb6292-a72d-436c-b419-b12daef2a785,f9e76b95,2024-09-29,2177.99,payment,legit
ca18a874-9fea-4580-bc30-47016a401fa9,2f8bdbff,2024-06-21,3272.0,payment,legit
ea3e50fc-8475-4925-81cc-dee7e2a7dc7b,39be1d6c,2024-01-22,6284.95,payment,legit
334d69bf-346e-4bed-876a-f12a52367f00,96d228d9,2024-12-15,1726.57,payment,legit
19ac137a-dc45-4ad8-abc2-bb57d2abfe4c,758e7ee0,2024-12-10,2586.4,transfer,legit
b194e981-0516-4796-a631-f05c66448006,7e547bd9,2024-10-13,4680.61,payment,legit
c2542c29-8b5f-43ec-8769-bd51fade0308,6550ced2,2024-12-27,2330.5,payment,legit
35c5778b-8763-4515-8ad6-0bed0b2bd6d5,79302818,2024-07-17,5886.44,payment,legit
118b9912-8e90-4f11-99f9-49e29faec2e4,9b2aee2c,2024-12-17,9231.76,payment,legit
d0f7da02-2428-4298-ab6c-2eaf85292ef2,bc3c945e,2024-01-28,7480.89,withdrawal,legit
6543eb12-28f7-4d16-8207-b4f8945266e8,84179d8c,2024-05-13,6664.27,payment,legit
fed62e3e-c8d3-45c0-a20a-14241e787877,f0ea0185,2024-03-23,5827.21,payment,legit
da4ee08a-7091-44f0-ad33-087ea79f2974,47701592,2024-03-12,4879.48,payment,legit
a7f1b3d3-92f8-4fc9-9918-768b16f3c3f8,ea461cb8,2024-02-21,1865.64,payment,legit
ac988a8d-a796-4ad4-bd80-67d72e8a6d63,03fb33b5,2024-08-15,8947.1,payment,legit
4fe2b463-e4ab-47a5-b507-a44ac902728b,a106ac12,2024-10-12,2485.36,payment,legit
246ecda7-4308-4e87-abf6-3ee9c1e65d93,90ea95fc,2024-07-30,913.09,withdrawal,legit
6586abda-04db-4188-892d-49fa85d57713,5001501d,2024-02-23,7500.15,payment,legit
3d7bb6ce-841b-48dc-a9f7-801dce56b308,9eca721b,2024-10-23,1756.16,payment,legit
b5dce0f2-7789-4319-8001-def2a3bbcdbc,de60de2c,2024-08-20,3718.96,payment,legit
31f8d9f9-a9b6-4b01-97cb-58cff419951b,348aad9e,2024-05-21,282.85,transfer,legit
ebd56cf9-238c-4315-ab53-44c999260f29,0756e8d7,2024-09-03,1370.68,withdrawal,legit
a3823971-f899-475c-aa9f-3610b078c5f2,1f00c1be,2024-04-04,1732.04,transfer,legit
5d6b3e6e-2a5d-41de-83d6-6064ad00b1bb,09cf26b6,2024-05-05,544.1,transfer,legit
d635ea71-da0a-4456-bf22-0d14534f4e0e,b2d46870,2024-11-30,6566.57,withdrawal,legit
2504f511-ed34-413a-9834-4d1691c52c3e,e2312b4e,2024-04-16,8370.08,payment,legit
a23d26cf-321f-494c-b324-36fd85f75d08,4becac84,2024-06-20,3733.15,transfer,legit
53398406-97df-4777-a162-bbc237df5bac,dd59bca8,2024-11-20,8745.76,withdrawal,legit
f680dbdf-d8fa-4e54-856d-cbf0c1b4c606,16f8b6fb,2024-09-15,2133.47,payment,legit
6f7aebab-7855-43c1-aec1-05608a7da364,e8fd25bf,2024-01-23,3253.9,payment,legit
aa28909b-f934-4a9a-ad99-d40150727592,5abf27a3,2024-02-23,1507.37,transfer,legit
1f7e7f4e-deea-4da4-84fe-e660f5725dac,a290da5c,2024-01-03,6205.59,withdrawal,legit
5fb78cec-ac75-4e0f-89fa-7e71db320295,3595d78b,2024-08-18,4198.7,withdrawal,legit
1aaa79c0-b3bb-4eb5-b0a0-c205304875c2,e76385a0,2024-06-12,6132.83,transfer,legit
ae8b65dc-6bf7-487e-bb3f-79d4a88c025b,e8af8143,2024-02-19,7616.75,withdrawal,legit
d8cc79ad-f03b-4856-95af-cdf6243476a8,e49e8e34,2024-12-15,5457.03,payment,legit
cefb3ee1-ab1d-476c-a86c-205fa98e4368,d2129625,2024-07-12,6276.3,payment,legit
af4f5e91-2b83-4799-b185-c6ebddc4225e,fc54a981,2024-03-29,9352.5,payment,legit
0b60f912-c228-4779-94b1-d4e06555244f,211a485a,2024-07-01,2990.64,payment,legit
26454bf8-2d81-45e1-95fc-59276ba95450,8d6922d3,2024-09-05,3591.64,payment,legit
e508059c-0059-4d09-a0c1-3f4d51c4c6a5,e54f067d,2024-01-28,7177.03,payment,legit
38bd45fa-9a78-42d2-81ab-4d3444574c9b,86f6fd3b,2024-04-10,6113.06,payment,legit
354131ea-90b8-4156-8a1b-6cde774c16cb,bb82686a,2024-10-21,1785.33,withdrawal,legit
1dca15f4-ff80-4a8a-b71b-02f162f4f414,b76453a2,2024-06-16,3761.47,payment,legit
af7e5e44-34cb-4294-bd85-56b552358bb5,b5ecf82b,2024-07-18,4678.38,withdrawal,legit
61f22ae7-de05-4825-b3ed-4784e008f804,df885440,2024-06-06,4193.9,withdrawal,legit
6a2949fa-08b3-4a71-8660-ca55400dd8ea,c9cf2131,2024-01-17,1782.75,payment,legit
e1a99db4-6168-44a1-8abd-dd39460d50bd,c93cc182,2024-03-01,9244.3,payment,legit
6590f104-a804-4d7f-aee1-2c377a6a17f0,1eed852a,2024-06-11,7623.19,transfer,legit
4ed2b76e-6860-4427-a031-5b1d072bd307,2be39e80,2024-03-17,4813.56,transfer,legit
4658548a-2b46-4a5e-838e-6d37fb638126,9e17c3b0,2024-01-19,6800.61,payment,legit
60a9ae60-4e0c-4b77-a266-9affaa88c422,f8be596a,2024-11-03,8972.83,payment,legit
4817d846-98f9-47a2-8422-4d4fd6ebc703,fbffe01e,2024-12-24,1361.74,payment,legit
adb8fc8d-ee4e-4b18-ae2e-b1e472fd7252,60e022c2,2024-10-16,2503.73,payment,legit
4b343da7-d50b-4090-bf03-ac60d199acc6,ba5541e3,2024-11-07,5427.01,payment,legit
e2b5b27c-38de-44a2-8a02-d8d7c475e2a2,eb50a1a9,2024-03-29,7990.1,payment,legit
0db3a317-2a36-4359-8b36-8ee326b4f3c2,7812fd18,2024-12-16,362.55,payment,legit
deb20aaa-ceb8-4f6a-8c6c-7d91604b7b9e,fc204ffb,2024-03-12,9840.18,withdrawal,legit
93b1a14c-5074-4ba1-8764-7a71a3e31860,10fae1f0,2024-12-13,4549.07,payment,legit
ac093896-84fb-4964-825c-a60082c58f28,4f1d7f23,2024-12-29,3592.31,withdrawal,legit
f1b2f2e1-cf2e-4aaf-bf56-36dc77b72203,f67443fe,2024-09-16,2927.24,transfer,legit
5468d392-34bb-484d-a41f-f52adf7e3fdc,8847ed4a,2024-12-24,1743.57,transfer,legit
2b8c3192-7c9c-4cb7-91a5-41919865a187,3533bf83,2024-07-26,7915.74,payment,legit
e47336c1-df2e-4d5b-85c2-52c6ccaedb5e,2e968c18,2024-04-04,9554.14,payment,legit
1360ba76-ba88-48c3-a04a-72cd81ac658e,72e32ca2,2024-06-08,4136.45,transfer,legit
2f15c2cf-086a-4ac9-a310-255762217a89,56b4b726,2024-08-04,9524.21,withdrawal,legit
51d39a88-72a7-4905-aa05-7133ea0f8a0e,ba72a725,2024-01-27,8237.98,payment,legit
90707d7b-b24b-4a23-9fcc-04325b0bc8ef,a38768c7,2024-08-15,4810.51,payment,legit
c3743be5-c8d4-4472-90ef-24fdccf19584,1913d2a7,2024-12-24,6740.26,transfer,legit
ae997cfd-1bca-4aec-8556-681b2b07a2e7,922b1e84,2024-03-10,4349.84,payment,legit
b78670af-b35b-48f6-90d2-176220fee829,1b07b783,2024-10-16,5587.23,payment,legit
c4de4d4f-3006-46e5-afc3-5cbee2c619e9,92dee99a,2024-11-27,580.46,transfer,legit
3f4b1b19-0269-45b3-a5bf-ec134cdc6d34,b9535983,2024-12-10,6962.63,payment,legit
c0b4ce1b-e9d7-446f-8701-5025bd2f3391,cd9ef6f0,2024-12-16,528.25,payment,legit
16390eb8-3715-4f73-a29e-311c157ab133,057207f7,2024-07-09,8170.85,withdrawal,legit
9eb4f232-c0c0-4e85-a907-6bdc9dfa2ad4,7f27ffcc,2024-12-22,8249.47,payment,legit
789c1b2e-5eb9-4354-bb01-1b597bfe35e9,2f1b1a70,2024-10-03,2370.77,payment,legit
226bb6de-a936-40dc-8f18-e95df562d8de,0877cac9,2024-02-29,3236.63,payment,legit
6d21873b-de15-4847-a757-63dfad23f47d,6776568b,2024-06-23,4813.1,payment,legit
80d8300c-9f5c-4086-b482-85b503a6a864,9edfb126,2024-09-19,5966.63,transfer,legit
af4fd72f-5519-41e2-a268-3a3f66d9aad9,81633b05,2024-03-31,2873.54,payment,legit
db085d4a-2ed2-43fc-b695-50056d8388aa,63edf296,2024-08-21,5924.86,payment,legit
dcf16297-8a68-417d-9cff-bb18925fd6b4,a9924167,2024-08-31,2977.87,payment,legit
0f03a0bc-0fa3-4509-b78a-b02205ecf485,0da0335f,2024-02-29,554.91,payment,legit
d178b769-c395-40cd-87c8-4774a6abf37e,6f9c3029,2024-07-25,25.28,payment,legit
c01dbc9d-0eb5-47d2-828f-2776d75f8279,83165bb3,2024-10-08,1011.51,payment,legit
1f0c7e74-9cf4-4e57-9951-a7b8a62620a8,7f6cf63f,2024-07-01,7922.51,payment,legit
a710c831-ab4e-4098-95b0-a80a8ab0cf77,743ed994,2024-01-05,9614.31,payment,legit
65c21dae-00c4-4e3c-b0f0-241ee66e5d2a,a5cd824c,2024-01-04,4269.66,payment,legit
1c6b3c95-5e11-447e-aeb9-c8071f4c55f3,15e3d87b,2024-05-10,5126.84,withdrawal,legit
4fb0a885-cb8a-4990-a325-922d5bf44058,948a39c4,2024-12-04,1468.48,payment,legit
e0eeaa84-3a2a-4e49-9ef2-9e5f4db615a1,677f0265,2024-03-24,5510.31,payment,legit
9511467f-5b58-4d22-8b71-5cb8f8b74354,90eb6152,2024-08-19,1446.55,payment,legit
00fdf414-1de3-4820-8bf3-b8d805f95578,0669b732,2024-03-22,6112.14,transfer,legit
34d22b92-a3b0-4324-b47e-3090b88453db,c9d4a5b3,2024-04-27,9332.59,payment,legit
c78702a8-083c-44d4-8d74-c4b247ea8249,faad7545,2024-11-05,1956.99,withdrawal,legit
e3a2c2a0-60c3-4df7-a040-b34ffc232386,2c6f7218,2024-09-23,7645.64,payment,legit
2ca938ac-240f-41b6-b45a-aa911c64a9d8,f21561c9,2024-02-04,235.02,transfer,legit
704bd7ba-7ab2-4943-b586-e9ebaec516e1,84398eb3,2024-06-05,3754.97,payment,legit
f8d29d16-be0c-4de8-a834-eb1e4c8a75ab,e4631fdc,2024-01-11,1107.49,transfer,legit
c0935802-59d4-43eb-bb90-7073e4653b09,a33b4850,2024-06-24,3524.75,transfer,legit
4fd0ae94-a2a1-41dd-be18-64cdced5ce15,ec917548,2024-08-29,1735.37,payment,legit
fbd178c1-e5d2-46a2-bac7-396f06af888c,52de812e,2024-02-13,3733.05,payment,legit
7857cf23-3df2-4fdd-b5e6-696fc25650ab,413878b9,2024-04-15,4175.23,payment,legit
f3c8a9a6-0435-49ba-b940-01ee1408dc32,ebc8b171,2024-05-25,3005.91,payment,legit
a56e6cb8-6bd6-46fa-8f88-4f1862abd7d2,5cacd985,2024-12-01,6566.22,transfer,legit
a0832230-21d0-438b-abab-6091e66c980d,d9b2d860,2024-12-28,9188.52,payment,legit
c417728d-c463-427d-b845-da604cea12b5,590ec914,2024-01-17,4005.95,payment,legit
4b509830-9a65-4b3e-bb17-d918051ca176,0c62dba2,2024-10-04,1923.43,payment,legit
3bf16662-5992-4b64-9815-823c07a82f2d,83c5b8e0,2024-05-15,2707.23,payment,legit
e0ad46c7-2aec-4e49-a75e-93742e43aed7,de450c70,2024-05-23,8540.01,withdrawal,legit
9498d65e-6ad0-444d-8b25-a0ed8a40cbe6,f7301b7c,2024-10-02,5716.4,withdrawal,legit
5d836879-226f-4259-914b-6284103a960b,68f8f861,2024-12-01,4550.11,payment,legit
377ae5a4-363f-4aa4-a470-6726057924a5,f4ae2234,2024-12-13,1496.37,transfer,legit
14b8a956-a230-447b-85ad-c094c2a9c62b,d0732cb4,2024-07-29,4497.27,withdrawal,legit
fd36e160-8fb0-4e16-9443-dc64722b9236,3446c347,2024-05-10,2784.92,payment,legit
a64957ce-3265-43c3-9ed8-538bbe32b7b6,a72e3f7b,2024-10-14,9431.63,transfer,legit
eb27077c-c35f-4d76-8324-2c7e5b44c661,51652da6,2024-04-01,8840.7,payment,legit
e4ac3afa-2f45-4d02-8e6c-271f390d752f,9ac4615e,2024-07-24,839.03,payment,legit
e91e9fb5-a953-473e-99d6-86986912f664,1b562e1f,2024-05-10,5166.53,payment,legit
fd1e7452-97d0-4cc8-824d-1fbcb5582976,e4a726d4,2024-08-27,2250.58,transfer,legit
f330c293-2db5-4c51-9909-1cade9e5a6e4,6b0f9c3b,2024-03-28,4107.77,payment,legit
5ed24f09-4712-4c00-a506-7cb7cc49dcf9,4be0b831,2024-03-10,8768.48,payment,legit
bf50c7bb-5da6-42c8-94ad-ca52413b1654,36fdcb66,2024-12-01,5275.15,payment,legit
b6ff1a97-707f-43b3-8783-53dda379c61d,ec5ff995,2024-02-07,3342.15,payment,legit
f5781cdd-3017-4fa1-8046-9dcd537db686,f1adb3f7,2024-07-03,2078.88,transfer,legit
e0f751be-931b-4c7a-9918-4bb1d3fea41b,14c08a56,2024-03-21,8003.25,payment,fraud
645aa1a9-c56b-468f-8a96-1b648b77805c,2f9de9d2,2024-01-15,6245.18,payment,legit
79d59f96-42a8-482a-a579-95930a2d62dd,023cf316,2024-01-14,4680.65,payment,legit
89689f60-ce25-435a-82bb-bb99ec997643,44c8da15,2024-03-04,2174.84,payment,legit
70ccefcf-5594-4eac-b90a-67245cf6fc8f,fa0b1b9b,2024-11-12,3342.46,payment,legit
83dd581f-5281-4997-b4c8-01f33406a4a2,e80bc35a,2024-04-13,9598.43,payment,legit
d4490db0-a38d-4cf5-a67c-005812653202,1925e2dd,2024-12-12,5200.9,payment,legit
2cb3f260-c555-4915-9430-c483b7239ea6,5bbff86f,2024-07-31,4006.99,payment,legit
68ef6dc9-2c8d-44df-a9f9-6276dd682240,aa670aa3,2024-06-08,5214.22,payment,legit
5b26af5d-0c52-4847-9beb-4171c66521c7,81fd2f75,2024-07-30,7789.89,payment,legit
f5ec954a-c156-4e73-b7ff-bd6ee8363d22,c2502eb3,2024-07-07,3401.09,transfer,legit
2d87e0a1-5aae-48da-8200-0ebaf7cd5466,9de2b5d1,2024-10-03,1787.06,payment,legit
80d979e5-14cf-41b3-bcb0-76ec18e1649c,b732623e,2024-04-13,5849.36,transfer,legit
b01087e7-76f9-4693-9637-e61e9b47bc10,144c5af0,2024-05-08,6652.04,payment,legit
e7e0cc11-43a3-4d8b-ad22-92595a4905fa,3dd369ee,2024-11-22,7127.18,payment,legit
277b0add-158a-40b3-9ab0-750a13e254bc,017d98e9,2024-12-11,8819.88,payment,legit
1f565a28-0034-4ca7-8cfd-221842a23b96,71dde0a3,2024-11-21,3711.74,payment,legit
0a1ad0f5-5d97-4c1e-92c3-cb144eeb1df1,1ca5ea39,2024-06-02,753.55,payment,legit
cb98d90d-6749-41c3-9591-d33f9d4f862c,9362e18e,2024-10-11,9583.49,transfer,legit
4292fdc3-0112-42e2-b309-6bf7e0201de4,6de5b5f9,2024-06-22,4350.12,payment,legit
2859aaea-40fc-4137-8578-facbaaebf26e,fbc4c591,2024-06-30,6232.58,payment,legit
0fffc15a-9bfc-4482-8539-21eb63764e0d,2b69cae2,2024-03-15,6663.05,payment,legit
cd8d4654-af1f-42f3-9a40-9213373c409a,a333d524,2024-08-03,5465.14,transfer,legit
c3b06bba-a1de-4776-97d6-87f3d0eeacf2,b79c0fdb,2024-03-08,2052.58,withdrawal,legit
f0f487a9-769b-4146-9ecc-2ff251604c3b,fefc265e,2024-05-01,7551.43,payment,legit
a120af3d-8578-445a-b3b4-a47155471807,538c97cb,2024-11-08,8037.52,payment,legit
135b1ed3-9336-4a96-bbd0-72c1b04c2b9f,370b8840,2024-03-16,5529.76,payment,legit
92d6a2f6-0aa1-43c6-97a5-b6b6a8430c15,2d1c93d4,2024-01-26,4885.61,withdrawal,legit
c2ac2270-bc3f-4114-9ee1-2f806359bba4,ed67ff81,2024-01-26,1139.38,withdrawal,legit
6aeb4227-1ee1-4e55-9deb-d51f13d40446,ba4417d1,2024-12-09,839.52,transfer,legit
72caa185-604e-499b-a54e-0e8bcf47dc3c,9147eec9,2024-07-04,3395.65,payment,legit
7170e6bc-ec47-4ef8-bb42-edb553d5443e,b2eb0c66,2024-05-29,3108.46,payment,legit
c4de5fb9-9caa-453e-937d-23c9b97d8bdb,d3b9d8a3,2024-10-22,9536.56,transfer,legit
d1b3e1fe-4159-4de7-a168-df70ebb42fcf,e1433796,2024-11-01,7836.23,transfer,legit
d4748a54-ab9a-4822-b850-22e014bd6c76,e1b513a6,2024-05-01,6599.24,transfer,legit
b65245da-aa03-42bd-a97f-afc93277f247,c19597c0,2024-09-10,5176.48,payment,legit
d3433e33-5db5-4c03-a396-771b5557b380,3a46eac4,2024-10-08,1673.68,payment,legit
60527dbb-a04a-482b-8d67-8df0f045b5c7,2e5df6df,2024-08-26,9784.57,payment,legit
57a1392f-9a73-4ce4-9118-7468dfeb5eb6,bb2c9615,2024-02-25,3750.41,transfer,legit
129e2c8b-e1a9-4f58-b692-0767aabe3ba6,09ff3bad,2024-11-15,1069.26,payment,legit
9d8d0bd1-a3f9-4fa7-a8dc-4bef442365bf,71bcf5c1,2024-07-15,4937.99,payment,legit
5559eb7c-b5c0-4462-852a-17f24b3896cd,da16a4ad,2024-04-13,8739.98,payment,legit
5f8ad05c-edcc-462e-9dae-12977b62d707,e8160931,2024-06-04,8872.91,payment,legit
bec708be-9b3f-4053-9bbc-645f7b12d9a7,bd433737,2024-01-14,109.66,payment,legit
f3e41e56-fa2b-4378-a867-39974f032830,4ceabab8,2024-02-16,8862.96,payment,legit
d8acb29f-9cc4-4d20-a138-cb6d96976827,0f27cdb2,2024-10-06,2714.84,payment,legit
594e5bdb-91c2-4f68-8ec9-37c0468c4b3b,7af953aa,2024-01-01,389.72,withdrawal,legit
ffba6e59-c093-43fe-a797-a259b223a4b3,9f09f2b4,2024-06-01,8477.9,withdrawal,legit
ccd057da-f491-489d-86e4-740c5d31f07c,8a043ef0,2024-07-09,8638.67,payment,legit
311b992d-3d73-4468-87ac-2978742270f2,715b908b,2024-01-20,5962.31,transfer,legit
78839320-79e7-49a6-8369-ce0d816e33e7,142fd7ee,2024-12-21,5744.34,payment,legit
facff135-868e-47bc-828a-4e3e127138f1,905d9a9d,2024-03-23,8131.2,withdrawal,legit
5fbd8bd6-0c62-42e2-bb2c-04fbc260cc60,cce7ad6e,2024-04-21,7863.1,transfer,legit
06ebcd55-9f2a-453b-85da-3ee820fa061d,752ee0ff,2024-04-20,8901.05,payment,legit
aa90efe7-d637-4b8d-b62f-dfcb74722cee,9af46192,2024-03-25,5527.47,payment,legit
f14aea15-6351-49eb-92c1-78146c18bc98,dad19bf5,2024-01-01,9676.47,payment,legit
cc5fa4d3-454f-480f-aa55-3d815282bb5c,992cbd6f,2024-09-23,9961.47,transfer,legit
55de00b3-2d4b-414b-8270-ab8aab5d9b49,bd6de9ad,2024-12-18,1165.45,payment,legit
b4634b30-6782-4b9b-8117-1b9ecae69eaf,8576f6e3,2024-03-22,8495.44,payment,legit
21fa7f14-ad70-4f62-8af2-5be8f4f625c8,72d1846d,2024-08-30,4998.22,payment,legit
d6b3b5e1-1b47-46b0-b82b-413b14bb3564,e12fa796,2024-09-27,3875.66,withdrawal,legit
69cea2c5-d055-4223-9a26-98a24d65e5b3,109cac88,2024-11-05,6130.72,withdrawal,legit
f65ca382-30b7-40fa-9ca6-90e052326181,850bfd94,2024-06-03,559.66,payment,legit
00a5a5e9-7fc6-4f19-9686-ff8944720575,6beaf357,2024-04-20,5064.61,transfer,legit
96b43ab6-8370-4feb-a3fd-f7458568aa27,6b473e08,2024-04-28,8708.91,transfer,legit
5ca73d70-fabf-4bad-97c5-91c6704df4c7,8c0bd0f6,2024-09-17,2134.62,withdrawal,legit
2306815c-0ce6-4b23-b46f-e072e33ad4cf,e3973868,2024-10-25,4263.9,payment,legit
aba871ad-d110-49f1-bf79-02c11cff3463,6a478faa,2024-03-07,9394.81,payment,legit
0cf04aac-4a6d-4d7a-a773-591112bc099c,e2a74f6a,2024-05-15,4285.64,payment,legit
7d42aaf6-4c07-4b94-93cb-925965348160,3cbfbeb2,2024-11-25,3583.68,payment,legit
b9081bba-2db2-470d-9a48-f9aba33dab67,f39d29e8,2024-10-21,4405.37,payment,legit
a5ad775c-5ff5-4bef-b6b0-1c84b3e3fa2b,a5725279,2024-12-25,5194.53,payment,legit
ba415041-2d8d-4337-9462-4dba2c183f88,6fd4df8d,2024-10-02,6319.91,payment,legit
a4bb16aa-df92-479d-a840-d6db73450b2a,a8375641,2024-05-23,8006.93,payment,legit
de8aa41f-8e03-425b-99aa-d30f7754b9da,7f2e2271,2024-08-03,4521.02,payment,legit
d25f6568-ca85-4136-b2b8-0890b7b08871,58309f9a,2024-08-29,8174.81,payment,legit
8788ac1c-9d93-41ec-864c-6f5e3443ec79,4bb4f887,2024-01-29,5337.21,withdrawal,legit
c87fe725-cc02-48bf-a9b8-9eb267ccbbd5,530b0b47,2024-07-17,3384.81,withdrawal,legit
2c81739a-c932-439b-8239-bfbbec6cb4d0,25636ca2,2024-09-15,6579.51,payment,legit
efe95184-660a-4063-a81a-d742be18b654,f96c347a,2024-03-02,7177.22,withdrawal,legit
7ed21fea-717e-4c08-aec8-b6c9b2cc65cd,77c02eee,2024-10-11,5580.49,payment,legit
1e90c1a5-0fb5-47ea-8e3e-192e68f99637,1386724e,2024-08-01,566.15,transfer,legit
8a063401-085e-48ae-982f-1cd21813ea3e,f740a5e4,2024-12-13,1698.83,payment,legit
c6c45a37-aec0-46cf-a1d2-f3d6806c7126,d8aede3b,2024-01-16,2852.98,payment,legit
b45b23d4-49de-4d5b-9f18-6d0f7eefe8a4,f954e670,2024-04-06,2826.26,payment,legit
3cbee636-3a9c-4e27-a50d-09b7a491bf0a,4b1a5f19,2024-08-07,6734.21,payment,legit
336dd19d-1884-4a7a-97c5-6f89e1ef6e8e,2d5e9f82,2024-04-18,183.49,payment,legit
692a18a0-036f-429f-b318-5aa2c53af64a,4ccb486c,2024-09-17,7556.82,payment,legit
313a2ef8-ed67-4333-b3a2-2556485040a5,a7a34d12,2024-10-04,2653.42,payment,legit
8a85959b-f7b4-4de5-b00e-11b9d9064a92,78c4583c,2024-02-07,3100.22,withdrawal,legit
014e673f-62ab-4178-8880-157de3d57868,f9b083a0,2024-07-06,5279.1,payment,legit
ad112e5b-4a63-4a9d-afe0-afeb2b54dc95,e02e722d,2024-07-04,2159.26,payment,legit
e1671f38-7f98-4f2a-94bb-60e48a991a87,cac5df49,2024-05-14,8844.71,payment,legit
3c89011c-0c71-4ae5-95ce-05d99649912a,9a20c2df,2024-12-06,853.69,transfer,legit
80e5755d-28ad-4b53-abbe-baadcad2ba0e,30921bb4,2024-10-29,4443.82,payment,legit
14b33793-12f3-4e70-a462-d0a175882ac7,3b292aed,2024-09-11,8494.22,payment,legit
c10bf852-9d5c-435e-beda-461c710ac7d0,0934e707,2024-09-17,6158.44,payment,legit
f7a75034-a8f3-4907-a820-bb797b757ef8,a90d9794,2024-06-17,2923.3,payment,legit
163da797-6632-4cee-bb66-318adff93cd6,34dcdfd1,2024-12-02,4207.6,payment,legit
74f8f833-6de0-4f95-9aa5-77b56d17e759,2d473f71,2024-09-10,7066.94,payment,legit
2fd20642-6ec5-4363-a279-14db59a6dcef,34372cac,2024-09-23,9732.61,payment,legit
0decc8c8-616f-4caf-81bd-53cb58b10f70,d47ebf62,2024-11-10,8931.39,payment,legit
36274ae3-82a9-4921-a28e-ca420524e11e,86b4b9b2,2024-04-10,3424.33,payment,legit
e6d025ed-b13a-481b-b08f-4bd74c416885,85c9877b,2024-10-21,9981.98,payment,legit
4b18e532-ba4a-4b6e-8535-a1a167d6f016,58b0f220,2024-03-12,35.05,payment,legit
dc533180-de26-42fd-bbb9-3f0e6026b063,73e8e574,2024-05-06,276.3,withdrawal,legit
851e5ddd-fecd-4547-a3d6-f49d5cb27791,88787a31,2024-05-02,8238.41,payment,legit
0279d90a-2ce1-486f-af5c-4e4d17006f1d,9050f48d,2024-12-23,1994.63,transfer,legit
e12ee2d6-c97a-4d73-85c0-ca7fcccd7b6a,e0a4921f,2024-11-08,607.69,payment,fraud
89e3583e-f40e-46fd-a5af-85e46f8925dd,bbf0506e,2024-09-12,2371.48,payment,legit
150755ff-b936-4982-8651-6422eef1f6df,9d6613fb,2024-09-22,4261.0,transfer,legit
e8df6203-f6e9-4a85-8c7a-90a16b36d45c,f8296c6d,2024-07-24,7305.66,payment,legit
6f07346e-646b-49ad-ac1b-38c3dc15d1d3,eba0b6a0,2024-12-11,6243.36,payment,legit
ef419bd3-fdf0-403e-af51-9e3828416751,d7f0e123,2024-06-30,2376.21,payment,legit
0b585db0-5b77-465d-ae19-0bc473d40c7c,6a7451f8,2024-05-18,5032.7,payment,legit
0e8d0ae6-e483-4c69-9e74-bd122c1366fc,88f0955e,2024-02-29,9262.14,transfer,legit
0a5624f2-78ae-4260-9476-d0e743d37ab1,6738bdf3,2024-10-13,8150.08,payment,legit
ae8d789b-deb5-4a4f-aa6f-8f20e59e5a06,05aab2d3,2024-09-25,3231.9,payment,legit
96a76573-9047-4ff9-aa1c-edb3e8c9abbd,3176bfda,2024-05-20,9822.65,transfer,legit
8eee163d-7295-47cd-adf7-cf050a4723ab,a7c99a26,2024-01-10,7086.2,withdrawal,legit
5537a404-378a-48e8-99b1-ff3413190daf,80b94f37,2024-11-02,624.49,transfer,legit
c65160d3-645a-458a-955c-3737414a828b,b084d2af,2024-01-05,351.61,payment,legit
842732bf-84c1-4d15-ac19-689503b61f3a,12530a07,2024-09-13,1684.08,transfer,legit
b38eddbe-220b-4f46-bc8c-4920df6354f5,1f8eb122,2024-12-20,7278.56,transfer,legit
3ba92dc1-933a-4d28-9ef2-af80f27bf67d,c50a8765,2024-06-08,1837.39,transfer,legit
ec530bb5-dd4f-483c-95f5-fd9d1ef7bc0e,61688762,2024-03-26,5114.87,transfer,legit
2cb5e7e9-2fc8-4ceb-a077-4d942d59f300,5d4ad023,2024-09-14,932.6,withdrawal,legit
2fbc9e18-01f5-4696-88f2-b8d6a12c9266,63967d96,2024-10-25,9208.86,payment,legit
d4230d6a-b46b-44f5-960a-497e2c8dfeb1,75e73107,2024-07-18,3439.61,payment,legit
304c41b9-d225-4125-99d2-de10230b171a,e68667a4,2024-12-18,9081.32,transfer,legit
898b927b-a914-4b78-94a1-79a8036700c6,c4078d40,2024-01-19,9448.76,payment,legit
ef3b112d-cdf2-4a96-995f-c9e1ed1befb9,c1c9bc8b,2024-07-03,61.29,payment,legit
16b1047a-a2db-4791-8bf0-d1d74dfb57c4,71cf7d8b,2024-09-19,4641.35,payment,legit
d0644c99-cadc-4be7-95e0-fc9b99e70a8b,f9d33e7b,2024-11-10,246.56,transfer,legit
bea698d6-5e15-486f-ace8-b939a2e01162,3b4e4e56,2024-03-06,9086.93,payment,legit
d72af221-f162-4125-980c-76530d42d948,0b80f72d,2024-10-19,5184.08,payment,legit
37cab2e6-efc0-46d9-813b-d1c0c3d9d617,20e16d18,2024-07-20,749.44,payment,legit
17d05966-0451-458c-8ba2-43436d75bd39,c5f51ec5,2024-05-24,1102.77,payment,legit
5ca399fb-9b07-4e09-871f-ac0472826028,873f82a7,2024-02-18,3835.09,payment,legit
df80842f-550c-41d5-9271-275578bac852,b949e69a,2024-11-11,9402.34,payment,legit
0166d76a-c91f-49c0-9dd0-cb97b28b0ada,b2b0c2cb,2024-02-27,6929.09,transfer,legit
7344e07f-1a8a-4255-a5aa-32285ba51511,e6063037,2024-04-23,8676.19,withdrawal,legit
8bb78fde-93e6-44f0-a5f1-1584ad8d463e,cb82a505,2024-04-15,3664.57,transfer,legit
9e6fd656-3513-45eb-ac01-7b72bc7dccab,edf7f715,2024-11-14,432.14,payment,legit
4c3c52c9-bd2c-4705-a49c-7761d1fc342f,e3ac6455,2024-09-02,9743.18,payment,legit
a318129b-4851-4f56-900f-b959f427fb57,55469998,2024-10-17,171.73,payment,legit
5110f3b4-9cda-49cb-9bc6-b9fc3a039f1c,96ba9498,2024-04-01,9476.52,payment,legit
78c2a6da-e2b4-4e46-acdd-8534da52d8ab,25adf4a9,2024-08-16,3686.77,payment,legit
3995940b-de6a-4e05-b00d-4045c74e92ce,52ad3048,2024-07-27,100.9,transfer,legit
2ff0f141-118b-4333-ab63-310bdf514a5b,5d7daedd,2024-10-30,6891.57,payment,legit
1c103b36-591c-45cc-9330-388c81e8da2c,3ef8bd0d,2024-11-26,9805.4,payment,legit
2388d812-8605-4a16-a3ae-fd8e384c9220,d3adc038,2024-01-05,9656.26,withdrawal,legit
cbd498fb-f2e0-4b28-81ef-a871150f2726,4b6352f0,2024-09-03,1609.37,payment,legit
b9f72ae8-859d-443c-9ea8-a14303e810a8,f5bccbac,2024-01-19,1812.48,withdrawal,legit
a6c7820d-3db3-46d0-9947-684bee8f4f86,cdf47c1c,2024-07-19,5655.39,withdrawal,legit
cabf977b-6873-4419-bdf4-66422bf885d1,37e461d6,2024-04-14,6373.05,payment,legit
49a49703-484f-4bae-af33-b90a58c1b51d,711c7826,2024-04-21,7394.18,payment,legit
5e696b8b-39e3-425c-a888-f9c474b357cb,0f2ebc00,2024-05-08,1810.5,transfer,legit
341ff9d3-72cb-4695-bae6-5ab3e9671a3d,e8936df1,2024-08-14,9590.07,payment,legit
2a039cb7-c761-438f-a705-8d5df9460b92,743916b4,2024-05-01,6387.39,payment,legit
afb44c4e-1ac6-4fd1-808c-0b3eb592d03d,5dd452cc,2024-09-24,8470.47,transfer,legit
40fc8996-9a5e-4c3c-9c85-4f1d3facadd0,793f1b1d,2024-05-27,5400.66,payment,legit
6df1635b-2e65-4f43-9f60-b8dac91147af,d06c1e3a,2024-01-25,4142.77,payment,legit
0573ff69-618e-40fc-b99d-ea3c84ccbec1,6fa68dc4,2024-10-13,9771.83,payment,legit
fb41d1e1-4ce0-4bb3-b371-e71b55ab7baa,73e0cb4c,2024-04-14,5821.21,transfer,legit
e8ea6136-9c03-4202-92ed-59ab0320ea3c,134fa3a3,2024-06-06,8668.74,payment,legit
a6d44dd2-1de0-4158-91fe-ee6ef149f754,6bf529f4,2024-09-07,9532.92,payment,legit
eba07d3c-4356-4afd-a319-e7f819bcc3c0,3d7870cd,2024-05-01,6753.55,payment,legit
46fe3fad-fa50-48eb-a18f-511c7742ef06,c1ff4f55,2024-01-21,5489.39,payment,legit
c36007c5-ab77-4049-8969-e8d95f9c9ccc,5f793bb8,2024-05-16,35.11,transfer,legit
16c3f1e4-9fdc-4ff8-b1ab-fdebe9366ad0,43621316,2024-12-10,400.2,transfer,legit
782a45fe-9861-4e17-bcab-01d655e7bf24,b8981774,2024-08-22,2008.51,payment,legit
079a8cbf-5c53-41c3-8201-b74eb688cd48,39157f1c,2024-09-02,1860.08,payment,legit
cbaf9e9b-e8eb-4ca9-b0d8-9ef8349a62b6,a6faebcc,2024-08-18,2547.59,payment,legit
f77cc277-032c-4aec-9de9-796a0488517c,aa06e295,2024-03-13,3049.35,payment,legit
bb111afd-5f82-4915-8286-288f41a1a73b,91ff91c3,2024-06-01,3600.65,payment,legit
5cd441c4-cdeb-4213-856e-83af84b88308,89af7f3a,2024-10-01,4205.38,payment,legit
a0c74f00-b004-4dfe-b3f1-0a4531530472,3a95464d,2024-02-07,988.66,payment,legit
6eb6d6d5-2a9e-4e6f-8022-8ec6a76951f3,06833092,2024-04-11,423.62,payment,legit
11371bc4-e57d-49fd-a0a8-714f8fec6d84,08131a0e,2024-04-10,6739.44,transfer,legit
bab15f30-2968-4da8-86b4-f700c0ca9cca,cb5899f8,2024-06-06,5373.35,transfer,legit
a666299f-fedd-4fde-81d8-358f94c73e71,7ef6111d,2024-12-23,4441.44,payment,legit
a05e68cf-aff1-4643-b9de-3dbe0bbb0598,6bd9e471,2024-01-25,6344.4,payment,legit
39779bf1-8320-440b-ba13-5d17fbce3e4f,0a404222,2024-07-08,8276.79,withdrawal,legit
68611abd-6b8a-493d-90ab-f39c94d136e8,4e61d6a9,2024-03-06,4276.93,withdrawal,legit
13d35452-9b77-469f-b229-732358b8a0d5,c96612b3,2024-12-20,6411.19,payment,legit
3b6bc9fa-a7d3-4eb2-b37b-1d04bddc356b,cfdfcc9f,2024-02-11,9535.72,transfer,legit
f43b29f5-45f8-4f4f-a048-9b3f2c265fed,46517162,2024-05-27,8396.24,transfer,legit
861a2af2-1d7e-4d47-884a-ec116e3d2e17,50a2706a,2024-09-26,4260.01,payment,legit
3a4e8cc0-b170-4e12-95ed-43e23f7d8bbb,0143bd6f,2024-09-14,6447.17,payment,legit
05e2e449-6c3e-4214-a7fa-8bfd6390bcf9,55b14ef7,2024-06-03,1770.71,payment,legit
1e916792-7a65-4ba3-85ad-661c77757b33,e9672fd8,2024-05-06,5605.22,payment,legit
f1c7ec91-6150-4c1d-8428-3969df02ff16,fb71d9ab,2024-05-25,9813.28,payment,legit
d65ad788-c424-4401-8f58-00d58db71006,81e7c6d0,2024-04-06,5183.15,withdrawal,legit
a26776cc-398c-41fb-b44f-55bb173cefde,e5e5fa42,2024-03-15,9276.38,transfer,legit
0f1ba1be-50b2-4481-8e76-f6e0961838ec,6641b342,2024-06-25,4073.35,payment,legit
48b2b929-a8b5-4ac8-9c33-b5e180eb0123,9125e5c3,2024-04-08,9988.45,payment,legit
af1d061e-e1fd-4dae-b8c9-061262b91672,d5c25ead,2024-04-14,5792.2,payment,legit
6820cbb3-78aa-4c8b-a229-131b15d8fd7e,cb15f014,2024-08-27,422.69,payment,legit
357f0e61-8e7c-4d8d-8c48-3f28eeb4a2b8,422e57cc,2024-12-19,5867.55,payment,legit
7b177b1f-980f-413e-b126-67140436623f,f46bedb8,2024-08-08,2745.73,withdrawal,legit
1a0d5e6b-41a8-4765-8eca-1a4fc66e1fbf,2cc043c5,2024-01-29,324.81,payment,legit
aa0faeb2-51b2-46ff-90c4-39899543ee35,1710d650,2024-01-28,8208.53,payment,legit
f2fb203c-492d-47d1-a1b8-289df9cb5b1f,735d6409,2024-12-13,2757.3,payment,legit
662b8f8c-aaff-470b-9d9b-85720c6d3d81,ce46d3e5,2024-04-18,7965.49,payment,legit
9a0ebf25-df40-448a-ac71-987a5fdf8ec1,c10c9851,2024-02-03,2882.18,payment,legit
c6fc93f5-c663-4459-9161-30fd837b2d07,55a0c07c,2024-08-06,1943.26,payment,legit
c53ff49c-09fe-48c3-b047-f1ed19e82fd7,5a8744a4,2024-08-15,9739.36,payment,legit
cf17f7e9-0e1e-42ca-a68b-ec11e96f0d5a,5753fe7a,2024-08-24,3616.45,payment,legit
486e4317-ea2f-45cf-90eb-ab4b6b40c3b0,4434cfc6,2024-04-07,6013.76,payment,legit
7e8b37e2-e171-4d5a-bf92-5ef72dfb31f3,741c371f,2024-01-06,6099.81,payment,legit
92215252-3f63-49f7-b4c9-7e10c6a61522,42c90b24,2024-12-18,5604.73,payment,legit
21d31d5e-3a5d-4227-896e-25ea8946b9d0,22badfd0,2024-04-01,9146.96,withdrawal,legit
7bca3650-c38a-4873-a4f0-3486cb61a4ba,002549ea,2024-09-03,6744.41,payment,legit
4d7cd3ea-6b8f-4f17-bac1-4af3b2479023,bd11e2d2,2024-09-14,4037.33,payment,legit
2a3a3d3c-21ed-45b6-84b2-ffaa16fbb8b0,60b164e0,2024-08-10,8623.8,payment,legit
36d2ff4e-665b-4dca-ad2e-c6c7dd34847f,c5bc4dce,2024-04-24,1810.63,payment,legit
1a6975b5-4816-406a-8f00-a5db03f27903,9451695d,2024-04-08,5442.37,transfer,legit
f5815d35-9160-4fca-81ca-d1a173baa5ff,78234f4a,2024-08-06,9505.5,payment,legit
a3b82ce4-e544-4231-83d3-0d7dac89383b,08b6e3d5,2024-11-12,6253.98,transfer,legit
ed1a0745-a716-4d0b-89f6-8ca253d43e13,e5f1c386,2024-12-11,8169.68,payment,legit
c4ae9dd6-582e-40d0-9d8e-8b55d2607af3,dfb143a4,2024-02-08,6535.61,payment,legit
2547d3cd-2f82-40a3-8b86-916f4bd870af,143eb80a,2024-02-26,8393.71,transfer,legit
51ba2a18-50b1-40cf-a036-50f60306f304,b7ac473e,2024-12-10,9444.88,payment,legit
fda0d159-7a10-488c-abfa-e99b7f427edd,15019416,2024-09-25,2729.22,payment,legit
9b5a3921-8669-4f2e-833d-228cf2242c46,3acfea6c,2024-11-18,1696.61,transfer,legit
4e9b5700-89a2-4675-bf66-ad1e2af5b169,4b65e0b1,2024-03-14,4839.91,withdrawal,legit
7150716b-eb02-4890-857d-4bfcecde3caf,5158a1fd,2024-08-02,7018.62,payment,legit
a34a72d2-81d3-40f1-9ec2-018b8839f4e9,d5f26b28,2024-09-12,2271.91,payment,legit
2bb1a882-4258-420d-92ec-db6de9f0e3fe,7c822bf6,2024-09-05,41.01,payment,legit
88701cca-0000-4f30-b39a-21eaca478c6b,8892f189,2024-05-28,3429.35,payment,legit
4caf6080-49b6-429e-a12f-ee6332e8c8da,cd1778cf,2024-01-06,9688.59,payment,legit
a92cb42d-81eb-4135-b247-39e203e3ad72,160af384,2024-07-31,6949.67,transfer,legit
999d2da3-dcba-421b-84ba-386148ebea07,edc3b98c,2024-04-02,4013.25,payment,legit
6149da8a-d41a-42f5-a933-d05f5be14405,2247bc37,2024-06-13,1925.76,transfer,fraud
38b8774e-2c24-4489-aeac-5f9a3a79d140,881947f0,2024-12-15,3560.9,payment,legit
b8915409-ed21-4c78-8ab8-2a14ad88b2dc,7b22d6b5,2024-05-25,1698.39,payment,legit
e9487762-9132-40d4-8020-17db5a534ce2,87a99c9b,2024-11-02,1063.06,withdrawal,legit
904f5a58-fc5f-420e-8a9f-e21bac42b4ee,6a68538d,2024-03-09,9067.42,payment,legit
61748d2a-dc0b-4c25-a244-0907b767fdc0,f1c61a97,2024-09-02,9976.5,payment,legit
9ac67be6-5bf4-4120-8061-9b26fc51e750,db8a75e2,2024-12-22,1641.14,payment,legit
87ae147e-f445-4a57-b5d6-3f201f67128a,6e4622d8,2024-02-07,545.23,transfer,legit
6d278659-7288-4605-8eba-684478de41de,45492923,2024-01-04,3297.31,payment,legit
19877e92-0f8a-4c45-bcea-fda309e2b5d5,9460e2dd,2024-06-07,4616.59,payment,legit
4cc9a10a-0acf-47d8-9236-3a18f2e350fd,ba88a57d,2024-02-03,2048.21,payment,legit
6c8dcbe3-c76d-4938-95bc-0189d9a72092,41996732,2024-09-30,3014.25,payment,legit
72882dd7-5fc1-497f-bd6f-c0fe8c680395,b3c2507c,2024-11-29,2008.71,transfer,legit
d99a24e6-0cd0-4a7f-9904-4cfe51312aef,a7b59675,2024-06-07,7742.61,payment,legit
e4b939fa-ca15-468a-88d7-d8e8c459b020,1d0fba78,2024-04-04,7125.78,payment,legit
683c6514-47c2-49a0-b736-61904a34a3e1,867bf83e,2024-06-07,6349.52,payment,legit
8ef174fb-eb92-4533-8c1d-f1a6cd3ce5a6,6cbe91a5,2024-09-21,3872.18,transfer,legit
60a82f20-0ed5-4933-bb77-836c85606e6b,12e4c32d,2024-01-04,9090.41,transfer,legit
0849e82d-af46-4523-a718-2c3ad2611430,18fb22f0,2024-08-03,9695.33,transfer,legit
26f2d1e4-3c88-455c-9b1c-1476ce8d7808,22c168b7,2024-08-11,1736.39,payment,legit
51eab87a-0d14-484e-a6ca-ec9638da51e3,20902bdf,2024-08-20,2230.13,payment,legit
9802c364-607a-4840-a56e-373b977e32c4,12c99e49,2024-03-29,5256.31,payment,legit
0a75b0c5-0ce9-41fb-ad3b-5114135dd67f,8d59d2d9,2024-09-17,912.51,withdrawal,legit
b6b625aa-9edc-420a-a0e1-50abe8a5a9d5,874c3e9a,2024-02-03,4364.48,withdrawal,fraud
62ceeb2d-d94f-4f76-9dcc-acfdda72a706,e7a4cd01,2024-03-13,5817.91,withdrawal,legit
c3731098-6a07-4c39-9ba3-f86b9e4f0a03,a412cf5d,2024-11-16,5220.74,payment,legit
c16b4e0b-923f-48e3-9b54-3cd30685175a,47074a1a,2024-09-26,3309.09,payment,legit
a6b2e7b6-c079-47ba-91f6-4353ab69970d,31b9ba01,2024-01-06,5424.46,payment,legit
fa00ee26-8433-4c39-a975-bfc426949d84,aa8a9fba,2024-03-31,9588.01,transfer,legit
4d089d30-9191-49ea-8ba9-1137be564299,afaeacb5,2024-03-19,2060.17,payment,legit
a4e0b7eb-7916-4776-b219-d1ce1452857f,72268bac,2024-04-08,6548.31,transfer,legit
17aa7169-2c36-4276-9233-29df00cccf7a,c8912b4a,2024-03-31,433.97,payment,legit
82e11671-b90f-4096-badd-3fc1d54649d6,b16868c3,2024-01-23,664.16,payment,legit
70804fe3-8b03-414f-abad-651c166f2bfa,6b5d0742,2024-06-16,5518.28,payment,legit
742bc29a-1974-4b65-b3e8-926858182b46,403d4b9c,2024-09-24,1049.39,payment,legit
804fbd2f-3730-436f-90f8-e4738acd3532,232eef9b,2024-08-09,223.47,payment,legit
7473ce62-e220-4eb7-a1d1-0adf0d0b6e19,b484e46b,2024-09-02,1715.13,payment,legit
21993cfe-adff-4818-9c5a-462cf2f51ce2,d15678cc,2024-01-30,5648.49,payment,legit
1e72994d-8523-4400-9882-31a581a5c27c,c265e24c,2024-12-13,7033.41,payment,legit
0a79f923-d612-43ec-b4cc-097cfdd106b6,27df88f1,2024-11-02,2024.79,withdrawal,legit
7d3b1f70-bcb6-461f-bab3-3db210b6d0fa,83264951,2024-10-20,6682.59,transfer,legit
9283324f-fb27-448d-bc88-e5f3d9b17262,2f10f819,2024-10-27,1824.76,payment,legit
7aedbd66-09ce-4f3c-b65f-0f9a414b1757,ef4ace09,2024-12-06,6134.57,payment,legit
bd1750e8-5b4a-408c-8e1f-42bbf10ad170,ba06c8b9,2024-07-17,4119.6,payment,legit
ad97b317-42fa-4a26-a9ac-c28467f51ae2,47a48aa2,2024-03-14,6538.0,withdrawal,legit
9aac9efd-9db4-4574-9bf9-dae78e2a4efc,7089367e,2024-08-13,9950.53,payment,legit
cb0704e6-c15b-426e-b20c-ad503a52ec1a,268c3e11,2024-09-28,9378.17,payment,legit
ae94e64b-385f-4004-ab59-68ceb8fcfa40,dece43e4,2024-09-26,42.82,transfer,legit
1f92c678-96ae-463b-aa7b-f704ac10fe58,6f4e5f6d,2024-07-09,8854.39,payment,legit
c196d7bf-d7bd-4baa-ae7d-a746cb8ff375,4f93a919,2024-01-25,664.91,withdrawal,legit
d971eba4-f428-42fa-8911-2dd8b4069064,8fe14b44,2024-05-15,9530.47,payment,legit
2e4566ad-4486-4d64-af6f-ffd776a4be9e,8ff9f117,2024-12-02,2818.26,payment,legit
a8c6ee88-7eed-4767-aae6-5668017a9d75,32e66e73,2024-08-01,3820.35,payment,legit
8b74467f-7974-4685-98ee-76cd9622fe41,2dff5d4c,2024-07-15,916.38,withdrawal,legit
9ce1aff6-9ef4-49ba-bd10-ade7e9a1b193,98820e97,2024-04-08,1122.73,withdrawal,legit
23851a4d-d5d7-47ac-a6cf-201fc71b1fd7,3a1aee33,2024-05-14,7267.41,payment,legit
78d51240-48b4-4597-9ad8-dabb512c4a21,5a45cfbc,2024-11-22,9443.32,payment,legit
12bb8e06-82f9-4cdb-8312-920e16c8fcb8,038c1fa9,2024-08-31,6107.48,payment,legit
e27d1c82-6d0f-45df-9ad1-4ec33eafc69b,e1755450,2024-10-14,7158.5,withdrawal,legit
aafcaece-5d26-4f8d-aba4-6c541967b7ae,ec3a7ab8,2024-06-14,7619.7,payment,legit
7ba49ab7-a671-448e-9ed8-c44a8189d2b7,a285998e,2024-08-18,2628.14,transfer,legit
03994408-2315-4a3f-ad51-524a40d5659e,ef52ad11,2024-03-31,452.3,payment,legit
cbc13312-d877-4ddd-981c-c87b0155a049,cd38f724,2024-09-14,18.73,payment,legit
3bb3e925-4590-43de-bed2-9cf188afa734,452c16e4,2024-06-05,3506.49,payment,legit
39450a92-91a5-4fba-86f5-589bbf3cf741,63456a43,2024-06-10,2414.64,transfer,legit
108fa43d-26c4-4cc8-8489-34dda016f617,c0a09ae1,2024-08-25,623.18,withdrawal,legit
f6b2b754-dbdc-4d67-9c62-e7e448749f47,f255c7ba,2024-12-07,1795.28,payment,legit
11d0e8a3-de97-4433-8340-a753a2c09258,a9072d0f,2024-01-24,1244.99,payment,legit
af0ef99d-b754-49e3-9023-3c9a5d8e76b2,de213fdc,2024-10-28,9148.78,payment,legit
2bda6351-b758-4556-8e1d-8568faa073e9,4b99edbc,2024-04-16,1402.67,payment,legit
bb49b1cb-cb28-4054-b611-ce1149eb2a5a,b5a44988,2024-06-11,5376.48,withdrawal,legit
9394daae-9e99-4928-a3cd-abdac029b8b0,a9baedae,2024-01-08,5931.06,payment,legit
bbdd0c76-a864-459f-9b40-a29ba9ba681f,2c168dd8,2024-04-19,5434.89,transfer,legit
92b7e16a-c863-4d31-9671-1692f8b0cf1c,9c32339b,2024-07-02,990.56,transfer,legit
2849077a-bb79-4017-8aeb-158f17eec773,67bd2ccf,2024-01-21,3187.98,transfer,legit
2496bbe8-e1f3-4538-9f3b-c1a664a6a020,76cd1190,2024-06-28,512.7,withdrawal,legit
7be54848-139b-42d6-96c0-61ce06f95362,728179a3,2024-12-04,3956.7,payment,legit
e8a5027d-0338-46b8-b617-ac4667ce2011,2fc7e52e,2024-02-08,1885.99,withdrawal,legit
1f493f5c-a4ef-4b4c-bfdb-845b81bb86cf,6f83fb41,2024-10-06,5616.33,payment,legit
6944115d-61df-4024-a18b-f48f265baceb,74715432,2024-05-29,6928.08,payment,legit
76326ee1-4574-4616-83e1-4d43929d457b,6054ba36,2024-08-27,5321.2,transfer,legit
86967abd-0262-48a6-9c96-9c3e0b88217f,710687fd,2024-04-04,4342.37,payment,legit
6c1fb021-cdaa-4b34-85da-0280e51595a3,f711f424,2024-02-28,3873.33,transfer,legit
3ee1dd9b-1634-4ae8-b0d7-d61f5903c373,0454d999,2024-02-28,8416.92,transfer,legit
656248a5-9b0f-40a1-9014-b8542ecbe9ee,88875bf0,2024-01-26,2193.68,transfer,legit
3ef837c8-c3df-4226-b428-b4a6c8c8b713,31590c1c,2024-03-08,7342.18,payment,legit
87291ebb-8f86-491e-ab1a-3671599bb2a3,fa181f85,2024-08-30,7574.82,payment,legit
d061a16b-ae2f-4c4c-8df6-73853723df0b,4111696a,2024-11-17,4192.0,payment,legit
74296106-d003-4ef1-9c86-0f01abc3032e,a9fc1e6e,2024-10-24,2973.01,transfer,legit
4d225bfa-7cd0-4623-8fbf-53f2a53bd999,841ed27a,2024-09-07,4705.41,payment,legit
37701f0a-6783-482d-8374-309ef1a14456,011f1427,2024-02-10,932.14,payment,legit
10a9dc8e-bed1-4642-a989-62d74705b017,a9939c7f,2024-04-15,459.3,payment,legit
d668f2e2-37ea-43e0-8880-db7cdc4687da,bebf8e53,2024-04-23,1116.03,payment,legit
08d42c2b-0cf2-4384-bfdc-257af95c3fd4,25d581dd,2024-04-01,1871.45,payment,legit
e6187c5a-c098-442c-9eb4-b9d9735dd07a,2e1d9d4c,2024-07-06,5041.77,payment,legit
0eba31f8-801d-4bc9-89b6-4920a3ac0ce7,59a37e58,2024-07-14,8491.37,payment,fraud
66ec1d66-dde2-4e26-bc69-9fa980ec5dee,61669fde,2024-05-10,2356.42,transfer,legit
cfa821c9-e9be-420a-af2f-ccb1aa789c8c,03cceedd,2024-05-09,9351.62,payment,legit
66d488f3-38d3-4edd-b220-50dc30cdc2b2,c8c3a380,2024-10-29,9549.08,payment,legit
2674ff86-28ab-4960-ab34-1a6324392baf,3ac27dd2,2024-10-15,9589.05,payment,legit
94a85089-3529-4c54-888e-72e2fdf5c40a,7eb6d74c,2024-04-22,8375.63,transfer,legit
edff4141-bd9c-4dc1-a801-eb095a139989,c6e06ed8,2024-11-29,3638.25,payment,legit
35fce3d2-6155-4739-89f0-1c755e671939,20f5ed28,2024-12-13,726.84,payment,legit
4bfce96c-bf54-4c5c-af74-cd35b4456d8d,d445cb87,2024-04-29,5688.19,payment,legit
994795fe-e09d-489d-8cfc-ffc816aa5ecc,b9dd90ca,2024-05-09,5586.81,payment,legit
cd3b523a-c9eb-4ed5-a5a1-9028365ff79f,7b3db69b,2024-07-03,8499.76,payment,fraud
67e4d6f8-2e90-42b8-b6c1-1dcb935bd300,12afcc38,2024-12-09,9959.91,payment,legit
2e7f9468-2530-4caa-af40-3ec9807bea39,f5ca5035,2024-11-15,5081.57,transfer,legit
091227d3-57fe-4fc6-bb2d-13b44d78ca60,d3a3d79c,2024-02-07,3452.04,payment,legit
eef31d80-77cc-462b-904d-4d87cec78521,29585792,2024-05-23,1859.02,payment,legit
d403f816-be04-4db6-99d1-a19ed826d41d,a0e0ae26,2024-07-20,48.0,payment,legit
4b252fd1-300d-48ab-851b-af8ea80c393d,b6b48666,2024-07-02,5091.14,payment,legit
33511080-243e-46d2-b660-10f771ce218e,27fc3fcd,2024-03-11,5555.19,withdrawal,legit
94fa06a6-0d11-4e28-b6ae-f720deb8d5d6,5f12614b,2024-11-09,8249.38,payment,legit
3f4ee8e9-a187-4f52-b280-457a754e6ceb,de7e27ca,2024-09-04,5045.77,transfer,legit
15646e21-bf8b-48a8-94e5-e0cd65a8a65b,2eb5b61c,2024-11-01,9164.68,transfer,legit
3b092090-05a8-41f0-a686-cbeb72100ab2,4ec9ccb6,2024-11-09,6280.83,payment,legit
1eb7e1fe-180d-4938-a874-86bcc84e7dcf,0fd46ab2,2024-09-30,8403.36,withdrawal,legit
fab9e0fa-750d-4c3d-adb7-bf52cd947f8e,84bc4257,2024-06-09,1483.02,payment,legit
99c8f95d-1d39-46d4-81cf-ec552547cabc,c196cf7b,2024-08-10,8553.36,payment,fraud
fe7e79af-5584-434a-9180-df40d03eea83,9e27cb07,2024-02-28,6751.44,payment,legit
5b93fb31-c2a3-495a-8c4b-0176e4baf272,5b83de31,2024-09-02,1702.33,payment,legit
66e4054d-7647-4523-9de4-034ddadf6c9b,fef51113,2024-03-06,1897.64,payment,legit
00e4c665-2e28-4003-ae2d-ed492867d837,084ba77e,2024-09-10,9265.01,payment,legit
e634dd87-8ade-47a0-b401-604289ba5378,d9e8a159,2024-03-24,322.15,payment,legit
3a96ce21-6edf-4c77-9f6d-4924638a0e47,77b5c0c4,2024-02-12,4625.35,payment,legit
c1ead290-1b85-4ce3-bd1f-dbf748a3122e,6c12bd8f,2024-03-01,3134.75,payment,legit
b9d158fc-c703-40aa-9121-cc947dc7375e,fd781536,2024-01-01,6650.77,payment,legit
55152689-51f6-40b3-88b8-cd41ed7aaffc,7851950c,2024-09-19,8396.29,payment,legit
ef9d974a-7b45-43b9-8b92-eb17ad980858,a1bd4cf6,2024-09-24,3603.78,payment,legit
e9c900a4-a3fb-41e5-8c9b-7df7a9c614b6,f67f2374,2024-07-06,4269.02,payment,legit
3c442b78-73d9-4c14-bfea-607b52da6e79,1b5cd11a,2024-02-28,9819.18,payment,legit
927a7de5-7e95-4c8d-b966-40b63610caaf,3d1d28e4,2024-01-31,7839.17,payment,legit
a7c32898-a2b1-4d61-b9ee-e1991b2839b3,14548774,2024-01-07,8972.04,payment,legit
6956e117-59db-4b51-baa9-aae24e3c4057,873d7216,2024-03-01,4387.62,payment,legit
e47581bc-3268-4975-856c-dfeaea9f7327,f8913607,2024-11-21,2340.76,withdrawal,legit
38ab5327-b75b-49bd-a397-1d5125921223,a8e7432e,2024-03-29,4118.63,payment,legit
3f837e10-c235-4717-aadc-84765258dd68,2b869446,2024-05-09,7160.92,payment,legit
8fd4c5db-0939-4f79-a371-326389313d72,9882bded,2024-02-08,1094.3,payment,legit
2c565768-abfe-4a9c-a0d2-af3b8cec8722,1477a0b5,2024-03-22,2704.69,payment,legit
be9b0c09-eeb7-489b-9c71-f356a83ce31b,8627ca68,2024-07-08,466.36,payment,legit
408158d1-f569-4ef3-b2ed-0cb7dd259b09,7a50216f,2024-08-09,4323.48,payment,legit
aba2099e-96a0-4b89-9007-a6cf46e372d2,33b7834e,2024-03-30,8274.46,payment,legit
81a8eb2a-1f74-48f3-ac7f-0f5833bcdeb9,139fc11a,2024-01-22,246.64,payment,legit
64e95a2a-2a98-459f-b60b-a5abd6b204d4,b4542366,2024-05-22,6753.24,transfer,legit
9fb0b4df-5821-462f-9c34-f9e6dc6da209,85f9c8f3,2024-03-26,9324.96,payment,legit
5d537ef1-7ae2-4598-8f8a-b37f202b7349,e7f89910,2024-03-21,2369.28,payment,legit
a014ad27-6fe8-42d7-9e0b-89e69b29ba62,5846b172,2024-12-16,6936.35,transfer,legit
6cf470e4-3e08-47a8-88df-0d7250f69fc3,426cc6f2,2024-08-12,9751.02,payment,legit
a0e0e585-5154-41f0-820a-1c637b1449ae,2afd5a0e,2024-07-22,9622.78,transfer,legit
d039b586-7352-4d74-9bac-f504a998c94b,df21b349,2024-05-31,2349.29,payment,legit
c57392bd-17f5-4738-bbf5-ca4daf4549c4,42779f39,2024-06-05,1003.31,payment,legit
93aaafcd-7b20-4847-864a-367018959835,484ddadb,2024-07-16,1482.83,payment,legit
c80e78db-755b-4ee8-a99e-bf77ad542abc,a960798e,2024-09-11,7020.36,withdrawal,legit
c9579ce9-5588-4fe5-97a7-31867f8bebe1,c4b1fbd3,2024-09-13,7257.59,payment,legit
489b9908-2a66-4b3c-a809-0fe021088495,b8717029,2024-03-03,6742.37,withdrawal,legit
83d84a64-f935-4c6c-a1e3-87ee60cfd29b,854f290a,2024-07-01,3360.78,payment,legit
ede4b014-b98e-424f-b658-1707d4bdf994,b760c8bc,2024-05-30,1697.77,payment,legit
065eda7f-8424-4964-87fa-c52f19fc0734,77169189,2024-11-13,5807.61,withdrawal,legit
5711f8f4-1296-4063-b5e3-e6bc60fe0fe6,8bcee5d9,2024-08-18,4836.8,payment,legit
f7a32424-d19b-4aec-a380-10d21e6529e5,d2d5f0b7,2024-07-13,7288.34,withdrawal,legit
eafba74e-ab95-441a-a4e7-4035363ac945,ae51c8c7,2024-02-12,4413.6,payment,legit
ef7685ee-1bdc-4514-bc64-3395381c1fb6,e88f70fe,2024-08-09,3386.4,withdrawal,legit
0e22db9a-3423-4cb4-a57e-9501a59da682,4bdf475b,2024-02-12,2934.79,payment,legit
2556f9b0-028f-43d7-b84a-e44e4864f5f2,ca325c4f,2024-05-03,2114.7,payment,legit
46671e35-b74b-4208-a0b4-afde39bd7466,b6d445c3,2024-02-22,2657.46,withdrawal,legit
fdb7b740-e5be-41fd-acee-05d04d5b94b5,71de5808,2024-09-09,948.3,payment,fraud
71c5805a-1399-4d02-867b-d8ca2501ed77,977facb6,2024-03-16,3468.57,payment,legit
35970c10-caf8-4756-be5e-1bd7282e37c1,8653db7c,2024-05-23,365.7,payment,legit
87f5069d-7969-4776-83b9-edf2cc4d4043,0f4075f0,2024-11-22,1864.14,payment,legit
1e2d4847-e1cc-4f41-977e-859f76feebad,268d1ab3,2024-03-15,7467.7,withdrawal,legit
13bfc376-e547-40f9-b473-ed243dbbd64b,636b580f,2024-07-04,3254.69,payment,legit
309ec345-4994-4539-b9af-fbcda6c0dab1,12d017b9,2024-06-02,6682.37,payment,legit
414bc433-b34b-468a-a50a-90f5e82338f0,2afaddcf,2024-01-07,7168.84,payment,legit
b054fdc2-5a46-42f9-9f97-eced99bf76c8,e0cf0c3e,2024-10-16,5811.85,transfer,legit
8e1ff6e6-17dd-4957-8fce-c054cafdc09d,815f3347,2024-01-26,9586.98,payment,legit
239449dc-efcd-476a-9c57-1b39eb4e2dec,3810d264,2024-06-22,214.4,payment,legit
24eec15c-0e4b-4acd-9649-909165b28190,54f900b2,2024-07-23,7386.53,payment,legit
10ea8d4a-9375-44dd-98bc-ff60ca7e35e3,bf2eff3a,2024-08-17,9587.87,payment,legit
129321d0-3ba3-43b8-9ae3-d4ec1058dc69,34f0c60d,2024-09-08,8622.72,withdrawal,legit
b5a936b8-b722-4a14-bb3f-be702d6d5514,2ded772f,2024-04-02,1678.93,payment,legit
0cde6210-320e-490c-a6e4-10752d91d95e,30dd4ce5,2024-01-04,3268.2,payment,legit
41d32f2a-ea12-43a0-9238-d3237e86fdc2,dd9052a7,2024-09-21,1724.52,payment,legit
9d1ebdc2-198c-4d9b-90af-15e8ec9a4c6e,20d744ab,2024-07-14,6013.08,transfer,legit
e659d33b-4334-4011-ad18-d5e9a62fd1ff,4cf24402,2024-11-01,7121.88,payment,legit
f67d180f-5b9d-4b10-a089-127bd6a17400,e26cf332,2024-10-26,3170.74,payment,legit
7f7c5453-7e1b-49e4-bcbc-b96a1750f9cf,b4c9f053,2024-11-03,5395.07,payment,legit
3432a256-fe7d-4f88-9331-a71ded7fe5c1,dc3c05a8,2024-06-26,6909.21,transfer,legit
730d8e1f-d3f4-499e-9a53-a117f5d6b34a,f8a8a094,2024-05-01,4213.4,payment,legit
17f3b236-60e2-49df-95ee-6f5889ffd85f,9851d0d0,2024-10-15,8540.16,payment,legit
5209a918-f744-4629-8df1-776519b54a4d,ee1e96c9,2024-06-13,7715.5,payment,legit
4ad66488-592d-4739-9388-98e803000e95,f8455456,2024-03-07,646.66,payment,fraud
d6a05e1e-f45d-47d8-84b5-716b576d48b8,e8060d21,2024-11-08,6211.25,withdrawal,legit
10e26ed8-f766-4c27-949d-98ff15cbe2fa,f799bd88,2024-11-18,2353.26,payment,legit
e9c99bb4-cdfd-4b01-98e7-395a343e4097,028b6ab1,2024-06-19,5575.18,withdrawal,legit
557d5c78-e7d9-42ea-aa84-d620350e9cae,a31c5b78,2024-01-28,9568.88,payment,legit
c8270e26-9598-476f-bbd4-3041d9de97fd,abab882a,2024-05-21,8790.62,payment,legit
f880c56e-7869-4694-9950-31e898245c76,0bd1533e,2024-10-20,4045.16,payment,legit
160ecd93-cd63-4dc3-b71a-e7028233c716,89acd287,2024-11-25,2915.14,withdrawal,legit
350b8be6-ddca-432a-9389-83b177e967b7,a919d64f,2024-03-15,2344.06,payment,legit
05059c3d-6233-4fee-9a24-7874d164a08b,ee21799d,2024-01-25,5325.15,withdrawal,legit
2e7f56f3-67e4-4ebf-b9f6-1b1d994e43bb,0d23c7dd,2024-11-16,1142.48,payment,legit
ec497e21-eddd-4530-bc03-9180e0b18ad8,267e71bb,2024-05-22,5492.75,payment,legit
18d2f484-c25a-49f6-984b-697fa8cf6cdc,c89adfb7,2024-07-16,13.34,transfer,legit
ee60a8c4-b675-40b2-a637-03b13532b3ae,3cee32b1,2024-12-19,3238.5,withdrawal,legit
d0c24381-6cd8-4cd5-aef4-e28d76ff8b77,ea4ac9ad,2024-01-25,2199.34,payment,legit
954cbbd7-7b5d-49d7-9a5b-525264fdc591,73cb0eaf,2024-08-24,9712.19,payment,legit
70ee03a2-f6b6-4c9c-b356-7c248961ac8f,a1534160,2024-01-28,7272.42,payment,legit
11262008-e674-4bb8-8be6-2ae1578cff83,00d02a00,2024-05-17,3496.53,payment,fraud
bd4ecad9-f230-40fe-8ca6-1c3d6261158b,9cbaa5f6,2024-10-20,928.45,payment,legit
d3162f49-9d98-4a65-b96d-797d22bed3a5,f6757456,2024-06-07,5168.01,payment,legit
dd534cc5-475d-414d-9b6d-3495150b0127,7d480b5f,2024-12-29,2134.48,payment,legit
a305928b-ec0a-4de0-8a22-2be2f88479e3,3c1dc27a,2024-07-23,5364.3,payment,legit
2a2853f1-8e2b-4244-aa29-b0531211a8cf,01aeb508,2024-04-27,8353.62,withdrawal,legit
9cf87ba8-a9a5-4415-b13e-9cb0337926b3,c6ce4961,2024-03-21,6157.93,payment,legit
95992181-fb09-4bdd-9185-fb24ab95086c,d1b29776,2024-05-07,6337.88,payment,legit
90368254-e063-4ac3-b508-4647b829fc21,11d2ef9a,2024-05-15,5410.3,withdrawal,legit
21c01434-3e4f-414a-9918-5f0f877f0326,99ddcddc,2024-01-26,9272.66,payment,legit
60c0033c-bd62-42dc-8eca-47ab28ae7f32,a5d89f43,2024-05-14,9319.03,payment,legit
1f308d6a-388c-4227-a5be-a92081cf6028,bb51e0d8,2024-06-18,5127.23,payment,legit
aac40bac-c25a-48fb-909f-bc10d1f5d235,baf4a85b,2024-09-20,3057.59,payment,legit
4b0da9fc-36f0-423b-9d44-a34ca883c3f6,31ccd067,2024-08-27,4595.87,transfer,legit
2776b3da-9f68-4a27-97f3-9bf91b317d34,c5169a74,2024-09-15,1865.58,payment,legit
a066dd0b-8988-49dc-8a84-3ae83a803865,eaffaa26,2024-01-04,6363.44,payment,legit
01be38b7-f5e2-44b4-beaa-95ff9a03161f,a085fb5b,2024-03-20,5000.92,payment,legit
712ae3d9-93cc-4370-9de2-a20c66ca7d4d,10cd2ef8,2024-08-29,1033.0,withdrawal,legit
c3f6404d-4cee-4960-86fa-d983779bbeba,437c233b,2024-06-25,1976.48,payment,legit
87e131bb-ee3b-414f-86db-6c903b67ac4c,d7aed010,2024-01-02,4796.32,payment,legit
a443758c-3d36-43ea-9b99-309d0a2d1e92,a954623e,2024-10-20,8875.89,payment,legit
2b35973b-ffc1-434b-81d1-1167ad7b52cb,5d2924ca,2024-10-09,5663.91,payment,fraud
74e56548-39fe-4105-a3ce-99e98eaea2d3,0e5f8101,2024-07-19,6815.35,payment,legit
3eb534a5-0103-4b83-8917-a41a392afa99,3f0dbd4c,2024-01-25,3390.29,payment,legit
c30a915a-473b-4e6a-9885-62003062ab6f,352010c9,2024-10-06,5714.11,payment,legit
dc804390-ff63-40f9-b6e8-36461fbdbc85,c169b9a2,2024-08-01,4473.8,payment,legit
9572c8a7-682d-4ed5-9dc8-b8773aad7fb6,9d9ab186,2024-10-12,6591.3,payment,legit
be5c8362-cdc7-4d2f-983b-d598efbc26b1,1b073bf8,2024-10-01,505.76,payment,fraud
381dee56-9f63-433c-a24d-3abca2bd60bb,225d7899,2024-10-20,4933.0,transfer,legit
3df38ddc-cbb7-457c-b696-923def0440f3,f39a9a92,2024-07-08,2959.93,payment,legit
d3615926-529c-4222-b683-99fc8a662668,60179eee,2024-02-21,3261.85,payment,legit
689dcb53-21e6-4785-9bfa-82fc60d71ee6,6d9d0b5a,2024-09-01,9609.17,payment,legit
69368220-7a6f-446e-8dd7-c24ee710a0e7,aaa26e93,2024-08-14,1826.95,payment,legit
69c8e91b-f10e-4c4b-b3e4-e023f15330e5,71f3ca53,2024-09-27,3112.45,payment,legit
eb296c05-cb99-4a76-83b2-0860dfddb30e,bdd8f705,2024-03-03,5098.93,transfer,legit
30d2127e-4f73-4d9a-a101-583efe694dc6,e8144597,2024-03-12,8630.27,payment,legit
3f36368f-0e62-4e13-9406-4fd6d94fb728,e549bf93,2024-11-20,4166.7,withdrawal,legit
ae8c948c-cc1d-46e0-af2a-c4c2d5d926c5,810e2281,2024-09-30,7438.65,withdrawal,legit
866689cd-ecab-4ac0-a867-241c980cf4bc,4e720226,2024-11-27,8563.74,payment,legit
5db26ac5-1838-47e8-9cd0-d3d77bb2aae2,4e64703a,2024-10-03,3100.16,transfer,legit
e7d61e36-81bd-4df6-a5a0-e98f1f0f6965,65f1fee5,2024-08-05,3927.5,payment,legit
a345389b-dacb-4b4d-9562-312c6dc4fbc6,d02c4b0f,2024-08-26,3565.56,payment,legit
a00929b7-e3e4-46b1-b3a8-c7dee78c83b5,6c578b31,2024-11-20,8328.56,payment,legit
0ca9532b-e4a1-4e7b-825a-61d5007a585a,6b301d6d,2024-07-30,443.47,payment,legit
f75be8e0-56a2-4a05-a16f-82e1d09e75e5,9e28180b,2024-08-18,3084.21,withdrawal,legit
06742946-ed11-461d-bbf4-860f3460b0ed,29e67304,2024-02-27,6794.09,transfer,legit
0383539d-10dc-4bb3-95f0-b074adf86fa7,ee6ac1ab,2024-06-21,5654.43,transfer,legit
19aa79eb-33d3-4d8e-a713-3d3ba053971d,619e640e,2024-09-18,4362.89,payment,legit
745d058d-52f5-4c23-a42b-4b8b00873cf0,4ca9da5a,2024-04-08,5399.48,payment,legit
ee5e7f02-2185-426d-a457-c6b338f4c1cd,b314ae22,2024-03-14,1975.85,payment,legit
2543c8b5-584f-44de-a06b-e89c27cfedf4,b13c19d5,2024-04-24,4307.17,payment,legit
f8705905-226d-4543-99fe-c42977f885c2,39783997,2024-03-29,5017.03,payment,legit
2345a322-7ec9-407e-b654-7a4956eeaac9,f08f5c7c,2024-03-19,9011.89,payment,legit
bd3e66f3-e15f-470e-a4b2-2cb258cf3934,8564fa15,2024-06-04,2608.35,payment,legit
50455811-530e-4452-bb7b-c2e21b8a2ab3,5afa7fa0,2024-11-27,8678.29,payment,legit
30b4f5ba-958c-42b6-9e7c-70ef12b4ed45,b0672baf,2024-07-04,6442.41,payment,legit
8a0ecb92-19f5-48a4-a3f8-36b51314ec28,e8106fd6,2024-03-09,203.41,payment,legit
febfb5e2-965b-42fa-9f21-f3e34c1f042a,e1174df0,2024-01-29,7246.31,withdrawal,legit
cfa35ece-6cf5-4c23-b3a3-a1952fb71024,e8b850da,2024-09-11,355.52,payment,legit
2100855c-2adb-4cb1-8b05-32f6faa875f9,3d7ab1a0,2024-05-19,9973.81,payment,legit
aa8917d8-e9a3-4270-b15b-596bd270ddab,9019db3e,2024-10-26,8726.37,transfer,legit
270f2ca6-1a37-419c-9936-528275357eb3,9a88b0ab,2024-08-28,2973.44,withdrawal,legit
173026a5-cc3b-4a22-a84d-461a308b05ec,bcd341dd,2024-10-17,2574.11,transfer,legit
d610db19-a7f8-43a4-aa33-ebffdd1146c7,23f2cd0c,2024-04-09,3814.41,payment,legit
429fe556-e3d6-4ec1-9eb3-35f2e9c86f54,830d5fe7,2024-09-09,3561.67,payment,legit
e5db928f-7901-4a6d-ac5e-613ed86d5fc6,596ac399,2024-04-06,3723.38,withdrawal,legit
80699f7c-9aa5-48a0-a938-400b5dfda654,0949c50f,2024-12-08,3182.77,transfer,legit
70e2e877-44bc-4cfd-b6a2-5ba1f96f1add,32de9619,2024-08-20,6211.33,payment,legit
e636f157-d0ed-4cc4-9791-9c8ea72e8d6a,85e11284,2024-04-28,1642.64,payment,legit
70936d96-10e2-46c3-86e7-a90241f72318,de977097,2024-04-08,8459.81,payment,legit
1f9d2dea-6c31-4fd9-8924-c1e74314a0bb,48a9a3be,2024-03-10,8124.02,payment,legit
67a9e470-ea59-4c83-b953-f0546e929898,ea1b5360,2024-09-10,4764.83,payment,legit
12668a70-a339-40d7-9893-8772d3810061,9524c587,2024-03-20,8527.3,payment,legit
9129a7d4-b3db-4822-9aa5-79ad386f90b1,a5bb3dc8,2024-08-05,2471.45,withdrawal,legit
700b7c3a-acf2-416d-b028-a8d92b65cd5d,dcb9ae8e,2024-04-06,175.65,payment,legit
82777df0-3e56-457a-b5c3-e8f112dd5bac,d88ed6f7,2024-08-29,6192.08,transfer,legit
4f197396-d5b2-4738-a7a8-8dab0d72b769,ac93de0b,2024-10-24,4579.09,payment,legit
02184771-0790-41b3-8382-42b0129d8106,6291d2d1,2024-10-10,5671.65,payment,legit
db974ab5-efd8-41da-aa64-e14457fbc4fe,6bc46c01,2024-10-04,8993.39,payment,legit
62ff1df4-86a1-4677-be92-75ca80ca38d0,899ae339,2024-03-09,9699.26,transfer,legit
7212cd60-904c-4470-a5ea-b6053c2b328f,b594287a,2024-02-02,6344.53,payment,legit
fbc945fd-b923-4e00-b62e-673bac5601d1,4c1d1c43,2024-09-12,7640.56,payment,legit
e7d0917e-8e96-48e4-a82c-3f89303d9869,3394e204,2024-05-14,838.08,transfer,legit
a41e2d1b-08c4-4507-94be-f5e1a297623c,b8359eb6,2024-06-06,1607.16,payment,legit
a8b18569-d554-46d6-b20a-d9bfb3c94e5c,863f8b0d,2024-01-12,7332.05,withdrawal,legit
c3a6f5d5-764b-48c3-ace7-a6cafa8f4465,6ba58fb5,2024-04-04,4313.65,withdrawal,legit
a95d564a-0e4d-44be-ba3a-a6c061d40b14,57cb5deb,2024-01-13,4459.65,withdrawal,legit
b933e8f8-6b22-4479-9410-827374314734,13e3e22a,2024-11-16,3086.08,payment,legit
94a9c003-e640-4cbf-bffd-090d1b122038,1ff5d385,2024-03-29,6073.56,payment,legit
a3fc3372-e653-485a-8cf5-764b343a2bec,61c8fc1b,2024-07-22,1851.65,withdrawal,legit
6cfdac3a-6458-4bb3-8bf6-dde66bca58bf,90586668,2024-01-15,6269.16,payment,legit
085243cc-e7f3-41a4-b1ca-c29a4e3239c2,e6622bf2,2024-08-31,1737.99,payment,legit
09b0a8a2-9dd8-4377-b26e-7bb99ce7ac84,0bfb6d14,2024-04-27,638.26,transfer,legit
05539d2f-f468-4f70-872e-7d2b89660d85,3502f086,2024-11-23,3303.58,payment,legit
56786a07-810a-4f61-85d2-50baa45a226b,1dec8999,2024-11-20,2311.4,transfer,legit
0708b1e1-20d3-431c-9b76-a24fb3204123,f9e78830,2024-04-28,8889.92,transfer,legit
e3c1b6ea-90f5-4dc5-9f6a-d55dd7556b4d,edcdbcbe,2024-11-24,549.53,transfer,legit
5c52c45e-d261-4301-a54f-5599ab78170d,06bd9b1d,2024-12-29,1766.14,payment,legit
ddcd22a6-f25e-46dd-bb29-2d95355f59db,e59199c6,2024-10-28,5487.2,payment,legit
815aca0e-f032-48cb-9aef-f66ab58df827,0c8e6494,2024-11-04,4810.67,payment,legit
67ce61e7-7c19-449f-bb6f-38b43f0d9cee,65913a7c,2024-03-31,458.52,payment,legit
fc763c5c-d68a-4fe3-aff6-2ce05812e6b1,bec76a92,2024-07-29,72.52,payment,legit
7d792f7e-e2c3-4fbf-94f8-a231e3583afa,055bdde2,2024-01-25,9880.68,payment,legit
2a505822-d96e-4b83-92e0-e74b035d9e83,4c106f11,2024-02-04,6588.35,payment,legit
bebd16bd-7623-4906-b8b5-304fa3fb8556,5f71523c,2024-12-30,3654.06,payment,legit
fcf23ec4-a3b4-4775-91bc-c6377a52a9b6,4592983e,2024-04-29,4704.32,transfer,legit
87c9f3ce-07f1-4951-885e-6224e88c0f90,97b5694d,2024-09-30,2665.5,payment,legit
6bdf229f-3843-4841-8b1f-3cb9a8d858ed,febfea8d,2024-10-21,3448.74,payment,legit
6ca964d6-9fcc-4bab-83b5-81c53cfd4f8e,36f60d30,2024-11-09,6490.44,payment,legit
d0a5288d-d3ad-4522-b8c3-5a5378b6c830,1a7c3b31,2024-12-30,8828.12,transfer,legit
0826d6ce-711e-4dcf-9e83-4a98b6cf1cba,bb4fa533,2024-03-29,1841.3,payment,legit
a28b4851-08b1-4e4d-9057-9b2c68842d70,556d472f,2024-01-15,8403.62,payment,legit
8f326995-c65a-423b-9144-8b165a68500c,03a35d8d,2024-05-30,1215.57,payment,legit
7afdc81d-9ee1-4dfe-85dd-f2eff9af2cf6,4a03049d,2024-02-17,2149.92,payment,legit
bb54916c-757b-4e47-949b-5a013f94e611,6a587a80,2024-01-09,371.75,withdrawal,legit
753e6ce4-069a-4835-b636-98f995b9a149,a204d3c7,2024-05-11,1408.12,withdrawal,legit
c93f0c61-97e4-4fb7-a23f-6ec0576d7ead,687c3350,2024-10-13,9173.03,payment,legit
b982db74-6bec-484f-9b3d-9148ac19cd66,25c2ff76,2024-07-25,4594.39,transfer,legit
710b2994-ce52-4864-bfda-9cc98277c1a0,f2e1461d,2024-04-24,776.66,withdrawal,legit
cb921346-72f0-4cc8-b4ad-cdd484877bab,05aa6c09,2024-08-26,9597.27,withdrawal,fraud
28d81bbb-d82a-472f-b331-a5c3ce1f4a85,49a8dd19,2024-03-25,8789.92,payment,legit
a2dadc67-d0e6-4aeb-98f3-5a5fdb0c9f5e,f0304f52,2024-01-06,7546.83,payment,legit
b056cf0a-45a2-4463-8d84-0c84bc63b2bb,a8a070d9,2024-10-05,9334.73,payment,legit
f67eeb0f-161c-4130-9355-02fecd1b0edc,60d655b0,2024-08-15,2201.29,payment,legit
7fb00969-0c19-49db-96d8-f091e904f0b7,36356764,2024-10-05,8363.69,payment,legit
5a78b422-e634-4e07-b95e-24622e226e2d,7e7e3fb8,2024-01-15,6899.91,transfer,legit
0cee323c-7764-4550-8fe4-c0f6a643ace4,8a3e6284,2024-11-01,8697.59,transfer,legit
e09e9c26-0638-4c96-992b-c72c7b7a06e7,4c61c90d,2024-08-14,7969.12,withdrawal,legit
91e33c34-2684-46bd-8153-ce73551bb7be,50fab77d,2024-07-24,3464.95,payment,legit
ce64df73-7d61-4c7f-9b5e-f9e53f54348e,4d001d1c,2024-08-15,7743.99,payment,legit
454049a0-7202-45df-a73a-b5eaebd900dd,8ef5abb5,2024-11-11,2624.56,payment,legit
0c06bd67-5704-49c3-b935-e06e42c0ea86,c5f6dc0c,2024-08-02,3285.92,payment,legit
ba359023-7ec9-47f6-b49d-de0b6a01e6de,cdea852e,2024-07-31,1079.06,withdrawal,legit
37a7150f-3d4d-4241-a690-831fae05e378,018958e8,2024-12-27,9350.77,payment,legit
1c68a563-0d87-40b1-acea-d553dd37a85b,9570496c,2024-10-03,2910.03,transfer,legit
85f89286-58b9-4bfa-89ba-070416aa5d13,1f0f66ec,2024-06-10,5206.22,payment,legit
3f8a1b06-1051-470f-a032-f48dd71e63f7,6697578d,2024-09-15,3913.33,payment,legit
eb249e02-b2ca-4d6b-bbfc-621d2e5fcffd,925b2762,2024-05-22,9599.28,payment,legit
51adb2f1-dc2e-4c61-aba0-d5f32e6d6f9f,b1ac4f51,2024-03-24,3350.49,payment,legit
20efedb8-4162-4773-8a8f-e824fcbc4298,8f5b2e0b,2024-08-05,7785.46,payment,fraud
0b849911-582b-4f19-9655-d28add4295ca,a93e2754,2024-12-04,8554.16,payment,legit
d8618500-8a95-42a2-b87e-8137dc2ff97d,275c10ec,2024-12-05,4356.06,payment,legit
ab55f01d-3751-42de-ad77-6159d6c135d1,7f664f17,2024-05-04,3781.72,withdrawal,legit
604c1774-1d67-4cc7-9a05-847350eddb0d,6c7ff783,2024-07-11,7477.46,transfer,legit
fd1df423-5e9b-4521-be1e-dc4d3672a062,8b198c2e,2024-03-18,9128.96,withdrawal,legit
5d91b49f-6c90-4fb2-80d2-0c7f9ae2d8ce,d051b7bb,2024-12-29,7549.32,transfer,legit
d61b0fb2-b8aa-4cb0-907c-cb2a5af9fcce,9c3636b1,2024-12-24,2271.26,withdrawal,legit
494e4f45-b75d-4459-9e10-4a89598dffc5,460d2320,2024-08-25,8883.08,payment,legit
7f198286-9312-4f72-ae3c-e755a52d4f62,8d20ed81,2024-10-20,3875.82,payment,legit
1d3f2c13-745b-4ef1-beb2-b7d17b9b2434,f466b2ec,2024-09-18,5762.29,payment,legit
75ed53a1-fc50-4118-8786-d28a9f94b6b5,4735b48b,2024-08-04,8314.36,transfer,legit
54b89e7f-6ea1-42ee-a1fb-af42c3e53021,73b87eb5,2024-01-20,1883.95,payment,fraud
0b015767-1d20-4811-a47b-b0824237c890,b91a4abd,2024-06-14,7845.1,payment,legit
e4d914e5-0ae9-43fd-bca9-ca65e3b877d7,f16e1a34,2024-09-03,5961.63,withdrawal,legit
d08f696a-c7a7-4bc8-a33d-22bba8f53b33,54482086,2024-09-04,8933.42,payment,legit
c1d7cac2-e582-465a-8f65-8aed0e9b0651,5fc604e3,2024-05-16,1719.7,withdrawal,legit
47d3769f-6baf-4c3b-ba59-aa99275b1e35,a54f7b1d,2024-12-09,4206.82,transfer,legit
15089a38-6fdb-4f4e-82c6-7279e79f37d4,a1ba2b96,2024-03-02,8328.43,payment,legit
d2f6924b-160c-49f7-915f-eef1d105cbb1,34d5277e,2024-07-01,192.32,payment,legit
a03177f9-8ccb-4005-951e-2a6f4ed56c32,f55cad72,2024-09-09,1122.01,transfer,legit
0d11a6ef-c68c-47ad-b67b-3f7fea770fc2,daae7609,2024-09-11,9905.65,payment,legit
bf13a337-c91a-4e29-82f7-c46897601d68,6d5d8c20,2024-08-24,2803.94,transfer,legit
c3821a11-6c41-4442-be48-e6a3346d80f9,429bb813,2024-04-10,9755.43,transfer,legit
1ca73555-702b-4021-8fcc-c8981dbd8cc4,3a3af8e5,2024-02-27,1825.32,payment,legit
88ad0915-ac23-45ea-83a4-d9d9d55c4200,6696c5b0,2024-08-20,3610.94,payment,legit
4ff81d6b-1976-406a-a325-e265177c954f,99b7625c,2024-08-06,7528.69,payment,legit
7689ae76-e10c-44f9-8eea-b7c988bbb7b0,27f2f518,2024-03-06,6577.78,payment,legit
afb6ad4a-16a4-4243-bb22-e3dcf994c517,9d40de64,2024-09-14,5811.22,payment,legit
2ca256e6-91c5-40a6-b289-0e0e8dd6a8ad,d4f62c10,2024-06-15,5298.99,transfer,legit
f4a5031a-a874-4e32-b868-57dbd4c94117,57a29d17,2024-08-31,8434.4,payment,legit
98613858-19f2-4abe-8c7c-569e4d8964f0,48d36846,2024-11-01,2349.49,withdrawal,legit
de8a4341-de31-48d4-af39-e3fdd8c4da0b,d4a1195e,2024-03-02,4424.71,payment,legit
9af0f938-366e-420d-bdfb-e8eeed00d1ee,1cd753db,2024-01-07,1554.52,payment,legit
961aea82-7e66-41ed-affe-e01229f36c27,f3df9729,2024-10-11,5959.42,payment,legit
0a9053ab-d814-4263-ac10-dfe68560055d,dd5bf4ca,2024-08-10,2505.44,withdrawal,fraud
03476daa-074e-4149-b681-e228a73fb4ed,dd109e31,2024-09-12,3338.42,payment,legit
d6bf678c-3fe9-4469-bbe8-ac47da6e60d3,2354d5b4,2024-11-01,4712.51,payment,legit
0b110e9e-d170-4135-a3b5-5e1d84faadfd,06e4cc4d,2024-10-20,267.71,withdrawal,legit
f5cee95b-3195-4aae-870a-d33117619bb0,722a556f,2024-12-16,919.38,payment,legit
edfe2a53-51b0-43af-ae83-f1ff66011b1e,57397ef9,2024-07-14,6859.29,payment,legit
c4228ec3-ce1f-49ed-841f-ce214476b55b,02a7d10a,2024-06-27,4289.7,payment,legit
023ebb70-9057-4c3e-933e-4fba2b354a1e,0ce1c4fc,2024-05-26,8647.9,transfer,legit
1534ed12-62e2-4110-b106-64729d8faf6d,db7f9dee,2024-02-26,6946.72,payment,legit
6fd7925a-97af-4d1e-b69b-b99e27ea6b4e,6269ebcd,2024-07-28,81.01,payment,legit
dc179019-5d93-4ae5-8510-7809d821fcb4,78e54054,2024-04-11,6167.12,payment,legit
0a1cbc67-8570-47ca-b4bb-751ee50178db,d0a31c60,2024-12-02,937.25,withdrawal,legit
45b7854e-0434-43fd-9597-6fa2a9d4b323,877c3399,2024-07-31,7809.33,payment,legit
4052362d-c130-49d3-a67f-c2d13fd30003,a163323e,2024-08-04,9915.08,payment,legit
17d7e5ea-553a-4e3e-909b-60be69a52d2a,edeec0b5,2024-05-09,5311.99,payment,legit
bc50360e-8ace-4b77-b093-e247adba3281,a5d2a3fb,2024-01-19,6827.8,payment,legit
264d400f-809b-484d-bd62-9abcffaf2014,6860a072,2024-01-12,2373.14,transfer,legit
6338ecc8-3e8a-4446-a8b8-810abcf0ea57,edcd6986,2024-06-03,4375.98,payment,legit
52df0b4b-dcb9-4c5f-9080-4e7a43a8aa32,b6f2724d,2024-01-31,8560.95,transfer,legit
bb2e4ea2-88a4-4a78-90fe-bff212dd3c33,68d1a70c,2024-08-09,1674.23,transfer,legit
c2bc6407-7f08-4822-898f-da7813b498f4,578fc407,2024-11-17,2655.36,withdrawal,legit
f2c3348a-3fef-488a-8753-83f8789024cc,e7a8a6e5,2024-11-18,4454.34,payment,legit
dd369626-921b-43c9-ae55-8a00a5b4c41c,e7092424,2024-08-28,7122.49,withdrawal,legit
36522f57-6fe0-426c-9a8f-45203aa7179a,9173fb9d,2024-03-18,3758.84,payment,legit
de13ef11-7d5e-419d-b1e3-4de075d6c849,b9cc8129,2024-11-10,9277.32,transfer,legit
c764699a-752a-4243-839d-2d4fec5a4a74,cc62db61,2024-11-19,944.57,payment,legit
6d498317-d729-4421-a809-5cfd8068ac4a,8f69a443,2024-03-12,3708.04,transfer,legit
69420401-3ab2-4d64-8e08-030a92e9cd46,3178bcd1,2024-09-26,7089.54,payment,legit
d2aabb4a-f286-4cb7-9030-541ae34adb38,4014f82a,2024-04-14,2259.87,transfer,legit
c0da1079-e1b7-4d34-a3e8-0b1156237d76,70916eae,2024-10-19,6564.13,withdrawal,legit
ffa9a7fa-665b-4840-9a27-5bcfb3eebd92,54482221,2024-12-29,1642.17,transfer,legit
0d8218af-06e5-4a9c-96db-ba635300ff0a,41c8b65a,2024-01-11,559.8,transfer,legit
d9a372fa-7f13-44aa-9524-e8b7831fbff6,c0c0a5ca,2024-11-23,1210.16,payment,legit
03266d53-b7bf-4cfe-af31-908edf9d46f1,61085fe7,2024-08-15,9299.85,payment,legit
bd90b029-4066-4807-bb37-7e32609a467d,069a900d,2024-12-21,5517.51,withdrawal,legit
402cee1a-7ac4-4254-a514-c99affd208ab,439243cb,2024-06-18,7963.46,payment,legit
cca1c6c5-5bed-4a88-8949-0c2a754d976f,03b05eda,2024-11-05,3326.55,payment,legit
85ea8168-7560-4a63-9582-dee3100a45f0,4a984301,2024-01-23,5926.59,payment,legit
cd7c78ac-a676-4033-9a5c-3021e2267f27,e757abdf,2024-05-02,4949.52,payment,legit
10e19c5b-886f-490e-8d1d-a1c7e7491e3d,ad2314b9,2024-01-25,9457.38,payment,legit
7faf4037-129c-4f5c-8481-5b442cdaf0fa,efb0c40c,2024-12-22,7475.75,payment,legit
2593ba34-0f93-4626-9807-407db4346745,6ee04e73,2024-10-25,7305.43,payment,legit
aa6a22f7-334e-4673-8e7e-06bfcfa88b19,c9e1ac8f,2024-11-07,463.53,payment,legit
0313c1bf-a569-473a-a4a3-71df4766b7de,bf0ab500,2024-12-08,5496.7,payment,legit
e0ba3263-3f5f-4b80-a87f-142349fea4e6,855267c9,2024-02-01,4669.91,payment,legit
a7154104-c4a6-4fdd-bacc-d3a14c09f1a0,6b63ecc0,2024-05-20,9278.42,payment,legit
67c3d941-5486-4796-be03-2f46370e9115,fd992eaf,2024-01-26,2573.42,payment,legit
c967e8e1-3a7f-46c0-83f2-deb45e94fe76,0724f5d8,2024-03-17,2698.33,withdrawal,legit
832a6ccc-0664-460b-af66-22d2121862e7,81dee497,2024-03-24,4113.46,payment,legit
69905a27-77ec-4317-979b-ad720056f3ea,2ca21ae4,2024-06-20,2433.7,withdrawal,legit
cdd30062-b120-4844-9eb4-a1c7a4a2fb0f,0635731d,2024-04-08,1291.84,withdrawal,legit
25c176f1-2bb2-4ee1-b7eb-2b71da5ef913,35286e9d,2024-02-06,8574.15,payment,legit
591e808c-9d3e-4cec-b0d5-593ab2fcf3dc,be833638,2024-03-02,5582.77,payment,legit
146306f3-5c1a-4c9b-8dfb-4941bc3e6b13,b30da771,2024-02-23,8613.63,payment,legit
d532b62e-bbe8-461b-8ab2-3b55be231ee3,d3c8d3c6,2024-12-21,8311.35,payment,legit
0b9155a9-949a-4da2-b384-6239e04cbd82,c841a259,2024-10-04,2820.42,payment,legit
24208242-21f7-434b-aeec-797d53c60aaa,aaee1d33,2024-12-19,5477.37,payment,legit
05cc40ac-080b-48e1-a5cb-59efe7198a9c,c7e66a32,2024-06-09,832.18,payment,legit
c837608d-f5f9-4722-944f-6abd1c8b9c00,2d7da47e,2024-04-11,9152.52,payment,fraud
ad414e32-051a-4ee3-ae1d-fe1d10d78610,e89b29a4,2024-10-18,4042.63,withdrawal,legit
ff1c1b20-38a6-4be7-a357-e9c5c2929c57,63807a62,2024-04-29,3936.76,payment,legit
743f1b7f-c4a9-4957-b1a7-274a1c073c4b,598636ae,2024-04-19,3027.55,withdrawal,legit
be3696c3-2abe-48df-9a46-6510ed1c6678,cdc86fc6,2024-03-25,4606.64,payment,legit
4f156734-111e-4325-bf9e-402658cff5bd,75de58e7,2024-02-17,2517.59,payment,legit
0d2cd3df-fe43-424f-9fb4-2b3a8f1e27b5,b85762fb,2024-04-03,3748.52,payment,legit
3f761a8c-b990-416e-9646-3a71b3802320,a7b70ca9,2024-05-09,7999.47,withdrawal,legit
70b48b59-a6a7-4299-bf6a-864d264b3d5a,966afe42,2024-09-03,8342.56,payment,legit
06cc1e09-15c8-475a-93e1-5d6692bc4c43,bb87173a,2024-01-23,3041.82,payment,legit
3427a239-3219-48a1-bb13-b8e084f998d5,43adfd65,2024-03-17,4690.14,withdrawal,legit
21c89d0b-39cc-4a03-9a77-a323b47aff21,0caf6bd9,2024-10-22,8738.2,payment,legit
55a2196c-f6b7-465d-a1c3-34db5d0c5f6f,bb9463a6,2024-02-23,526.73,payment,legit
d743f78b-455c-4bc0-a783-5f75233566e4,7ff170f0,2024-05-05,8891.45,withdrawal,legit
ec8c837b-4346-4bd6-8456-d2473a78dc8b,bbf4af17,2024-11-11,2191.84,withdrawal,legit
0e240e4b-c04b-4f3a-acae-9500b3aa147e,faddfac0,2024-02-26,6785.39,payment,legit
9bcd9e3d-8f8c-42ca-bdd1-bf6a5c776ee0,6278a64e,2024-01-31,5825.52,payment,legit
ff9e9b92-1802-444b-b81e-0a15a1a8c3b3,878cfbeb,2024-06-25,5529.41,withdrawal,legit
4dd83a80-af19-424b-96cc-b8651fbd789f,ce0b0a07,2024-04-20,8593.6,withdrawal,legit
2be95947-0f41-4558-8546-b11d4369e479,7340a760,2024-07-24,1015.72,payment,legit
1bac63b5-717b-45c0-b60d-1e0486c3c8d5,b8ef381f,2024-10-20,3470.28,transfer,legit
1996b313-5f68-4a3c-9c58-83a1fe9995a4,026fbaca,2024-02-20,5382.53,payment,legit
eccb68fc-3206-4317-ad09-3705c83b3977,9310aaca,2024-07-30,8112.89,payment,legit
a9f2c548-a795-4691-9aab-81e005d0cc05,db28d7c1,2024-07-03,2164.43,payment,legit
fbaacb8c-8973-48aa-9c6b-fe716c4bedff,8029c87a,2024-02-22,8029.3,payment,legit
4e0b1b7b-8cfa-40d3-9602-d62309cd073b,9fb583ce,2024-08-15,3996.38,payment,legit
59bb683a-2f6b-410b-a595-4c4be9b7a973,d096a5c0,2024-04-09,1889.14,payment,legit
f568dc38-3fb7-42be-89cc-0d5d8597c368,17148f59,2024-06-27,7589.86,payment,legit
9c4187c6-c4b2-4c04-ac1e-01c387f36350,49613519,2024-01-31,908.99,payment,fraud
04d73d86-b8b4-4ce6-831f-6f567a9a6159,e959358f,2024-06-16,5147.67,payment,legit
407d456b-b427-4ad8-81de-cd02dafd58e6,c22ff848,2024-04-21,638.76,withdrawal,legit
379336e0-e256-4ecf-81e7-788b81ff31aa,21367861,2024-10-27,3564.18,withdrawal,legit
a2b2dc9f-1012-4028-9c13-8ed9ff5c6ec6,13c4cd06,2024-01-21,6010.77,payment,legit
4236fb74-866e-4828-87dd-c21dd5d59b06,5bbcc636,2024-06-01,5561.16,withdrawal,legit
29a15b04-b4a5-4a03-807f-07275e4fde55,dcb44c8f,2024-06-16,4046.55,payment,legit
2cc784ed-6c85-42e4-b7c2-bd31513bb2b0,0fd0fbeb,2024-09-21,4290.48,payment,legit
aa1f54d7-e289-4a3e-9803-d61899692b5a,68275325,2024-07-28,2267.7,withdrawal,legit
5ff2a6aa-e3ec-4329-b80a-dd04d5920d86,36934d7d,2024-08-31,4558.83,payment,legit
81558daa-e366-400e-958d-7ce8abe913bd,e542843d,2024-10-10,9532.55,payment,legit
bb7900c8-1849-4803-94d8-6c42f0b4c4a4,9dd6162a,2024-11-10,8504.53,payment,legit
b82aacec-c11f-4cd2-be8a-1071161ff8d6,cfc18a42,2024-04-24,1452.33,payment,legit
62a6168b-6a80-47df-bd07-62335160aa5d,29c8c479,2024-07-15,297.81,payment,legit
6b25bf91-9ce6-4c84-90c0-9d4b20032c31,fb53a080,2024-11-02,9335.24,withdrawal,legit
60f86111-1d99-4ed9-81ac-40752510e51b,30c2ddfc,2024-12-27,5267.5,payment,legit
0cc74ad8-aa02-4aa2-bcb6-84c84f19fbd0,e295500b,2024-11-20,5378.38,withdrawal,legit
bc2a8854-710f-471b-bbb5-d6b7e84fc576,df124f89,2024-05-15,7807.18,withdrawal,legit
95000f4c-57b4-4aad-9926-7dc566276119,757a50bf,2024-03-12,3146.89,payment,legit
017d0071-2adc-48c2-8ee1-cf95e717a7c8,2bededb6,2024-06-27,4819.08,payment,legit
ec43bb24-3f3c-4614-84e5-12550cd38f57,c1166269,2024-09-27,9686.63,payment,legit
bca93e40-027f-4cc3-a9d0-966b9f1263f1,1e971ee6,2024-06-28,6721.49,payment,legit
1e55008b-20eb-4516-833b-7145af53352f,f0b562d4,2024-06-25,1537.45,payment,legit
dc62058b-a87d-406a-99d3-263addfff807,bcbbe514,2024-11-01,1332.27,withdrawal,legit
92f8127b-5dc1-4ef9-89bd-f2714ca67625,65642881,2024-05-11,2042.65,transfer,legit
dc314b89-c68e-4c8e-8595-970348bee8e9,8ee0fb88,2024-11-09,7667.12,payment,legit
726003a6-c9dd-4ba0-873c-66788136b713,6eabaa67,2024-05-28,2953.77,payment,legit
b74f4191-4cc7-4003-8660-92142f27fca4,43576f14,2024-04-29,213.89,payment,legit
509463cd-acc4-4fe4-88c3-d5aa480749d9,b503c4fc,2024-06-14,9441.74,payment,legit
47713be9-fd5f-4419-80b6-de3a1d0d632e,e24c0aa3,2024-10-05,1697.13,withdrawal,legit
563fe082-9e2c-452b-924b-3319d4065ad9,9aebed43,2024-02-15,95.58,withdrawal,legit
78ebba3d-8d87-4b0a-aacb-09c1596b4b6e,e65af3c8,2024-03-12,2371.32,payment,legit
8b419ffb-38ba-4d6d-845b-db0d265e3dff,b5ec7cd1,2024-12-13,2350.29,payment,legit
75648c2b-75ab-478c-9223-968494dc09af,8411d3ea,2024-03-05,4220.05,payment,legit
22c12ed1-c140-4942-94e1-dc49709f6f4b,b7b0afe1,2024-07-26,9203.9,payment,legit
b4d282fa-7bad-4f1e-ac2d-c0b7bd76fd1c,00af6d61,2024-07-30,8791.85,payment,legit
2bead303-afe2-499a-b82a-91f87dd79078,f6bd2b1a,2024-06-27,4568.95,payment,legit
f2e7429f-75e5-4f09-87f4-8f0f04741217,dac3f642,2024-08-23,4109.0,payment,legit
b83e71a6-ca7e-42d0-ae87-490b4d3a618a,d2b3adfb,2024-03-24,5550.09,payment,legit
798ff28f-f2fe-42af-9089-0adc736c5075,a4c2fc40,2024-07-20,2434.54,payment,legit
4aad9caf-5d42-4613-9f56-c41025c86887,9b2f36ce,2024-05-15,521.85,payment,legit
213715e2-0dfb-417c-9e3b-5a4a65945544,cffa44a8,2024-08-29,9392.24,payment,legit
6b407db2-6ab9-45c7-895b-47140b05056a,fe8117e6,2024-02-21,1866.99,payment,legit
27afbb17-8746-4b36-9976-b494d44e71e4,d3f8ecfa,2024-07-27,1984.01,payment,legit
83820c42-3db5-44a8-8388-f403d03f032b,99cb2076,2024-03-08,4724.6,payment,legit
f51deed5-fe53-470a-9242-68e80e653d8c,998242bb,2024-04-11,4916.13,withdrawal,legit
f7c16c1f-7ac2-46fd-9050-bcd393ea6b5a,6dca2cac,2024-03-20,184.34,payment,legit
99015c34-c6a6-4a36-a500-a1e817dc0bf8,52f520a6,2024-03-07,1479.55,payment,legit
e3de7876-c7d7-4bc4-84a8-10a0936233f7,10362e87,2024-10-28,3781.55,withdrawal,legit
bcb4624a-604b-4266-8b51-ad729af4e44b,a021e5fb,2024-04-14,6837.31,payment,legit
5b3782b3-6ee1-4190-ad24-d9af2c62dea8,843dccc3,2024-12-04,2284.18,transfer,legit
8e0b5476-b79a-4c3c-a3f5-4c9d3b8d0b2f,53b9246d,2024-12-20,4230.14,payment,legit
42d020bc-3cdf-42b7-8005-4766d2d09917,1a01976c,2024-07-27,5573.45,payment,legit
ada243d8-b9a4-4cee-938d-c2158661ec9a,9b80b2cf,2024-02-22,8885.92,payment,legit
7e722834-a18f-4d02-bee1-393157bf54f8,2d3caf82,2024-05-16,3260.71,payment,legit
12b6a2f6-5915-4fcb-9468-ccfafdaeaec6,e9bb1244,2024-10-18,1335.58,payment,legit
a52f6f9f-b47e-43b1-8930-89af8f0424d6,66cc7b39,2024-05-14,4892.72,payment,fraud
05bd3144-9ee2-4f4d-a33b-787e162d3ba0,c29ee9b7,2024-02-01,7467.22,withdrawal,legit
66637c6b-fb13-47de-bc74-64895e1666ca,851c8b51,2024-07-22,1098.6,payment,legit
e096884a-dcfc-4241-8adb-35e4f7b8abea,67b8d791,2024-11-04,4246.83,payment,legit
634e8f45-603c-4d3f-85a8-a8347a97f42c,df55f691,2024-10-17,177.85,payment,legit
d87e9167-7f11-4bb6-afa7-038f883e7adf,f9ce8c9f,2024-03-04,335.59,transfer,legit
f42a231e-91c2-417c-afd1-be361f1b1b16,45eb2da7,2024-09-02,4829.53,transfer,legit
ece15f52-46da-4a85-88fd-d59260ef2351,cae026ad,2024-03-21,2981.97,transfer,legit
5385c8ba-c4c0-42ba-ad69-88947bb2cde7,b98b8b18,2024-03-20,8451.07,payment,legit
0ab2973d-40ee-4106-8dd0-686100855090,196277a6,2024-11-15,6021.54,payment,legit
b79285ce-f84b-45a1-9b0b-4f737ac6def6,75edb880,2024-04-01,4539.33,payment,legit
6b9d0fab-89cd-40cf-93c8-002bea96e957,5cc923cd,2024-04-06,4079.35,payment,legit
abc4511b-ba78-4c15-8b4f-863bec83a2de,8458e591,2024-01-01,4972.45,transfer,legit
768f91a4-bee2-46db-8e2d-58fe1c18cb8e,d426cfdd,2024-11-13,404.39,withdrawal,legit
91281acd-a1ca-43d9-b0d5-87a5f0f7e2ba,b48fffe9,2024-10-16,8927.93,payment,legit
57b80bf2-c0e5-4a7a-95ae-e5d5757c562a,cd0e726a,2024-08-16,9983.03,payment,legit
c2f8ba51-b34a-483e-a8af-50ae2623f826,ec6c0650,2024-09-30,1814.87,payment,legit
c60efbba-c9cd-4f29-931b-a03175ded656,c60313f0,2024-02-25,1203.83,payment,legit
5e1f0d9f-135e-433b-a1b3-0e2b40daab14,f4ca70e6,2024-06-16,1435.77,payment,legit
ed31245a-8cf6-4173-98d5-8e70fb3a07f4,534c8cbc,2024-05-08,6610.27,payment,legit
3e6bcdeb-63ee-4f9b-a96c-987a2bb958cb,91a61b9e,2024-02-04,6614.41,withdrawal,legit
1c141820-49ff-4f6d-b70b-46e2aad14a26,3d0fc263,2024-06-26,8479.24,payment,legit
970243b0-059c-4927-8c02-39a336020745,2849b9bf,2024-12-02,7518.26,withdrawal,legit
b4533575-5e12-4979-8518-913700637aa2,5f5f05c5,2024-01-15,4496.9,payment,legit
54f9643c-649b-48d0-ab4d-9e6be68fef32,d264dda9,2024-04-16,6128.55,payment,legit
6d7f5960-5923-4e63-ba38-be9e7db6f57f,bc18708e,2024-03-16,6882.85,payment,legit
904e2a11-b6c1-4bf3-a6c9-ace390d4713b,962733e6,2024-03-27,5127.36,payment,legit
c5367350-2a5b-4a8f-aeab-f113e4822aa3,e3a9ad60,2024-11-27,4756.51,payment,legit
78ead5e7-d55d-47ff-9028-743d0c3f8a36,9e2213c0,2024-06-19,6450.97,payment,legit
042cea08-d7d4-48e5-b079-85324909edd4,8397f490,2024-06-19,5574.75,payment,legit
79608484-4f71-4194-88c6-52c555edf733,9089e92b,2024-10-04,6439.42,withdrawal,legit
aecaeb05-88ea-42f8-8bd5-f135f7052711,b4ca3b15,2024-02-26,6128.55,payment,legit
b57240f9-562b-4a75-80d2-52e81fcb259f,f223dd5e,2024-06-26,7191.97,transfer,legit
be03ecc6-85a8-430f-979d-29b939178d88,bd3dca84,2024-06-05,6428.04,payment,legit
4d4a8d55-e37e-4137-974c-af6188e61037,291ea340,2024-08-05,5197.42,payment,legit
ad9cae3f-7f26-4db5-8c0d-0f2787ec474c,55f7dd7d,2024-12-30,6817.97,payment,legit
d7f77d93-a6f3-4ef5-82be-f8244ea394e9,8ce5049b,2024-10-07,4494.82,withdrawal,legit
abb75eb1-a658-4009-8208-23df86e408b7,164d6507,2024-05-25,2416.71,payment,legit
0d1ddacc-0319-4973-95e3-ba0e267b6cb8,d44fec32,2024-10-29,14.18,payment,legit
8159c8e4-6bef-45f6-99ab-bbffbaf66a08,fddea3fa,2024-03-03,5599.64,payment,legit
b522ee7b-5245-4ab1-826d-911306b6c290,ff88f798,2024-01-12,5906.55,payment,legit
95d02cb2-b960-4577-9021-998ea539f078,8a366bff,2024-03-15,9720.49,transfer,legit
c7d1d066-cfc1-4086-9dae-aff28ef0338e,b3d1eee1,2024-05-04,3614.78,payment,legit
cc2ac030-cea5-4132-a4c0-5dee6de8980d,baac7965,2024-07-05,3941.33,payment,legit
a3868501-fe23-43a8-a8c3-c9e4d28bceda,aa8dd24d,2024-08-12,2018.0,transfer,legit
77b3a23a-646e-46d1-99ac-bf3279dfd9ee,d6a914ac,2024-11-28,705.34,payment,legit
4097b2aa-20cb-4ecd-a6a2-5a424dc07b72,f4222225,2024-07-05,7728.04,payment,legit
07fa0761-2e25-48ed-a9ca-638a168552ed,19f1a91c,2024-07-01,2496.81,payment,legit
d419888a-e1c3-45bb-8396-dfa06d46b6e3,9bf07630,2024-01-19,6089.05,transfer,legit
83ba018c-3591-419f-9e25-bcd2c697e0a2,fc77d294,2024-01-13,6877.73,withdrawal,legit
0fd9fd70-3222-4678-aa0a-3a91e78b6153,64fabfb4,2024-07-20,4712.37,payment,legit
6b2a5ee6-0ab4-47b4-a62c-c0010fb1a8b9,ea3b370c,2024-06-08,8763.52,withdrawal,legit
a3572476-7826-47be-8b89-6953bb5fda8a,a6f56e72,2024-11-02,4437.95,payment,legit
0287d8d7-df43-4e64-83d0-d63c955d2f67,c266e0a5,2024-02-28,2849.09,payment,legit
d65e1af2-5a47-4935-b384-5c70acea124b,f44f2771,2024-01-10,8960.16,payment,legit
52d683f5-0974-4327-82ac-9480e835a5cd,1113cd9a,2024-06-12,8615.64,payment,legit
40ab4e3e-52c9-4953-833a-ae755d8d7583,d9f2647a,2024-03-27,1640.4,payment,legit
24d7e9ef-f8f1-4b23-826c-df02a2c58103,8a23057e,2024-01-19,259.61,transfer,legit
5d6b3930-fb0d-472a-8194-09e808830015,efa2e080,2024-09-21,899.86,payment,legit
c9d35683-0ddb-44c1-89ad-c7c78adc63fc,e4753bc2,2024-02-10,2865.47,withdrawal,legit
8b030393-f06a-45bd-ae65-2ad296b0c5c0,a5bd143e,2024-08-10,9722.6,payment,legit
d2422de8-ade1-4a23-b14c-3e121aa6a34c,8af3b13f,2024-04-12,5585.16,payment,legit
26212e69-a3db-4f1c-8fa0-a8c6c26b1639,bdc65bf2,2024-03-04,3732.62,payment,legit
2b2b6ea5-b06c-4653-937f-329081d9687f,aa45b2c7,2024-05-18,8887.16,payment,legit
ec26d784-8c71-4ec9-8ad7-b633c41da4b0,018c57e3,2024-10-19,4531.36,withdrawal,legit
a4ae87d4-d4cc-4767-bd61-5a29aad87c4f,c8057557,2024-05-23,3152.39,payment,legit
11c8c82f-5ba2-4c0b-a5d0-6cfc4b6f0d8b,625fce4e,2024-10-01,9412.2,withdrawal,legit
4a6fb5ca-c487-41ee-881b-f461ff428a88,ac1bca2f,2024-02-15,8495.18,withdrawal,legit
abcf3928-dbca-4a46-84de-e44b62f47488,b85687d1,2024-10-09,8436.68,payment,legit
ab8072a4-af6b-4836-98ed-5913b53c84f4,492f0d18,2024-03-27,5122.85,payment,legit
eaea8a7b-47f2-49e6-beea-90ebbc12f1ed,75d2700c,2024-09-04,7894.38,payment,legit
7e270cc1-7b6c-4309-a694-b2fac3f2cfca,7158d937,2024-07-25,1793.53,payment,legit
eba8f680-6c11-4623-a9dc-c88a4e48fca5,17826a06,2024-12-05,5732.23,payment,legit
6f28a85c-e0fa-48df-a7ef-8bec661ce745,3f6fb3c3,2024-05-21,9838.46,payment,legit
7083b57d-b88e-4d67-a662-d84ba856ecdf,236ce4d1,2024-01-25,2909.58,payment,legit
727be6cb-2390-4816-b017-50b6bc394c0e,3fb4a594,2024-01-07,7943.52,transfer,legit
184180b6-0585-4e27-a24a-b2378e088b92,ecd56bbe,2024-10-28,4904.78,payment,legit
2c13fc6e-42ba-48b5-b823-b38a5c4a48ea,cc26b561,2024-07-10,398.06,payment,fraud
52ba341e-c3fe-41ff-84ee-be516cd1257f,e85df8c2,2024-10-09,7630.19,payment,legit
4d2ac0f2-c90a-43e5-ba15-38d8528fc4bf,ad0c31b3,2024-03-26,1685.69,withdrawal,legit
833d212b-2583-4832-99a0-33d97245fc52,50a4510c,2024-05-05,6314.74,payment,legit
36dd6785-8088-4e25-92e1-da4f889c4dd3,325173e7,2024-01-11,856.64,payment,legit
0df1dc35-b4ef-4aa0-93b7-1f1da603fbe1,55ad5fc4,2024-12-16,9468.67,transfer,legit
d8dcf19f-593e-4294-8908-980a046a7903,050a7dfc,2024-08-31,2917.24,transfer,legit
15c1f005-181e-4fa2-8cbd-f4d5b9935dbd,2d0add1c,2024-12-06,2264.65,withdrawal,legit
d78957ca-5856-46af-be58-e4fe2006b71b,d150685b,2024-04-06,1291.36,payment,legit
04eb51cf-71ee-4aaf-b962-f7361007e2a9,cc00e35c,2024-08-11,9460.02,withdrawal,legit
af765026-293d-454c-aaa1-99f52a2f86f5,294190d4,2024-09-04,7119.04,payment,legit
27c18eaa-1edc-4715-8dac-60e9fcd15218,a8b26e2e,2024-04-25,7416.61,withdrawal,legit
d56853f0-b410-42c8-8d81-b6a1c8e6f947,7919ff7b,2024-11-05,4994.05,payment,legit
53feff4d-226b-4f73-b395-c41e82b212e0,13ac2b97,2024-12-11,4747.28,withdrawal,legit
e60dff9e-660c-49d1-8088-c99a9033e8ad,1ba1a349,2024-11-18,1100.21,withdrawal,legit
08242103-ba52-4fd3-9460-d7d055f0e24b,51ec3034,2024-09-26,5598.41,payment,legit
bd48fe56-def5-449b-8afe-866418569198,9cf6a30c,2024-04-11,2469.16,withdrawal,legit
2cd7f037-38d6-4da7-af9c-72c13b31914e,658de4ff,2024-04-12,9771.45,payment,legit
db7f77b0-a4e0-4203-895c-465ebbff0379,335171aa,2024-12-17,7965.81,payment,legit
653765d0-b2a2-4e4e-badd-cde40e50c9dc,f2761e60,2024-01-04,4129.92,payment,legit
3de2acc6-b953-4ae4-8235-28bb2d1c668e,3751f64f,2024-09-18,1513.41,withdrawal,legit
75751faa-68ba-4c98-9ea9-f2c2e32861ff,669d157b,2024-09-14,7853.32,payment,legit
4b23794e-d8de-4327-be64-ca18ce9e6ac1,1e8fa813,2024-08-15,1220.54,payment,legit
3e57703d-e9e2-4cdc-beb2-eaf4f7c8677d,8a692969,2024-12-27,1893.34,payment,legit
940f9ed2-7148-4e8f-82b9-b679f5650033,5165b835,2024-04-23,2115.21,withdrawal,legit
3b2cda5a-2d92-4987-a395-ca776a58e638,b21c9513,2024-05-04,5568.91,transfer,legit
9d9ecd2f-e3e6-46aa-800c-7174af88b37d,8c438a23,2024-01-29,7870.57,payment,legit
a660179e-3756-4621-8e09-2e7ec757c7e3,4b3d20d8,2024-06-10,3143.15,payment,legit
f491197e-c2ce-416a-9595-bf4709275c99,91a935ab,2024-04-05,846.7,payment,legit
3528e3bb-1dc8-477b-a4ce-72ffe334d434,b8be44f2,2024-05-05,4645.38,payment,legit
ab74b02d-f011-4a8d-9f6b-3dfa0a0e5673,149f4e62,2024-10-31,7481.1,payment,legit
b8bfef47-050f-4459-8c21-0368ebfc5663,d2dfc53a,2024-12-07,2216.64,payment,legit
e80b40b3-4377-4dbd-bddf-529477989f3a,08ee8d63,2024-03-08,2199.25,withdrawal,legit
c8c73549-9e49-486e-a8a1-e85c9c0c32d4,eb8d9c19,2024-05-15,9472.27,payment,legit
87f2c86e-0b58-4f69-b44b-244073b132cf,77f5c9ae,2024-12-04,9541.54,payment,legit
1b130cc7-42a7-4bae-a338-39795b6745a9,73ad3bb0,2024-01-23,9904.66,payment,legit
5e916571-0575-4e66-b0fb-e27ad34d4480,4ed52637,2024-02-03,8076.6,payment,legit
a012b4e3-df6e-4eb6-80f5-a321480a2bc4,66cad697,2024-02-29,1881.84,payment,legit
c05b3a04-a7e1-4006-b2a7-6f53da36ebd9,cf50fff9,2024-08-05,2119.82,payment,legit
6ecb213c-e49c-45dc-a0e9-3cf505a3be4a,ab6aa88a,2024-02-24,3402.25,withdrawal,legit
8a51c3af-5e6c-49d1-bb5e-4dcf070b10f2,8d292f88,2024-12-19,3181.33,payment,legit
2444bbea-b3ca-4ea8-b9ee-719d57a21f78,fec91d6d,2024-06-12,9565.28,payment,legit
52bd29b8-bc61-4779-b042-1f8ed5784399,e4902c88,2024-07-02,7890.74,transfer,legit
b71e456f-b699-4b24-aa66-4cedec705f1c,fae7ffbd,2024-03-31,7240.09,transfer,legit
e90ef51b-e2b7-4e61-ab64-823e8a2cbdc3,56bec49e,2024-06-20,1859.63,transfer,legit
0c7273d2-70cc-4884-a1f8-dff40aa2b4f8,e48c10c2,2024-08-29,9095.26,withdrawal,legit
e306923f-0f1d-471f-993a-44f2aef8eae1,fa0714d9,2024-10-01,8278.7,transfer,legit
a8106263-584a-4cd2-9424-92ef8d57d08e,f7c6ef74,2024-10-02,1636.42,payment,legit
2284196b-d838-4e7c-9331-2b9054b7d930,8b181fde,2024-07-29,8711.7,transfer,legit
e63849c3-c658-4bb9-ad66-1f5082816d47,cb0a81bf,2024-11-26,2722.48,payment,legit
0e7e48e2-a21c-4fd1-997b-ac94f2c44506,40c7051b,2024-10-25,808.7,payment,fraud
149345dc-4e88-4c28-b381-09d5fbbfd85f,ccdb6097,2024-10-03,6568.22,payment,legit
f1d2c7ba-e52c-4e7a-b8e8-a6029ef8a0db,2f19a217,2024-01-21,6538.05,payment,legit
df7bd9a7-8de9-4063-a1b2-92dce644aeab,95b1f166,2024-01-03,949.32,payment,legit
4b4ceef1-8f58-4b94-984f-e7b9e2c7bd60,c505f76f,2024-03-18,3188.52,payment,legit
ce273053-638e-4f07-b63b-0901353db452,c5f613c4,2024-08-30,9928.14,payment,legit
947c236c-7c5f-4b52-bfc4-291471fd2e32,ef078391,2024-05-30,6784.27,withdrawal,legit
6cdac2c7-96a7-4336-a30f-521e7a8ea340,6016965e,2024-05-26,7300.75,withdrawal,legit
ce6386c7-41d0-47a5-a5a1-16c9463ccfc6,46393ff5,2024-11-18,2129.17,payment,legit
12b581d2-3fe4-40fb-9a23-a8b27dfa7a4b,fd592768,2024-11-22,787.82,transfer,legit
be4ad708-4447-4259-af75-b5901b4ee1b4,e4c744e0,2024-11-27,2769.02,payment,legit
20a9ad56-08c3-4c2d-b779-b85de93551dd,4b9914bc,2024-04-24,2488.98,withdrawal,legit
eaff5680-1433-4d57-8926-79b9cf521ab8,9c01d94d,2024-09-09,2345.44,payment,fraud
23185884-e4c9-41e2-b583-a9b04253e6bd,19fff75c,2024-04-09,1927.54,payment,legit
37cc2cae-bd10-46f9-9773-a89013a78a57,1f0a83ea,2024-03-10,5747.56,payment,legit
424e4194-eb74-437d-9bb8-9fdd7e51b7a3,17b69dd7,2024-03-08,3281.03,payment,fraud
e29a17ed-acd1-463b-bff9-84f4e4a211ed,eeb4fa81,2024-05-04,8203.45,payment,legit
c3926696-0491-43b0-a01a-6a8bdb090234,3d210627,2024-06-05,1839.47,payment,legit
f6f6114b-f9c2-4052-aa94-4af6c1a17f2f,e8ae722f,2024-10-30,4646.27,payment,legit
21bb2e00-c9b4-457b-b1b7-f1d72ea44fb8,5835b7a6,2024-02-13,136.58,payment,legit
375c0bf1-5ee1-44d2-9263-26649f75615c,ebd67708,2024-09-25,4816.82,payment,legit
66145309-9228-41db-bbe7-6e3f57f1601d,6e0426ed,2024-07-12,558.38,withdrawal,legit
ecbf0d56-5188-413d-b711-79714fff8777,b41a7367,2024-04-15,9777.24,payment,legit
708e1f53-8f60-4fb7-855a-169d7e2a636e,daa1d856,2024-06-28,7905.92,payment,legit
7f02de10-ad92-4d74-9507-44b70435a83c,4c950f01,2024-04-19,4901.11,payment,legit
9bfc1cc9-8297-416d-81d3-51fb24bb3122,f9f626bd,2024-08-05,865.87,withdrawal,legit
47be3c79-c91a-4aa8-a9c3-72a27dc84459,50bb69f5,2024-06-07,5924.45,payment,legit
7036044e-699f-4704-bf0f-1d4522b51cb7,369fc3e2,2024-03-01,7587.64,withdrawal,legit
c9d4aa84-014f-4d95-887d-8c9c7cea66a6,f806ae01,2024-02-12,1907.17,payment,legit
27fd6e50-764c-4be3-a579-1f3d4cc6991b,20cf2df8,2024-07-18,5682.08,payment,legit
b17bfeda-77bb-4523-83b4-35b97a3798d7,5ed6a885,2024-11-25,8142.11,payment,legit
ddbf627c-9205-4b39-ac23-673c95add320,2d573ea2,2024-05-05,7682.48,payment,legit
198b4d17-b094-437b-ac89-69e0902204cf,69680bc6,2024-09-24,8029.92,payment,legit
1ff484b9-ae87-4df8-b8fb-2d677e29beca,5b7c8e5b,2024-08-28,8793.23,payment,legit
bb8c3541-ec07-424d-8691-8a93523c2c33,be3e861f,2024-12-06,9376.82,payment,legit
e3b7ceb4-be38-4fa1-aa4c-606bf1d69734,f4d32c3a,2024-10-26,4055.21,transfer,legit
1a9f8a7d-ebec-4a99-b967-ce30ee22380f,1310b40f,2024-07-25,5687.69,payment,legit
eaadc3f7-6acf-4008-a68d-b9a8afaef92b,a1a54f65,2024-08-27,7906.6,payment,legit
9cc51613-afd4-49e8-9cf7-45194a42b725,371ec4f0,2024-11-23,6971.4,payment,legit
3d50ce77-c72f-4446-8a3d-2c9c0ed49780,95e766d2,2024-05-25,9955.2,payment,fraud
4c76e4ab-1c05-4181-acaa-ea81d655e1a2,76121788,2024-04-29,136.78,payment,legit
86a33c33-fc17-439c-afb1-da9e61eecba6,cf9f17bc,2024-01-04,3551.33,transfer,legit
00c3cad6-0dc7-44cd-b9d8-bbaa2111945f,35644a7f,2024-10-28,2810.28,transfer,legit
9d2e7e1c-70e6-4728-a952-3d82fbf90718,cf9341ce,2024-10-19,2623.16,payment,legit
a8d61dcf-d5cc-495c-867e-460805a0243e,250ddbae,2024-02-08,2225.3,withdrawal,legit
429c79f2-560e-4f17-a11f-cf84855280e2,8c0a5dd7,2024-07-29,7091.24,payment,legit
9d737bdc-32d8-4862-b5d2-10db18325e74,a67eaf25,2024-06-18,847.59,payment,legit
d03a8bb8-773c-4f94-8cb0-0a4ac2d196a8,308c3c2d,2024-02-13,7416.09,payment,legit
dd11bf0a-e50b-403a-af1a-3314e2368beb,15e883f2,2024-12-23,6934.26,payment,legit
a29f43ca-fbc2-422e-9c8c-01f4e3fda349,15512a0c,2024-03-19,2508.04,payment,legit
e1cbbf85-eda0-493e-bdb7-bce29155bd92,3bd650f9,2024-01-25,2528.34,payment,legit
2f2cad4a-0970-4872-8ec6-245dcdcb807e,9dc16bb1,2024-08-05,6288.61,payment,legit
9f045226-6374-4d86-a599-1280c8e5b95a,521f6710,2024-09-26,7621.71,transfer,legit
96f09d84-f227-4faf-a74b-0f407f010af8,164ad7c6,2024-01-12,8764.86,payment,legit
10a32bb1-5c11-47e9-b0a9-6875a8b0410c,258dc60a,2024-08-28,8521.4,transfer,legit
ee7b2bed-9d1b-4924-9b78-96a28841af7e,052e64a5,2024-07-13,9648.83,payment,legit
aebec795-629e-4fed-8537-7d605484d832,aa44b65c,2024-02-07,5813.85,payment,legit
877b427d-2d45-47d1-8035-f4b09b427e6c,b66c1745,2024-03-03,9086.56,transfer,legit
ca3878fc-5f55-4f17-ac70-9b936185cf6a,54186f8d,2024-07-26,8085.13,payment,legit
0fef7db1-2e9b-4cb9-962e-e188830a785d,4b6fb587,2024-04-18,8946.68,payment,legit
4b3fa730-617b-4135-95d6-f3da39d637b2,1d71c844,2024-12-08,116.27,payment,legit
1583d9c6-19df-4278-b526-0ce59d9a21f0,6898dc3a,2024-10-25,9659.03,payment,legit
57c6587e-8d99-44d4-a462-c6793c3490b9,bcfe42a0,2024-12-25,4735.3,payment,legit
dd060e7a-4807-4c77-a0ff-19075ad72153,a8ca72ac,2024-04-04,7981.83,payment,legit
0ca37a93-ac68-4760-91c2-fefdb82ca802,eeac39ed,2024-12-19,1272.04,transfer,legit
3624d6db-374f-46ac-9802-d92f9f98fb73,469b5af6,2024-06-06,3959.41,payment,legit
ab1fb41e-af45-4abc-a10e-79ac8534a373,b6ce6dcb,2024-05-06,2714.61,payment,legit
29bdd572-ea27-45d0-9c3d-1116993314bb,926d17ef,2024-01-19,2916.59,payment,legit
b4049fa7-fe3d-4c4c-82d1-43d220fb817d,8928a513,2024-01-20,1232.56,payment,legit
a1d5e294-f899-4eed-9b2b-18bf8d29f091,05e900db,2024-09-09,8057.64,payment,legit
0ee55a1d-bbb1-42db-a775-8f3c431975f9,56462696,2024-06-16,92.42,payment,legit
c91b04e0-8bda-44e1-a416-0a2387dc879e,4f21bcdc,2024-03-23,3125.05,payment,legit
ce1b9b4b-9f1f-4c1e-85fc-6bb7d9476529,020cacb8,2024-08-12,1744.11,transfer,legit
3e51e3e9-906c-45d3-9fbd-971bef08868b,9ebc73f1,2024-04-02,5890.39,payment,legit
7f120534-0a66-4204-98ee-bed7143bd875,f1eb7c11,2024-07-29,2542.52,withdrawal,legit
134b09c8-2803-45a1-b173-75bcfe2642c1,53cf63c6,2024-05-11,2589.98,payment,legit
f89312ff-4037-4a08-9edc-9c4b41abee60,1c7d97ab,2024-10-27,4883.38,payment,legit
c7cd9046-7451-4e90-ba02-eaaebe9c74aa,3538a3b6,2024-10-26,6526.89,payment,legit
71ac3fbf-0b0b-4e12-b265-fe491f205f16,27545448,2024-06-23,1213.05,transfer,legit
7e11d0ae-af4b-4dd9-9e27-ff0f20bf8e24,797725c6,2024-05-08,1755.11,payment,legit
b902477b-504b-4f20-bbb6-1c11d316eaaf,24babc8d,2024-05-12,2471.75,transfer,legit
cda7655e-6a98-41e6-8221-f40782fbf901,d52d247c,2024-10-21,9737.48,withdrawal,legit
aedb7ba9-8396-45c9-968d-d4ac0b7e1081,43e733a6,2024-04-29,3971.52,transfer,legit
eba9e3f0-7bdd-4888-a572-feb4f545abcd,8a66ce5d,2024-03-17,5989.9,payment,legit
d0f59646-8573-47c2-8c7c-15b6f8646e0b,65914b83,2024-01-31,2415.43,transfer,legit
8924fe61-c1fa-4cc5-9d3c-9cdcf76ce129,dc5f6fb1,2024-06-19,4904.6,transfer,legit
e704e251-6eca-4465-bdf3-312330e8f121,dbdbfe41,2024-06-24,741.19,payment,legit
72901bba-31d6-4d82-9629-672b069b92fd,7a783bef,2024-11-02,347.42,transfer,legit
4366a175-ed03-49c5-adc4-a0a5eb42c82b,50ea0b40,2024-03-21,4687.34,withdrawal,legit
c9d5681c-9234-40a3-9252-74564042839e,853fcbaf,2024-05-19,3986.59,payment,legit
42c1a3ee-9764-48ce-9f14-d1fb79fd012f,f4d0dd34,2024-10-22,1368.8,payment,legit
8485c81f-a9a8-4dcb-b434-2bef55f91dfd,50c7d1fe,2024-10-27,6876.01,payment,legit
58e5b8a7-532b-4e46-8067-3b078c4564e8,fb0d3468,2024-05-20,9929.03,payment,legit
4785b23e-807d-4d5e-9e32-dd25d6d51dbf,30de423a,2024-06-16,3956.47,payment,legit
c51bf0e7-f48a-4aed-b888-9f35cc73c682,7affa225,2024-04-20,6245.59,payment,legit
e06efff9-9f24-4e5e-85a4-abcdd48ed1aa,0298a5bd,2024-12-06,9629.76,payment,legit
a9952fdf-1b08-4276-901c-8d6fd18182ce,79e945d9,2024-02-13,8315.35,payment,legit
f2e8745f-ebbe-4fdd-8fc6-c7ca86aea367,b5811ad9,2024-12-06,4635.52,transfer,legit
7d083fd4-2553-46fd-8b9e-849bbd65bb10,a19de4eb,2024-09-06,7374.89,payment,legit
c2541054-c97c-4d3d-998a-e9c09e7c08ac,e8d4ea11,2024-07-13,1281.35,withdrawal,legit
beaa77de-90b0-4ef2-834d-4b7113c91cbf,2877e9de,2024-01-12,5121.04,payment,legit
813ae3a1-c54f-433b-beff-c93d573b1450,64405399,2024-06-22,2790.6,transfer,legit
710f12e0-e37f-4fb8-89c6-8a35ad12a906,7c3c0583,2024-05-28,1611.64,transfer,legit
17f548c6-259b-4bb5-880b-29ec3ca047f8,d5c61651,2024-02-28,4262.81,payment,legit
c9e5e183-9091-4fa1-8f73-518a3801056b,506789aa,2024-08-27,1310.15,payment,legit
b949accb-2968-4c31-803d-83040bf94903,f4f4326e,2024-12-20,6989.85,payment,legit
4b1ea30b-f781-4bfa-937c-cca2a8b4aa39,2669a77f,2024-07-24,4562.4,transfer,legit
2fd2845b-d07e-4f4e-9808-ff208a00b438,724e5dbc,2024-09-17,5311.45,transfer,legit
79cc45c3-fed0-4eee-a821-83cc98bc8413,784396c7,2024-01-25,1463.76,payment,legit
10b9df35-3fcb-4c42-8476-8c9156979321,e1c7216a,2024-06-01,1397.72,payment,legit
7030f5c2-88be-41dd-8b0a-4cb7138342d4,7d7ed775,2024-02-12,5834.15,payment,fraud
8155134e-5d04-4844-b2a0-fd40ebb7f50b,99c16743,2024-08-11,9850.1,payment,legit
97648185-86fe-479b-a4c8-e74b2074b040,883e3651,2024-12-08,962.51,withdrawal,legit
83e9ca3c-1d07-4be5-83e4-2c30ec6ea298,75a74a88,2024-08-29,2857.31,payment,legit
55b42720-63ae-4b99-ba6a-4d3d3e273c78,575a88d5,2024-01-29,8694.59,withdrawal,legit
9836010b-fe17-4275-8b8a-ce1a5cf971cb,b023a46a,2024-05-09,722.72,transfer,legit
8677d3fd-7e90-4cba-afc7-5622d50ffb3c,45eeb421,2024-07-19,8758.86,withdrawal,legit
b5856711-4634-43c2-9d63-ecf9c7ff727a,1b7abcc1,2024-05-27,5242.86,payment,legit
5209a989-f50f-4aaf-910c-a2d8046e5415,08671245,2024-10-31,4082.67,payment,legit
774b50fd-96f2-4e61-a35b-f1157bff68b6,44382867,2024-10-24,3096.81,payment,legit
cd10e2ee-84fc-4cbe-856c-295237c88440,70a4cb3b,2024-08-11,2971.17,transfer,legit
5bcb9252-5a21-486a-87fc-f01169f859a3,7ff575e0,2024-05-16,3058.03,payment,legit
edba5d26-f5a7-4309-acf2-a6bd8e3ba89d,5be87c2f,2024-04-03,8848.03,payment,legit
3bad5832-9877-4693-88c9-e3d7d84cc6f8,3f49e506,2024-02-08,7237.95,transfer,legit
3021aca7-64b0-47d3-b80b-671daf5667a8,bd93c762,2024-05-09,6697.23,payment,legit
e4de533e-a61f-4e70-a327-b05e8a157415,49f10ef7,2024-05-30,7987.49,payment,legit
e3cf722f-94ad-473b-8dd7-63d82978e28d,32a3e24f,2024-09-03,2571.15,payment,legit
a534fc63-779f-4bd8-8aa9-c68d84b59e69,a6a87d40,2024-08-28,6180.43,payment,legit
6723ef1a-43df-4553-908b-a53a797946f6,87a855ad,2024-01-26,4600.66,payment,legit
d73c0954-a12f-4f4b-97b4-9068cf2a749b,d95353d9,2024-05-24,7824.42,payment,legit
28df11fc-f761-4591-bf2c-d68b4cfd5a9c,5a39f415,2024-03-07,3092.56,withdrawal,legit
6d0cdbed-e916-4821-94c9-4b67cb234636,e2cb7683,2024-02-27,6431.79,transfer,legit
c9594a9a-0e69-459c-80d6-7a3697778a9d,be1ca91f,2024-10-28,8822.12,payment,legit
bebf6086-462e-4699-ae15-707c2040f81f,d2877a5e,2024-01-16,4021.5,transfer,legit
ac4b5905-1dfb-4452-b380-6973445ebcfa,79466239,2024-06-02,666.22,payment,legit
df3175ce-1cee-413c-b4f8-0b72d5d7c371,a6b611ac,2024-03-02,5160.51,payment,legit
73bf9605-9210-4823-b23f-0643baf9be6c,2ac4b808,2024-11-16,3459.72,transfer,legit
3c5559df-cff3-4739-8d34-a5d6044890ca,01229840,2024-07-22,6722.25,payment,legit
84c4d2c8-a916-4de4-b52d-99bffb588798,f0a85eb1,2024-03-25,9510.33,payment,legit
c23b0595-2d42-4928-843e-619fcee66265,31f1df3e,2024-07-02,4856.08,payment,legit
79bebbfc-e4ca-4a38-9fb3-70e5435cff2a,faf22416,2024-09-23,4661.9,payment,legit
820cc2bb-8e99-4444-a4de-234cabc7cf32,24fa5ede,2024-12-15,6545.85,payment,legit
77d4b656-aceb-4469-97e4-1033c73e73ef,b020a02a,2024-03-21,1034.98,withdrawal,legit
decaa5d4-c8a9-48be-b697-5f3585b8e4a3,a4b11ae9,2024-11-19,2535.06,payment,legit
530360f0-ea3d-4329-803b-c4b703a7e094,54363937,2024-12-07,9189.79,withdrawal,legit
a43613fa-1950-4502-831a-481424a9f705,d2455f7e,2024-11-30,6699.43,payment,legit
824889cf-122f-456a-b7f4-c748ba8307df,ed4d1de6,2024-08-19,134.44,payment,legit
b203461a-bca6-437b-9bb8-b41f9dcf256e,3a60fed4,2024-08-17,2046.25,payment,legit
cc42a88d-aea7-459c-be0e-84664c2e5e41,7b16ba6e,2024-05-27,6828.37,payment,legit
85f63a19-f7a8-44dd-85d7-2c90a175a681,b4631f32,2024-10-01,7643.99,transfer,legit
a8fdeb50-d858-433d-9b7a-43d278b6a443,18a27317,2024-07-12,8398.6,payment,legit
fdfa7ce6-36de-49aa-8056-647f97335b30,1ea3b310,2024-09-04,2921.77,payment,legit
5580452e-8ca5-4028-91c9-169a5be64f9f,b1c59159,2024-06-05,9310.29,payment,legit
7c1cabf7-27be-414d-9486-c43adaf5871b,0e3c7b33,2024-09-23,5529.47,payment,legit
144ed472-5f92-47af-8e83-4259e00d145f,c60d0690,2024-10-27,6965.39,payment,legit
d503b80d-858a-4716-b848-b5cd88d0dbe5,961f2bda,2024-02-23,5967.39,payment,legit
b64d522e-f02b-442b-942a-ede2e961372f,2c868c23,2024-10-31,1227.4,payment,legit
17c1e004-8cf0-4baf-9efd-6abc2b94776f,bbf8b84a,2024-07-16,9631.15,payment,legit
eb4aad26-5e7d-4508-b2a3-b44fc56772c2,430e0461,2024-11-04,1228.76,withdrawal,legit
9f9793d0-3a6b-43a7-89a9-f77385a7532a,f1e9e136,2024-06-06,2548.82,payment,legit
e02db21b-a6c6-4f9a-bf08-0c1d5ef6b683,01b62627,2024-05-18,8136.28,withdrawal,legit
cf6cc6e9-a65c-4b9c-acf4-945491308e56,c793d4e2,2024-11-29,6185.97,payment,legit
3f5710de-5dbb-4df3-962a-803aae6720da,350bc5ac,2024-04-01,8381.49,payment,legit
4fe6dc9d-5e14-46c8-8029-ff8b0a9d8731,b11fd542,2024-11-04,5157.36,payment,legit
e1950465-07ae-4d47-8f68-8a056e1067b2,bd8c2a86,2024-06-25,3769.93,payment,legit
a3b7bc0a-435e-4d9c-9de3-18543c17d2c0,d38acf50,2024-07-06,9218.45,payment,legit
f4815278-d1f1-4018-a460-a474d59b1e0a,4ba4111a,2024-04-22,362.52,payment,legit
60f8ada7-4d44-4641-8897-645591bc34e7,5b2f7ea0,2024-07-28,8561.3,payment,legit
bce4a7db-3469-4dca-aced-7317cf34fcae,06663ddf,2024-04-28,2308.18,transfer,legit
ec2ca1fb-efeb-4171-aa4d-c8eae54d7f2b,959927c2,2024-01-15,8487.36,withdrawal,legit
ef29a409-f457-46b9-9464-00d8d302fed8,30beed03,2024-04-09,1391.97,withdrawal,legit
bcbbfdef-7bff-442a-bf07-07eebe9a5e69,3af86a1a,2024-01-03,5802.19,payment,legit
f1688012-1d17-43de-8f85-f2b2d25a360c,5fe128f0,2024-12-23,8881.08,payment,legit
d9a8e809-edaa-4651-9c63-7c980daab7fb,d76c0e75,2024-12-18,4735.4,payment,legit
0249ba29-64d8-4559-952a-e352b4f8c6c4,675179c9,2024-05-24,7465.67,payment,legit
dda4f8b2-9ebe-433d-b80c-20cd460d593c,712b56c5,2024-09-22,8046.72,payment,legit
23dca118-214c-4924-a5af-472d2df0d6a0,38b0cc62,2024-05-06,7364.94,payment,legit
67278666-95d8-49b1-a488-225b8fe94548,b5637553,2024-09-01,9253.3,payment,legit
cae1935e-f301-43a8-81b9-858bb2b025b8,b0607587,2024-10-20,4468.34,transfer,legit
a9f751db-3fc2-43c1-9fd3-d86c4e7bbf19,4560766d,2024-12-11,1731.25,transfer,legit
6df2f4a9-c27b-4161-98a1-7ae8ba9877e4,94f3cf32,2024-05-26,478.11,payment,legit
6d904e62-7f59-4351-9535-82a257063deb,4b1e5f2c,2024-10-12,2464.6,payment,legit
5ff5e7f2-16d5-4e2c-bbd0-2a74ef40c1b6,95dc7430,2024-04-07,1431.98,withdrawal,legit
08d29be3-08e5-4597-8e0b-2e101118c245,3db1d302,2024-12-27,5579.49,payment,legit
814fc368-3a64-4ac0-bd2f-608ea8403d95,c68263b9,2024-01-10,1849.45,payment,legit
ab301991-29d8-431a-bb4f-096e931981dd,c956048e,2024-08-08,389.34,payment,legit
fd9449d2-ad37-4cdf-930d-f60eea9f6f41,dd97b445,2024-08-28,359.9,payment,legit
5895d154-1ea3-4a46-b667-5ca1b878b00a,79f4f31f,2024-09-08,8315.69,payment,legit
33bc5f9e-28ac-4151-ac97-0cb343c3eecb,3669e73e,2024-02-13,5914.5,transfer,legit
39044b9c-021a-4d48-b83d-ca0b65b9d0af,4761ab33,2024-12-08,3580.85,payment,legit
2fe8a931-688b-4f1b-8c6b-b6e2c97ed49c,ce5f43d2,2024-03-07,8942.28,payment,legit
f92f0ab0-59b7-48be-8ad4-29a742f1dc6f,4073f374,2024-08-15,701.97,payment,fraud
f1b46d8a-bd1a-4961-8f1e-a29f36675017,56b833c3,2024-03-22,9803.22,transfer,legit
73c94246-2232-4af6-9e81-7309f06cb37c,1df07c21,2024-04-22,6162.92,payment,legit
03cc9b2b-e659-4553-af4b-eace7500084e,01d2c71a,2024-07-18,1834.64,payment,legit
7348c5f6-7d43-424a-925c-cef905608f96,2c9caadb,2024-06-01,6790.69,payment,legit
820bae09-837c-4a90-9112-e9015a27faa4,f37020fb,2024-02-28,7633.81,payment,legit
6930f659-7a3e-4263-ba46-94c1c733e8ae,c62ccccc,2024-03-03,4293.43,payment,legit
7a08d269-f851-4af5-aaf9-66c2fbb164f6,35a650e6,2024-06-01,8616.33,payment,legit
490d0a06-9c06-49ce-ad3d-1a8ef9cb00de,ab8f4083,2024-10-03,1507.32,transfer,legit
90fd693a-3833-4098-837d-bf0629aa459b,40013340,2024-11-23,2788.38,withdrawal,legit
f18e58f0-c9a8-4ff9-a989-9e9189dd5858,c650ae1c,2024-01-31,934.92,payment,legit
3f3f4d6d-0b3a-4caf-8716-2d068ca911d8,4913cfd2,2024-05-23,2108.78,payment,legit
da37e6b5-eacb-426a-9ab2-fb192dde9161,8af4c5b5,2024-02-06,2387.29,payment,legit
341211d7-7ca3-431f-9562-2844ae361fd6,eb104c7c,2024-01-07,9176.33,transfer,legit
47d18736-1d01-413b-8564-1f416c48a2b7,c27c9881,2024-08-29,781.1,payment,legit
8dde2d93-93c3-484e-846f-b8924417b0df,dd1af5dd,2024-08-07,4274.15,transfer,legit
221c93f4-e28e-4de0-98fe-9e523f23df0b,c75076ef,2024-02-29,5323.99,payment,legit
acf00a20-9b6a-4ab0-b779-9dce75637ef1,a08e0e4f,2024-03-26,8986.93,withdrawal,legit
df3acb91-0f15-4d9c-881d-ab8cda517027,d1343c73,2024-01-09,9976.96,withdrawal,legit
e88daaf5-66f5-4961-9424-fa161fe6f4c1,3b074cfd,2024-10-31,7533.88,transfer,legit
a66264b8-394c-417c-9a85-d3d22d611e10,b32b1e2a,2024-12-21,9707.91,payment,legit
4f054ae2-6e6b-45bd-ad4f-9c0f9abeaf1e,cc916a9e,2024-02-19,7871.01,payment,fraud
c524003e-4cbd-4c7d-b560-3cf285238468,49e2a103,2024-03-25,9632.03,payment,legit
d204bf6e-7c3d-405c-924d-d339dd573acb,6f748ffc,2024-11-12,7072.71,payment,legit
f94acfef-fd5f-45cc-a565-ad0c065d35af,8ecddd04,2024-12-04,797.63,payment,legit
745775c2-6d72-4e42-8c5d-7e0b7e282240,af896adc,2024-06-02,4019.2,payment,legit
ae692af1-e53c-4df9-9f62-999e64ef8c9e,77632c3b,2024-01-19,6465.97,payment,legit
588414cd-c06e-4ec5-879c-0cf23b4ee216,40f2c254,2024-01-15,3507.19,payment,legit
a787df8b-66c0-40fb-8774-f5d4fa3c29e8,a7243e33,2024-07-28,2733.84,payment,legit
cbcabee3-6508-44ed-a290-84575c915115,1a670ed4,2024-05-23,5773.99,payment,legit
a00922d1-a69e-4959-aac4-d9bb91c960df,d4962411,2024-01-11,9335.02,payment,legit
da29b682-1e65-4e0b-b8c0-43e42f571478,a613069f,2024-07-31,349.82,payment,legit
8efe4f82-64d4-4dda-8657-759ee0f0c26f,f6131638,2024-01-05,7692.31,withdrawal,legit
56992234-a183-4214-8645-a353e41999f0,630ba9ac,2024-10-14,7227.27,payment,legit
89027dbd-fa9d-40e0-8789-89cb5dfb46bd,cea7f5be,2024-04-21,9639.53,payment,legit
2e8f78dd-ebbe-4984-8c53-124a408beaba,6e8c0a17,2024-01-15,9307.11,payment,legit
e22de6be-86dd-4620-b1ad-4a950500f26e,23da27e7,2024-08-02,7622.33,payment,legit
5a2f6112-7ed2-48d0-88a2-8be14912785f,146887ba,2024-05-25,5204.09,payment,legit
815e7983-396a-4c3b-8af8-ecc2df773d80,4294c3b9,2024-12-21,2042.68,withdrawal,legit
f184884f-c6af-491d-8745-bf9eec79c44d,150ba45d,2024-07-17,5452.36,payment,legit
329b14c3-21ea-44f8-8c08-f9a1f578bfd2,9cdbed4b,2024-04-10,7653.52,payment,legit
ae18b052-1345-4e3c-a054-912cc7b45f49,150fe452,2024-09-15,8956.69,payment,legit
a6d923e1-6481-446b-a853-da4775b861e2,16b39f5d,2024-04-09,7897.12,payment,legit
6c0dbad7-2f0f-4a0c-a3a8-ae360a7b97e6,6dd1a66d,2024-11-26,1952.67,transfer,legit
52f61606-1366-4be9-a4e2-97ce2efa115c,fbd21f81,2024-05-16,5996.86,payment,legit
aeb43dd3-cccf-4d46-a34e-7cde34eefab0,1612a493,2024-07-19,3321.73,withdrawal,legit
4fc1042a-3fb9-46fa-8177-1ef5d22ea157,c1ecf4b4,2024-01-19,92.06,payment,legit
47720001-ae03-45c6-a9d3-fe769efecaed,acfc53e3,2024-06-04,2002.21,transfer,legit
420d1d40-88a4-4336-ba88-a50d38f71595,82ad69dd,2024-10-30,1132.21,payment,legit
5eac20c6-8018-40a7-9e55-1691b24efd44,fd245143,2024-10-21,8427.19,payment,legit
47ec0ded-b4ab-49a7-9538-576ae396b66f,1d5c4d98,2024-03-22,2585.06,transfer,legit
50ca8ebf-52e3-40a7-85fb-5843fc041d44,4cc1792b,2024-03-23,2846.98,payment,legit
d30337ea-9caf-4a77-82ab-7ed397d66a18,c4a424e2,2024-10-25,9599.37,payment,legit
ff877736-12b4-4fca-800e-af927b3134e0,4ad1fa59,2024-12-05,3790.87,payment,legit
5d073f4e-0003-46c7-8d08-61590e10dd47,f3276080,2024-02-04,95.86,payment,legit
b8d6187b-fa59-43ae-b95f-45709facba24,97c1f89f,2024-06-13,2838.46,payment,legit
455709bd-ae7e-45e7-b553-5daadb90e8bd,909d6d26,2024-05-03,1193.0,payment,legit
4f0141f5-428f-4413-a3c5-b4f0beaf3b91,80678a80,2024-11-13,1028.09,payment,legit
2e1caccb-6169-4233-bf07-e0197b6eecfb,92235252,2024-01-31,774.87,payment,legit
41b7fff9-45d4-4fb5-9ce8-0c25177f0c0d,1ac46861,2024-03-18,5932.59,payment,legit
f8996f3d-b266-4de1-8ec0-45f570fac2bb,ba8a56ac,2024-10-01,1893.48,payment,legit
4fa6b92c-f5de-4866-a9c2-54debde65b51,3ad33d53,2024-01-19,3612.43,withdrawal,legit
7e17df72-bf47-4f31-b3e4-8e03d32be02c,92d84e8d,2024-06-28,8620.18,payment,legit
c992f212-a4ee-4a40-9b1e-4b81259736c0,44f84e75,2024-06-10,4243.38,withdrawal,legit
b293c600-6e00-4fc6-a6ed-311a4614dc4c,ab347f83,2024-05-02,9156.91,payment,legit
aeb3972c-c09a-43ec-a255-7acda560478f,524b557c,2024-05-24,4979.38,payment,legit
7469cf56-b3ce-4d67-b735-b47890b1602e,de056306,2024-07-12,3988.37,payment,legit
4f71ec97-3b3e-42f9-9492-989132fe6825,19836da1,2024-02-28,7503.89,payment,legit
4c28446b-61f3-4aec-8fa4-ff8b9aafc9e7,c36ca444,2024-07-27,731.75,payment,legit
7fbbc0fc-5346-437e-a2d3-0a6d494ccc4d,2cc9ca04,2024-10-20,894.78,payment,legit
78badfa4-ca9d-4460-9d37-c6689b0462d8,ccf07169,2024-10-04,6519.74,payment,legit
8690a51a-0c8d-492c-97bf-f7d2827ee236,c0b8caac,2024-02-26,4869.41,withdrawal,legit
ad5f02f4-a83f-4816-8d21-ea84b1367b17,92f31940,2024-02-24,7904.15,withdrawal,legit
ac168ea9-6630-4163-936b-530845ac25dd,e0371c1f,2024-04-07,9162.71,payment,legit
14dcc67f-cbaf-40d0-8ff4-2b21e917dcb1,de2d9fbb,2024-05-11,3883.67,payment,legit
80e0857a-5c6c-4ae5-b93f-fd00d76fde62,56c9c44e,2024-05-29,5964.1,payment,legit
9db47e3d-3249-4502-98bd-1c4a1d96b20d,8411ef49,2024-09-05,5006.97,payment,legit
9bdea8c7-165a-446c-9a05-aed050aa3ce4,45f4364e,2024-01-21,9816.11,payment,legit
cd5648f2-fd67-4768-9310-e820a682296c,cf3316f5,2024-01-13,8310.84,payment,legit
91bb9128-fc49-4b45-a97b-5571f38aba7b,37d19502,2024-05-23,9117.38,transfer,legit
b27ae2d3-4af1-447a-9105-139049cf04d0,55e23d34,2024-09-11,2543.4,payment,legit
eccc97f0-f68a-4d66-ad79-99543c0f8c8b,7369757f,2024-03-11,7725.26,payment,legit
fd51d0e1-c721-456e-ab35-05ecdaf21a6f,7bb11150,2024-08-22,2654.73,withdrawal,legit
9d88df6e-56d1-41c6-b93e-002f14477da8,18d3211f,2024-04-04,2087.43,payment,legit
a0dcca86-67f8-46de-a930-c016e172554d,19d7c9c2,2024-11-19,9442.66,payment,legit
963a6c3b-1126-412a-8dde-5b2938caafb4,102a2f85,2024-11-22,193.04,transfer,legit
b1c8fb06-fb59-4f0d-8c03-cf086cc998e3,36894b3b,2024-04-18,9653.89,payment,legit
8e622e9c-6ddd-4ce7-aa91-f9d6acb41f9f,9078cb4b,2024-03-24,1492.62,payment,legit
59cf285f-35fb-48be-a262-7fe07ab86cfb,ed0f2ee8,2024-05-30,8194.38,payment,legit
7a86c6b6-5404-4770-b433-d535e60f8ce4,fc8d0141,2024-03-28,2759.23,payment,legit
77cbe4c5-e79d-4848-9515-5f1ce25f5e80,ffece1ea,2024-09-02,3507.02,withdrawal,legit
c2e4f3b3-1374-4184-876f-932d6ee6eddf,f38ab781,2024-10-28,2167.58,payment,legit
c6e9cc01-6295-433d-a1de-7e7a2df8f77f,ef32b7e0,2024-09-02,5855.14,payment,legit
a0f933b5-73fe-4f8a-bd04-a48b1ad3639c,3d37d25e,2024-10-27,3480.96,payment,legit
2f9813cc-d7fa-4bec-91c0-af715fd1e29c,7fb20b32,2024-05-24,6573.93,withdrawal,legit
d369169c-45e9-49f4-8029-0f0376c74fbb,7132700b,2024-02-27,156.47,payment,legit
8ba90f0f-9125-4b5a-b8f1-67b80787a152,3f1f8848,2024-09-26,643.75,payment,legit
f16141b8-d7ae-493c-ad92-6f43b087ca6b,cf5296ca,2024-05-11,996.61,withdrawal,legit
24351332-9c92-4579-931a-f9e778cf5757,76aeada6,2024-09-02,4189.94,withdrawal,legit
c2d3de5e-01a2-4c9d-929b-33a7e113826a,ebd0e32f,2024-04-08,8147.96,payment,legit
dec1992a-dc71-499d-8c70-6fe652312a6b,20507c7c,2024-01-30,8881.78,payment,legit
8e508822-3f2a-4cc6-8275-94b426d39dc8,e721c228,2024-12-28,2448.11,payment,legit
5b401bbc-bff7-4ff8-aed9-1dc727846127,0bc83a97,2024-02-27,5743.7,payment,legit
d3fa9328-7327-4a3b-9050-dc82d51fc1a9,dfd153df,2024-12-26,7683.65,payment,legit
9b1c8aff-e7f8-4420-b27c-74cd163333c8,305143cf,2024-12-22,2888.29,payment,legit
45e2a119-4d0d-404e-a098-a603488541d3,e967b77e,2024-10-16,4090.08,payment,legit
594e17e3-ca59-40f9-a277-9fa1b9ace0e9,38c0e34b,2024-08-28,5239.74,payment,legit
7cc62636-8a3e-43e5-b3d6-a97bccd9166d,01af4851,2024-07-29,1348.75,withdrawal,legit
1df7bb5d-92f0-4b65-8170-99f884858295,566d55e5,2024-11-12,259.82,payment,legit
3e94a3b3-de19-4ed4-813e-03bbf29b9dfa,cf8ee795,2024-04-15,1528.06,payment,legit
d2671a4a-24f1-473e-960d-ed4fea8a551b,701e8df1,2024-06-19,6268.54,withdrawal,legit
11c564cb-8888-4e3c-bbbb-65598618b30e,74eb3a58,2024-08-14,736.18,payment,legit
18f3c614-bc06-4331-aa3c-c6701d0d6966,8ba5c84b,2024-05-30,1896.96,payment,legit
f90b4912-8c65-4cac-9516-8b2749b6e2b2,4d18e0f9,2024-06-05,3378.54,payment,legit
3224d87c-8c0b-4e7c-a85f-cd005a93afef,f0448c07,2024-04-30,778.7,payment,legit
b7805dff-1318-425e-b111-ea7d5672e7d8,e6168b2f,2024-07-24,1916.99,payment,legit
382c0851-27be-44c9-bc26-e44c46d12961,66a5194b,2024-11-06,9112.7,payment,legit
41e0683b-8583-4e4c-af6c-c15f50374879,cc6ca18b,2024-03-14,192.99,payment,legit
41563a9a-153e-466d-8e61-2a1dae27af74,88261712,2024-12-07,6534.32,payment,legit
42198543-c0e9-4208-bcf6-14cebbe64590,1f44cab2,2024-09-08,3844.09,payment,legit
229ba9a0-686c-4a0e-8df0-154ea8afbf53,c5072902,2024-10-27,6726.49,payment,legit
e2093f76-1d5e-429d-9b90-add699535ce0,a7d303a9,2024-07-22,5886.92,payment,fraud
cd6e1492-9af6-4dda-a953-54e31740039a,7a91ae45,2024-10-11,2234.99,payment,legit
3a4fe5ef-ba8f-4847-8cbb-3e1db1079bff,4473539a,2024-01-06,8472.09,withdrawal,legit
61c43e15-d581-47f9-a792-497fade10232,2434a051,2024-10-25,4919.4,payment,legit
1c2bb906-22d5-4aaa-8d63-3133e9e2c9c3,b74a75f5,2024-01-15,8225.36,payment,legit
904f8f6a-a346-410e-bfa4-e3f0ec9a7fcf,6d6e30d2,2024-11-20,4060.13,payment,legit
35371044-9bd2-4be6-8dd3-9bb78e1f6fb9,7d12212f,2024-12-28,9846.86,payment,legit
8a2cb16c-a7fd-4be5-8557-fc47fd44ec87,01e04b14,2024-04-17,7704.89,transfer,legit
77f10045-d35d-4779-8c97-1df451fa3904,7744cee8,2024-03-17,9659.5,transfer,legit
1502bff4-72a3-49b7-8db0-0fafbcb903ac,82f2011d,2024-10-06,5143.26,payment,legit
894cc8c8-1f0f-4f2d-bea0-676d1f08f6f0,09f87ebf,2024-04-02,4736.91,transfer,legit
9118c69c-5e2e-4cac-aedc-579f373d4332,59782989,2024-11-11,7554.54,payment,legit
f815c26a-b2e4-410d-b8e8-59a8b7090143,dc051a16,2024-02-07,8802.91,transfer,legit
e1335eda-1c1b-47ea-b0f7-b5e585de29e2,0b7a9031,2024-02-15,9641.46,payment,legit
0edab9bf-bd1c-4643-a2ab-60d28152fe66,0969d5ae,2024-12-23,3245.52,payment,legit
5c05002a-ce88-43ca-8740-8f8c9538bad0,c4b81ab2,2024-09-02,7987.05,withdrawal,legit
27f79063-7c85-4a0b-aef0-e3f8a2761e5a,041e45f1,2024-11-05,2106.46,payment,legit
9be23727-fba9-4e61-bb8f-e97adfd7a816,6ca777b6,2024-04-28,5455.74,withdrawal,legit
14eec3f6-bb8f-4d7f-b896-3c1658c2790d,39ad9e36,2024-09-03,1798.48,payment,legit
a8b8c243-53d9-41d6-8c42-19f072d14e05,d4dcad0f,2024-08-04,3473.97,payment,legit
38d54704-f7af-4602-bb56-0590b87eb8a5,44387c44,2024-08-08,9313.58,payment,legit
f547eb9b-8b05-4c76-94e0-9b9f027438ce,95228ed7,2024-09-06,1460.91,payment,legit
c772fa76-df0e-45cb-b667-d853498ac8f8,aeefdf1a,2024-07-29,6324.01,payment,legit
132f98a1-5a77-4335-a714-985f18617727,04c87752,2024-06-05,5929.54,payment,legit
614dd345-e397-4881-a373-effe00f346f8,c4bd1c9c,2024-04-10,1207.38,payment,legit
167e1e35-e40f-462f-8cfe-e74ade85e9a3,2b3e482e,2024-10-07,3259.79,transfer,legit
bbc6b6e2-197f-4541-8a3b-cd24bc3edfc8,efe4c1b1,2024-03-23,5629.82,payment,legit
3487baf6-67b9-4d13-84c4-efcbf2640bf4,c07a9855,2024-09-09,1871.79,transfer,legit
c81ce643-95bd-4f75-8c4e-4c63413a7257,c4b1a005,2024-03-26,8006.24,payment,legit
6907c6b5-505c-4a6c-9eb9-b6cfcbb3915c,26e19fda,2024-08-16,9721.57,payment,legit
6c107d26-628a-4a8c-b103-4c989d2707cd,d8fa258c,2024-09-29,2147.59,payment,legit
36e92f20-2e72-4042-a262-db5646dc2d21,4dbdc24b,2024-03-20,1869.12,withdrawal,legit
14181030-de48-4790-92c4-7d04779acd4e,b975a852,2024-01-22,4549.35,payment,legit
94670795-1185-4e41-9bd4-67f3aacad34d,410d2fea,2024-02-17,7477.65,payment,legit
03529b3d-b01e-46aa-ae6f-29231b86b297,559606fa,2024-08-09,2816.01,transfer,legit
ef76af3f-9c16-43f6-9f12-08daa475ebf4,3ff3c2e7,2024-11-06,198.8,payment,legit
2046339b-05db-4c24-8120-ed119be3cb8f,5beaa1ae,2024-01-17,5412.21,transfer,legit
10732859-57af-4c50-b5e8-cd663a09af5a,8797fba9,2024-09-24,9566.01,payment,legit
2130442a-f975-4820-be73-e3dffbf2982e,3c1bd843,2024-05-04,3912.77,payment,legit
cfab8127-b1cb-4582-aa40-3bc431609396,c1536b7a,2024-06-23,4201.35,payment,legit
92989713-9d3f-45c8-84ad-98db7bf280c5,da86b1d2,2024-12-05,9689.02,payment,legit
ecd7e3f2-a3cb-4d46-a21d-9d2d7258a074,694732f9,2024-05-01,6946.08,transfer,legit
d2213e3e-dbc5-4e94-9d4f-4c64e52c6fde,207799e6,2024-06-18,7191.72,transfer,legit
60df3249-fc29-4377-9824-841200f482c9,c370d22e,2024-01-05,5627.02,payment,legit
1bf6e5a8-afc4-43a9-bf9c-b2b1a2c6dca3,8a1cb91a,2024-01-30,9746.09,withdrawal,legit
49a302a3-3919-4b48-870d-b164f9c6cac9,52c0ea3f,2024-04-04,6888.66,payment,legit
16bd005d-9664-42e1-8c7b-44d2230ca4c7,5ddf9fa9,2024-01-11,8950.33,payment,legit
b2274ad6-4faa-4366-9606-6663fbdd252e,752923d9,2024-08-18,6993.79,payment,legit
a7af2ad0-6db6-4498-9768-dc1c1d9df61a,38a0f5dd,2024-06-04,7351.16,payment,legit
0f3af820-14c8-40b2-a131-4ef8a05a4614,d0994c7f,2024-07-19,2904.11,payment,legit
4737fdbf-4d28-4de8-b566-483384f273f6,bff10e5f,2024-03-04,3034.79,payment,legit
a18096c5-d0a1-4a52-9bb1-d5337649fbf3,66550e6b,2024-04-18,7829.85,payment,legit
37f87ec8-ecb0-4bd7-9167-c375c8374e0d,4b4491c5,2024-08-30,2967.06,transfer,legit
40f7e41c-1825-4232-8da0-d76e78486095,776ce20d,2024-12-18,5627.7,transfer,legit
2fbc365f-d092-4cce-9b48-b8fda03a1a1d,a6a59b35,2024-01-19,2493.52,payment,legit
d833c6b6-c244-4f55-ac1f-dc1b5a609548,87c952ef,2024-11-20,8169.83,payment,legit
fbaeb780-39f7-4898-8fc9-dc2a7f76703d,fcfa10ce,2024-07-29,1105.01,payment,legit
ae478bb4-64f4-489e-92a0-5f203b9f3cbc,e5b9641b,2024-07-24,8294.47,transfer,legit
6b4dd01f-707a-4f60-81a3-f58af38e2eac,673e9908,2024-07-01,6027.3,payment,legit
92097604-365f-40d6-a64e-12de7cf86612,331af8ef,2024-01-26,1869.1,payment,legit
2a26a673-9a87-47b8-b05d-f141d64a5cfc,ba5f8d1f,2024-02-02,5420.35,withdrawal,legit
5255bf37-a7d1-4eb8-9458-adfb8a680aa5,3628983e,2024-08-07,2824.99,payment,legit
0155f456-793f-41d2-82d0-63373a193bb0,69c433db,2024-05-04,3234.67,payment,legit
c7224ad2-dec4-49c9-8bb8-2f94bee1719f,e9080667,2024-11-30,3515.28,payment,legit
1d6e1a4c-8461-4be1-8974-5de75d186d77,472142a0,2024-05-28,633.19,payment,legit
4e86c5f3-eced-4a83-90f1-51d2b04e8598,aeea9aec,2024-02-22,9859.62,withdrawal,legit
8a271fac-422c-492d-b163-fdd1ceb89de5,970a8332,2024-09-17,315.35,payment,legit
8674fdb1-d314-4834-95a8-bcbe0260a9c2,cbef9254,2024-04-17,6624.97,payment,legit
684f7c0a-6f8d-4257-a7a9-e713ece68e6d,44250303,2024-07-10,3712.28,payment,legit
f8be9a89-0e18-4152-9f41-4b01af7056f2,01629651,2024-09-11,6460.1,payment,legit
d786b4ea-818a-4577-84d7-8c0fc735a469,a06f0ec9,2024-11-24,3562.48,payment,legit
69910a9b-e226-4af8-adbf-59fac245f871,dbe7a44b,2024-10-16,6737.51,payment,legit
1758065f-f923-45cf-a978-4ea13aaa761e,7a8f249f,2024-09-03,7292.36,payment,legit
9a9444a5-6450-4940-9544-fdb55a3034f6,7cb6e772,2024-09-05,6905.53,payment,legit
e7c95587-86fb-498c-bfb7-2168197e3daf,033449ad,2024-12-11,1139.62,payment,legit
74aec853-016e-4c37-b489-63eb8ffb4263,4d7c3e15,2024-04-17,6568.93,payment,legit
b1b847dc-9c98-4b5a-bddd-7dcc409c1dad,2c2267b7,2024-01-01,2799.88,withdrawal,legit
26c4f381-1b7a-484a-ad70-de5f0a144f24,7d2b5b3c,2024-04-09,288.01,payment,legit
aa05606e-2dc6-4cfb-afc0-44dd9bb5499c,ae4b5364,2024-03-20,4148.31,withdrawal,legit
d2fadfae-76e9-408e-9371-99a8e754ed26,0676a1dd,2024-08-29,4335.43,payment,legit
a217bd89-e92e-4292-b7cb-432afd431889,1139605e,2024-08-19,4671.74,transfer,legit
1ce6167f-129d-49f5-a110-1afeebf2c9cf,9555ea80,2024-08-04,7048.24,payment,legit
c4488496-f004-4c11-b6a6-b46d876ca1c2,40545bfe,2024-01-06,3088.44,payment,legit
2455155f-4af4-4eee-881b-109728a05e80,b53fe94f,2024-09-23,3152.81,payment,legit
5e8fc42c-758f-478d-a42e-191dd29d12e6,58798615,2024-04-28,605.52,payment,legit
f869c69f-322c-4ee5-8b9d-c0512a453ba7,e4f4416b,2024-08-30,6868.21,transfer,legit
85cfc3d8-3ed0-4953-8ec0-fcfc0d5bc267,fadb1961,2024-07-22,5678.26,payment,legit
d8449f0e-db4d-4f1e-9e21-938c9d9e5789,4990dddb,2024-05-05,3494.25,payment,legit
68ff7433-0e5d-4c35-8e40-960646948dab,7154f49a,2024-02-19,7051.89,withdrawal,legit
36b6a571-b496-4117-8c92-205740af2d72,34789470,2024-02-04,5373.58,payment,legit
406d7cda-2c25-4910-b388-503a83365052,a777d63b,2024-10-30,4692.45,payment,legit
d4a40e23-5ccd-4da9-a938-36f49e70c8f8,8eb6d051,2024-12-01,5113.25,payment,legit
73dd841f-f554-4899-8ea7-72bea711f899,4c3c61c9,2024-08-25,6363.48,payment,legit
f16597b7-d4c6-47a8-9a7b-be0e18d79789,023e0ed8,2024-02-07,6600.03,transfer,legit
c327a435-2e8b-4d77-b72c-c7d571d86406,c8484f17,2024-05-26,2889.58,payment,legit
f149436f-1595-4aec-b4b9-1d708712e119,669c57d9,2024-09-23,1407.43,payment,legit
335e4431-c6de-4490-9ef8-103a4231af6b,60bc018f,2024-10-11,1566.34,payment,legit
9126813a-84c8-44bb-b601-3b623c60328c,0f661c42,2024-02-13,6393.91,payment,legit
be7f67a5-629e-4352-9833-a5a70878c340,337cbc95,2024-01-01,8728.73,payment,legit
4c14257d-4148-41e5-b67d-5881ccdb1ced,afd87424,2024-09-16,4094.96,payment,legit
56cd14c5-cf28-4247-95e0-db7a6e96b36a,bf40edbe,2024-05-10,1695.2,payment,legit
d63ab51b-a6d2-4077-90ab-81650e5e5336,400c4cc0,2024-04-02,7566.02,transfer,legit
000eb973-2559-4fd9-9235-7cf6dfc350f8,0844fcd4,2024-01-05,8324.89,payment,legit
17e096de-508e-4ae3-84f8-dfefef06631d,0dc341e0,2024-07-16,8805.82,payment,legit
55e01e4c-cfe5-4c91-b207-010a3e00329a,850cb21f,2024-11-06,6068.31,payment,legit
9819b249-9091-4a9c-b3df-cc4032e59133,9a89a3fa,2024-12-15,8607.29,withdrawal,legit
14c3c5df-0828-492f-8d9a-1da38bf5e8a5,0a4a2504,2024-07-25,154.15,payment,legit
2c55536b-30ba-4e6d-9479-47d2b0392887,ac9f246c,2024-07-06,1072.36,withdrawal,legit
c64f1cd2-47e3-42e7-a3af-2c1f82de2a01,8674d8ba,2024-02-01,925.76,withdrawal,legit
44d4e2fb-7ec1-4728-8986-ae3a0179d831,9e59cc49,2024-07-19,7126.05,transfer,legit
4d37e894-7a71-4548-bab4-89ff80acd100,a6564961,2024-05-18,695.82,payment,legit
46a8582f-d9c9-479b-8eba-20b56cc939a5,ddadb018,2024-08-09,4963.64,payment,legit
e4b749c4-9c63-420d-b7ea-65daec7eff96,0f9d5aad,2024-05-21,4727.07,payment,legit
f1ca27ed-d388-4657-b3db-9d32a2d354ca,1d5e553b,2024-03-28,3107.04,withdrawal,legit
a72153a0-ef51-4b47-a0ff-40c26beaf1f4,bef84e6d,2024-02-04,8704.05,transfer,legit
4742e3cf-038d-426e-b7b2-5117570e10fa,bcfc043a,2024-04-24,1704.33,withdrawal,legit
be703a57-820c-435f-98e5-4ec67abd1b3d,2ff4850f,2024-02-05,3524.63,payment,legit
c14f44e0-f728-4413-912b-6da810713664,d1dcba1d,2024-03-05,7741.72,payment,legit
11abac81-9a46-45e0-aa66-a6f18b71900e,ab63b607,2024-12-26,304.22,payment,legit
a511e12e-1e16-41f4-99a4-64cf469b6ac5,bda0ed1a,2024-06-11,6729.5,payment,legit
bce9f9a8-43dc-42c5-8262-f5240c1a2dfc,3558d069,2024-07-13,8163.98,payment,legit
4cdc22fc-223f-4c40-9f13-76be02e785ec,f26cc5ea,2024-11-14,9322.68,payment,legit
5d8d8f23-a472-4e73-b325-e89f9522e676,60208380,2024-12-29,8762.97,withdrawal,legit
f409fea3-e2cf-459c-af27-d5c2167d6f4c,738fe80e,2024-07-31,3193.84,payment,legit
0ee3fbe8-0178-40ce-9f56-603ab0c5fb86,6f73217b,2024-10-23,5863.64,withdrawal,legit
9bd5e484-a092-4ec1-9623-d05092dbb0d8,4abc0c69,2024-04-29,772.93,withdrawal,legit
b506a00a-1623-4ca7-8755-b74d6f7a4a4d,01dc9fa8,2024-04-21,2578.7,payment,legit
856486c5-0ad3-4503-b419-da27d2419365,3e4b63d4,2024-05-26,942.22,payment,legit
c4800aee-2e28-4bd3-ac94-8bec3c02f768,f7b01791,2024-09-02,3151.87,payment,legit
2a0ef763-a58c-42d3-8f6b-9c0cef64a6b2,98602540,2024-09-05,8751.87,payment,legit
ef6272a0-76a9-4b1e-b675-c569fbe98d51,5cd40f61,2024-04-25,3471.67,payment,legit
5f66c7f7-cbb6-477c-9d8d-e81ab584d1a8,9f67042f,2024-02-18,5618.98,payment,legit
6ca52274-572e-484d-8a76-4125d0d5fc20,50420189,2024-08-18,4333.81,withdrawal,legit
c593ae2d-459b-4ce0-91cd-af5de044f346,dc8d480d,2024-02-16,4589.17,payment,legit
34545362-437c-432f-8e15-47852dc6f297,34ec3110,2024-07-30,9695.72,payment,fraud
5dfcb2fa-7c29-4955-86e7-7041715e1941,f942ef2f,2024-09-10,2961.54,transfer,legit
1b1b8c73-11a3-41f1-80fb-b72b63be53fa,2f3a0b6d,2024-09-12,6273.24,payment,legit
c7e58258-dbe0-4799-b79a-884741034c40,7c42344f,2024-10-02,4200.63,payment,legit
85e2dd85-6d71-4a47-b006-ada95dd42dff,eb923708,2024-11-14,611.46,transfer,legit
e1fde028-f5d8-4b3e-a77c-82e9fbc4c422,707c492d,2024-07-01,4893.31,payment,legit
5ae96b26-c249-42e9-a10d-9fc8d01a033a,92e68c43,2024-09-23,8133.43,payment,legit
f796e0de-289a-4bd1-86dd-2f230a0d092b,2376cccc,2024-08-13,987.53,withdrawal,legit
0ab1ccc6-882d-40ba-aee5-852083b9554f,c7a2a950,2024-03-09,695.92,payment,legit
453e84d5-27b6-4d54-ab9e-96bf3f535509,7d5f9fac,2024-01-10,1536.32,payment,legit
9349e752-5e29-44cb-8fd3-2180f5fe9b6e,a42ceed5,2024-04-13,7644.0,payment,legit
420ebd77-3b83-4f61-9e46-927b5a7f35b8,29835e14,2024-06-10,7239.95,payment,legit
91f2e7e6-fb77-466d-8b61-a8d02659149a,34776d88,2024-08-13,5650.18,withdrawal,legit
1c0be8d8-f23f-43a2-8633-1cae911f5a3f,2009a661,2024-11-06,4682.26,transfer,legit
4fdc8180-e1bc-4299-a68e-56cd6db9b114,eb3436ec,2024-03-12,8883.26,payment,legit
1b9b97d3-fc2a-4d5c-b1db-8572338beed1,26c479ee,2024-02-15,7666.98,withdrawal,legit
8f396a87-ea28-49cf-9057-36966d892109,a2e8cd77,2024-12-17,8119.42,transfer,legit
0ada2538-ecdd-44cd-af6e-266231449f6d,c3ef9a6f,2024-02-09,8132.62,payment,legit
89e40cfc-8298-4310-a299-8f3416d190d4,d11e31a9,2024-06-23,6427.17,payment,legit
8ec61942-d219-4f7d-af73-ded074b91524,f01b7865,2024-08-01,4580.15,payment,legit
fcad76f9-6d21-4568-bb02-bd33aeb3488d,03838f24,2024-07-16,8646.78,payment,legit
34dcf0bc-99ce-442e-b435-54ecbaf2712a,2abaaeff,2024-02-01,9260.07,payment,legit
c4cd86e3-0412-4263-b075-cc77c748301b,46cfe711,2024-01-21,238.06,payment,legit
f3d557a3-96f1-4fa9-bd2d-eb58b44fea41,75d6473d,2024-02-08,515.55,payment,legit
35b7c79e-0172-480d-ae66-7ea34ac93068,8bfcad77,2024-08-01,9587.43,withdrawal,legit
f1291ce6-fa27-4976-adb3-af6558e3797d,1991ce2b,2024-07-17,2771.61,transfer,legit
cb22da83-2c27-4dd0-8bba-c349899870c7,31fac99d,2024-03-26,8733.69,payment,legit
7161eaad-10c2-438f-8eb5-35c398cba14a,a46a1bea,2024-08-20,3887.95,withdrawal,legit
7347c7d9-e245-4d2e-9192-7f4ee197005e,85ddcd70,2024-10-26,1191.0,payment,legit
e11f0b18-5667-4391-941e-0b40ab9ea7d1,0cd8f61d,2024-01-16,804.43,payment,legit
8a8b542f-fccc-4e42-9d19-c37e39668a2e,3c3ea326,2024-06-30,1565.08,payment,legit
3cd421ae-4743-420c-b2c5-d319f1238618,5146b97d,2024-09-08,2498.93,withdrawal,legit
9f0a227d-c591-4907-a12d-40e0b2fe3829,e68917c3,2024-04-02,4885.18,withdrawal,legit
6c35508e-9f11-422c-ac2d-02118fb4105d,ae5461f1,2024-04-22,7014.98,transfer,legit
5657b8b2-a850-496d-9c6d-9b0ef9259054,fa5d1d6d,2024-08-11,9863.99,withdrawal,legit
40d2b7e0-3e23-484e-848d-851ab7e926fd,c7752f4a,2024-11-23,4415.07,payment,legit
38f8ed0a-8b20-4400-8065-e1ca4d9f4a67,bac1086c,2024-10-22,5181.85,withdrawal,legit
0621342b-93bd-475c-8139-9a9e68ba0ec1,b382c1d3,2024-07-31,5218.16,payment,legit
cd2b9de4-32e9-4fb3-928a-4ef630873fcc,3622df9d,2024-09-23,5394.34,payment,legit
905faf94-b07e-41a0-9f8c-4443116ac961,9499657c,2024-05-13,5177.41,payment,legit
e70506f5-496f-4539-a3d3-8df85a4638e6,d03e786e,2024-08-21,87.75,payment,legit
cfc64c8b-4fa6-4c78-af8c-eb20e830c675,948f7c48,2024-06-19,17.25,payment,legit
9f89fc86-4466-4798-a0d4-4b115df9456a,a3606366,2024-03-10,976.66,payment,legit
f23f0f32-a2ef-4c4c-91c4-87a5d0feeeb7,ec722665,2024-09-13,1015.57,payment,legit
819bf396-da7f-4090-8a6d-c20fda58957d,d64b685c,2024-07-22,7048.97,payment,legit
f0769bb6-ca88-4b56-af6f-323ea5094ec7,4ba9fd27,2024-05-10,2049.16,payment,legit
26bc726f-1bfb-4bd5-bb16-d8c1ea876e86,d6f97149,2024-11-28,8947.14,payment,legit
dbcaf587-3957-425f-a87a-da4f7d7e48d6,55c1ab1f,2024-01-08,9286.06,payment,legit
c062c8bf-f1ef-4797-937d-6c02706ef8f5,80cf4ae8,2024-04-25,9758.93,withdrawal,legit
f1436b04-0ea7-4130-a391-c8facb9aa8c4,9e2d30f4,2024-01-21,9390.81,transfer,legit
f70900ff-9011-453f-b0e4-6964045f8664,25f93264,2024-10-06,2718.88,payment,legit
63c9fb68-d2c8-4bc9-939f-a9276e5b5f09,e3f1d385,2024-09-13,5097.77,withdrawal,legit
a0e4e927-541f-43b7-bb01-29d38d0cdf91,ec115a2c,2024-04-30,1754.55,payment,legit
6840403b-9d25-4089-aeb2-84605dbc2e3c,0e54ad29,2024-09-03,8062.1,payment,legit
1fb09bad-83cc-4f55-9a6f-9e71cdc49fde,a2e0e6ca,2024-05-24,8884.32,payment,legit
d3aa3241-b9e2-4b51-ba49-6fa102fe2b70,23128153,2024-10-03,8512.89,payment,legit
87d82aad-9de7-470c-a7bb-5fe18e7debe5,a1853bc9,2024-06-14,4333.67,payment,legit
9dfb8844-6946-4764-b0ce-1fa544fa3be0,a4fafa0b,2024-05-30,7586.74,payment,fraud
38b8dca0-0424-4904-b3ef-63656c706501,fa60d91b,2024-12-07,975.79,payment,legit
32322d5c-4754-42b7-b2a7-a472be6fdb17,4d8c201b,2024-04-01,402.45,payment,legit
b552d362-1757-4d6c-9518-a3decc7a9ea7,22fd4c45,2024-02-13,7532.36,transfer,legit
f82e2bfb-2305-4bc8-b742-55ceea67b59e,88195316,2024-08-01,4253.55,payment,legit
973111aa-59df-4907-bc50-f443f8ee8b96,986d060e,2024-12-19,9955.49,transfer,legit
c1c66f08-359e-46b8-9f87-c3835f85ad22,f114f2c4,2024-05-17,972.54,payment,legit
046fb945-6795-4842-8009-2862807314f2,997af82b,2024-01-23,8556.28,withdrawal,legit
f75a6ad1-3c14-4d29-af35-c1c60edb0a6c,8249985d,2024-05-03,4799.83,payment,legit
cd4e219c-0192-4e98-8bcb-4d692d1baeaa,5696be40,2024-07-03,8271.5,withdrawal,legit
2f0a193f-bdea-43cb-9679-b28a77150d61,189700a9,2024-02-29,8171.27,transfer,legit
a523eb4a-1048-4fb4-abad-dfc6ac765081,4933b8a4,2024-08-28,9159.92,payment,legit
ce69dd10-69d7-486f-bdf0-bf457b5791b4,c7d15156,2024-12-30,2978.5,payment,legit
1de858b2-c26e-4c0b-b2e6-df13c079ac00,bdbb194f,2024-06-13,9497.99,payment,legit
ef9170c9-3ef9-47fa-8f96-637dba32fa47,afb3afb6,2024-05-09,1516.67,withdrawal,legit
dfc3e082-ed82-4101-bea1-a4f25d166df9,86d0c5ba,2024-05-26,819.69,payment,legit
cc8868d5-4b07-4151-98ff-ec47bf21176e,86743c97,2024-02-12,4316.16,payment,legit
cb151001-b4c2-4b80-a07b-1568ddf51ba9,746e39db,2024-11-18,8283.23,payment,legit
ef29706b-45b1-44dc-aea0-a0dfeed8f544,48ddb61d,2024-05-31,4734.21,payment,legit
de279f2a-3826-41cc-af82-04e23ca45041,557fbaed,2024-05-21,8292.87,payment,legit
c98a8657-c65d-4607-9a81-ea40c32afa3e,bb2edf4e,2024-08-28,7296.87,withdrawal,legit
0b5df760-43c7-4731-ac86-c4cf24ec9779,45ee742c,2024-06-10,2094.28,payment,legit
ff80388e-fbe1-45bd-a62c-7564fe1c972a,fcf29410,2024-08-24,9488.82,withdrawal,legit
a93281e5-0d0c-4a0e-970a-fdaa73f20efe,fc7d869e,2024-01-23,607.81,payment,legit
324ca667-44a6-425d-994f-93b2b6531377,2c71bfee,2024-10-24,8982.8,payment,legit
b6901379-2d50-467e-8a83-9c248f2215d4,a3b5ff5e,2024-12-09,3044.43,payment,legit
4c3eec77-aff8-412d-b69c-d0bb34f80e38,14aaa76b,2024-08-24,5001.48,transfer,legit
9da97756-146f-4957-aa84-3f6240f03258,0622cf3d,2024-12-14,4223.52,payment,legit
9a8654d5-79e9-4851-ba75-d661daf8aafb,5049aae5,2024-02-25,1718.35,payment,fraud
d96a0a36-ea69-4537-acfb-d701a1e19d02,6602f1b6,2024-06-23,3581.47,payment,legit
966d5bed-d027-4478-99ea-986a5f7e64a8,cfae6a7a,2024-08-07,1929.34,payment,legit
0e03d28b-f8c8-43f1-a8bf-ee004c10ea78,d0d500e0,2024-07-31,2038.86,transfer,legit
0fee8501-8930-41cd-b160-041829837d99,8e5d32d3,2024-05-26,1870.57,payment,legit
832f7d15-8b30-4564-ae55-c1ae9192c5a9,d983a6ec,2024-05-03,4890.17,payment,legit
20b40424-57d8-473c-ab47-776c580e1d9c,935d8107,2024-02-16,7979.31,payment,legit
d809d4bf-836d-4da2-93f5-29c4b88198f9,d9180dc2,2024-05-22,5689.7,payment,legit
3b90d617-b3f9-4722-9305-20b59665126b,43706576,2024-02-29,8932.07,payment,legit
fb60936f-4346-425a-b8ab-be0b91e9d44f,43361334,2024-09-25,6365.44,payment,legit
a6e86a9a-112b-429e-b3dd-d79b0c73a4e1,b2c31604,2024-03-17,6893.4,payment,legit
4630caac-b4d4-4bb8-8aca-e22c2d51a4cb,3a4f70b8,2024-01-22,6676.07,payment,legit
e882ad71-3524-4d9a-b595-68ea724b4457,a6f72020,2024-07-20,4494.59,payment,legit
c0635222-062e-4bbd-851e-cc1e327d66bc,ad633235,2024-08-05,6893.39,payment,legit
5ccf7a09-57d7-4fc3-a030-ca795b974711,a47a7891,2024-11-14,697.08,payment,legit
d227ad57-4e85-4a5e-8842-01ea353b3f77,5fb6bd0b,2024-07-29,8598.51,payment,legit
0b89eb28-2784-4a05-b2ce-9417c60ac60b,4b6eef8d,2024-05-06,7778.12,payment,legit
1d09c37e-e9e7-4ee5-939b-6751afd1a530,8d63e0b9,2024-10-20,2452.3,payment,legit
c4ceb6ec-d06c-4506-9a19-c2e329f12ae3,84c399a6,2024-07-16,7680.32,transfer,legit
a3605d81-ef7e-4f85-8800-002ead02e0bf,56dd9762,2024-01-29,126.43,payment,legit
9cf4a97b-1ac4-4b66-893a-8d8506ee5586,8e77e078,2024-07-25,2172.47,payment,legit
334c39fe-066d-441c-818f-1f9a8fc700c0,98037e8e,2024-11-27,651.37,payment,legit
3f0dd35e-ddb2-47ee-9ef8-7e4dba22ac11,a175e62f,2024-05-24,7802.27,payment,legit
d8fe996f-4b15-4564-bd37-a480f0ac2565,badb0d93,2024-04-18,7558.74,transfer,legit
c17bae4f-83fa-49a2-8817-e6ac5c2b7664,dc40c0b0,2024-02-22,8136.36,payment,legit
28926057-bf7f-4cb5-9f21-3c2170f5bdb1,7d26aa0d,2024-02-25,44.82,payment,legit
fe431885-100c-4d8e-bde0-41a5ebb7dca7,a8678d80,2024-06-06,5012.33,payment,legit
b2f198eb-adf0-4dfd-92b9-40491b61710b,3502479f,2024-08-05,7048.36,transfer,legit
afdb62d0-1050-4c33-8ea5-41022d9a5a3b,bdaf3188,2024-01-30,1554.01,withdrawal,legit
d1da402f-1409-41be-9976-737476354e28,e24bbcad,2024-12-08,6497.91,payment,legit
f35316ad-0574-41ce-89b9-e99ed68d5c0d,aa0ee8b7,2024-10-02,841.1,withdrawal,legit
883f36ec-5bdd-4c1e-ad3a-ecd56fe0ba97,7925e8b0,2024-08-02,1813.26,payment,legit
c8f48c62-6e1f-4df2-9989-dc807d276aaf,f7507c63,2024-10-29,4757.97,payment,legit
de081670-cfa4-4c5b-80fd-71a99368fd37,8e59137e,2024-01-30,6535.65,payment,legit
8f086856-d7ff-432d-b610-9d5614b26f71,b45c96c5,2024-06-23,1458.69,payment,legit
d288e453-ef8a-44e4-a8c3-7d65e51cb653,a5aa3b63,2024-08-17,1852.23,payment,legit
6e7992d8-5dfd-4168-b6f9-ee1610943503,ba53e6df,2024-10-29,2044.46,transfer,legit
17cb458e-88e4-4357-a9dd-2a06b8d26502,b13e10f1,2024-10-12,2387.01,payment,legit
8eb7c7c9-ea5c-4d4f-8060-307125c86d5f,85050dde,2024-04-11,2265.54,payment,legit
c9a45396-10ee-45f8-b563-86e6aa9e49d8,c9407f11,2024-12-09,3951.49,payment,legit
c0ea7b00-937d-449f-9138-e182af10cd87,a369617d,2024-02-15,6537.9,payment,legit
12a5face-e979-4741-9865-a10afcf9072a,f0575bac,2024-11-15,4380.32,payment,legit
30331299-d775-44e9-8c84-fda143971dca,8eb08b58,2024-12-20,7759.74,payment,legit
abe934c4-62a9-4596-a609-e5ef7038c6de,b68f4acf,2024-03-05,7192.69,payment,legit
8c871824-1af0-42eb-8d0e-31bbe5ba7df5,56d3ddf5,2024-09-20,1265.27,payment,legit
a8cfc53d-eee1-469b-8092-ec6b37460b64,fa306478,2024-01-15,488.42,payment,legit
76c18e71-d5bb-4100-b9b7-878c19402d11,0b2d3e5a,2024-05-27,8779.42,payment,legit
f1d7c053-dc68-41c4-af99-70701fd08c77,f6491d99,2024-07-07,798.31,payment,legit
a397ad8f-ecd1-48f9-86e0-0c8a3072c6a4,f46a060e,2024-07-30,1483.39,payment,legit
383a6e64-575d-4923-862e-052e31571cc9,1bc0bfa0,2024-12-07,221.33,payment,legit
134ca57e-589d-4c57-91df-9c63d027e56e,65bed233,2024-09-02,6283.36,payment,legit
1e2a0909-9072-4987-b084-b44d5ef606bd,7b8b7501,2024-06-24,5823.71,payment,legit
5b13d182-774f-48f4-8f33-cf0fb0469b4f,d58f191d,2024-10-22,9869.04,transfer,legit
1888dc53-7d46-48e3-857c-bdb44aa2fa34,5d63d138,2024-12-12,8869.32,withdrawal,legit
1facceaa-22d2-4ef6-85fd-bdc1b2dd9d2a,d7feebb2,2024-01-09,4108.43,transfer,legit
d9247578-9fa5-4a87-980f-2a8b5de75abd,5419e0fe,2024-12-24,3715.86,payment,legit
737ec930-60e2-41b4-acf4-34ae47f4753a,69dfeea3,2024-02-01,2968.52,payment,fraud
63699637-d017-4a72-bdd2-69b4dfa7fde4,d4409178,2024-10-24,1524.07,payment,legit
4571b1ee-4ed7-4279-8597-49d3bf4f1f1d,6800b45c,2024-04-12,1380.84,payment,legit
38bc3890-058c-4b8e-8bb6-6ce026c748ae,9b3cc08a,2024-02-18,1322.84,payment,legit
4f04b355-6c6a-43f9-b9d2-b5b4886fe536,a8599942,2024-06-09,1141.15,transfer,legit
3c1e44b3-2032-43d4-a472-2fef38e2b18d,a4de7b19,2024-08-23,2405.12,payment,legit
6d33f41c-9d7c-44f5-8340-00da693a4e43,49787f51,2024-05-19,3066.69,payment,legit
eeb62b72-dd7b-40e0-bf29-e441148d9da8,208018c3,2024-01-20,9615.79,payment,legit
9e3e7bef-ea77-4b50-b338-00a350a2412d,a8f479a6,2024-08-06,5784.73,payment,legit
6b22f00b-116c-4179-a9d9-3c22cd3c0c03,1ee3dc2b,2024-11-25,9875.96,payment,legit
12dd595a-4963-4eca-9cf0-d6be53f0e123,4bea5670,2024-05-19,3724.67,payment,legit
173c56b5-6ea8-4009-929f-84ad2822f49d,e71e3d9c,2024-03-19,4576.27,payment,legit
6226ee54-f338-45c5-9e79-9ae02e145904,b327b849,2024-06-10,3245.79,transfer,legit
94d9d519-9b98-48a1-926f-b63a5a645c2b,2f62d660,2024-01-18,1828.88,payment,legit
67c27461-4d6c-4bca-8d7d-aaa91fc6b1eb,8fb340b6,2024-10-26,1431.65,transfer,legit
986ba3d9-a3bc-47bb-8967-a630179e4832,5c12c0cc,2024-10-28,9450.79,payment,legit
e8289c8a-103d-4f07-9370-ef1c29a0c8e5,7748ebca,2024-08-02,9868.11,payment,legit
251cb259-da46-425b-bdff-4b9e4b496e09,6f71fd15,2024-05-08,449.09,payment,legit
90e50e4e-8eae-44d8-aba0-188e892d9578,e3bd0249,2024-10-18,1503.46,withdrawal,legit
3f357cb4-4110-4d1f-a5a3-1b9328cc2c80,7a6f9c91,2024-07-21,4235.24,payment,legit
dae698a4-7db7-4e84-bd9b-c1b710be1f32,bbd15654,2024-10-28,1863.33,payment,legit
bf187cd7-42de-4cb7-91fb-3af194861de2,144bb3de,2024-08-18,3638.8,payment,legit
d30675bd-9244-4650-9186-e4b701ccfb42,df0e283c,2024-10-13,1290.96,payment,legit
8ad31139-8d0d-4c09-8e5f-d0f7c59108eb,63ed8df9,2024-08-06,4565.12,payment,legit
bb691d2b-c646-4345-b636-a92e39dd6485,d5da22b7,2024-05-31,2716.95,transfer,legit
7bce7b1b-0705-44b8-bc9a-d94a51882f94,390793e1,2024-12-15,3519.05,payment,legit
2bceeb25-2dba-4ca9-bb6c-0596b67315bf,2051248e,2024-07-16,943.13,payment,legit
4c39fe5a-dc37-4afe-bf82-91c2d3a724f5,55557cd5,2024-08-08,4281.28,withdrawal,legit
b762c699-1a8e-446c-b298-2c3e3798595a,de086a5d,2024-03-21,9832.58,transfer,legit
d5661540-3c16-4d82-ac57-f90a74e02097,1bf09e8e,2024-08-16,3288.33,payment,legit
13263f24-f616-48c7-b987-7eaed1a3ba48,b9bed971,2024-07-27,8764.29,payment,legit
e051fa3a-c198-46cf-a795-8347d63e946c,d15ea32d,2024-03-08,8431.99,payment,legit
07e26927-5a61-437c-b63b-744efbf9da16,f5d0b5ad,2024-01-22,9520.58,transfer,legit
e119138b-ac11-40e5-b8c4-ac3f5a612bc0,78e4ca7e,2024-08-08,7901.1,transfer,legit
61bcc6ee-99b5-4e81-b4cb-a9d389323b5d,43f4cace,2024-10-05,6595.97,transfer,legit
6ac9c623-6862-48df-ad12-45bdf39be797,e4fd8bef,2024-07-10,8565.84,payment,legit
c7e86043-c231-43da-b469-29fa3492fe98,4e1e97ed,2024-03-23,756.45,payment,legit
f9311209-6a5f-495c-87b1-7bd3b6404435,2cf50e33,2024-08-31,4628.31,payment,legit
ebf980f1-3927-48bf-9d6c-b87a43b0f5f9,7b34cc9c,2024-01-30,9892.56,payment,legit
2e58d5e8-56bf-4c5b-912f-016f9bda5858,f4dbba6a,2024-06-10,7696.0,transfer,legit
58b7dbc3-142b-4e72-84b3-a4b79c81c20c,a01e137d,2024-02-29,9620.75,payment,legit
dbcbf81c-ba2e-4275-82f5-d0933efc2f61,20ba607b,2024-03-08,7796.34,payment,legit
df54d476-9961-413a-8926-6537f92dc52a,c02dc189,2024-03-14,8748.82,transfer,legit
c5b07609-a6b4-4c78-8316-e9acfc22cf41,f8c87e65,2024-05-21,7065.3,payment,legit
b7f9e0c5-c130-4494-9c55-1a8b19355073,e6480455,2024-01-19,7605.02,payment,legit
5297ea60-398f-4353-a37c-abc077428b1d,36c6c423,2024-05-25,5231.78,transfer,legit
a8928919-5ab5-456b-9169-dfb8314fab4d,51490512,2024-07-05,9242.38,withdrawal,legit
3c8b63b5-9313-47db-bdb0-dfba6207a7f9,ad88a911,2024-06-25,8250.39,transfer,legit
1b7ca5b9-ae85-4afe-a671-cbb63debfbd7,d88d8b78,2024-05-19,8438.85,payment,legit
9acd9f5d-28f4-459e-b8da-67ec6b74833d,040d0ba9,2024-11-02,6730.09,payment,legit
28b4e466-69ee-4195-a3d4-178ccb601b7c,65eb574e,2024-02-23,3045.8,payment,legit
8e8cc565-885d-405d-894a-b54634dd79a7,251368d7,2024-07-03,356.3,payment,legit
09846b7f-c71f-481b-9b91-2de82e86ca60,00396de3,2024-01-23,9356.55,payment,legit
98217fda-49b9-40fb-b2a8-44933dedd173,e2b60922,2024-01-26,5861.2,withdrawal,legit
2feca198-19b6-4e5a-9f74-93f94118981d,3a40ffac,2024-07-28,2981.43,payment,legit
8b1ee987-b4b6-48ac-aebf-e49978290949,fccb1dd1,2024-07-25,1491.35,payment,legit
1ff2661c-9cfa-4d5c-83c4-6ee7935085ae,e986f3e6,2024-11-16,8295.23,transfer,legit
92a22938-0002-4025-bb8c-9a00bd819dba,5667b119,2024-07-22,8365.2,transfer,legit
34cb0070-8894-47ee-84c5-6b2f86e6f9db,9689e067,2024-12-16,8145.08,payment,legit
50052261-ddd5-4bdb-b7a3-5ce883a1c76d,9e5f96ef,2024-01-18,6450.83,withdrawal,legit
d1788cbd-476c-4d2c-89a5-2a8f0ca9acb9,ae0f0938,2024-02-05,3660.15,withdrawal,legit
2f0d6903-c40c-40e9-a3be-09567787e89d,b4f2f8b1,2024-01-17,3040.7,withdrawal,legit
f805c403-b717-43f8-b7e5-9e00f6bc2ee2,4103ee8b,2024-03-08,85.55,transfer,legit
98cc4431-2fb5-42b1-bb52-96f879388b41,4acade50,2024-07-16,8336.08,transfer,legit
083e6a5e-2d8a-4f54-ba40-01c39b1062f3,8465a182,2024-08-23,874.33,payment,legit
6e8824cc-e9a5-451e-9ecc-051b9ee26190,5fe03816,2024-01-17,6307.55,payment,legit
566bae96-0358-4d39-b808-6965da40f7c5,cbb299f4,2024-12-11,5040.75,payment,legit
cf08b9ba-ed61-4eee-bb53-40e52bfd1cb2,7c3e4e3f,2024-11-03,5266.89,payment,legit
beb48c3e-444b-409d-b683-f90f5a4858a0,ce8171ff,2024-04-18,9267.13,payment,legit
4b19ecfe-bc59-40bf-b36b-bb41cbd133ee,2c79c648,2024-01-29,316.15,payment,legit
1c217e87-1c03-4633-93cd-2ef1400ab6d4,18a9e5de,2024-03-03,7733.92,payment,legit
39486d9e-512f-4d6c-9071-1378beb8463c,e9f0aaf5,2024-02-16,520.52,withdrawal,legit
654b06e2-593b-44a8-a848-6498007f169a,3cb186c6,2024-02-14,381.54,transfer,legit
8554bdd3-d5ab-48cf-90cb-0f0313907096,d04c6836,2024-07-08,4298.18,payment,legit
2d42d67d-a842-4560-a325-f8de995bce3d,9c584c0b,2024-03-30,630.75,payment,legit
89721b89-e43c-475f-ad92-2115bf4d5f3d,9f1a62dd,2024-05-10,7891.44,transfer,legit
58896be6-7241-46a2-bce0-c7d4cf84d7ea,6598c753,2024-12-27,5295.63,transfer,legit
0dc87fd5-b49a-4b62-93ee-f1ae95a0d7d0,c8e8f629,2024-09-06,290.39,withdrawal,legit
10975780-b71a-41b4-88ce-9325a0d87e7a,9c7eebb2,2024-12-12,405.01,withdrawal,legit
240eecae-c12a-4b8a-ba7a-77ce714ab3af,4c4c3d6b,2024-02-22,6126.69,withdrawal,legit
c3744f8b-a47c-46cf-828c-10f0c7ad3e45,f43f65c8,2024-05-19,8061.12,payment,legit
25bbffb8-1bc0-40fd-b107-db7880340120,8b696f85,2024-07-21,4378.0,payment,legit
61732a6c-968b-4bd9-b0c6-595d2d83b7a4,0cd08b2f,2024-01-29,5545.81,transfer,legit
16eebf5a-f43e-4195-b56e-f1d40a725b63,c897a216,2024-01-02,7998.29,payment,legit
1684c47f-369c-4be5-bbbb-71dae87f2ffc,ae8b6731,2024-09-01,6105.06,transfer,legit
e915deca-173f-4770-ad3d-823831845f78,229074da,2024-08-22,2247.6,payment,legit
dbc1ad77-5fbb-481f-bc46-8d9b0aa61a0c,82dcf01c,2024-05-29,6130.52,transfer,legit
6d30c1a0-b676-4f78-8835-b0b5df3a2cbe,eb14c855,2024-06-27,6282.79,payment,legit
4704b96a-0ec2-405f-b101-be1f7b0835f1,7457e057,2024-05-31,7341.07,payment,legit
097af0e5-a6d7-4151-9d8d-c6cf6d78fdc9,931d4fb3,2024-01-09,6208.74,payment,legit
25414a85-e264-4fed-82f3-e946fbff881b,11627bff,2024-05-02,9692.42,withdrawal,legit
96d71a94-c09d-4bd8-9e81-60ea37cdacda,2580e1a5,2024-03-05,1972.88,payment,legit
b9635e6e-b57f-4f9d-a4d6-3b42c10d4d86,75f04763,2024-02-05,9510.91,withdrawal,legit
896ac5b0-4646-4ad5-99cf-5aa66a60b41b,731e31ee,2024-12-15,5383.39,transfer,legit
25bc77c9-8ec9-4fde-ac8c-2169a9171a37,db5e5e49,2024-08-06,6719.56,transfer,legit
3177461a-9b20-4156-b679-5f8a100cb347,3190ff78,2024-09-22,994.62,transfer,legit
031d3638-e90c-4420-b66b-e079fe031797,f761e849,2024-04-25,3805.76,payment,legit
ec3b9cd7-335d-48b8-83dd-516a55175946,89e27faf,2024-05-23,7693.79,payment,legit
45c1a24c-52b4-4222-8a0a-87666d0037c2,b0edef13,2024-03-27,7069.11,payment,legit
c2fd569b-787d-4fc4-8da1-63ea5f3fd6d0,9d744c17,2024-02-05,401.39,withdrawal,legit
71ceb87d-e310-47f8-a755-9298be7e9d7c,a1ff1ee4,2024-03-06,5465.94,transfer,legit
d709c06c-f11d-4b10-a7d5-676e0f2fc566,ea1f56f3,2024-10-18,882.78,payment,legit
fd8f7188-0bee-4995-befe-d725c9b9bb11,71cda0d4,2024-09-04,9958.56,payment,legit
1630cc57-862c-47b3-beda-bd9b0664c4e1,4e4ae452,2024-07-18,8972.97,payment,legit
ba863a62-61a3-478c-9e39-08191c5d0b91,2271e11e,2024-06-22,210.81,payment,legit
dacf1a3b-4807-4574-a382-f41cda62b70d,5d5e5151,2024-12-02,8586.5,payment,legit
e0e35c74-66a8-44aa-9246-f220ca117cda,a2abd761,2024-01-27,9194.3,payment,legit
ac7138a0-7c28-435e-acb5-e8919c995f3d,63ee25e0,2024-04-12,3535.48,payment,legit
744518ff-cecf-4af8-ade1-1ce746945ea0,87191f75,2024-05-07,7195.02,payment,legit
bbfc8577-7aa7-45f3-b33f-1dd348ef8d0e,e7dbd28f,2024-10-12,4421.04,payment,legit
434c9ff0-6d47-4641-bbef-0cd6e0ea3a8b,0da553ad,2024-12-28,6552.32,payment,legit
b17f3d34-d024-49f2-8d29-c258d2388c58,a2e7fb04,2024-03-28,3403.17,payment,legit
cc389aa9-289e-4010-9622-cc9e68c91064,78698932,2024-11-15,3225.59,payment,legit
dbcbaa68-15d8-43df-8989-15e883a32179,a727206c,2024-10-30,4244.34,payment,legit
25a8d8d3-e9dc-4e9d-9d7d-f469a0005787,69930a91,2024-03-22,1455.68,payment,legit
104dbbfa-df5a-43e4-816d-8ba2d75a8412,39dc4a2c,2024-05-25,8311.39,payment,legit
7c12351a-9f31-4ff7-9f71-4d62c02d0914,a5c36605,2024-05-29,3486.98,payment,legit
11fac330-9011-4d6b-a8e6-768385cc2d68,9460ecc8,2024-12-23,4001.5,transfer,legit
0c71d453-d0d7-4fd5-9c5d-7eddc299fd48,50424e3a,2024-03-07,8940.55,payment,legit
3d8fc73a-554d-4db6-ad97-ca90e3a63154,d4855e68,2024-10-18,4966.24,payment,legit
bcce242f-4d93-4d5e-a898-7154b933ebfd,ef766ac0,2024-05-01,5442.54,payment,legit
9acb1d5a-4f11-405d-9c69-4517560af308,5a81375b,2024-09-23,9564.98,payment,legit
077f8f77-00e9-4b14-b60b-9f7a5ce74f5c,af97eb2b,2024-06-02,8867.26,transfer,legit
abba7a5a-2479-43bc-a1c8-ad8a95649178,265062de,2024-07-30,1694.67,payment,legit
c498fa58-16bb-40cf-8dd9-f57f8181ec3c,38bc5962,2024-10-30,4732.15,payment,legit
dceda517-b713-4076-b700-351ceaf879f7,f3d452c9,2024-10-20,9712.96,payment,legit
0bbd9f83-8684-4ea1-a9c4-031fa390669c,209c69c8,2024-11-12,3723.66,payment,legit
548d345b-4af1-4533-a4fa-6b6d4167ee01,fb096033,2024-01-22,3715.73,payment,legit
b589a2a5-5d0d-4c0a-85d4-ee91a0556bee,ebe294ae,2024-09-09,1950.3,payment,legit
5fbdd32a-4623-472d-be7c-748dd4d430db,9ba985f7,2024-02-21,1143.23,payment,legit
48fd3615-2f47-4b91-a0b2-cf9da7d225fa,84161d57,2024-05-31,7403.05,payment,legit
57e4893a-0166-4738-b7bb-219be5873a71,2d890f0c,2024-07-19,7700.3,payment,legit
5f3d5195-9dc1-4e54-8265-baa6f9ba4008,f110016a,2024-05-26,9690.13,transfer,legit
15ca13d7-a705-4640-b9c2-df73e9eb9ac4,60f669ca,2024-07-08,7734.18,payment,legit
b152a64a-b384-4867-a07e-059964cd36d8,3c5cf688,2024-12-29,2433.52,payment,legit
8c4e0a2d-4f98-4e4e-b5e4-6885870f1a61,005aaf5b,2024-02-19,401.17,payment,legit
b152746c-af17-49cd-b046-0501b4300033,e88bccf7,2024-09-03,9854.37,payment,legit
af15a11b-2d30-4b2a-84b4-47372fff5760,c532c331,2024-05-24,3404.51,transfer,legit
d6f8529d-c782-4b2e-83e2-eb586b0fcb36,cb8e6490,2024-02-18,3119.72,payment,legit
6e4de2c3-7ec7-4cc3-b436-a941927f3434,bab0c518,2024-02-27,9059.55,payment,legit
2fd30aad-1a82-4a98-b9cc-8848eb9aa5fb,ea399045,2024-12-12,5851.0,payment,legit
a55f2f10-70b2-4b05-bba6-14be1948b4aa,0149c20b,2024-11-17,2148.71,payment,legit
4065c4b0-d17d-417d-a961-4e62fda40c52,5c3c1313,2024-11-27,8890.96,payment,legit
2e0e8713-7912-4c20-bbea-3b9d9b2f6dfa,d673bf12,2024-12-27,9933.61,withdrawal,legit
1428cb4e-4079-4d6f-b6da-59b85838af5c,03e1a876,2024-03-17,866.79,transfer,legit
8c829a80-24f5-4959-b3d4-aedca6ab6112,ef7d3285,2024-05-09,8622.52,payment,legit
6a08028a-74ff-438c-a23f-897597fce8d0,1f7dc22b,2024-09-01,3905.16,withdrawal,legit
6c2730d2-c732-43bb-a0ac-0eb60ed29385,2eab7ef5,2024-06-25,5240.72,payment,legit
70b7418f-8c8a-45bb-a251-739805b7cfd1,2dfb9826,2024-06-01,9148.16,transfer,legit
1af946af-3c13-4ba1-81e5-3016315ce024,c1725a5c,2024-05-10,9733.79,transfer,legit
ed855f73-eefa-4b4b-bbc4-60cf3152bc1a,a527e89b,2024-08-04,2621.64,payment,legit
20c0d638-0673-48ed-91d3-92c435295f44,46a06b3e,2024-07-29,2128.51,payment,legit
019a732d-cb0c-4e40-abb7-55c22d5e748d,e1d85768,2024-02-28,805.17,withdrawal,legit
a876600e-9697-4af7-a5ec-bd112e5c8edf,9ee8337f,2024-06-21,5617.98,payment,legit
fbe87096-421b-4cd8-99ac-60f733419bb1,d2f81c66,2024-07-21,136.04,payment,legit
a73a2743-4dee-48e0-9b95-eba768151fae,cf933a18,2024-07-27,4118.98,payment,legit
addaf38b-90f1-404e-b66e-e65a3483c026,7f135c2a,2024-03-17,733.84,withdrawal,legit
6f228130-0515-4368-adb7-3fb9755544bf,71252609,2024-09-27,4052.26,withdrawal,legit
cbc71193-e8a3-4322-9812-5b416af5cc53,940e1f68,2024-01-10,399.32,payment,legit
b5e26460-2d34-44fa-8b5a-b06ec0aff899,6e646109,2024-05-09,8352.17,withdrawal,legit
4341700f-6ef1-4119-b3de-5a7eba037dc3,17797ef8,2024-10-11,2097.39,payment,legit
c0b3c17f-373d-47e4-b6f9-b0b1c50265f7,8516b711,2024-07-24,3283.09,withdrawal,legit
c8d5a2e4-5bf1-4f4e-b6c3-f951ed64c988,71ad823a,2024-04-05,8700.48,payment,legit
6f7393e4-f0a8-4eea-9855-5127174e74dd,1274478a,2024-09-10,7462.66,payment,legit
18a6ecd4-a001-4d7a-afad-c623d3b2ad7f,dd0e0037,2024-07-26,2190.38,payment,legit
cb59c785-4139-4b31-aa53-1275f3c6add1,d299c415,2024-10-17,718.99,payment,legit
41fad649-2897-4f09-a424-55dab432883b,ffeff2fd,2024-09-25,7156.74,payment,legit
987d4317-7e62-40c8-81b7-be459c7f1769,8cf3d17c,2024-08-10,3907.03,transfer,legit
0926a6d7-ab64-4788-b868-cf1b43f1616b,791f1785,2024-06-27,7660.8,payment,legit
c4ad5eb1-7704-4408-be56-36ff34e20a57,cbe77470,2024-02-18,4452.95,withdrawal,legit
9bf5dbe9-9960-45f4-ba47-0c46eab1d821,fa02bc58,2024-04-05,3460.02,payment,legit
dd966413-9b77-4713-89b1-ccf51a53fe2e,184d8223,2024-06-01,4512.05,payment,legit
c1609a82-cd66-432c-b306-d6b4d94b4b88,516a0c11,2024-08-06,7485.59,payment,legit
f243aea0-7155-47a2-b113-9a892618e9f6,6b2d7412,2024-07-06,9022.2,withdrawal,legit
8e84eb1d-714a-4b2f-8fb2-e20d69e454f2,9c25ed82,2024-04-15,497.67,payment,legit
bdea4ded-0e8e-422d-a248-935d0b022292,ff613660,2024-01-03,5241.12,withdrawal,legit
cb3bacde-082b-49c4-a7eb-b097d7dd9281,6ea1c071,2024-06-30,328.35,withdrawal,legit
8ac467ca-f1f8-476c-8ea5-45672d16b250,54b0c64b,2024-04-14,4684.1,payment,legit
143eee24-ee1b-43c6-8e30-8c6601682e57,b3b79426,2024-09-25,8852.83,payment,legit
9e3c4855-e3f1-4c9e-9b9c-140f3c862260,154dc01a,2024-01-09,3615.9,transfer,legit
b4a8dd09-7f04-4d00-bfc6-24bc530e628a,da7d975a,2024-08-01,9324.5,withdrawal,legit
bf923ff8-9bc2-4401-8a1b-7bf04bbdac17,8c1d2bc7,2024-12-09,6306.08,payment,legit
d3f6dd97-1f9f-45da-a393-7db91e1dc5eb,a0d532be,2024-03-04,9341.55,payment,legit
b408d2bc-3bcb-4669-a456-9e09c97914dc,6973fc67,2024-06-21,7571.67,payment,legit
ac215011-b34e-43f3-87b6-9dd305943227,8daad4f8,2024-02-03,1034.35,payment,legit
865c52e7-9d79-4a25-aee2-71090249c334,f1665f28,2024-08-16,2311.51,payment,legit
f3536db3-5147-489d-808d-77146471379a,84183f80,2024-07-19,3941.7,payment,legit
7903bcf0-4d86-4c7d-a9f9-515d6ee506fb,cb99afec,2024-05-28,1701.07,payment,legit
ad6187d1-1f71-4308-853a-809f50ac39e0,3b9455ac,2024-07-09,4949.12,payment,legit
669ee1c3-2b8f-4f4c-9261-845a00c61bf4,be947322,2024-11-23,4713.68,withdrawal,legit
a6a44194-e28a-4b7f-ba5b-b10e886698b6,eac23021,2024-03-12,9562.59,transfer,legit
bdf8b677-0d06-431b-991a-548b4eb0dd8c,1c13bfaf,2024-01-09,4337.28,withdrawal,legit
3cefe5ec-af22-4e61-8691-25848d1a9f81,0060c636,2024-11-10,7856.27,transfer,legit
eab41bb9-f0ce-40f2-8cd2-2cd95669427e,e785287e,2024-07-29,9419.11,payment,legit
83af3496-233a-4393-87d2-72c71f53fd17,5c028cfb,2024-11-21,8769.89,transfer,legit
b196fbac-f605-418b-bd53-d4623bdcfe8b,d6e5d4d2,2024-08-05,2086.68,withdrawal,legit
081b1dbc-48e2-44d9-aca3-b96d4b1de9e4,c370bb99,2024-10-22,4960.3,withdrawal,legit
283a40de-2e44-432d-a86e-b93f68f49ee4,ee2a2fb5,2024-06-05,3477.4,payment,legit
7a31f4d7-e0da-4797-b79e-ec1d9cd0e212,4fd096b8,2024-09-30,3998.59,payment,legit
3d44d6b9-66fb-49b8-9ca8-3587c71004d0,35924d05,2024-11-29,3608.07,payment,legit
7ccfd946-02d8-4ed5-8ca9-d632487a1de1,f2c9d0cd,2024-07-27,8263.59,payment,legit
402d8199-d3b0-46c8-b141-d6cab1dcec9b,152da6fb,2024-03-06,4521.39,withdrawal,legit
db7a3f2c-2699-410b-9022-4d769c3facaf,0e80734c,2024-04-08,5236.94,payment,legit
8b1d3bc1-915d-4b50-88d1-405d956b1aa0,618d09eb,2024-03-13,9824.47,withdrawal,legit
912f6c6a-e817-4859-924a-130b00d9222e,9ead337e,2024-03-31,599.79,payment,legit
82d3c029-b626-4f2b-9050-39867989126c,51d6d28a,2024-04-21,4879.58,payment,legit
f5c14584-588a-429f-b447-15753d1b5118,8e02983c,2024-07-21,7740.62,payment,legit
5d8cb91d-3a04-47f7-9644-ef2797d698ef,0c32a8c1,2024-08-02,1511.62,payment,legit
b94309a1-cef1-4f04-aa8b-1eae06808835,c4eaa7a0,2024-06-04,6115.32,payment,legit
a6fbb7d5-26f3-4377-90cb-4bc01ab72c8b,1901a500,2024-08-12,2394.65,payment,legit
aad55258-7ca0-446b-82dc-89b38d8ff987,9db07d1b,2024-01-30,8674.04,payment,legit
b3201f2e-5af9-4c55-919f-65609bbe053f,925e5196,2024-02-02,3271.0,transfer,legit
db929f19-0ea6-4e5c-bde8-db9627db418c,2c8242c9,2024-03-03,3290.63,payment,legit
6add0dcc-8328-47a9-9d69-7176d39d68ea,e3ed3224,2024-07-08,5981.94,transfer,legit
68600f34-8402-4b90-a8b4-f015b4c6b9bd,651b33e4,2024-03-19,1835.63,payment,fraud
e50cfbe4-c716-4e67-bcd0-9203c558d4e9,ba43c3e8,2024-04-13,2848.89,payment,legit
0f5fb886-8507-49ea-9063-212405e81c5c,391235b5,2024-05-26,4166.32,payment,legit
cf6df2bd-2439-4321-abe1-8cce7e4d0e19,0b42adb0,2024-10-23,3536.38,transfer,fraud
71798e09-37c5-4234-ae1f-55e65432a08f,22fee4aa,2024-01-06,5248.77,payment,legit
54f159b3-bdbf-45f9-862d-722ce0b389b1,30d0a939,2024-08-25,5996.4,payment,legit
7098104d-f6bc-4aa6-8e7e-ae805ee2ecc3,64d9cb7b,2024-09-01,5666.67,withdrawal,legit
2d5a3b41-b66b-49a0-ba2d-51d2e188bd63,40b214e8,2024-10-18,6541.68,payment,legit
338c38fe-5334-4721-856c-acc780b35fdd,3170f201,2024-12-06,3077.5,payment,legit
c96a91e8-140a-464d-91c0-9934a9cf5d8a,7840de2f,2024-01-08,1264.26,transfer,fraud
606cff52-7ec8-4168-b787-3e74cfaa66f2,0208aeb2,2024-02-26,7608.08,payment,legit
40a5d89b-aca2-43b1-8eea-96c071de8e60,e0156080,2024-11-19,8507.8,payment,legit
277fcfd3-6403-4430-bad0-8bf60eb38969,c7abb561,2024-06-16,2570.06,payment,legit
7d9e2e5f-8b5c-41e0-b5ce-125e8bdb42db,cb3c90bf,2024-07-25,4070.92,payment,legit
daefa86b-301e-4a1c-b5f9-0469e3f260c5,b56b5c6e,2024-08-30,4985.69,payment,legit
6cb00018-2c34-4447-959a-55bb020e9793,d62d9dd7,2024-09-04,5333.27,payment,legit
611c24be-c63b-4526-abf7-f101be34d22b,60fd603c,2024-12-06,6594.9,transfer,legit
a4994a0f-9472-4abd-a4de-e56a53617fb7,87db5c66,2024-12-29,416.03,payment,legit
17463b80-d4f1-4b8b-be25-b9c67f43d917,5a2d0189,2024-09-19,7214.77,payment,legit
8d511e63-90c2-478a-b11d-78ed0551dbec,edc43081,2024-04-14,619.71,withdrawal,legit
195dc2a7-f1dd-4cda-a9bb-32b15d765dc6,06dbb114,2024-11-17,4682.89,payment,legit
ccd9a1a1-9338-4ced-a639-c06068a775b7,a9ea9787,2024-01-18,8276.71,transfer,legit
f7deba19-4126-44f9-9116-b67ca3b5bb2e,6a5c2bf1,2024-03-25,4512.15,withdrawal,legit
b382af8d-cf4c-4e7f-9776-4621a39f8e6e,94afddcc,2024-11-23,1490.9,payment,legit
85cd6baf-c793-4790-9092-282209bf4196,12970050,2024-04-03,9850.34,payment,legit
11be823d-ab46-4811-b083-920fbd27c3d9,939722e8,2024-03-21,8892.85,withdrawal,legit
52599641-4c5d-495a-aaf5-a3e9bc9ad1c3,b82a943e,2024-02-20,7713.14,withdrawal,legit
dcd5bf6d-bfc1-499d-afa3-01258e9bd671,4fd32c1d,2024-11-09,4115.12,payment,legit
b74ee038-08ec-4683-af20-e6f9cba8cf14,3a5e1633,2024-07-01,1838.46,payment,legit
34205689-5d5f-45df-8c7e-4f335969738e,fd7c55c7,2024-09-03,9414.11,payment,legit
201fd5e7-dfea-4cf3-bd7e-bb769d12ed94,4138df42,2024-03-28,5323.51,payment,legit
331d8d41-2b82-48d3-8668-af1a28244692,97706ffc,2024-10-03,8523.55,payment,legit
54cdcd9c-6745-4a1c-9010-05d55771a241,7dc908d3,2024-10-04,3420.95,payment,legit
fabcb078-f52f-4f17-9257-ecef91353080,feed7176,2024-04-24,3352.88,withdrawal,legit
f244bc82-1c21-4c7c-963a-775c47168d9c,c7200c55,2024-05-29,9855.4,payment,legit
b6148262-a121-4869-8a19-c9cd84d8b452,458b9166,2024-03-17,5218.33,transfer,legit
337a14bd-890f-499c-8e8a-3ac99ddf44aa,8bae5673,2024-12-22,1406.95,payment,legit
03c7fe60-36df-46f1-9893-de8b7cbbd34c,b515cec5,2024-08-23,2196.75,payment,legit
556ffcc0-d6f3-4a4e-a496-afde263dba48,db84a561,2024-12-07,4819.44,payment,legit
83a71422-1af6-4a20-8a94-d171ff4fa4d1,f3959676,2024-04-20,424.71,payment,legit
d7321579-b0ab-49ed-9c11-0526995b52ee,d758a574,2024-10-12,4625.34,payment,legit
f50c4a37-bd4e-4793-9e33-336104a32ca8,ba7e3ec5,2024-10-06,4189.41,withdrawal,legit
602fe0e4-fe5c-4bd1-8411-004c075a09b5,214872fe,2024-09-09,7793.36,payment,legit
586882d6-38e7-4af2-963d-f4dd0c9ce57c,9674fa46,2024-12-18,3549.42,transfer,legit
2d36afd0-9c5b-4818-b327-1694407a33fb,c1c655e6,2024-05-23,9825.49,payment,legit
05a89f50-c544-464b-837c-5822ca2a2196,4dd47bac,2024-02-17,1807.7,payment,legit
cf02ec3d-1e81-4bed-afa5-5bb8f1fd1e15,dba63a09,2024-09-02,5909.87,payment,legit
06bce13d-d5e7-464b-9fe7-0a27a4908589,1b806521,2024-09-23,896.99,transfer,legit
2ac76f35-c2d3-4b10-9993-1a3b234cfaa8,c93bfc83,2024-07-28,7338.64,payment,legit
88a8c227-8052-483d-8eea-a802dac75b28,1a59bb24,2024-03-16,9947.54,payment,legit
7c72db15-ff7e-4195-b895-39952498c616,9c55b9be,2024-07-03,8191.39,withdrawal,legit
3ddad421-beb9-4aca-a4e8-58d7543bc6ad,d0333d92,2024-04-23,5557.04,transfer,legit
9a60ee54-29d4-4289-bf85-e38fa394f077,c597b9c7,2024-06-05,4847.41,payment,legit
f2b371ae-2a02-46be-894a-83b10099db4c,e559eb74,2024-08-23,8350.3,transfer,legit
bd58f225-4465-4023-9465-605340ad4ed6,31bf6365,2024-09-29,9359.74,payment,legit
44f0d04a-11e9-4151-bff3-6705a7e4e5ef,d9bee823,2024-03-25,9892.07,transfer,legit
a022141d-d6cc-4a53-ba7b-10bd2879a883,deb35f73,2024-05-27,3965.39,payment,legit
eb1506dd-561b-4172-b3b0-070c29ef96dc,37f6d246,2024-04-08,9909.17,payment,legit
ed559ca5-b715-4b41-a247-faa257d3796d,6837465f,2024-03-13,1559.26,payment,legit
e8ef8818-1a57-4e98-a29c-6516f7dcd51d,67c1fc60,2024-10-12,2535.5,payment,legit
05be2b85-0858-40fe-bf40-46cb8e0e286d,c187f145,2024-11-27,890.16,payment,legit
ac0e6db6-ac51-4f2f-9501-cf9230023a53,1b7f7858,2024-05-15,2717.39,withdrawal,legit
6ab0c41d-71e6-4d0f-aadd-1697fbffd6ec,d8d06a05,2024-10-01,7679.38,withdrawal,legit
f1cad9de-ada8-4d7e-bca9-beb7736a6894,3efc2a10,2024-11-23,8529.24,payment,legit
7793d75f-10ac-40c5-a6c7-34e775daf01d,abae2776,2024-11-04,7788.93,payment,legit
6c4f4c96-62d7-4186-96ef-99a115f0b1b7,f6ada0e4,2024-03-07,6310.66,payment,legit
1e446453-9731-436b-ab80-98f658675291,ff968711,2024-12-15,5139.67,payment,legit
4748be31-03c8-418c-a0b9-af9085c4ca41,acf06274,2024-05-17,7087.04,withdrawal,legit
6ba58da0-635f-4471-8e92-c15da30319fb,9bd603fd,2024-05-03,3908.34,payment,legit
043b2047-9486-416c-bade-f03bf93af4c3,10bc4f6d,2024-01-23,8413.08,payment,legit
63976484-f732-4659-a3d2-54b7334528e7,262ddae8,2024-06-26,6771.9,payment,legit
2e801f7a-fcd5-47ac-aaeb-48d280eea176,dd510615,2024-02-09,6978.05,payment,legit
cc7f9ce2-0f62-4f60-b708-aee234044e7c,0f8decee,2024-03-31,5359.36,payment,legit
ec73333c-8f27-4dac-92b8-c3862d0326c1,e2798d7d,2024-04-25,8852.29,payment,legit
48dd8201-5732-4574-982b-b8b7d2c8f4c9,a6f0f3f5,2024-10-22,2520.15,payment,legit
2c16e8c8-494d-4984-a1a1-723f461384e2,b488968f,2024-11-15,3811.48,payment,legit
24a3c851-4505-4a9d-9a57-9e6ce37a8e45,2613fd6d,2024-04-20,7776.43,payment,legit
5b20ab7f-4de4-46b5-b3f4-b69e4e8cca12,532d8bd9,2024-11-09,4927.49,payment,legit
463fe831-f113-4f35-9c38-208493242289,0678a366,2024-11-08,8892.14,payment,legit
98a7347c-0955-4dd8-b0b7-4810d68dd2e2,4b555791,2024-10-06,3463.99,transfer,legit
86c47bdd-7285-471c-b7f3-5b1fa70dc94b,d152de72,2024-02-23,3693.3,payment,legit
07253e59-4ce1-4aec-8001-519fb481dde8,650f8591,2024-09-08,8887.36,withdrawal,legit
06e7244a-f0bd-4e26-bc9e-b5e965ae7d4b,47836f55,2024-12-10,4643.7,payment,legit
e1014412-2884-4003-bbd6-c7438f430fbf,d0a9eea7,2024-09-06,5161.25,payment,legit
e258d165-a808-4260-8016-469d5fcab90b,97c844b7,2024-05-01,3327.64,payment,legit
7f455d2b-5dbf-4b3d-995a-fc094f776fff,080bbe13,2024-07-01,2766.7,payment,legit
2ecbab7f-ae7c-4f2b-bd48-79295aa32836,27de0020,2024-08-23,6559.49,withdrawal,legit
d798bd09-3cd1-4ef8-a090-8746ae719887,180babd9,2024-07-05,1198.41,payment,legit
d24c099c-f175-4b91-8ba1-f918d5d774fe,a9a993d3,2024-02-13,8792.73,payment,legit
a183d384-9bc1-47a9-973d-81348e2dbc1f,d1b6b086,2024-04-23,7792.03,withdrawal,legit
15d4c67b-ba3c-42c1-b135-0e4f550b5fdd,55d6fcbf,2024-10-19,1907.48,payment,fraud
a7d4d1cf-4a76-4b7d-91f5-199f93faa23f,e3f9df00,2024-11-10,6940.2,payment,legit
5f0cb065-5372-4e3a-91b1-031248651455,16a98623,2024-02-20,6026.33,payment,legit
c6568167-c309-4dbe-8f89-e73f47e95464,f73621f6,2024-12-13,1845.35,payment,legit
98b14751-86e3-4a47-9de6-3e58b8095e1c,c40babce,2024-04-30,2732.04,payment,legit
e1c01e40-638f-4172-af8f-953a5b233ab7,1c8be3d0,2024-08-29,4089.87,payment,legit
f2b9304e-3f95-446e-9df4-8c8b8cca2021,134fa146,2024-10-01,6992.43,transfer,legit
8e3a738c-ddeb-4d51-86c8-3eae2499f66e,bea7eecc,2024-10-23,6387.23,withdrawal,legit
51e6c68d-2834-4d1e-919e-9871a6a617b6,b29fbee1,2024-12-11,5322.35,payment,legit
7eff7433-0a3e-40e5-92de-478047e44a5f,6bd35b5a,2024-04-24,7684.11,payment,legit
047c33ac-f7c8-444c-9d66-dfcdb0d1cb38,0a839d2d,2024-11-09,7579.38,payment,legit
74c938cd-52ad-4329-be96-20b211479104,7e552728,2024-02-18,6178.59,payment,legit
29214f88-71a3-4f6d-b6a1-bf17ed5163b7,a11e4025,2024-09-14,7869.9,payment,legit
0e79f7f8-ee66-49c3-82bc-7d549478116e,1295baad,2024-09-27,3342.63,transfer,legit
f33d31fd-587e-433e-a5fd-08d6e41599f7,dcbc4fe2,2024-09-04,8812.5,transfer,legit
dfe26fd8-c63f-4ddb-84fd-6158c3ec303f,83c8847b,2024-04-02,6149.1,payment,legit
7d8d15a2-6047-4df5-b84d-7b6957de19ac,a6ad5ee4,2024-11-14,8223.64,payment,legit
8a720e9d-4063-4b38-9169-274b800e2a50,ba190aff,2024-03-02,5462.79,payment,legit
d689c5ad-75d0-4f2c-8324-caff04b9d004,e750acfc,2024-01-20,2184.38,payment,legit
63445b97-6a3a-4b03-8e0a-47da3f451b26,c3748eab,2024-09-18,5424.1,payment,legit
0218641b-31d3-4a00-b0f2-741bd34bc207,762f71d2,2024-06-22,3711.12,payment,legit
a0d25817-7d98-4ea8-a187-dd3ac37f1ee7,1bf87f50,2024-11-05,6974.99,payment,legit
e69c8024-9436-45d5-ad85-c1daeef8bfd9,c7f40792,2024-05-19,4757.94,payment,legit
2b2a48d7-c880-4730-a1f1-c7f38e7a87e9,4e62792f,2024-03-02,8361.13,payment,legit
edfc300c-6042-4531-850c-7f0a34405972,c7cf7bbb,2024-11-01,6780.73,withdrawal,legit
812f3a72-8616-40c9-8c8e-ba738be7c873,f43f540b,2024-07-19,6845.44,payment,legit
28ff934e-97ba-4079-b3cf-7bea5a345d3a,8229e799,2024-03-10,2171.55,payment,legit
d1c1f64b-027a-4464-a3ee-6d08f6f90db2,0567e468,2024-09-19,9842.5,payment,legit
28415ad4-92b9-43d3-9870-afb489c2ab9a,ced7f252,2024-07-05,8416.75,payment,legit
1d5599f8-349a-46cb-ba92-5010dfed0b91,bea4e922,2024-08-08,7890.05,withdrawal,legit
2bdb932a-5602-4c13-8682-03c3ad8b31c7,ea7c05d8,2024-06-17,3302.15,payment,legit
1f0e219b-9fe8-48d1-81f3-16b529e77f28,88b0acaa,2024-10-29,5356.32,withdrawal,legit
9aee1482-7a12-41ba-83db-cac112f88147,a686c77f,2024-10-29,1371.03,payment,legit
901e358e-5e7a-4bd3-92d6-ff41ca9e594b,11534ed2,2024-09-15,5384.76,payment,legit
e63c2671-5374-4ae8-9b84-45db8c43e7a0,1d155026,2024-02-08,1458.89,payment,legit
1f772f68-d626-46e8-885c-8522100753d6,9787df26,2024-11-02,5530.38,payment,legit
c924f470-92ca-4353-b262-2f922be2a0d8,0b8f17ce,2024-09-01,6487.22,payment,legit
bbde751e-43ac-4182-a254-9a40e1c8a4d6,ea2bb15f,2024-09-11,3901.96,withdrawal,legit
f2d2a9f2-15c5-43c5-bedd-6fa076352499,8c685ec9,2024-05-12,4985.45,payment,legit
973e5062-22d8-42e6-a9f1-78f597826446,fa38eafd,2024-11-16,8756.53,payment,legit
28fecba3-3c1e-4a1d-a92d-4043d35f47e8,e28c2860,2024-09-21,1085.63,payment,legit
8065bf58-476a-44b5-bfe2-b693dab2457f,710b03c8,2024-02-11,7917.33,payment,legit
0e5c3b0a-12fa-49de-92fd-b024be4ba9de,6c9b32cb,2024-05-28,1707.55,payment,legit
9f84b7f7-1f52-4bbb-b4dc-9def3818f060,6d4b3a01,2024-11-19,367.08,payment,legit
9e390d01-9b1d-4142-a73d-0fe910daa0cb,5fd106a0,2024-01-18,1855.75,payment,legit
b696b53d-4b9f-4c9e-9992-395720b16072,d9b3ef6b,2024-12-16,7650.43,payment,legit
79b8c364-5569-4fe6-b1a7-acc013671ef9,0ee15246,2024-09-04,4051.26,transfer,legit
54d11ef9-9330-4d14-a697-d736a5b68688,297b9f79,2024-08-18,8725.21,transfer,legit
620faf2f-34c1-4743-b655-54c1ace6713c,e356caa5,2024-04-08,5247.08,payment,legit
6b932650-f0b8-4f00-a8e1-ef4b49a11c59,61656d7f,2024-03-31,222.5,withdrawal,legit
2b3fa8ec-e5d7-4dc5-969e-9be97265fe23,74403a90,2024-12-09,7167.14,transfer,legit
95fa30ed-c409-4484-bf76-08903fecaf5a,49baf65d,2024-04-18,1102.33,payment,legit
3a9ca695-d2e0-4e18-9f21-f647e81d19c7,774c2a41,2024-10-10,7893.8,payment,legit
ad1e58c6-78bb-48d5-93eb-db3ea6b74e46,03af0dfd,2024-05-23,1681.03,payment,legit
067648a0-bde5-43f3-9119-ca204130ed02,f6bfa568,2024-02-20,3454.46,payment,legit
9007fc62-5931-4d84-b017-5869d205550b,29de58d7,2024-01-04,7612.71,withdrawal,legit
d031bd98-d13e-4983-b8f0-f52164c39709,5d67a6f1,2024-07-17,9542.31,transfer,legit
4fc79a1f-9ccb-493b-98ad-50c197dca1f8,6eab4b7c,2024-12-22,3714.34,withdrawal,legit
9f3a69ca-cace-4a66-a70e-fc0bcf79c5a1,2872c79c,2024-05-14,8294.0,payment,legit
329243e4-ccc4-4a89-b9e4-1ec2c1f28e0c,a2b8fe3d,2024-05-10,1907.92,payment,legit
7579f5d5-c246-406e-b9f1-6465f7021a57,6a8acad0,2024-05-05,8071.8,payment,legit
44789e90-acfe-404e-8833-aadd1c28fa7c,1a4c5e1e,2024-07-08,6574.94,payment,legit
c42186b0-c6a0-4a6b-a0cb-e75735da9f57,cc27c347,2024-06-09,1927.44,payment,legit
10c49d6e-19f4-44f6-92a6-7647972f0d2c,1e7c7d9d,2024-11-17,3025.04,payment,legit
2dd9a075-fb82-4550-9935-7128bb819654,113aefbb,2024-07-03,1317.71,payment,legit
9ba345cd-4003-43e0-9820-5346d8e26f9e,ae943e93,2024-07-04,3829.67,payment,legit
da629311-1c48-44fd-9e17-db4481a9f3e4,b834b300,2024-02-20,2036.49,transfer,legit
af8619b9-64ed-4fd5-8fcd-24670773bec4,b380b306,2024-12-24,6439.98,payment,legit
5aab91b9-7664-4cbc-8a2d-0a826a2f430c,1eac6d95,2024-04-01,9945.05,transfer,legit
c95921ba-38e6-41d2-aace-bd6cf0df557c,16e1f1c8,2024-01-27,120.09,withdrawal,legit
b7b26142-4a71-4535-9690-b500e18fd83b,87afff6d,2024-08-30,5409.2,withdrawal,legit
ccce3f1d-e961-49dc-83a9-8537db462e93,980c6d97,2024-08-05,5736.67,transfer,legit
93a2eb93-7a6e-4b97-8a7d-fe4495538c37,c9a8ca7c,2024-05-31,9142.09,payment,legit
42f2c1f6-8fd3-4f1c-bba3-ecfd9f224ba0,27783561,2024-06-03,5060.05,payment,legit
520c001f-0eb2-4a1a-97a6-3047a0a851da,96d82787,2024-10-13,5437.01,transfer,legit
0ab5f795-5430-4794-b99e-899ce8d42bd7,721e8a27,2024-03-12,4716.53,transfer,legit
32df8f4a-f26b-4341-877f-fb50498bdb35,eefa527b,2024-10-26,2689.04,payment,legit
c6cf6b18-55ad-47fc-901a-c3ed3ccf95cb,e64de72d,2024-08-24,560.29,transfer,legit
fa51910f-1773-4842-8a3b-bf8eefbd4392,ee441aff,2024-06-01,4086.58,payment,legit
6388d244-a431-463d-8293-c82760bf9604,fc3e5bc8,2024-06-16,525.91,payment,legit
5b76d2a4-e210-46a2-b751-5a3ebb485a33,6d9e5958,2024-04-03,5504.92,payment,legit
cb6c801a-3563-4298-8dc9-0e988e3120eb,ae0c97f6,2024-10-01,3072.94,payment,legit
447d6bc8-c2e1-4f96-b0e9-346ba5b98196,0b569034,2024-07-06,5336.02,payment,legit
30f7ba91-1621-4863-85bf-4c11b63668c8,c5bcc19b,2024-04-27,1342.97,payment,legit
ecd1895c-d14b-4c11-8c07-d13ebe70638f,32a6e449,2024-08-05,9326.3,payment,legit
a4345b7a-4c89-479e-9c35-d3ff5799ead7,d8ff26a3,2024-12-29,8945.21,transfer,legit
397900cb-8c70-491c-83b1-fc2c9c32957f,647bcd76,2024-06-07,1899.97,payment,legit
bc386c28-cbf3-4f6a-ba2b-26c6e2b73835,ea688723,2024-12-02,3434.44,payment,legit
6631bfc8-7e53-4da0-b55f-c8c113a902bc,b73c04b7,2024-05-05,6134.93,payment,legit
fc2773d2-c93e-4fd9-ac3a-f7bcd3489076,78493675,2024-01-20,956.86,payment,legit
6a85e7bf-889c-4907-ba05-b41ee9e8fe9c,82dba1db,2024-03-15,3545.68,payment,legit
a50a0293-3558-4868-8a7d-ba0ad409456d,5e29bd18,2024-06-01,2511.12,payment,legit
9bb7c2f4-2a79-418e-902e-1010411a43bb,87ea9be9,2024-03-21,9155.17,withdrawal,legit
25bf5e96-e171-4476-a83c-374e545339e3,97df94c2,2024-01-01,8525.11,payment,legit
abd3a630-295a-4d5b-9406-21a28bebc14e,e28b0b83,2024-11-29,5798.33,payment,legit
4538903d-6521-418d-a47b-6df0060b123e,32e5a15d,2024-11-04,5203.46,withdrawal,legit
02bba11f-61a0-41ec-8ec2-e5503c19b216,a5cd4970,2024-09-27,9307.26,withdrawal,legit
c5863ee5-7ed8-41d5-a6d7-27c11c4d1363,ee3a4fee,2024-03-02,9324.28,payment,legit
47ee0ba7-f148-46c1-8283-76a0a9f9106a,82207254,2024-02-13,9693.3,payment,legit
ee01cb37-ece7-41a7-b8a3-5ca79fecbd68,b13682c5,2024-01-25,1253.79,payment,legit
2dc8a302-a50f-418e-9976-1d6edf3c4115,e5a6c4f1,2024-09-21,1605.58,payment,legit
289715f0-af7e-4316-8ede-4af5c74a6060,51d8809d,2024-12-05,6767.37,payment,legit
0e048613-02bf-4248-8f9b-3fc737b69592,9e6b3114,2024-06-06,5414.34,transfer,legit
87194f77-77e1-45a0-a863-57ae78dbc2d0,7a86a331,2024-02-13,184.66,payment,legit
8ecc404d-6eb0-4add-8649-ec86b6844376,3f8bd65f,2024-07-06,619.75,payment,legit
08bb23e7-810e-46b7-8daf-907be13c2db5,1fdd9f9e,2024-05-07,8880.8,payment,legit
9590efb2-2df1-48db-8908-f6865b927e32,41c81591,2024-05-16,8688.71,withdrawal,legit
8874a91b-4e69-4d74-b1cb-3b75fb18510d,d40aa7b5,2024-08-14,3572.71,payment,legit
c660b835-b92d-45da-9008-7cb6380e30a8,230da8f4,2024-09-19,8910.51,payment,legit
dfa7ace4-eaef-47fd-94eb-adbf59d93a78,1ed72305,2024-02-10,5936.75,payment,legit
babf7020-fca7-4894-b257-291845e1229c,e3138155,2024-01-13,8059.06,payment,legit
00c9ac0e-efa2-4f9a-bf2d-acf3919c3ab5,bb066881,2024-12-28,4274.31,transfer,legit
d63dc21b-bca1-4e19-9f88-7f8ecbf26e9b,9836250c,2024-03-25,1133.98,payment,legit
2f3e981b-309a-4e82-9b24-67c29c64b923,479b52bd,2024-01-20,4337.27,payment,legit
c83f153d-44b1-418a-873d-c56b046f165e,cdf4eb5e,2024-03-10,4573.0,payment,legit
aeb9d49e-e7f1-46b8-ba63-9bc25d8165b6,8bf42e11,2024-01-15,5509.44,transfer,legit
075931f4-9c75-48de-9139-988fc0d093e7,54204800,2024-05-23,1055.83,payment,legit
dd9ad764-8a31-4168-8051-c74d971543a7,45e32c0b,2024-10-19,9914.02,withdrawal,legit
4ae459d1-9461-4128-baca-bf327e4de4d9,ded7b84d,2024-05-04,2441.37,payment,legit
e3ac1873-06ba-44d0-8f5c-4e5849f9ab6c,ccbc0dd6,2024-06-11,1985.52,payment,legit
be41c598-7a3a-4120-a8ac-e32e999b079f,532fe9d3,2024-09-03,5268.03,payment,legit
a8c7db46-6d41-4a88-a9f8-7df174746e26,de9a7a04,2024-07-04,5372.08,payment,legit
77a3ebdc-5479-4842-80b4-17225be652c9,d3475ab2,2024-11-10,4398.21,transfer,legit
5436b3d6-8181-4b5e-a817-6903fa31ec95,5613e4fa,2024-11-12,7718.92,transfer,legit
1c0334cb-6873-4b12-8073-c9e9f190fa5d,437c7fcc,2024-01-04,5166.54,payment,legit
88bc0a27-7b8d-44fa-8336-e276a6cd75e5,e3636d16,2024-10-10,6096.95,payment,legit
ac3336b6-43fe-49e8-b878-c9a8236317c3,86358ef7,2024-06-17,7237.46,payment,legit
07878c26-1936-4edc-a21b-0d370ed8920c,161fa715,2024-12-26,250.25,withdrawal,legit
d7891270-e4f4-4672-bf44-63d2860bbc36,0f948f93,2024-06-25,5706.44,payment,legit
cd5e7cdc-3ca4-4415-99d9-669174401224,b4025873,2024-12-26,8841.94,payment,legit
9c307a80-3a4c-4ddc-abc6-84bc3350a576,5fad23fd,2024-10-02,173.89,payment,legit
e04b8d54-4e4d-4bd5-947a-292aaa3dd77a,f0a72735,2024-03-31,4051.82,payment,legit
2cc2f8f3-6166-4dd1-bd33-c0bee3b98a3c,6b07fc83,2024-07-15,9262.27,transfer,legit
0d3814e8-510c-4a1c-84c5-652754c60701,29869065,2024-12-28,3531.54,withdrawal,legit
32d26e78-fd03-40eb-b638-b4a62e415ebc,57774b4d,2024-11-08,4587.29,payment,legit
825c8e74-c1ec-4584-b4a8-cee070d96a50,021c69d4,2024-02-05,9815.41,payment,legit
f8fda796-3d45-4e39-93dd-8833a18740d1,5bc8ff32,2024-09-14,1993.24,payment,legit
54500551-26c8-4952-bd6e-1ae6d8c40424,dee495ca,2024-05-06,652.55,withdrawal,legit
f44b3a90-ebe8-48b3-9acb-ff95ccdfe1c1,1af5839b,2024-01-03,8594.23,payment,legit
75141f52-656c-4eec-afb6-0a3dd1ef2ab0,e1b10601,2024-05-27,8684.65,payment,legit
75298e48-b768-40fc-b414-88d13f8cb746,9dfbe76e,2024-03-26,4720.78,payment,legit
a36b9af6-c952-403a-9229-4e301ac6cd87,2c272eb4,2024-10-25,5142.07,payment,legit
79d2a8d8-d02f-4c47-879a-c2eb0b67c192,f3b9f268,2024-05-03,8358.06,payment,legit
349084d9-636e-4703-943b-3f445f7271d8,4acbb233,2024-10-29,7385.59,payment,fraud
2cd295b4-4888-4811-9a13-97d281cab089,bf17f3a8,2024-01-01,2651.49,transfer,legit
1d952723-062d-4f6e-8a83-1e736c61d2bc,623388d8,2024-04-22,168.93,payment,legit
3c18edaa-bf6b-4d4f-8017-a4b816a24e2f,216871f5,2024-03-29,4797.0,payment,legit
37638d44-67af-498a-8efd-75b9281d7ff3,780c0181,2024-03-26,8589.12,payment,legit
fb836645-0335-4d20-9f3d-91c534c61ff4,50563b37,2024-01-25,8958.35,payment,legit
b0f9b238-8719-4fc4-9f09-8ad9c85a4a11,84d41d19,2024-03-09,9562.26,payment,legit
884bf902-b18e-43b8-8ffb-a7f7c93714bc,51af59bc,2024-07-21,8795.63,payment,legit
4dfc2ec4-c343-40b0-bd18-dc75c4e62fbd,5036d986,2024-04-16,5800.44,payment,legit
581ff4ad-d9cf-454d-9d1a-9a8c92ee003c,46f19712,2024-06-01,4446.06,payment,legit
6ce3f4e1-f037-4781-b46a-bb76a47ff342,0eebe86b,2024-05-17,7748.5,payment,legit
f5bd2bf5-57f7-4a0f-add8-d77ae75aba7e,76a17dc8,2024-11-15,7398.22,payment,legit
639e2a61-47ee-4807-b675-b7284769451b,93fe6e40,2024-11-26,5381.43,transfer,legit
c0241724-a8bd-4ff2-8502-6f9dde282572,f65dfb69,2024-06-28,873.27,payment,legit
04567419-61a6-4189-b3c3-f6f2a82ed6c2,4591bf4b,2024-04-30,9260.81,payment,legit
e79c6dda-531e-4f86-8b36-a358efb0e1cf,acff16b3,2024-02-08,4556.03,payment,legit
779bfcf4-437b-4865-84f5-1c36aadc8b93,c04b7145,2024-12-13,3633.34,payment,legit
a8a36fd7-7547-485a-8eeb-d80f94854a69,7b6a6554,2024-01-22,6295.67,transfer,legit
cea83f66-9c4d-40d6-b61f-6dd355afe82d,af482c53,2024-04-18,6738.38,payment,legit
5baf3a22-1a4c-46e6-b6f6-6c47cbec6e4b,758e1b8e,2024-04-18,2106.88,transfer,legit
b16d5a1e-998a-4895-b9d4-43a0833a4d9f,0047b309,2024-04-26,8369.39,payment,legit
e27a5f7e-49ba-4211-b9dd-56cf80296dce,5b5d8cd0,2024-02-29,2899.37,withdrawal,legit
254dbadc-c1b5-4d88-830c-7a1b64912bcf,03ce56a6,2024-10-12,1866.84,withdrawal,legit
8b1e54d4-e747-4e54-84f5-dfbddfb0eda7,949e3ee8,2024-02-14,4064.0,payment,legit
ac687d26-2451-4775-9b88-15d7363fbef3,2475e4bd,2024-08-19,7305.6,withdrawal,legit
34504b08-032a-4ce2-bfa9-a0a05528121e,e8530a88,2024-02-15,9654.58,payment,legit
4b7c49e0-1564-4176-a765-d124212a8530,19a2987b,2024-01-26,8092.81,withdrawal,legit
09a05c67-b656-4f84-9fa7-926e4aa38906,5e26ad75,2024-11-27,9403.48,transfer,legit
a3f2499b-68d0-4a43-9192-dfd2a6981bd2,195c3e0d,2024-03-10,1406.06,withdrawal,legit
fc3dca57-a606-4aa1-acfd-79c9355ee28c,29b3bcd2,2024-10-26,711.77,payment,fraud
e7a2def1-7d6a-42b6-b929-cd46224b8dfd,aa15514a,2024-07-17,5577.05,transfer,fraud
1896f95f-019f-4718-9038-159f93b94103,3db120c7,2024-01-29,2902.97,payment,legit
267e33c1-5c9f-46d4-97b6-30bb3365d534,20cc1c2b,2024-12-14,8280.55,payment,legit
5fef1895-06fa-4726-825e-dfc42ae96b9f,97856b02,2024-03-31,6719.88,payment,legit
7c808f0f-59cc-4117-8ccc-fe732b29c4ae,c2737ac0,2024-11-09,9707.28,withdrawal,legit
ed693ba9-ff0f-469e-b426-b25b7b369dd8,bc07244b,2024-03-02,2547.92,payment,legit
460c9d8b-7c0e-4ee7-9698-9b4f5f48cd12,f1e38dda,2024-11-07,4857.84,payment,legit
156a2bba-1f9a-421a-b37d-d83f5ff1e35a,bf360435,2024-01-05,5012.4,payment,legit
7212d671-15eb-4566-b109-629260ac6375,8674d7df,2024-07-05,2391.77,payment,fraud
bfed317a-80fa-4207-9678-bc74fb032891,3a08d4e1,2024-10-07,5900.93,withdrawal,legit
1848d786-8df1-4fcc-a7f7-d14bcc91d176,33c7670c,2024-12-07,4432.86,withdrawal,legit
4c6c52a2-006e-4ae6-8a73-227a03f68cf5,c267ff7f,2024-11-27,4467.22,payment,legit
ceb5313d-7288-4d8d-8427-27ccb23d53f6,65678f4c,2024-10-26,3627.37,payment,legit
460ad31b-4a59-4f03-92bc-b54c0119b23d,cc0625f4,2024-11-20,169.29,payment,legit
1ec20d9c-d3a9-4211-9d1b-c6d9a244d2a5,20e6c4a7,2024-03-13,5220.95,payment,legit
a536b2f1-29da-497c-9a79-9c2331c9a571,3cea9489,2024-04-13,3352.48,payment,legit
0b79fe9e-1e33-4333-85ac-e00a74d5c6a8,fc9035ca,2024-04-15,13.2,payment,legit
abce90d8-96a8-49eb-9553-56dd7766588a,d536f74b,2024-05-17,3079.44,payment,legit
383945b4-d4ba-41bf-9fdc-5222bb598199,afbc73a2,2024-05-23,2786.28,payment,legit
23138a3e-1c11-42c4-86c0-6e146a18a914,7e214fdf,2024-07-17,3934.48,payment,legit
dfecb28f-f1f7-43c1-a4b0-fd0421ae6719,e0e3641a,2024-02-28,1318.52,payment,fraud
60f6af7e-11e8-4ae8-a329-50f8f12b136e,09d8a895,2024-09-09,5076.84,payment,legit
dc2c032f-1d93-4af2-9b0e-fa285fdc1929,a0e4ebad,2024-03-02,6924.4,payment,legit
373fd321-7507-4154-921d-5465f4b9d066,25b55f60,2024-04-23,6301.86,withdrawal,legit
2d89cdc1-fe9e-448d-944c-7f4da4bc0d2c,1dcf9ba0,2024-07-02,8037.55,payment,legit
1b4eddcd-9518-40cf-bec1-a8b722cd5aef,19b26a74,2024-10-17,4520.08,payment,legit
acdc2bcb-78cf-4a5d-b9db-c76fc6dc1f96,5cbe9029,2024-09-26,5190.92,payment,legit
998e8072-f14c-4e4e-896e-4247a0ede70f,62cfbef5,2024-08-23,8104.02,withdrawal,legit
98c40604-246b-4313-a1dc-6ebaf5acacc4,5694b84f,2024-02-26,4277.01,transfer,legit
74f51cf7-15e1-4d55-8aa6-da0f77fa70fc,8a4d0dfa,2024-07-18,7015.99,transfer,legit
49f68be6-b583-4e79-bd0a-cedcf9e519ad,d7318881,2024-02-01,4346.02,payment,legit
f233c999-4921-49c3-9e65-da943a8fa77e,7866dcf2,2024-05-17,4177.36,payment,legit
c3196457-b43c-4735-aafb-44b3cb1e3846,6f164d24,2024-05-30,7602.06,transfer,legit
612c06e5-91af-4d0c-acac-894139c9dc3e,76ebfad0,2024-01-15,1748.37,payment,legit
fafa0a4f-168e-461b-8ac5-45d9768d8dc3,7a8b75d8,2024-04-10,3385.86,withdrawal,legit
e8dd8b5e-78ef-487e-adf6-7451dafb2c84,38f20236,2024-12-14,2241.72,payment,legit
e84b2cbe-f927-487a-ac10-7006453271d3,1865e505,2024-12-14,3591.1,payment,legit
7faade27-48a2-4d91-9246-e94d0fe2ef69,4715dd32,2024-05-08,2303.75,withdrawal,legit
32165426-5d24-48c8-b361-a4fc06f018eb,e54c734c,2024-01-16,5794.06,payment,legit
83718709-2f7b-4d66-b089-b42d74586bee,742eb706,2024-03-06,7981.71,payment,legit
ede623bb-b22f-48b3-83fb-92f79c7ea9b1,e1095a66,2024-05-23,7866.13,payment,legit
55342996-60a1-4c23-8c1a-916c4580907d,fd619c85,2024-12-11,3645.01,withdrawal,legit
23d47a99-56e6-4128-9727-035bd3e05077,b2c6c8d7,2024-02-21,9887.6,payment,legit
da46479e-24d4-4c68-aac8-b1cfd07c20e7,0f23b3a2,2024-10-05,5938.54,payment,legit
72c66d88-9642-425e-b004-1789803ca096,53491a14,2024-02-09,3994.0,payment,legit
1cf3a178-6307-4be7-9311-1291b75a88d2,36f2e280,2024-12-24,8355.39,withdrawal,legit
e45d7247-dad1-4dfc-855f-9088db9e3ac5,f667894c,2024-05-19,7298.74,withdrawal,legit
842a840b-58fb-45d8-92bc-ecc77868dc6a,b6e0a872,2024-10-09,7492.75,payment,legit
c070651d-20d0-40c0-9077-cb29cdb67b1b,0b40235b,2024-05-05,1961.39,payment,legit
8c2376c5-2f7f-480f-832a-5287c88aeae2,a2387ea7,2024-08-17,4683.24,payment,legit
1893caed-615f-41b9-95ba-a65f3350eb05,535da73a,2024-03-11,8618.28,payment,legit
b22bbd19-9f96-4246-9b92-acac3015893b,7623ea3e,2024-02-23,5040.38,transfer,legit
32ced057-1008-488a-9e5f-9038b6efd32f,90fa8985,2024-12-08,6834.53,payment,legit
4bab5d55-feb8-4f21-9b84-12af844de0fe,d97542af,2024-11-30,5879.34,payment,legit
fca3b9d3-f50e-4e5e-97a1-d0f44032b583,becec820,2024-11-19,8423.57,payment,legit
fba9decf-40b4-4e5a-a256-8afabe5b9243,160bf2f2,2024-08-16,2845.61,payment,legit
36f68e25-d9be-47b3-a1e0-aeedfd3cb8f4,dd168e6a,2024-10-22,5754.75,payment,legit
65c8e315-7784-4b5e-9ce7-136db1fda1d8,9f50e955,2024-01-26,1232.35,payment,legit
5a48e510-7dae-4f93-9140-f37e01b6a168,292c7a18,2024-05-02,6902.11,transfer,legit
dcebba7e-1e35-4db5-88e2-5b527b03a3e1,f08dbdbd,2024-04-24,7319.68,payment,legit
a605c103-8808-4fb2-91cb-d287703406b4,808e2130,2024-08-20,428.37,payment,legit
e2f059ec-2927-4b0b-8e8c-494f71194650,f037eaef,2024-05-09,6757.91,payment,legit
9516dc98-a826-43b1-b30d-0edde506d07e,ad6adf55,2024-02-24,4146.9,withdrawal,legit
cf3dd8f1-85f9-4e26-a168-a408dc78a81f,5beba338,2024-08-05,1240.97,payment,legit
24395830-1e7f-4741-b703-46c2e2803638,5ec1bc3a,2024-10-24,4199.08,withdrawal,legit
6b876a3e-c583-4884-9dab-c9c98325fae2,224b47d6,2024-05-19,1942.33,transfer,legit
3b2e957f-ec3b-48e1-995f-12cd0f4c0a6b,ddcf1337,2024-02-18,4155.6,transfer,legit
db2ee906-6be0-4635-a633-bf1eabc4d6b5,17ca6e74,2024-03-12,3843.39,payment,legit
83198732-7361-45c0-9512-6330c88fb91d,f19c098b,2024-03-27,7383.92,payment,legit
91f23c35-05b5-473a-86eb-62a062795973,c58f94e9,2024-04-19,7742.16,payment,legit
5eeb4a68-57db-438d-b38d-ef9ac1de76ae,3d4e17ea,2024-08-22,6070.29,payment,legit
362883b4-a0e1-4d4b-9ac4-906478bc882b,b3b9ce95,2024-08-07,226.87,withdrawal,legit
5debe671-04fa-434c-b234-65976d93234f,365b727a,2024-09-11,9310.22,payment,legit
684858b9-5311-4a4c-8f7e-e4f1ab32bec8,81ec035c,2024-05-12,6862.33,payment,legit
286f3a8c-d099-491e-b2c1-36cf398ffbe9,5d41075b,2024-10-27,341.95,payment,legit
597dc383-86d8-40b7-8a1b-25c4c1fa4fa1,9da9aa65,2024-03-15,8188.33,transfer,legit
1e990e74-788e-4de8-b1eb-c9f89f1a6840,35e25af9,2024-06-20,2002.66,payment,fraud
ccf7cd5c-2b32-4d94-b054-9c39213cd782,683173ff,2024-10-19,5792.21,payment,legit
aa4b6d06-80fc-474f-b9de-8212992a7c3f,4abf7c1e,2024-03-06,4666.34,payment,legit
9ed80ce6-ac37-4aa2-a0ca-6a08a873046b,4338c895,2024-02-10,4198.39,transfer,legit
c360e6a3-c50d-4367-ba37-6cd8622dfc51,bdb99390,2024-11-18,8897.14,payment,legit
6aca7ee4-242d-431b-a9ca-ae32414a4926,37777c6b,2024-05-05,4373.61,payment,legit
85459200-ee37-4a1f-8fa7-343a79652494,a33cf7aa,2024-09-06,753.44,payment,legit
92773813-6f24-4d88-9c04-f350d27e9ad4,d3ebd856,2024-01-10,9466.39,withdrawal,legit
3cf92de2-b318-4de4-94a4-cfe1df16b84a,69bb2eb7,2024-09-08,9205.35,payment,legit
02438a55-3478-4d37-8546-ed0e0d26842c,c535990a,2024-04-25,6844.33,transfer,legit
fa323fec-5e56-4f5b-9059-388526d9c5b9,7b85c65c,2024-01-21,4678.93,payment,legit
45c9e7b4-0ea9-4515-a6ec-093358a0787b,b54437ae,2024-08-10,928.59,payment,legit
8305df14-6850-46a8-a725-a5b677bf820f,ccfdb665,2024-03-28,7907.48,payment,legit
5872056b-06f3-4a04-9512-2cdb3e22e9ce,6d07035e,2024-05-21,754.78,payment,legit
8eaac046-1ea3-4162-a36b-353dc7338d82,5711bc7c,2024-01-30,686.01,payment,legit
c414d542-12a1-4323-9b4c-255e8679919e,0b497f4e,2024-02-23,5373.84,payment,legit
8353dd16-7dbd-41c1-abdf-a6c6c28fa74b,f99fc8a5,2024-04-18,1601.28,payment,legit
95e483f7-0ba1-4cbc-865b-2f2f615bfec7,d6a87afa,2024-02-02,77.3,payment,legit
69d6440a-4fc8-49e8-828c-424f6a420ca8,be347088,2024-11-28,4231.13,payment,legit
5c776df0-f579-406c-b1c6-1987c67bf27e,007dd3cf,2024-01-03,1372.17,transfer,legit
88df7dba-dfbf-4ae4-8a35-852738bce82e,4b82933f,2024-06-25,1605.15,transfer,legit
0d0dcd12-8836-48f9-85e2-191c6c39505c,1383f233,2024-02-14,769.11,payment,legit
17f6ea7e-97b5-4e16-a522-ae1336395453,e5887602,2024-04-22,2050.94,payment,legit
83931df0-0792-4308-a742-4df894bc24f7,23e7648e,2024-12-04,7154.84,withdrawal,fraud
144119d2-b52b-4c3c-b4c2-ac61ce2bef05,88021240,2024-02-29,8089.27,transfer,legit
c6e47f2f-f058-417f-930c-8b399fe7e030,dbb1d75b,2024-12-18,4525.34,withdrawal,legit
172668c0-9dd3-493b-988d-51e0f0b01022,5d8db938,2024-03-16,5065.54,payment,legit
d31a1290-22fc-4950-84a1-57694d3c361d,5d76326d,2024-09-27,326.55,payment,legit
ebebf4aa-868f-4565-a0b2-c07f75e77916,fe93c7ee,2024-07-18,693.16,payment,legit
75354954-11cd-41d1-8659-8978bfe924d7,6aa48acf,2024-11-18,2575.68,payment,legit
749b3936-5eca-42b4-99b1-09b193d4576f,7e9c7ac9,2024-07-21,5438.98,payment,legit
4e9a70b6-8d6b-4da6-96de-d07f0a9a4f93,118a918a,2024-07-14,7395.51,payment,legit
2e8ce4d9-22c5-448e-89e9-78f2ced6aaf6,9effbd24,2024-03-12,6050.03,payment,legit
382e520f-31f8-484e-85b8-bb6ab79a1ee2,96112e6f,2024-03-01,3921.28,payment,legit
61a48592-79a6-46f7-8b82-973591dfaf72,30039121,2024-11-30,1183.24,payment,legit
df2b960e-a57c-476a-b674-61216ab3a6eb,a709a783,2024-04-29,7807.73,payment,legit
ba1516e5-181f-4c2d-9d6c-68e51861d452,453907ac,2024-05-15,3637.86,withdrawal,legit
8d447386-af07-43ae-9481-86c3916e1961,677505a4,2024-10-04,7360.54,transfer,legit
7687bf4a-7f3d-4154-b90e-b8cae6367c76,016e9f9a,2024-05-03,5129.79,payment,fraud
4b950599-7139-4111-9864-99a700077926,70f743c6,2024-12-13,7386.62,withdrawal,legit
382f234f-6a57-405f-bf60-e687c09b7f58,f576ecf2,2024-09-26,9072.9,payment,legit
7ef9b604-085e-41f6-875a-3c056a70cbfd,78e132d9,2024-08-06,9210.3,payment,legit
125ebb82-0d38-4440-942a-2151b989a0c3,0eed8bfb,2024-11-17,5351.07,withdrawal,legit
16305cb4-3e5d-4072-9ef2-3d00377a59d9,31b9a1b6,2024-01-19,5115.08,payment,legit
6fd1065c-7fe9-4f57-a77a-4784030c7753,b5248626,2024-04-03,2656.78,payment,legit
3062ee57-2020-4e9f-a52b-f523868b6c6d,0f5a04a9,2024-06-18,9358.0,payment,legit
bf587952-c0b5-40c1-8978-00393ed581df,aead1018,2024-03-23,4579.19,payment,legit
f1b519ff-79c1-45b7-8631-16672334ac30,807b1281,2024-09-28,1275.91,payment,legit
7c95f5c2-6792-4426-a8e5-85ebd75ecefd,fe0c538c,2024-12-01,4327.05,payment,legit
426ff2da-1649-4805-8aec-7cd45b8c2ac4,dd89a39e,2024-06-03,1270.53,payment,legit
3fb60982-e0e2-498d-80c9-8da8bcb66213,de5c598a,2024-05-04,5025.32,transfer,legit
5ef16978-cf89-4439-a1db-8d19d5f9c9fd,fee65bdb,2024-12-16,5612.76,payment,legit
8396c060-7936-4a21-95a1-c9d22f599c4b,6f449680,2024-06-11,3377.56,payment,legit
91289410-07c3-4d9e-9b7e-1123ca985a04,12c34290,2024-06-27,716.51,payment,legit
9e9c77a9-1cbc-4398-854a-4034454146ec,9712fce7,2024-05-08,9435.04,transfer,legit
77da900a-b216-4705-b9ba-fd0960eb817e,8c007f81,2024-11-27,7733.53,transfer,legit
7eb2b49a-2fb1-4b89-b552-548c6177b3c9,cb97464d,2024-07-26,8388.81,withdrawal,legit
61803ba7-6e9b-40d3-8bc8-dd8c65c3b6ed,67cf63a0,2024-10-05,3668.68,payment,legit
6b7a7d72-6f2f-4069-88e1-0a373117feb8,eae0eb47,2024-10-23,7608.31,payment,legit
c414f5f4-bad4-416f-858a-16591ffb4ab7,bd8ed996,2024-05-04,4853.73,payment,legit
41724b44-606c-4d48-a7ba-0e5b43f14405,43a0bd65,2024-06-07,2010.83,payment,legit
5297937d-2763-4108-bda1-58121159b8cc,1b575aee,2024-11-05,1244.23,payment,legit
4f3fde8b-7518-4010-91a9-df635e622f92,69f78267,2024-05-12,3450.51,withdrawal,legit
07b216db-f7e4-48de-abba-f7cfd63ec720,50b3f498,2024-10-16,1375.52,payment,legit
8aea0c2f-8f73-4dc9-9f2d-80e94b0a783b,ddedc5ce,2024-12-09,9982.69,withdrawal,legit
fec6cdbf-0a93-4854-8d74-f391275ba030,4a16cf19,2024-08-15,491.89,payment,legit
d608f5fb-2c7b-4369-a2f3-0db76fe6cdb5,2c80c5a5,2024-09-27,4411.44,withdrawal,legit
67ad4ef6-a97b-4b96-9774-d1e3e34d88a8,53a5674c,2024-10-20,4520.94,payment,legit
7ed57567-b848-46cf-a56a-c52ddc9514cf,bec0fe15,2024-11-04,3006.32,withdrawal,legit
e174a946-0d1a-4320-bc40-e12c68751ae4,bce6dd92,2024-05-24,5713.52,payment,legit
2fe468c1-f035-4f25-bbef-6c0c187791c6,da7a6adb,2024-01-19,1499.77,withdrawal,legit
052ea897-7b51-48cd-8cbb-cddbb6c05ed8,57ca9dec,2024-05-26,7839.12,payment,legit
7de8507e-66a4-495f-8f59-ed3304d5b306,82730dea,2024-09-02,3324.48,payment,legit
9d9af030-efc5-4b7d-822b-36748142de5c,1af1cf2b,2024-06-13,5913.43,payment,legit
b031a135-461a-4ce4-87ff-e005f932eb64,895f029b,2024-09-30,7156.39,payment,legit
d0f251a5-0123-446c-9f2c-4721a312b894,f50bac2d,2024-05-10,8890.42,payment,legit
d7ae3cdd-c115-4e88-a1a4-dcc229cb1fda,05d6a004,2024-08-19,8357.87,withdrawal,legit
8f5e62ee-6ef3-49d0-b40f-9c60de421504,2d791340,2024-03-09,6083.09,payment,legit
d99282b7-7221-430a-9f81-a613db61a1b6,63bf0fe7,2024-09-30,3883.93,transfer,legit
8afb7d6f-77ec-458b-af15-8b4373350af3,bfd0593e,2024-07-18,5032.05,payment,legit
0fbbd91a-3f69-435e-859e-0166aeea1ffe,286cf87a,2024-03-15,7687.35,payment,legit
23211e79-e2e2-4b81-bcfb-087d97ac46e7,a3c8230f,2024-04-16,8775.46,payment,legit
c3aa19eb-6ee8-47d9-8b26-cbb49a069596,d5e8254e,2024-09-30,1037.82,withdrawal,legit
147f85c1-0933-4763-9129-54ef86cabc50,4bdb354a,2024-06-25,3848.56,payment,fraud
1add1fcb-1c0b-42e6-98fc-2ab627de43cc,f5fbeb5d,2024-03-19,7761.17,payment,legit
bb6d5113-0425-4797-b064-d5450f262adb,aa85fa8e,2024-12-19,4316.52,payment,legit
242ed971-961b-4bee-b924-f2a075f3c27b,23bab9c1,2024-09-18,3322.28,payment,legit
44111b9d-d08c-41f3-9d06-9c20c77c1c6f,c588f7fe,2024-12-15,4113.23,payment,legit
7afca272-328e-40f9-99e1-dc838db292c5,825808aa,2024-06-04,6028.45,payment,legit
f0035254-ddc5-4f60-91ac-72d9ca391a4f,aca6dfeb,2024-06-22,9998.05,payment,legit
a7008263-38f7-4e23-ae24-b18a33d59131,bafbc323,2024-11-23,4929.92,payment,legit
6b333df5-1962-43c5-b2f9-9f2edf82467c,0170be71,2024-07-10,2084.94,transfer,legit
5f4ede76-f11b-4947-9c2e-3032740edb1f,25d72829,2024-09-15,1628.47,payment,legit
41c46e93-b188-43e5-ab9c-4ca7e6d7fac1,d7290c83,2024-04-02,423.5,withdrawal,legit
6bc2b0a8-cd60-4090-8f92-849271c3ea23,7cf672ad,2024-06-12,5588.17,payment,legit
2cec3f92-3ffb-4ea2-a43a-5a082e9e8776,365b5ae1,2024-02-15,5445.72,payment,legit
843c91c7-30f6-4009-81f0-71ee5316e074,3cb65545,2024-03-16,2052.34,payment,legit
3c5ebc0d-6cd5-4aca-b9e8-89171846f977,0ccff096,2024-01-01,6953.29,payment,legit
2a8fc5e4-c8bf-4dd4-a990-35a71d70f08e,9513e4e8,2024-01-15,7411.07,payment,fraud
7f4cafcd-d7a3-4567-91fc-1e3cd34d9985,c185b672,2024-12-22,2590.98,payment,legit
af115df0-c12c-45e0-865f-5e96ab034125,75bb45c4,2024-03-29,3441.0,payment,legit
8c142177-bb2d-4456-b5b9-b3148f9ab7a2,6c5a7324,2024-08-30,9904.72,payment,legit
5639d234-b818-4ffe-827b-f3c080a5c36c,f5a3fea6,2024-11-02,3742.64,payment,legit
2a5395d7-b696-4783-a881-7ecd545d28eb,28288a7f,2024-07-19,7608.02,payment,legit
051c8fbd-c3c7-4ba3-a2a9-0a7306a4b52b,532efd9c,2024-02-25,4527.25,transfer,legit
111d4bad-6432-4822-aaa0-7b0bdebfd750,0e7f12c1,2024-09-22,7933.45,transfer,legit
8ba49c1b-5ffe-4f23-8c6f-0efd88a8d8e1,34aa4a90,2024-08-07,7690.23,payment,legit
b6654efb-3dba-404a-9fa8-9f169a6a6d0b,e67df134,2024-09-23,6677.56,transfer,legit
7fabea92-f65f-4ed0-aafd-467a61ab95f8,73da7620,2024-10-07,8547.78,withdrawal,legit
9bcd9daf-15eb-49b1-bd0a-c4947c3632ed,e6a6feca,2024-12-22,9392.18,payment,legit
3569ea5c-9f11-4dbc-b1ec-ac9caf6b5e33,5bb2882c,2024-07-28,5799.83,payment,legit
7f9ddec0-fed6-4a46-90b3-7e11037c3900,0c5658ec,2024-05-04,2374.69,withdrawal,legit
48253752-d840-4562-b19e-2a0c77771571,e8a7246b,2024-08-24,3986.29,payment,legit
e5131323-3e19-44c9-8560-30a7720e77fb,61491760,2024-01-25,7583.06,payment,legit
8663be82-1fc3-4f32-b4ee-2eb9a2e620be,239789f4,2024-11-23,6508.83,payment,legit
ad4112a2-1d18-403a-947c-cd569ea8df41,03f0733e,2024-02-13,1777.98,transfer,legit
a3a12baa-1840-406a-ac64-64fc577567df,1ae1b06b,2024-04-29,512.4,withdrawal,legit
ffda6c56-8e3c-403a-967d-651362d81763,037297b7,2024-10-24,6829.62,payment,legit
c4d1263a-a010-45ec-b389-e191416449ec,7c9274bb,2024-08-06,2510.79,withdrawal,legit
a8908ea7-b19c-4497-b49e-c07c1e01507d,882b765c,2024-05-23,4996.7,payment,legit
3855234f-be99-4b18-8442-289951268b1c,6fe7a0e4,2024-06-21,7467.47,payment,legit
41cdee82-db27-4197-b4fd-17762093e15e,7921d21a,2024-11-07,5626.67,payment,legit
ede7e7f8-62b4-4a31-b9c7-f0b3998f534a,cacccf1c,2024-05-04,833.03,withdrawal,legit
d688fb5b-285f-4c95-9433-8fc8316df873,1b34f243,2024-11-13,1855.8,payment,legit
1c3f367c-d643-43b7-9d39-21dc20c6973d,03c1a6b6,2024-02-02,2193.28,payment,legit
0a66cb34-80d5-4768-8054-5bc955796ade,dc92a578,2024-10-10,2578.64,payment,legit
de9a94c9-4928-41ab-81e8-9cb34ef51d60,ebff61bb,2024-11-05,5654.03,payment,legit
3723ad68-6014-4c2f-b37f-9ce0d6f2d14d,38251095,2024-03-07,5039.66,payment,legit
a1d4eaa5-a3b9-4be9-9dac-2c1344dd68f7,f7c772ba,2024-06-06,2031.6,payment,legit
fa130be7-1712-48b3-845c-3f397a876505,dfd975ca,2024-03-01,675.55,withdrawal,legit
77d587a7-9b42-4a0b-98e7-29a99ce8ebb4,fb3f31c5,2024-09-14,1714.32,payment,legit
6a90b7c7-0d71-476d-8b8a-a0364d06b195,5e341b87,2024-07-14,9843.81,payment,legit
3a6be134-536e-4be8-9cc3-7e7317c20f93,a6d49921,2024-08-19,4685.47,payment,legit
15fae215-f243-480b-adc2-4e0f71434e59,d9f0b845,2024-03-12,8673.46,payment,legit
3fb6bbef-75b2-4bf0-9474-451347dfa177,ccb19ad7,2024-03-18,8487.52,payment,legit
ad912bb1-c3fe-4137-a554-37532ff941f2,399375c2,2024-01-16,5115.2,withdrawal,legit
3da3d146-1c07-43c6-af8a-1ae58ce80e11,bdf2beb2,2024-04-27,7066.88,payment,legit
bbec5e1d-9367-446f-bcf9-5988d8018c6b,47706db7,2024-07-23,1927.52,withdrawal,legit
530641ab-489c-4623-835c-c49ff8a74ab4,976ca56a,2024-11-09,6883.97,transfer,legit
ef6157d8-750e-481e-8dc5-050865541473,0ef4396d,2024-08-31,2723.85,payment,legit
7718f4f8-eac6-47d2-ab92-1f8038dc248c,91ee5deb,2024-06-07,8320.62,payment,legit
9a56d64a-d509-4000-b20c-1bf08ff06dc0,31f4ace0,2024-12-13,837.24,payment,legit
a7e85fab-cb44-4082-a138-2f6bf23130d5,f5ed85d2,2024-09-19,7731.39,payment,legit
4745f76a-35f9-4017-b115-4084bddfa814,3c0b7c06,2024-12-05,999.37,payment,legit
048da238-d20b-43be-aa3b-efd8dc1f721f,b67a2479,2024-07-11,8811.89,payment,legit
50a9f82f-8af4-4be6-af59-3683c1b84aa4,5743193e,2024-04-04,3042.05,payment,legit
07bfbfeb-83e7-47b6-a3e1-ecc8f93c1bb3,cd1bf002,2024-01-20,6543.93,withdrawal,legit
6700c04e-55a9-492c-8107-22e666861e4c,1f599e75,2024-09-22,4875.02,payment,legit
c5e0e09a-a008-4b08-805f-23e9801f996b,a6c901de,2024-02-14,3663.03,payment,fraud
f33061bd-b07f-40cd-9ad5-9225dd80dc67,e6736e80,2024-04-20,6454.42,payment,legit
9cc25def-6469-4382-8b50-fb4d8f4502c2,364fd94e,2024-07-13,9475.23,payment,legit
4993d8d5-c16a-423e-998c-ef840ecc01c6,0e87af4c,2024-07-25,412.7,payment,legit
02528740-47de-4fa5-bdea-d3d39ef5dcdd,ff7c776d,2024-08-07,9188.53,withdrawal,legit
0adb6dab-ddd2-41b6-8186-c55d96f6e8d7,1e443237,2024-03-01,6090.82,transfer,legit
0c36e20e-4a48-4f4a-99e4-6a55b5227d53,ccfe4e8e,2024-05-18,8073.14,payment,legit
1273e7ec-6f6c-41da-976f-21ad2012725e,d2a34a4d,2024-08-13,3838.75,payment,legit
0d2582b5-7362-4f5f-b047-f7bd58b8a239,3906136d,2024-12-19,4718.43,payment,legit
e098c485-f493-496a-87e3-05a34d3affc4,626a33ae,2024-09-22,8688.51,payment,legit
9e3137c1-d1a8-459b-bbbc-e8e5a4765f75,536a7ca3,2024-12-02,4148.48,transfer,legit
9a54aace-dcc0-40d0-b75c-f82b9ab5484f,5e8dab07,2024-10-05,5346.6,withdrawal,legit
cdc322b9-6edf-4d21-bfe8-3d2ceeb7e03d,5f4ad496,2024-08-03,201.95,payment,legit
438a4859-510b-4600-b7ad-e059acc60755,94cbaeeb,2024-03-11,1585.98,payment,legit
ef11b76d-1e78-4933-b95c-fa7910dd1557,97990777,2024-08-31,6416.87,payment,legit
b85fef9b-1410-47ea-a1e8-8010cd56907d,418c7f5e,2024-08-15,7169.77,payment,legit
7bf88ffb-f89c-43f1-b3f5-8f414c02c556,48aee391,2024-08-07,5826.01,payment,legit
a083a886-c48f-4249-adb7-cde0e29d4467,371bdea8,2024-06-27,1433.1,payment,legit
cde95a07-9753-4bf6-9fbf-cf9988a9561c,2f897121,2024-07-11,4454.05,payment,legit
7cee3625-5540-4af7-ac6c-2ee6401e8f37,2ea0371d,2024-05-02,3550.95,payment,legit
31937fd0-f7cb-4e81-8046-c3fad72eb0ea,2e4050a6,2024-07-08,4956.61,payment,legit
55e51ef8-f2be-457d-906e-309108d1a1d8,9da47341,2024-03-13,8703.29,payment,legit
aaed0364-25e1-488b-a975-0d86d90c7838,5cc8c8d0,2024-10-20,7758.61,payment,legit
565de833-e5aa-41bb-b1fe-1a0cd5354e7e,735d1b02,2024-03-08,839.9,payment,legit
54e11e17-2717-4dd3-9b18-7176e8b6d09d,6b75324b,2024-02-01,8903.09,payment,legit
b0454487-168a-46ae-8dea-b057b4d5367b,100e2d40,2024-06-08,4717.67,withdrawal,legit
b5c638a2-6be9-4ee9-885e-e5f417b43dda,ab4aa7e4,2024-08-28,7438.62,payment,legit
b9379c09-9fdd-46e0-82af-9a52f6a71ee4,5b4b969e,2024-06-08,1400.39,withdrawal,legit
1c24eca4-edb7-415c-a408-bda4533d2640,7b5a5813,2024-04-11,6707.2,payment,legit
4b3449d2-c13e-4457-b361-9dda8fb096ea,13cf70de,2024-07-22,2363.26,payment,legit
e5520e9d-b55f-4712-85d1-1ce169958350,0a14715b,2024-05-06,4383.81,payment,legit
dd2ffe38-cc24-4125-8b1e-2bddc3839be5,d3aef4d6,2024-12-06,168.63,payment,legit
b156bfcb-c22f-4d16-bf5c-10c03b67344e,80110ea4,2024-12-02,1516.11,payment,legit
5b5472c9-6c3b-4ddd-aef9-8467c0072777,17f1bb83,2024-07-02,920.8,transfer,legit
aceb5661-8ec8-420c-9775-216c9a0aaaaa,3b8408cc,2024-04-29,2397.44,payment,legit
7c9d52d0-3050-460e-a8c9-26ee0bd1f9a2,b480c08e,2024-09-26,1000.18,payment,legit
97f579f8-ff04-4bcc-8d29-89dc9c960b67,13ee654b,2024-01-14,6919.1,payment,legit
75ccd45c-d54e-4018-8abd-4881c87456de,32659aff,2024-06-22,290.4,payment,legit
d95c1592-b41b-4edc-8c5f-2f11d57b4741,76e199d2,2024-05-02,6177.41,withdrawal,legit
d8d11664-0173-4db6-9a3a-985202e621e4,b7259515,2024-12-01,1407.08,withdrawal,legit
b91f0862-3bcd-47d7-8f00-3a2d3600d173,ebb29a15,2024-01-05,9451.61,payment,legit
10bc05dc-77b8-47bc-859f-7c3c531fd077,63c6999a,2024-07-20,9330.94,payment,legit
e5df9259-356b-4f9b-adf0-5d82104a2ac3,c65f351b,2024-09-27,2255.03,payment,legit
9e119b93-b1ee-4fff-997f-1424841b830f,f7248a4e,2024-06-26,6144.21,withdrawal,legit
5394c453-a364-4cef-a028-d977287a997f,e894d581,2024-02-01,280.05,payment,legit
2d40e9e7-c931-4635-a26a-f902fa1c716c,3eb47631,2024-12-20,9317.89,transfer,legit
aa260f8b-cf0e-4dec-9196-c31e5ba62d55,a36c33a2,2024-07-08,5229.87,payment,legit
68badada-89cf-435c-828a-7351b238ec02,247763f6,2024-08-12,432.23,withdrawal,legit
8df9a267-7cae-452f-bc91-c5d1e52113d0,b24ca41b,2024-03-27,3425.0,payment,legit
c33baf5f-de8d-4d81-ab9c-79fdea8d88e0,d18a11cf,2024-06-25,768.49,payment,legit
53b29d09-21bf-4eb5-96c1-6a9b939fb928,b2320554,2024-06-05,3929.44,payment,legit
377f3a88-bc0a-4a7e-a21e-1606116dc569,5424b2c5,2024-01-28,6699.26,withdrawal,legit
5b4298d4-f236-45e9-b0df-ca880286d2dc,53fb21c3,2024-02-08,4698.9,withdrawal,legit
4884cb2e-a6db-4ec8-86a4-15495dc11a88,03b00162,2024-11-01,3837.22,transfer,legit
54b7d22f-8426-4c9b-ab1a-557704f01d2a,f70c3f2e,2024-03-28,1191.57,transfer,legit
4bc9559b-6a5e-479a-93d5-b6f63e92bdd5,d4a606b1,2024-03-12,2449.39,payment,legit
4e08e85a-e012-42b2-98a0-7054fc790e36,3e3169d3,2024-07-03,1001.43,transfer,legit
ed0be350-9771-4689-8aae-061717e0d036,8b6751e0,2024-10-07,8074.99,withdrawal,legit
350232e1-5f7a-4c21-8a2e-431f8a3a80c2,1b32afff,2024-01-23,1352.4,payment,legit
991c4fb9-42c0-4693-9f15-b12a71f01190,15a3c5e7,2024-07-29,5953.73,payment,legit
3664bb6e-2f67-4870-9d36-10010c839c69,7d970df0,2024-02-13,3427.4,payment,legit
a58f3fc8-6515-4815-a85f-ca799d1af07c,56859577,2024-01-14,2259.78,payment,legit
9c38adf5-b551-4a06-bd7d-1c6599bc845a,713405ae,2024-01-20,6394.68,withdrawal,legit
68bdb7a4-ace2-4645-ac55-37997f150449,33fdf7a6,2024-10-31,4570.02,payment,legit
eeb40250-21c1-446d-ba81-81050fc46d0b,8e6ca3f1,2024-02-13,4001.45,payment,legit
017be9f1-0e77-4fb5-8d38-0d51fbd71050,53c61a42,2024-01-17,5928.52,payment,legit
2aed1f16-e3fa-43d0-8cb7-f19f40a2e09e,f6d752be,2024-06-08,4912.68,payment,legit
5f99c278-284e-408c-9bd9-8608583bb7e6,68b43582,2024-11-04,3034.84,payment,legit
2d9f7978-f8fb-45eb-a46f-560b4188c8ec,d91935a4,2024-04-05,5590.61,withdrawal,legit
08f938c1-1917-40e2-bbad-0387cb54a546,52c38af5,2024-06-02,6694.99,payment,legit
0c07fd52-1557-444d-8c68-cf488605aaae,117e4643,2024-01-15,266.93,withdrawal,legit
c239bb1b-e837-4500-b420-b57eabda7e59,bafbd934,2024-06-12,4658.72,payment,legit
18a48fcc-d825-42c5-a711-9b812e1806b2,b5e5bae6,2024-07-29,576.83,withdrawal,legit
5284f042-c9f1-4512-a86f-460cd9e5fc93,50ee39ca,2024-07-27,1864.05,payment,legit
5c61717c-10df-41e6-87ea-e185d27e04fb,82d96100,2024-05-01,5605.09,payment,legit
e21a44db-46e4-4dac-9a94-fbf553198586,5e93cdd3,2024-04-25,8661.89,payment,legit
d6aa4381-545b-4023-bbf3-cf58e6ab9368,1e182c73,2024-02-08,8828.06,withdrawal,legit
be4aa7cf-6008-4d12-acb1-681c6c1ed8d8,c663e8bc,2024-05-13,699.44,payment,fraud
639eca49-d4cc-4c5f-b4cc-fac679f9019d,d1950070,2024-02-06,4191.05,payment,legit
11241fca-1ba7-451d-b2b1-e5e0ce818565,599f9b96,2024-10-06,5830.06,withdrawal,legit
c3cebeb9-8698-4fd8-a454-f9f3dcd456b3,c835ee39,2024-12-18,1470.7,payment,legit
92529476-f2a3-436c-9a16-214f047d2745,f4c10fa0,2024-12-20,7654.32,payment,legit
3b778ef9-7b45-4aca-a54f-c9210c59b3f0,b72487ed,2024-11-11,7442.35,payment,legit
20c2ff54-8a63-4ee9-b79f-05a0e4a6be9a,ea3071ce,2024-08-07,9033.41,payment,legit
d891b82b-7717-41b4-a472-d524e9d63d1e,01b6e2b0,2024-09-12,84.86,payment,legit
2f0330e8-cb30-4b0b-991c-33eef4562e31,a675c2ff,2024-04-14,2166.84,payment,legit
639e96ac-f958-4564-931b-0a85b3c0ffba,1b1aba04,2024-08-18,8271.87,transfer,legit
ef7bf075-ab84-416b-84bc-1d4d945d9ad6,a16b32d3,2024-06-15,6705.8,payment,legit
8a4e57e2-26e7-4b27-b224-c5136394a5b3,7057c789,2024-06-24,8943.9,payment,legit
2d40be5f-cfd6-479c-8619-5b3e9ce61c8b,57a36d2a,2024-10-03,571.8,payment,legit
0e00fd91-91ab-4f71-9155-bf2b4b10644a,4c59f63a,2024-04-12,5969.64,payment,legit
1961390d-a8ef-4714-9cbd-dcf8e732cecd,22aceb23,2024-04-26,5690.47,payment,legit
dc361c19-9811-4145-bb29-bf86e1e8d999,46542c42,2024-12-03,356.74,transfer,legit
a6a43114-d183-4ed7-8d3a-77f1e6df1f7b,3bee8739,2024-01-21,5135.22,withdrawal,legit
fc1c1a7f-bd96-476f-94c1-18973ee765c1,9edd5928,2024-06-26,6095.2,withdrawal,legit
42cf4618-c785-4736-b4c1-9bcee6548404,48711aed,2024-11-29,1912.93,payment,legit
c5c1dfd0-69c1-4932-afc0-b7ebf76fc939,0a11c9ef,2024-08-10,2733.3,withdrawal,legit
84bfbea5-ba45-493c-a140-a02559f2b5ec,27e03845,2024-07-18,6403.47,withdrawal,legit
edd90589-2a9a-4e53-ad5d-5e8868ff3f54,2fef3133,2024-04-01,4683.01,payment,legit
a9f63729-47f8-408f-be1e-7afea383dda3,4716b62c,2024-05-05,8580.14,payment,legit
9164ecb7-4def-41a0-a383-ab2079419539,43cc64d0,2024-11-06,3423.82,payment,legit
0128d20f-d13c-424a-b7cd-53ed110bd363,2a8e65b0,2024-07-23,2666.6,payment,legit
5db5bd9a-557a-4a77-8bce-90bb19328e72,20667efd,2024-07-06,9848.66,withdrawal,legit
cdecd635-440c-4198-8420-3a36731257d6,193f9e43,2024-02-06,9111.36,payment,legit
f3a0b6be-9b8a-4e6d-9660-e4252854107d,37c8a8d7,2024-01-06,289.93,payment,legit
8ed03273-9bd2-4a01-924b-164bdca2314e,79858c80,2024-12-17,7707.29,payment,legit
f16534bd-66db-411e-9ba7-e7b773743a2d,a0e47125,2024-05-17,1103.35,payment,legit
4765f911-e1cc-48bf-842a-a2a99897a76d,6055a2ad,2024-08-08,274.85,payment,legit
b768253f-3816-4218-ade9-f914543f5784,687fdffb,2024-01-30,2736.96,withdrawal,legit
e82a6dd6-0966-4dae-8034-42387c566d51,d3e45f7f,2024-09-06,2693.46,payment,legit
e419f5e8-46e9-4880-a823-d35ec09d6222,fe18d608,2024-12-06,8193.19,withdrawal,legit
6c5460a1-d833-4b8b-bb2a-5af4b14e5e45,fe9f4bbc,2024-07-29,7106.67,payment,legit
c5712535-7899-4b2f-a2be-1a08a93cb86d,3709de06,2024-02-16,9816.09,payment,legit
9fe60d83-8aa9-4b00-ae51-9a2162e4f904,be6c42bb,2024-07-31,7115.13,payment,legit
b159a453-d048-4d2e-ac38-37779091550e,7bfb3f1e,2024-10-06,4182.56,withdrawal,legit
9b48fca5-9c67-4a81-bc17-1af9f72228c7,c7e644a3,2024-05-28,6989.28,payment,legit
bf7ac101-f729-40fe-873b-a4c3dd56e57e,a62971f8,2024-11-17,9994.59,payment,legit
04fefc91-1f02-4554-8060-72c8406d9f7a,b2ec71a5,2024-08-24,7101.42,payment,legit
ced730be-904a-4889-8ff8-f7298dc6eaa8,78ef94f9,2024-11-24,7616.81,withdrawal,legit
d2260221-9bfd-4541-bd8a-953731c5be21,40dffd1c,2024-08-15,9383.65,payment,legit
4ba76e31-120d-40ad-9374-9d8c3973a835,68916a10,2024-02-17,1136.51,payment,legit
aa829ba7-edff-4f01-bf63-d21c3ed90dd9,2bbc62de,2024-04-23,7047.84,payment,legit
e91b81a7-868d-443e-9adb-e79a4d414070,8e31e983,2024-03-14,8508.06,payment,legit
e3921c3e-87f5-4fa4-b0e8-7f808156f362,a361b7b5,2024-11-27,9543.79,transfer,legit
7da9b248-710b-4340-8087-df19e81edfda,7e5592da,2024-10-04,2109.69,withdrawal,legit
90aba110-f70f-4898-8def-726d5b0fca59,25791d28,2024-09-03,5039.29,payment,legit
441bb17a-b592-4c06-b4cc-f1a4d27a21fa,f0139ed1,2024-04-19,6805.55,withdrawal,legit
97e64fc6-58da-476b-bbb7-3b440b952513,9eb3ebb2,2024-03-08,2474.68,transfer,legit
475c0fd8-3856-4aa1-b05c-5ed898acbdb0,444b46e3,2024-10-03,6004.73,payment,legit
d6dc004a-296d-48d2-a83a-811480e1c596,5992a593,2024-06-22,2575.79,withdrawal,legit
a88f92fb-d5e8-4b5c-bbfb-201a27ab6bac,c53a523d,2024-03-23,3334.57,payment,legit
3ff4152d-d7a3-4880-967c-fa9a64495fdc,d31a722e,2024-08-13,4415.19,payment,legit
1388a606-dacb-42d2-bb05-d53e90078696,fbeff0ef,2024-01-15,5291.9,payment,legit
f819d32d-dae1-484d-8378-8236cd7365d9,0af050bf,2024-04-29,4493.66,payment,legit
d8633548-317a-464e-a45b-085f74f2484d,3e3b0be0,2024-06-20,4931.96,payment,legit
6fde4026-20f6-4f4b-bb5f-6509c342c778,ad07a6b7,2024-02-24,2985.89,transfer,legit
7e2e866b-731d-4e63-9869-9f5c4621b85e,be1efc1b,2024-12-25,1589.65,transfer,legit
42d82718-b8b0-4cb3-972f-2d4caa0e6184,9571cd82,2024-03-17,473.5,transfer,legit
c324df8c-ae49-4ac5-a0ec-1e847adc5b9d,fb166bd7,2024-02-17,1959.79,payment,legit
124eca48-9944-47d1-bc80-0ad40c657d57,e90a2e89,2024-03-15,5819.44,withdrawal,legit
c3c1c8f5-2937-4219-a035-cd54d800d3ea,99f41b6e,2024-10-07,7861.15,payment,legit
19cfc049-3ac4-4796-b3e6-cfbd9baf1b5e,b70a77ce,2024-06-04,1692.48,payment,legit
6768b8b4-d40e-4f7e-b804-df29779dca67,6bb73b88,2024-07-25,1085.55,payment,legit
fb07c955-e4dd-4d8c-af9f-177c87fffd53,d022046e,2024-01-08,7492.9,payment,legit
cccceeab-4c77-4f85-b958-7c90b314e413,5cedba43,2024-01-13,3051.58,payment,legit
f0b9f9bd-0224-42e5-8103-23c554db9e85,74d6d351,2024-06-11,9514.99,payment,legit
cf5e92e0-c3f9-4648-b390-332eaf5d579b,d91818d7,2024-10-25,7143.18,withdrawal,legit
bf1225a6-a828-4e4b-89ae-b75aa89a6e39,b1a35175,2024-11-19,3267.56,withdrawal,legit
95681323-308b-4211-acce-d3406c2d988d,42b190d2,2024-02-01,2895.43,transfer,legit
755ce87f-434a-4df0-89c7-d3c7c68e8e88,223dbbc3,2024-07-15,5236.98,payment,legit
b5a04ae1-30fd-418b-acaa-497df711b795,2beb8004,2024-11-29,791.45,transfer,legit
77ef8d4c-1077-487a-a2ab-7dee6ada4e31,287f9b60,2024-05-21,1176.77,transfer,legit
831974b8-191b-4859-b9f0-3a7bc3563746,869b3ab8,2024-10-29,1758.58,payment,legit
a6c7bd72-28b1-408e-ad21-7bf616a651ec,671c7820,2024-02-18,7747.24,transfer,legit
48e623b4-cc73-4c26-ae85-b9870f1d5066,3dad6795,2024-12-07,5138.57,payment,legit
2eb8c26c-0b70-4feb-81ff-1ea3edf8c7c4,7e9b773b,2024-10-01,105.67,payment,legit
434e95cd-5b55-4868-ac22-99d10796f4e0,8adeadd5,2024-12-09,6735.17,payment,legit
1d29cbd4-e124-44e3-ad7d-b177c768568a,aa623d33,2024-09-03,4236.9,payment,legit
b66fd091-05a5-4703-8905-88d82828b901,a4c0b1cb,2024-05-12,5108.52,transfer,legit
dc91c72d-38b1-4148-8284-35f8645ac3ec,295d4130,2024-12-08,2141.16,payment,legit
09375bee-b6b0-46b1-80b8-010c27ce158b,92641067,2024-04-10,5517.82,payment,legit
ddff5560-cf85-4e8a-8dd8-c22669c023be,ed7843b1,2024-05-01,9791.53,withdrawal,legit
fe163e48-fa3a-407c-b712-bf6b4cd9f705,10974e9b,2024-09-12,734.45,withdrawal,legit
02078de4-a711-4031-9f5f-f30f366caae4,24e62776,2024-10-06,2839.17,payment,legit
9bb2883e-442a-46c4-ad20-8076e06483e5,81eaa4ac,2024-12-05,2429.98,payment,legit
1bb0b81a-2bc8-47a9-b715-d8f9476d6caf,960a291c,2024-03-15,2485.49,payment,legit
d2a3d80e-eac6-41aa-bcbf-b65f4ed57815,4fa4c05c,2024-10-18,3787.06,payment,legit
3b85dac7-a0b9-4135-a226-a6d138472086,0fb5c016,2024-09-26,8181.1,payment,legit
9caa4245-5da1-4ce8-823d-aa13ab2e0534,01dddc90,2024-01-24,9128.59,payment,legit
dde7b3c7-f01e-4b2b-8f11-271252a066d6,1ba51803,2024-05-21,2022.15,transfer,legit
a1500b5a-ad69-4d78-a30f-5a9f45676eb3,3c2578fc,2024-04-13,5429.5,transfer,legit
9c9181d5-ef59-42cb-ae16-98230e9942f4,223abb5e,2024-04-21,6368.99,payment,legit
0df427de-29ba-4a03-b7b3-bcd7aa9dd842,87f6aae5,2024-12-24,5218.27,payment,legit
a0b5a9f8-f2df-41d3-9f33-55ae2a26eb81,e009f3b7,2024-08-22,4340.76,payment,legit
1e8c7291-85d4-4ea9-9d0b-ca44cd12fa69,3de8e522,2024-09-18,1919.76,payment,legit
f41fb79f-b4f7-4220-ad14-ef7c6b36bfd0,610f57d3,2024-12-22,4882.19,payment,legit
56370935-6242-45b4-ad9b-83b372514e09,10888e5f,2024-05-17,4012.15,payment,legit
c872b2ca-56be-452d-9da2-17fcb18f2bf7,843159e0,2024-10-19,7955.63,payment,legit
23b52aa2-6e00-4f1c-a862-92b9f5875a3b,237cdb46,2024-06-07,7636.04,payment,legit
5705f092-cd6f-4c5f-9223-15e7195c0fad,7d828ff7,2024-11-13,1339.99,payment,legit
9902c971-821b-443d-8f7e-ebea9a87f185,88d6b8d1,2024-03-06,885.19,payment,legit
a792465e-6616-48d7-a89b-145a2db2dcb8,1aa37f6c,2024-12-11,9081.54,payment,legit
1a1cd5fc-24d9-4bca-91bb-c4f97d9a43d6,352b5102,2024-03-20,5355.08,payment,legit
e9c5695d-f7bd-4d89-8da5-6a91afe412ab,493687b4,2024-04-29,8578.01,payment,legit
cfb8bfc8-47b5-4abb-8970-05497760fc2c,69cff87d,2024-10-03,581.51,payment,legit
93865aee-92bd-44b7-9fe2-0e76aaf342a4,ad0a9af3,2024-05-23,5265.16,payment,legit
d7124458-0b26-4be8-b4b1-c068b2aaf39f,461920e4,2024-08-09,5394.27,payment,fraud
9965b4bb-a4e8-42e5-816b-0d98ce465c2d,700b85cc,2024-06-11,8607.02,payment,legit
895d9116-2243-4f2d-a414-bd89ddcb7940,eb7d9e59,2024-09-27,976.1,transfer,legit
594fe631-341d-44fe-ac13-e84d98c8bac0,8232a893,2024-03-24,2404.46,payment,legit
f4336864-0f25-4fca-ae57-825b75ea6cd9,32a5ccfb,2024-01-22,4065.38,payment,legit
7f93be4c-eece-4e9e-ba57-d6839f2e7a57,b57eca66,2024-04-19,8658.41,withdrawal,legit
6b1a2879-eb48-4094-bd0a-fb44d1afa1cd,3ec1a384,2024-06-22,9388.83,withdrawal,legit
8787a77a-baa8-471e-800c-fc6f7e936267,f86de8aa,2024-03-02,9927.25,payment,legit
27289df8-af12-495c-9d22-a81ad39e382c,802fd874,2024-05-09,9591.93,transfer,legit
851423db-8e43-4caf-96a3-0ef03f48b9b0,48f13198,2024-05-25,59.42,payment,legit
211a6176-6384-490f-9aef-c2204fc9ce2a,5b98f5ad,2024-01-21,477.08,withdrawal,legit
10fca8a7-60f0-441e-b110-17643cb5ed94,ce0aa1e5,2024-07-31,1476.07,payment,legit
1b43ac1d-956b-4bee-8c93-34440299cbb0,dcca98ef,2024-11-18,3488.62,transfer,legit
a41e82c7-ecca-417b-903a-7b2eee51efc6,01dbc8be,2024-02-25,8299.18,transfer,legit
4e05a588-bcd0-4e00-9766-dc19c7dbae08,e7b72d81,2024-08-06,8926.56,payment,legit
340ad2ac-e891-4bf5-a4b0-710787b46078,08454eb7,2024-08-30,1868.34,transfer,legit
9427088f-7eda-458c-b65a-f79f462f77aa,0d044f70,2024-06-02,6196.64,payment,legit
ac86b39e-4247-42d6-8200-e91db96a1071,f6890d22,2024-09-12,9173.62,payment,legit
df1fbc67-b414-4efb-82be-629faf58e2f0,b0ddcd62,2024-05-29,4637.32,payment,legit
4b40e3a4-010b-4736-8652-35011cebe879,624b3dd0,2024-07-03,1035.44,withdrawal,legit
40c47fee-7ca5-458d-9225-ac595fa14b97,c5be195c,2024-01-03,4578.14,payment,legit
6cfec584-581f-468e-aefc-d218f91eb771,76d6fe3c,2024-09-09,3757.95,payment,legit
237097e8-04c5-4f4b-bd24-e67a7acbd36b,c920e4f1,2024-08-29,5776.58,payment,legit
249bf9b3-a952-4c5a-9492-ed741a4604e0,72a4a26f,2024-01-15,4386.59,payment,legit
19bc02f6-0501-4aaa-9679-4f4c0802cea8,b7d9d3e2,2024-05-14,173.46,payment,legit
84c327bd-e51e-43c8-8fa3-3b21ceff4d4c,0fa7790a,2024-12-23,9939.98,transfer,legit
6d29c635-67ca-40d7-a9da-6ad10a857425,28771b05,2024-06-02,5435.4,withdrawal,legit
6c6d2461-6697-4673-b50a-46752034368f,3286fac6,2024-07-02,4736.31,payment,legit
66960991-8d71-449b-9271-6b72fe36446a,6dc7d756,2024-11-28,9546.17,payment,legit
832750ba-f824-4321-a81d-5f6b5435c608,b0b372d9,2024-09-18,1558.6,payment,legit
aebf5e65-104d-4184-b922-2354e40cc82c,842fb2b3,2024-07-31,1892.38,payment,legit
5a26acf0-0d3b-48fd-8492-547788044bdc,d53fa2af,2024-10-18,8080.15,payment,legit
98603250-371b-4504-94dc-314a9e5ebfad,2e2fb4ea,2024-11-11,2608.31,payment,legit
887ad49d-2d88-4d1d-9d73-dbb1bda36662,fa662804,2024-06-15,7992.27,payment,legit
e9090a3e-b138-4904-930b-db0b0ed373f7,a45f25b2,2024-06-22,2715.33,payment,legit
51582b02-71d4-4e27-a9ad-88ccd0aadff5,a001947c,2024-05-20,331.88,transfer,legit
94d87c5f-6bb9-4613-88a6-af7f1285ea03,fa3c31ef,2024-12-18,5170.15,withdrawal,legit
ac2c32cb-bf27-4694-a7d2-47e6804282ae,e127a24c,2024-09-11,1966.86,payment,legit
dfbf57ca-ee49-4e86-b1a1-8dfce31bcc05,c0434df7,2024-01-31,7578.46,payment,legit
eb1eaa90-5fe8-4065-9ac7-d9e68a85ef3d,074f2e38,2024-11-10,6412.0,payment,legit
21a93fce-f049-48ad-8970-ef2acf47c4a4,107d40d0,2024-06-24,9236.03,withdrawal,legit
fa9ff131-3563-4c7b-92f4-3b8c062d6794,a5534246,2024-01-26,7829.88,payment,legit
ca9ee3dd-a983-40c4-b452-5465a8ed7b0c,82e24402,2024-07-19,1807.76,transfer,legit
1089e804-aa7f-44cb-b69b-24ac14ef5d9a,18398208,2024-06-01,8001.58,payment,legit
50d11780-284b-4c9b-a315-bb7ac23e988d,ef0d85d3,2024-11-16,6417.37,payment,legit
cdf52982-b816-4db5-8689-d675fe1a7ffb,fc2c0259,2024-03-15,6689.52,payment,legit
44017be4-ea82-4bee-9d6a-7b68d0c786de,b44ff669,2024-10-28,8322.63,payment,legit
6c2e5c09-7274-4377-9790-5851b314311e,9fdbb9f7,2024-07-22,5738.24,payment,legit
cd4fed29-36fd-4e4b-91d3-9ec28128c14d,f629f8a9,2024-01-20,4660.04,payment,legit
a76653e9-6d6c-475d-815a-369278467ac8,75988125,2024-12-20,6366.41,transfer,legit
738f0330-ff1f-4e05-ad31-d4ac5bf708c0,dd4c2fc3,2024-07-06,2979.57,payment,legit
76031a80-281b-465c-b607-eea1e8ff1bfd,30930d56,2024-04-16,1825.97,payment,fraud
baf9d2b5-9a79-43cf-961d-8e987ef014fa,f21c6dc0,2024-06-20,6165.88,payment,legit
bc515e5b-6a84-4f6a-81a1-b4b75705d570,d292445c,2024-11-09,2338.48,payment,legit
8a64a438-5a2b-41bf-8d69-a0a7f660ccf2,4a687245,2024-04-21,799.15,payment,legit
34eef2f4-dec7-45b5-be70-c6ef308ce82a,73236cab,2024-03-11,5.54,payment,legit
cc42ca84-a8fd-412a-856a-446d528f403e,f29774a4,2024-02-17,6083.19,payment,legit
fe6e4a03-248f-4026-8b52-f273cd7808b5,95c87723,2024-04-18,3621.49,payment,legit
7f9b1198-934c-4a66-812b-1f43238312da,c5f6c6b2,2024-10-11,7523.11,payment,legit
9dcd7adc-33c4-43a0-b03d-37be3689525d,825ddac2,2024-06-21,3751.76,payment,legit
bfc37332-d54a-4250-934c-a06fbddcd40b,7e4cead7,2024-03-24,4860.03,withdrawal,legit
e2ab1594-d949-4456-973f-89eb4e62d99a,d872b49b,2024-03-01,4070.85,payment,legit
7ce9c2ae-f7c9-4857-baaf-c8bd1046794a,509d2157,2024-05-01,6505.75,transfer,legit
b815f92e-cba7-4ea3-bd1a-7fb9a13afe86,9a77d0b7,2024-12-09,3561.39,payment,legit
8e7073ae-8412-4ca6-9530-dc11c2a4f36d,782ee213,2024-05-05,9637.68,payment,legit
395e83e5-aef2-42dc-a83a-b07ce5562289,f415136b,2024-12-26,9361.47,payment,legit
37733824-9dd8-46ea-b637-1b9d5071f3df,e68f80b8,2024-06-26,8480.28,payment,legit
1b148c8a-3a30-4b10-8343-bf0d13deb84f,c2328f64,2024-03-06,9203.0,payment,legit
a493531c-1e93-4ff5-abd8-4a9090aac145,d14f5c6e,2024-11-21,4491.4,payment,legit
09121f57-bd02-40cc-b305-cf94c3143508,d16ca7f7,2024-06-17,5364.3,payment,legit
3f2aa8dd-d0ba-4ddb-9b58-26749445b2ba,d1198bca,2024-09-16,7420.93,payment,legit
632fe331-04ae-4f5d-9424-d4cb4a39ddcf,239c328e,2024-12-25,6961.46,transfer,legit
2c5a0c87-94fe-435e-ae5c-ca40c66e9111,f2d71244,2024-01-19,8906.79,transfer,legit
62ff876f-7c1b-42e8-a893-48702bea4c8a,f408324b,2024-02-05,7163.31,payment,legit
55953c76-2729-4867-ada0-19ba0e60c4f3,ca1c9312,2024-09-19,9978.85,payment,legit
bb0c76bf-9619-4901-b047-052d6a6439ac,fb622f2c,2024-04-12,3485.06,payment,legit
2ec18cb0-1ea0-4365-b46b-77b2bef3310f,4a7e334f,2024-03-08,8329.98,payment,legit
bdba902f-87d3-4f18-a239-38076ca26563,9d9afaff,2024-01-15,6976.35,transfer,legit
2ed5ea3e-a1b7-4894-ac25-bdab656ed698,e7e9e01c,2024-01-08,6913.86,payment,legit
321becd2-c3cd-49c6-b31e-62b4ff23cdce,45a99cdf,2024-10-09,3258.36,payment,legit
232d53a5-80bd-4bbf-87ff-cd19e98babef,9b214b4d,2024-02-19,7856.02,payment,legit
3d295794-cdbd-4ea3-8ef3-df7e9b9d9e91,2dab2e82,2024-06-19,9003.76,transfer,legit
176dec03-c278-4742-b48f-00a7ab535fa3,1a1a4ed5,2024-08-09,2185.48,payment,legit
ae502bbe-6090-485a-a1de-c8b8afeb2620,77eb48c5,2024-06-05,6254.97,payment,legit
fe7702e1-4d79-4c98-ac35-a3ccf717cb91,9a78b632,2024-01-10,3921.35,payment,legit
95bfbb15-db24-4fbf-91f6-d20b877d6c85,9dea5fb4,2024-10-12,9895.48,payment,legit
1b04e107-2c5b-48c5-b684-58e30c0779d5,8421adcf,2024-01-04,4788.33,payment,legit
3e0f89ec-466d-4b6c-a80c-9bf976445fdf,fec9d735,2024-10-05,2283.2,withdrawal,legit
262cc820-9051-4d93-a479-1ce3453eca27,833f9be1,2024-11-22,3818.58,payment,legit
829c97b9-6792-46c2-bb6f-243e0b19de1b,82e906ba,2024-06-06,6538.38,transfer,legit
bea849f1-de42-4b36-b802-51bedd6e0946,6e65025c,2024-07-14,760.89,payment,legit
e89ebec2-5f96-4453-9acc-6e6d7f59b93f,d4d0adae,2024-06-23,6036.02,payment,fraud
70012fd1-1ee5-456e-a684-295a575c91bc,e4516866,2024-05-22,9312.25,withdrawal,legit
a7a96472-80c7-4329-b984-13e7dd9cf731,24f7f9a7,2024-11-19,8503.63,payment,legit
e0fa008d-f906-4336-b6fd-373ee4d1dc68,db5f0253,2024-11-22,676.74,transfer,legit
b467cce0-5dfc-45cf-a4ad-38120d9ae517,57db46fa,2024-05-02,9933.9,transfer,legit
8a724b23-9654-44f6-ac2e-705a0c9a71d6,1da108c7,2024-08-12,6987.27,payment,legit
103ac029-80c1-4999-937e-51968ba0a8d9,a0ca7459,2024-12-04,1622.81,transfer,legit
b1d95684-75eb-454d-a2ce-9954238337a6,ee198483,2024-12-17,124.16,withdrawal,legit
477fb81c-b6e1-4b82-9ea1-36b3abfda372,bbeb8062,2024-07-04,1712.83,payment,legit
0d2808cf-4fe9-48f0-baf3-cb66de88d2c1,c2a3ca47,2024-06-14,8381.76,payment,legit
9241f46f-6785-4d78-8645-802304bffae4,aff9463c,2024-04-11,216.39,payment,legit
66d8d38f-0831-4363-8860-3bb9769026f6,0f5a5755,2024-12-15,2331.47,payment,legit
cf0d7bac-d201-4518-bf18-2aaa5a74dac0,b64a6403,2024-02-22,7573.06,payment,legit
99b8e7fd-d866-4114-a6bb-5bd038a8ff2b,bed14d02,2024-07-30,5861.11,payment,legit
e167e67f-1ec8-46bb-8656-f8908bb7951f,38a53ead,2024-04-13,7827.36,payment,legit
f4533ee6-dcd8-4e8f-97c0-2ef49aa43685,074a5372,2024-04-11,7461.51,payment,legit
2befae9e-246b-4edc-b6cd-1d293e8d4832,1eb8a127,2024-05-27,506.01,payment,legit
0db3f5ce-dce9-4867-a21b-2da6a19ae12e,83d381f3,2024-12-30,8925.11,payment,fraud
43090504-1f83-4bd6-94e9-d31012d00884,8eead44a,2024-01-21,2270.32,payment,legit
6b170598-28c8-4bef-b56a-74ed810e9757,486b3f6b,2024-07-30,5533.92,transfer,legit
bc3b7b16-5253-4f75-a568-322b18de7a43,ffddce10,2024-01-31,6442.88,payment,legit
0b25a40d-198b-499a-b708-6c5eba59c4ff,9d0800f5,2024-02-26,1686.28,payment,legit
89d94119-96ab-4d2d-bac2-7d9e4393f540,710ac30e,2024-06-09,9762.31,payment,legit
1e43bdcb-720d-4417-bcc8-633825ee7470,a58d1005,2024-07-05,4881.56,payment,legit
182a9596-9df6-4a4f-88bd-cd5870ae35c2,77753820,2024-04-04,576.43,payment,legit
81add031-c1b5-46fe-b265-0de24ad242c9,b737e341,2024-04-25,9372.62,transfer,legit
ddbfc074-9d0c-4481-b2a4-b100cd3f0202,70805f79,2024-02-01,5862.68,payment,legit
418ba3d8-eeee-479c-bade-2bb1112ed0cd,44a5e544,2024-04-20,6991.93,withdrawal,legit
94091464-5d29-4afe-b5fc-6f213430dd37,43371ba0,2024-12-18,5251.76,payment,legit
54bc01ca-a203-4560-aa65-8b57e5a256d8,4fdf5666,2024-12-10,8347.38,payment,legit
7e7c91eb-dd48-4585-8802-a55addd85e15,5351db1d,2024-05-02,331.33,transfer,legit
5ade30d2-8529-49d2-a875-4b356a59bdc8,e093e7c5,2024-07-27,2683.78,transfer,legit
314fb877-7c31-43b7-9ffb-5ce55ee3bbb8,0a6c9792,2024-11-28,4696.48,payment,legit
7a67ede8-88bf-49f2-b09c-1bb460bbd6cd,7b335a90,2024-01-03,766.04,withdrawal,legit
e7b01220-d270-4574-9d0b-b68743a71927,679058be,2024-10-22,7059.07,payment,legit
2d1b161c-d727-4e1b-b4ba-4078c933b482,c9640640,2024-12-12,3936.63,transfer,fraud
783403ef-7c51-4ffc-aa47-1c0edd5ae90c,381a3f8f,2024-02-03,2726.68,payment,legit
5dc1ed7b-d5ce-4a2b-b1c4-853ac3eacd38,0ec373ba,2024-02-28,33.79,transfer,legit
2f5457d4-08f2-44f3-860d-073eb5980f64,9cd20faf,2024-12-16,7198.3,payment,legit
991b4017-f142-4d5d-b810-2c468997c326,68be124b,2024-07-15,8338.09,payment,legit
cb837012-c94c-4be3-96ca-f5b20f2c3410,f1f9f187,2024-01-06,3950.41,payment,legit
efb46ef1-d73a-428f-bc50-8e404f35dfdb,fad0d353,2024-04-04,5642.18,payment,legit
d3fdba06-ead9-4005-9a58-6d4d5ff3c6c8,1fc930e3,2024-06-13,2276.87,payment,legit
7a9f2289-3239-498d-9e33-f222c45f6857,1ba4ad85,2024-09-09,6221.98,payment,legit
1dd4b93b-3168-4b97-8b24-f912d4dde507,3b492345,2024-09-24,121.37,payment,legit
c0f96bec-7acb-4476-9caf-7a90de4e49e7,bc4d62f1,2024-12-29,4886.44,withdrawal,legit
85047f60-d69c-4164-89e1-274c66c3a877,8cafe168,2024-04-14,6442.05,payment,legit
254abd7a-0927-4849-893e-334f78c94966,edc96969,2024-07-15,9181.92,transfer,legit
d4611640-b913-49e6-8041-75a1365a469a,fec5d450,2024-07-13,3813.36,payment,legit
b4a401c9-a7ce-49b1-aa82-da112e46ccbd,79d9151a,2024-05-28,7651.9,payment,legit
d5907bc4-3044-4b92-a805-2dda20767903,5e687c4b,2024-03-02,5976.87,payment,legit
b9141adb-47e0-4725-b1ca-5a25a0f22840,93da99e5,2024-12-22,9270.12,payment,legit
aa03d78f-33b3-425b-a99f-26d55c7dad77,ff839c8a,2024-11-07,3983.78,payment,legit
6f555db5-1b9f-4e27-bbba-13f829ee37da,7ed35603,2024-06-30,3190.95,payment,legit
32e7c5d8-941c-4805-8dc7-a92f7be8f9c8,c6e2feb2,2024-08-08,8871.42,payment,legit
e2d5caf5-50a1-451a-9e10-515f73734916,aad677ae,2024-03-23,492.44,payment,legit
eee813c9-6b75-46bc-95cf-4fde5d02ed8b,6e5e7959,2024-07-17,1363.85,payment,legit
c77e9b29-1ef4-4c70-9597-20bcaa0d73d4,3e506ffa,2024-09-10,824.04,transfer,legit
3100ac1f-9d7a-4d42-8852-22f2abd90153,447c7699,2024-07-07,8431.1,transfer,legit
ff4cebd1-5ef5-4c45-94c3-323aa8146d74,bc4039db,2024-12-27,106.07,transfer,legit
906ad6da-7c6e-4917-8931-6a88297d050a,15a2f011,2024-08-11,8616.57,withdrawal,legit
e438e8d3-1dad-4dbc-be9f-3cf59cdcc88c,bf6a3e31,2024-05-15,4512.68,payment,legit
c4bcbf6a-12cb-4281-a112-a118adfa98a0,583e5858,2024-10-08,40.25,payment,legit
a76f0b81-51d7-4382-97e9-d2e8b9445710,2234f5d9,2024-03-03,4016.45,withdrawal,legit
87e5931f-8b8a-4d98-8fb9-cf4995dff3d0,2060a53b,2024-05-20,1868.01,payment,legit
3c4e0b0c-e12d-420e-82b1-e11eab33a214,29c5b73c,2024-05-06,6244.0,transfer,legit
902669c6-c8ff-422c-8c9d-24161f1037e4,af432486,2024-06-06,6793.59,payment,legit
568d3738-1063-44ea-9860-b8b153b3da12,61a40ad4,2024-10-12,4875.28,payment,legit
ed49422b-626e-4c35-8238-fdaf10d0dd01,9d087ddc,2024-06-25,405.2,payment,legit
25acf735-50a1-4491-be9f-413a64ae8a59,d969d5f0,2024-10-16,6561.29,withdrawal,legit
55d1250f-76f4-4111-8474-1730fdc48c1e,451c86f6,2024-07-29,8420.39,transfer,legit
fc3b7a8a-3db4-439c-b320-ac2e18302cd2,5991580f,2024-05-04,7203.24,withdrawal,legit
1af0a11c-e9be-447b-9f1b-381b4a2def0b,7e301d22,2024-10-22,8299.58,payment,fraud
f5a4f47c-dcc4-462c-b716-860aa637e56e,fd6aa5f3,2024-03-27,2005.1,payment,legit
1b9616e1-056c-45c7-8f12-b16b08bb4d40,01b6d441,2024-03-22,8888.88,payment,legit
1ffe024c-c50a-49a8-a2dc-55f698221c28,f5992ecd,2024-07-03,3221.93,withdrawal,legit
55b28ea5-a00d-4f93-a3b8-271ac2066f43,4c54e275,2024-04-05,134.05,payment,legit
323f2b13-efb4-438f-8779-663129b44cbe,7ec2bb36,2024-01-04,8433.92,payment,legit
7d32b796-4f08-4aa5-a02d-d10a8070cfb9,6cf80066,2024-08-24,9418.21,payment,legit
b260b71f-4f17-4ed4-b6f3-e1fa0caf4c6d,b4079f8d,2024-07-05,6555.58,payment,legit
e139843b-ab16-4cea-967b-cf456d0baa80,60cdf84d,2024-06-11,2314.37,payment,legit
12857673-2236-4e08-81ee-1372ef30a238,0c5951e1,2024-12-18,2517.44,payment,legit
50ec874d-aae3-4972-9f98-12d3b557d3ca,d6fa61c1,2024-07-27,4665.93,payment,legit
53980748-b5f6-4fde-b4c9-ed29b9bdc5e4,38b30bb0,2024-11-11,8978.31,withdrawal,legit
fdfd18b4-8c13-4e6f-8242-8768f802cd4f,94e116e0,2024-02-20,1495.98,payment,legit
a2b8f264-29ed-4b69-9d50-f1fc17bed72d,99433648,2024-07-26,8259.74,payment,legit
13ab7c64-1e27-4cf8-95ca-8df40bc10458,efbb960b,2024-11-12,2913.03,payment,legit
16e99ba9-01d9-48c0-9c01-261a3342b8c8,eef4bee5,2024-07-31,8085.86,withdrawal,legit
29b665ba-a36c-4898-91db-920be74f9803,366cfde7,2024-09-19,9202.71,payment,legit
e9a42930-c72c-4f8a-93f7-f6afdb2d1782,d3807b11,2024-05-15,4274.94,payment,legit
94860599-0fc4-4b05-a8c4-4b45b885d427,22a63d11,2024-02-03,3650.51,payment,legit
e7cf1914-a661-4bbf-b3ad-7a75738d8a03,8782746a,2024-06-16,8022.21,payment,legit
2202b388-368a-4ce3-84ef-ed2b569608b7,11143fd8,2024-05-23,5294.83,withdrawal,legit
d674c5b6-f733-4e1b-b230-5d989b2ae992,3514b74c,2024-11-12,6844.49,withdrawal,legit
fb21f0d8-a202-483d-af82-0fb289287dfc,2c276f22,2024-03-30,6228.29,payment,legit
68dcbcf7-21af-4783-a1f5-d5fb9b96233c,31aafe1e,2024-12-18,1528.89,payment,legit
3bb55a9e-513e-4eb8-a86b-67d61ed34ce1,868fdd1a,2024-12-15,8447.9,payment,legit
02db8f98-9650-41e5-bf34-03ce94d4306c,b8151662,2024-03-31,1957.75,payment,legit
5357fe05-3910-4a2a-8fa1-f105822a1722,e5c6157b,2024-05-07,9322.82,transfer,legit
1df841a5-f744-4d1c-b108-e404df78cc97,4ea8f951,2024-11-22,2505.71,payment,legit
2002edd1-3faf-43b5-af57-b20b6d11e433,9ad64ebd,2024-12-18,7338.81,payment,legit
8474f13e-ca33-47ea-95e8-ac9f73b42129,f9321ff9,2024-06-10,2846.55,withdrawal,legit
a15ea94a-2cfd-4f21-a9cc-c9c9837bdc7e,51b15b3e,2024-04-27,3177.85,payment,legit
97c56f3d-0877-423e-b978-b1bb9005d791,1ac91e8b,2024-07-11,3100.02,payment,legit
6067a9e2-4d28-43ac-9cc1-19b3130183f4,f8abe489,2024-09-08,7478.92,payment,legit
abb5275d-7484-46e2-b498-38d931ae5c59,1bad9b40,2024-04-09,5568.15,payment,legit
48cfa064-d179-4097-8080-d57b4f40060e,89b9c543,2024-09-25,8829.52,transfer,legit
8e5f4845-ddbf-4210-83b6-c79457a7e141,acc19486,2024-01-19,3073.73,payment,legit
0e870267-4183-49e0-878d-03cc7cf391be,9f30e1e2,2024-01-18,6919.93,payment,legit
4bb775f4-c21a-4b00-b9ea-7088460fe6aa,be7a30f1,2024-05-20,7529.49,payment,legit
35c1b835-70c7-4228-80f8-395a07c34b85,059f9e6a,2024-05-09,1514.82,payment,legit
42d3733e-ae0f-47f0-bf49-248df2ba0772,c4f80532,2024-04-25,4005.89,withdrawal,legit
d280c683-eaad-4fdb-adad-73cb488b4a96,32334ca3,2024-06-28,4828.17,payment,legit
4d2c03ff-3de9-46c5-a235-be8a06df7483,852a9f30,2024-04-27,3556.87,withdrawal,legit
34ad022a-cc53-48ae-b9db-235a3b74283a,05359c45,2024-03-11,3221.13,withdrawal,legit
069567db-b921-49c1-9a74-b6228db88771,33a814ce,2024-04-22,6864.2,withdrawal,legit
1446f0da-d2f1-4447-a51e-1c418c18fe43,a110ab35,2024-12-21,2158.66,withdrawal,legit
d09e960c-e2f6-43fa-9eca-963291726d35,1e43f491,2024-05-30,7093.91,payment,legit
25dd9721-9ff5-4b84-a101-6e350cb8b71e,51b12f99,2024-06-11,9350.44,withdrawal,legit
2105b252-f080-438b-a9d9-f39777285c1e,9312d93f,2024-07-29,5651.98,payment,legit
08752847-28c9-42f7-8dd8-0e768f5f2510,7300b4c5,2024-12-24,6114.34,payment,legit
2502135b-3582-48bb-b07d-bb57195cbfa1,439b19c8,2024-03-29,689.33,payment,legit
2cc48802-143c-4f81-8ff2-628a98c7b0b6,13c89971,2024-09-05,8644.77,payment,legit
498f5a96-48b0-4afa-ac2c-a2810288f338,ab12a7bb,2024-09-18,2854.48,payment,legit
54115e84-fa41-4a40-9ca1-3054f5ce846b,31613316,2024-08-09,6150.51,payment,fraud
58c8996e-b0f1-4592-a5a6-13fba2b6f7f0,e54feb50,2024-02-02,9791.12,payment,legit
67b725a7-efac-4320-8dd3-292475bf6bb8,8a8d0d05,2024-09-04,5955.03,payment,legit
11d649d8-c0b6-4bdb-90cc-a70d9015d533,d1e1aaab,2024-01-24,7247.09,payment,legit
a4baa121-01bb-419e-9a5b-8871a783a178,a874f0d5,2024-08-05,4453.2,transfer,legit
046d6567-a5f5-419d-bd34-7f865d624ce0,fd77fdcd,2024-09-26,603.66,payment,legit
a72fa231-bb17-4e51-b04b-adb7b920c76f,f2502c30,2024-03-18,7975.99,payment,legit
b2bad17f-f49b-4218-acd6-1948392a2f1a,2d2a1b0e,2024-11-03,349.99,payment,legit
d138695d-e2b0-4842-a397-a58f614f79cb,a60b9f81,2024-01-12,7006.58,payment,legit
4366538c-8fdc-4127-b312-c06cb4d964bc,1e092301,2024-11-03,229.22,payment,legit
33d3ea58-bbb7-4d65-81db-3e81498e5afd,0644d30b,2024-06-17,8623.05,payment,legit
0075871d-2a84-4215-ba9a-18da2b321036,f0989bdc,2024-03-20,1576.36,payment,legit
8b1e2451-e113-4218-be45-9b7d14725e8d,6f8f5233,2024-02-18,5142.71,payment,legit
09b607a8-055b-4103-bbcb-315f105431a3,f964c067,2024-12-13,5971.51,payment,legit
a55a3130-ebb0-4f0b-9fb8-64549bffbfa1,ba34c15d,2024-01-27,4575.45,withdrawal,legit
c44b14d2-ce2a-4851-be32-403a26be479c,eedabae5,2024-03-13,3407.63,payment,legit
de585989-16ca-4d08-b595-9d4b0e43f102,46b072b2,2024-05-06,4678.14,transfer,legit
38ed5b56-5ee0-47de-a5ae-8c029e95691a,da4a19e6,2024-08-14,3114.16,transfer,legit
7035e31f-41b9-4ea0-835e-66da520ae445,22ac1a25,2024-07-17,4381.22,payment,legit
e381c20f-31d2-4ff2-a54c-a39fb78b0724,da6b55ba,2024-02-15,3589.13,withdrawal,legit
bba1f9a9-224f-457b-b549-77968a0f625c,fdbc84bb,2024-04-15,5662.05,transfer,legit
06d45f9e-465b-4c13-bc48-b6e23444957c,2c97c45c,2024-03-28,2379.24,payment,legit
fd476619-ed11-4e32-b03a-06ce42fbb8c4,713d01ec,2024-03-18,9886.57,payment,legit
c729d344-ca0f-4c68-9042-b28f81c0556b,e967daf9,2024-05-30,5008.7,payment,legit
ca658a88-ac1b-44d0-83f4-e617532a694a,0dd56147,2024-09-13,1941.62,payment,legit
28eff6ee-2c72-4dbd-b1c6-ee901836db3e,5a5c6ed8,2024-03-20,4770.67,payment,legit
94f9c80c-1241-4837-a0cd-2371c9cc2268,9418b5f9,2024-05-13,8664.15,transfer,legit
135e6f08-bc50-4f11-beab-6e4908e7ddfb,2f0b3c9e,2024-05-22,218.07,withdrawal,legit
fefbb1d4-24c0-4d33-9faf-9d7ceb4548fc,ab6b6991,2024-12-22,6795.54,payment,legit
ac68ba06-aaa4-4bd7-8696-efa824e14b12,10c953ad,2024-12-14,5479.68,transfer,legit
ce0740f9-87a4-471e-bd35-c681f6f289b6,84b20410,2024-10-19,1695.58,transfer,legit
74fb20e7-71b2-4c0b-8cc5-4fbc4b74c200,5e966fec,2024-03-29,8174.76,payment,legit
13e9af49-30f5-4679-b8eb-5a1d8ba4da97,632405e8,2024-01-25,3688.85,payment,legit
8eac9c74-cda2-43ae-8cbc-23ef864b22a4,ea510c10,2024-04-25,2938.02,payment,legit
2ce82407-9809-4450-95d8-f1d789e43f58,1e166034,2024-04-07,8281.25,transfer,legit
b48c037d-73c2-451c-bf0d-9b40790ee15f,739b345d,2024-07-03,6385.25,transfer,legit
552436f4-80bc-4941-877e-9fd2c2326800,f5890bd2,2024-10-10,8982.59,payment,legit
d1d57475-65e3-45ab-98f4-7a99d5de793a,318022a2,2024-11-09,6298.84,payment,legit
d3247f08-5d8c-4d1c-8dd5-820584f89f63,ba8c2c41,2024-11-04,7408.18,transfer,legit
c708eb4c-8b7d-4ece-a207-d447975ee17d,0a15cb95,2024-05-11,8364.46,transfer,legit
647c0583-420f-44a4-8300-4c96d2f921c9,d45bce40,2024-09-07,547.4,payment,legit
b5bcb63d-c8c2-4c86-b243-4aec5047a2d3,af8b2cb4,2024-04-24,7760.49,payment,legit
8b8ec59d-ac96-489f-921e-10f76ef2293c,f77294df,2024-01-23,6137.06,withdrawal,legit
4eecd543-b1d8-48b3-a0ed-502736449c0d,b2259015,2024-09-13,695.08,payment,legit
3fc344b4-f7da-47fb-8342-4957091b6598,9e283af2,2024-01-04,5085.78,payment,legit
418cd13d-4376-464f-b4c1-4970418fa135,74a2ccd4,2024-05-29,824.58,transfer,legit
a59a9d6c-c261-4bf3-a264-53956caa0665,5122d672,2024-04-30,7359.47,payment,legit
88fe37f3-4842-4ed4-a8ae-f29a1ff82eef,c32ea8b5,2024-09-10,5465.02,withdrawal,legit
bcdacd30-5b64-4a73-9241-e2eb2fd208e0,26ce5c29,2024-10-06,9535.74,payment,legit
96f7032f-89ef-427f-97ed-dbcc8da3b382,66209c31,2024-04-20,1831.35,payment,legit
6537cdbb-abac-4d59-b1ae-b312232eeb2a,5154b1bb,2024-10-23,6060.33,payment,legit
d0cec99f-a1be-4a21-8a48-f41d42d3bffe,44a93652,2024-04-17,2115.82,payment,legit
bbf57bac-b944-42d5-a4bc-7a3b52b18159,b607585b,2024-06-11,6140.65,payment,legit
e8b3a88d-e51d-4f9c-a0bf-9970c5edc168,a34f9b0e,2024-09-22,7226.5,payment,legit
fb6493ca-8e7f-4927-9913-c91376301b88,aeb5a7c4,2024-09-09,7223.04,payment,legit
b2517cbc-df64-403b-a79d-a2eba5ffc0d2,a5fa3f20,2024-12-26,8150.74,withdrawal,legit
641fe71d-8f88-45c4-97ca-0df1361f7a51,b6a6fe64,2024-03-23,8535.5,payment,legit
031f4e56-1b98-476c-8a82-28c8fd7941ec,64af3e09,2024-08-29,772.72,payment,legit
ee85e062-00fa-46a2-aead-1eded20a74f0,aaab7504,2024-08-10,3432.67,payment,legit
dd586329-3258-4cc9-8ce9-154a6e8ec6b5,5112d998,2024-11-30,6871.23,payment,legit
6f4cec01-fce0-43eb-92eb-c6f3f54d3311,3670d84a,2024-02-27,4985.86,payment,legit
8e77762d-29d6-4c7c-96a1-6189816e955f,79ddfef7,2024-10-01,1906.76,payment,legit
4361a24a-8869-4e10-98ee-279d542dfb31,de640bb9,2024-07-26,5527.1,withdrawal,legit
e2aa4dec-8fd6-44be-a67a-6cbdc9a19282,27251e2a,2024-04-10,4074.36,payment,legit
62809456-662e-4561-96b3-393869c9cef6,c3a0f0b6,2024-06-22,3900.38,payment,legit
6317a7ed-3792-482b-8c63-cab123453e42,77270c10,2024-05-01,8097.54,payment,legit
0cb1b097-b5dd-458c-8a15-657d2d143a13,1612e020,2024-07-30,4075.98,payment,legit
f21f873a-1051-42c1-956d-e713716a4217,9fdfb8be,2024-11-20,264.55,payment,legit
3a657635-538a-433d-b54b-e2251ae547dc,2f591fa3,2024-07-26,580.63,transfer,legit
3e023915-f317-47ba-bf84-433dc38b8586,39e80910,2024-08-18,8562.44,payment,legit
df156b27-b6cc-420d-8c25-2f88c21fca16,de4de46e,2024-07-08,9606.01,payment,legit
4d50e52a-1164-416e-9191-d41acbdc93aa,c2cdff47,2024-01-19,6884.09,payment,legit
44202090-8968-45a4-8c58-d96c5e615435,e490f063,2024-03-25,3643.68,withdrawal,fraud
09fbbbfd-0a74-4c93-b91b-41e94ef1a532,18e79235,2024-06-28,9386.0,payment,legit
7b872a59-dcb7-4539-a1bc-5f440800810e,88934731,2024-04-23,6628.03,payment,legit
a0cfda3c-7cf9-49d4-bd0b-82689e2a2a33,bec41826,2024-03-07,8443.34,payment,legit
432406a0-7973-4f38-8a0f-6c0fb149202c,e8065598,2024-07-03,7658.52,transfer,legit
0aec2f37-699b-4094-9d86-335aebdbb772,cb0ebd06,2024-04-27,3791.39,payment,legit
48b9b56e-a526-4a9c-8f11-9cf10de25ce4,ebcd33dd,2024-04-04,4787.02,payment,legit
4bf6c74a-c2b1-42b1-803f-ccf2d07c527f,f54160f9,2024-06-18,1861.32,transfer,legit
ae738534-5723-45b2-84d1-aa70b9ce2e17,1b0055d1,2024-02-18,2920.14,payment,legit
2a77eaaf-0ef9-4f2e-8be3-75b25fe3bf41,72a803fb,2024-12-04,7781.26,payment,legit
8bc5da0c-0db8-46c4-a6fe-bc51748f41f8,d768577d,2024-11-12,8939.78,payment,legit
3d633e50-9c35-4f78-82db-9a42bca2f0d5,16dc45f6,2024-09-15,7244.6,transfer,legit
b907758f-dddd-4416-a838-55567fcaf087,3ff07ae3,2024-02-08,4651.74,payment,legit
de5e7a95-b6e8-425f-a278-025d259ed4ea,2090bdd9,2024-10-10,865.09,payment,legit
74cd074b-0461-44ea-b8fa-bb3ca1c3b260,ca952303,2024-10-21,569.48,withdrawal,legit
0f0fa41e-cd6f-4090-98ee-c576dac0f144,376124e8,2024-10-07,3743.26,payment,legit
a1842dc0-774a-4c45-a2aa-9418a6ea44fd,506b6503,2024-02-11,4638.22,payment,legit
fa09dcb1-0e4b-4571-8fa7-91e468fe79f8,90ded443,2024-08-23,6091.21,transfer,legit
20182966-9836-4208-a67c-44d923e4a3c1,007c1f48,2024-10-31,64.9,payment,legit
62ec9103-822c-4bfe-99ac-47a42fcbb3dc,63f931a3,2024-07-29,9897.23,payment,legit
da1a36a4-579e-4843-bb10-ad3714dcfbfa,50903406,2024-08-23,3639.39,payment,legit
660346d0-6b40-4c16-935d-ac690538f4c8,19f016d8,2024-06-16,8480.95,payment,legit
1ed0d79b-aca0-4073-8b28-e5d2bd1667af,d16b70b3,2024-07-11,5349.67,withdrawal,legit
1050f709-e5e8-4898-98a1-03b75da158b3,8a14d854,2024-01-13,1304.39,payment,legit
b1dc2cc4-d305-445c-8090-37f3a2bcf188,fb1b8748,2024-08-21,7975.66,payment,legit
c5a3e1e4-cb97-414f-80a4-c52090468a7b,bd24d7a7,2024-01-30,7098.27,withdrawal,legit
71719a32-914e-41b8-a600-a1e1074deba0,adb96f4e,2024-06-07,5274.36,payment,legit
c15c626d-5274-46e6-8f89-0a0584b54d41,d7b4ccb6,2024-04-16,5145.53,payment,legit
121c0149-2c2d-441f-926a-d33624b362e8,6e0cb167,2024-07-18,874.8,payment,legit
54059200-deb2-4441-97dc-6935513f48d4,0910d0f2,2024-02-18,6558.49,payment,legit
54ce87ad-64d1-4c5e-b309-cec287faf7dd,32a7563b,2024-09-09,9112.45,payment,legit
fb42547b-0bf9-4235-8f85-728633fa1d13,0433039c,2024-10-17,932.45,payment,legit
167c9a6d-4e58-4541-ac89-b4f8887b1045,9976bfae,2024-02-29,2635.11,payment,legit
e6a6f424-5056-4907-a2c8-97585aae4faf,a5f7ea00,2024-02-08,9023.08,payment,legit
8a201a90-25dc-4956-bc25-585f3084eeb4,10ecf4a4,2024-02-23,2843.44,payment,legit
3c2375a8-5f0e-4939-b2b2-ee53fd647bff,a9c12bf4,2024-11-16,6539.44,payment,legit
5a559460-6dde-4ea7-b362-15f474aebbb4,94eb8af2,2024-07-11,5348.18,payment,legit
2edb4fb8-e694-4ea8-8c8c-458e5e576602,f0344c47,2024-06-19,5963.28,payment,legit
887fc11b-7b8b-42bf-9f12-bce21b60fe7a,336ab62d,2024-02-08,4157.89,payment,legit
95cad46d-0a67-4139-93be-c6565f1eecca,cd961c92,2024-08-25,2999.91,payment,legit
44e9f5f1-5f16-45e7-a3be-eed183f09063,8fe3c718,2024-11-12,485.33,payment,legit
122bd377-ef88-482b-9c34-72cfe7da9f15,edf6b126,2024-10-29,7442.81,payment,legit
023767ea-17b8-4176-ba13-93adba36f8b1,ce251029,2024-08-16,7460.93,payment,legit
04ce3f97-bb8d-4d91-b7f9-52073df584e8,274e255d,2024-01-28,6707.26,payment,legit
c5413c19-6813-4991-bf89-aeec3b6de37a,1c535eb6,2024-02-11,6436.34,payment,legit
a4049d4c-343f-4aae-9ec9-a3215ca340e3,0531d6eb,2024-01-18,2437.17,withdrawal,legit
2e5d79b3-f7ad-4272-bb5e-1498515189b3,9ee62d0d,2024-04-03,223.45,transfer,legit
6ae9f903-4828-448b-9ad7-f24116185682,b60ab441,2024-02-19,8087.15,payment,legit
4591b91a-90c0-4fa4-b55a-0909a4b8ad2e,5feece56,2024-04-04,4911.39,payment,legit
fa23f78c-1075-4ee9-bafc-f7bbbb227240,7af9aeea,2024-05-20,3068.38,payment,legit
0ccce601-8fd8-43c1-a837-5f98693e2e28,fd991893,2024-12-10,1019.32,withdrawal,legit
7881a820-6463-4488-b190-97b7042e862a,d65a2993,2024-08-10,627.22,withdrawal,legit
1a012cee-a89f-4530-ae43-b708e90b36d4,8816c6b8,2024-10-31,3488.67,payment,legit
723051ff-4db8-4942-bd61-1b8985895cd8,6f701db4,2024-09-16,8047.37,transfer,legit
5a35e0fa-a005-4587-8e01-0a5fa9d2717b,1f94879a,2024-02-11,9187.24,payment,legit
8204a2a8-7795-480b-b380-3464d61d0ab1,efd514b2,2024-09-25,8967.51,payment,legit
73098c96-00ca-4e7f-bc53-2c21f33a9de1,375e73da,2024-04-10,9200.01,transfer,legit
cf7692c7-740b-4e7a-990a-c2b4822c7ece,63d3b52f,2024-08-21,9077.25,payment,legit
8bed2830-4ef4-444f-a6a4-fa2236667d3a,18f7657b,2024-05-04,5272.25,transfer,legit
fd381cad-5acf-4651-8b1e-cdfa75b60455,03966de4,2024-12-30,2194.16,payment,legit
e50ee41d-0a1e-455f-98d2-47b753028f5d,5347ed36,2024-04-06,7980.47,payment,legit
1b847bb7-06f5-4f05-a580-f84e5597173f,885f2c5d,2024-04-11,2137.13,payment,legit
49cea125-f8f0-40d9-a2e2-a88105f4f02f,b304da56,2024-12-05,2672.07,payment,legit
ad1a3289-923b-4d48-b48e-04f811ad31c9,e917acc7,2024-01-09,2332.54,payment,legit
a3f65e76-260e-4f63-9ed0-3ddf832c0dff,5b25459f,2024-09-11,5149.82,payment,legit
f61e8e3d-4707-48b8-9744-6822440e22f4,2f0bcf5b,2024-09-21,3218.28,payment,legit
333fa3e0-e123-4d3f-9e32-9d779b2ae5e9,6640373c,2024-11-01,1541.56,payment,legit
a0903e22-96a4-45ef-b487-9b961df238b1,7c2c5960,2024-12-21,4531.73,transfer,legit
41c78143-f8d9-49b4-a845-5dd340397e5b,289719eb,2024-12-22,8739.07,payment,legit
e6438992-82d6-4979-95c8-d66c9a9ae318,4ff76b19,2024-01-24,5705.53,payment,legit
622f28c5-5e02-4c6d-86ed-1fe0c6c754a3,41bddb47,2024-10-26,8783.36,payment,legit
9f9d8b20-1081-449f-b276-a8375d391c8a,f2f54e20,2024-08-23,1958.72,payment,legit
ae6dcc9b-a6e9-4060-94bf-6f1d4536fe9a,4b3f91fb,2024-08-24,1669.74,payment,legit
ce883701-983b-4d7f-89b1-e4d45aae9e13,185f81e7,2024-02-16,5755.77,payment,legit
42540019-3f24-430d-96a8-a1d3606351b1,cbc2a0eb,2024-08-25,4633.29,payment,legit
bf4fcdbb-dd61-48f0-a3a4-34cfaacb7559,d817323b,2024-12-24,6601.73,payment,legit
82e20fbe-ce41-45a4-8fe8-5519645d7b5f,e93faf1d,2024-11-28,7946.27,payment,legit
5a955880-a746-40a9-9774-0e7ed774a3c6,f57f4621,2024-06-09,7513.07,withdrawal,legit
4ff81b77-34af-4159-91b0-0a9604026366,2ea633a7,2024-01-15,9422.61,payment,legit
d26c4585-23b5-4a54-8d75-9726985a22be,a14befc2,2024-05-12,3982.56,transfer,legit
dac9cefb-9a6c-4b5c-92fd-141a30c73e40,b3c4e200,2024-10-28,2063.87,payment,legit
2c16a921-d521-4cc4-8efe-8b9f2f268482,2f3ca51d,2024-09-13,5509.13,payment,legit
0e86ab69-0757-4a35-931a-5fcdbe9da03e,b5fc5db2,2024-06-16,1107.43,payment,legit
a866cf80-91d8-4e5b-b5e4-e8f83e0991e2,6a6f002b,2024-01-21,2888.51,withdrawal,legit
8662dfc5-79c5-4521-b4ec-fca809a12bcd,f5f5aa5d,2024-06-04,2078.88,payment,legit
27ce411f-3111-4306-a815-4994035ba18c,27e01d3d,2024-06-20,3965.64,payment,legit
cd32c5c6-d45d-44be-8028-2021fda0487b,b8d9e25a,2024-12-04,1112.17,payment,legit
4e48ff05-54aa-4ff9-b33f-95709d3e3225,781059a3,2024-08-21,318.42,payment,legit
a8237c7f-afdc-489d-ad8c-6b0f13b51249,d45d6c7a,2024-04-23,6567.94,withdrawal,legit
2f206bd5-586f-4320-91fc-47bc223d0e90,61523b28,2024-07-10,6102.49,transfer,legit
3701a658-18f0-48db-9a84-59dbb53134b7,9e5a3920,2024-01-25,7083.59,transfer,legit
f8161ecb-e534-40af-a997-bdc39cd31c58,2f62cb43,2024-12-20,6603.86,payment,legit
35e8d1fa-ad9d-4aa5-927f-91bea70f4ef6,28980db9,2024-05-11,1142.95,withdrawal,legit
77e5547e-2697-41cb-8712-b0d50642d40a,50b7b3ab,2024-06-23,2910.79,payment,legit
1ee81b49-2bc6-48e6-bb87-3c96598d7459,5178cf46,2024-05-09,1295.27,payment,legit
b1a7da0b-1b38-480c-a57c-2b066397b06b,2843878a,2024-09-06,8429.72,transfer,legit
41408a88-6823-4954-860c-9b48e0dc6581,6f6e2a6d,2024-08-29,7469.04,payment,legit
a490a471-a299-4f80-8834-ff19c375a7e6,958c8c40,2024-09-18,2015.27,payment,legit
8fd5492d-3b05-4c4c-8ba0-f1e37b23280e,657e9b91,2024-04-07,3413.09,payment,legit
0c776fc5-4011-46ff-ab21-31be3e3cab41,f70ca18c,2024-04-25,9666.15,payment,legit
8eab4d95-9952-4b56-8843-faadf57658bf,9db7be45,2024-02-15,5941.59,payment,legit
584e6330-ecc3-4ab9-90af-c3bb61fff695,d52945d1,2024-08-27,8011.56,payment,legit
4aeffbd7-9ad1-4875-b3d0-1722c3284ac6,ec633803,2024-01-15,2645.91,transfer,legit
d4816a8b-effc-408b-b8e5-d78a503c49df,cf00fcfe,2024-08-06,2100.53,transfer,legit
a7d88801-2866-480a-9670-395c2352b4d2,3a1736f7,2024-11-13,7839.17,withdrawal,legit
303ee070-916d-407c-b661-0a64be95fd93,e730a9b3,2024-11-21,6858.72,payment,legit
d05d8705-4fa1-4180-b600-e0a3550df7ab,696d62c0,2024-06-12,6809.78,transfer,legit
2e8653f7-95c1-40c4-9a31-7d549a419d22,5319bcb6,2024-06-16,5526.35,transfer,legit
f712b66b-997a-474d-b906-32b81c12b8ed,0cb266fb,2024-01-29,5635.78,payment,legit
d6f63020-914b-44cd-ae22-dfeb9d8ac32b,ba133c3b,2024-09-01,7356.98,payment,legit
3257b30b-6f9c-4504-a308-85f67bcffc49,585ed2d4,2024-10-26,2700.02,payment,legit
79c3bca4-95ea-4b44-9202-4c8df0bccece,3f8ede3a,2024-03-30,3527.68,payment,legit
a3d26fd2-a446-4db4-b177-39f7c64281ee,907d262a,2024-06-02,8716.37,payment,legit
bdaadb1c-6f7c-409e-af9d-b8d00732825b,59727aea,2024-11-02,3088.65,payment,legit
9904ec2f-c315-4640-b289-b1e2075e1477,e2b68c0e,2024-11-16,5463.1,payment,legit
c78f3c22-5347-4517-84d1-5470f70dee49,b1df5547,2024-03-29,7026.39,payment,legit
4b1f0619-a57a-416a-beb3-a4ada79743dd,ec05bdc5,2024-07-19,9999.25,payment,legit
58f5084f-9b68-473d-83ac-b252ccd3e364,7efa422b,2024-03-11,4352.91,transfer,legit
5412b969-af07-4e59-a77b-5bef96497c27,2830b2ce,2024-02-07,4280.93,transfer,legit
05da5e0c-a0ec-41ba-87d8-b8f4315ef917,a9e8b173,2024-11-28,8425.88,payment,legit
0c475256-e444-46b8-8c2e-37220e5b2da3,054e5753,2024-10-26,8055.03,payment,legit
051bde1e-6ce5-4fc0-a376-6c56d755fd8e,0a3160f3,2024-10-04,7310.76,payment,legit
165081eb-60a8-4168-a23b-b35c41735a77,d576db40,2024-01-18,4632.3,payment,legit
0693f4cd-be7a-42ba-a322-bde463f11725,c0071e30,2024-11-03,3239.39,payment,legit
5c931b41-e815-461f-abce-f51177dcc702,4db47401,2024-06-08,6087.3,transfer,legit
515d1dd8-ce84-4d45-bdf6-5b3f09637bcb,da6cd059,2024-05-04,8762.23,payment,legit
d03852b4-a287-4361-bbf7-32fde46ec415,f4a8d5dc,2024-07-18,8837.77,transfer,legit
c64ac5f5-0bbf-467e-a018-3e2cbfe686e6,28fc94fe,2024-02-03,1084.98,transfer,legit
1b096158-9fbd-4782-97f0-5660e16b1d63,baddb428,2024-10-03,4283.5,payment,legit
d6e81fe6-2096-4d33-9688-75a77847245d,2c0620d4,2024-07-31,4647.22,payment,legit
7544ec12-01ce-40be-956a-5b0a14a7566d,ad88a934,2024-03-09,9776.15,payment,legit
a0b6aa1d-9c63-429a-9c53-ad0693a11896,55c74f6c,2024-03-09,6779.98,payment,legit
75637f08-facd-4b77-be35-f499191d83f6,d5dac27a,2024-03-08,4072.46,payment,legit
f1c36d42-b2c7-4768-83fc-fe02b5848089,fdfb43b6,2024-01-21,260.58,withdrawal,legit
e314ab5a-f0c5-4e4c-8484-bf7ad93e0f97,67a99fb2,2024-08-02,5653.85,transfer,legit
574b9c18-7da4-44dd-b08f-844476079651,52baabaa,2024-11-02,960.76,withdrawal,legit
b4f6a932-2fdb-4c86-a701-31a2eccab9a0,cdeb2a58,2024-01-07,8344.5,payment,legit
3c0cada1-d353-4bce-b57f-6ba6b3f9edc9,a5492309,2024-01-18,7525.19,payment,legit
40981a7e-e516-4c20-8efd-eae3472b420c,67840df2,2024-07-28,4605.09,payment,legit
508890dd-38fd-4ed5-8d46-de30d68a00ad,63f041a1,2024-10-26,4292.11,payment,legit
a17bfc4b-d2aa-4bd8-9965-8e2759686c7e,e4238f89,2024-04-29,8973.39,payment,legit
807e876a-130d-419f-aefd-6d088f02731f,fd419d7c,2024-05-07,2884.58,payment,legit
6a1efbce-1b87-4177-89f5-ae290c485413,bfeb9a5c,2024-08-05,2490.2,payment,legit
9357dd15-3643-47f4-ba7c-df53b6628a26,041f423c,2024-04-10,9391.97,withdrawal,legit
0ae18891-43b0-44dd-ac02-33b5fd5d8b41,18d1a256,2024-01-10,8092.46,withdrawal,legit
1a25fe3c-fa5a-4b34-93a5-8c255b57cb70,7ac8e7dc,2024-09-25,8206.26,payment,legit
ab0c8ea6-b066-49f9-8020-045b2d36fc57,660ca5c3,2024-08-16,1951.94,withdrawal,legit
d7e3e4c9-5813-4e9b-ae97-f6e364a8d9c7,f7e538e3,2024-07-30,1432.96,payment,legit
23b4a9c0-75ae-4964-a31a-d3c5b51e117e,e2026c1a,2024-09-27,260.3,payment,legit
bdff8fd8-ffec-451b-9bb4-6455df5475be,621f776d,2024-09-03,2370.42,transfer,legit
4b7b8b2e-faf5-4644-8d67-70b256114657,cce459c9,2024-03-16,7741.9,payment,legit
9a937390-cd0b-4dca-b80b-33faa32bdc35,ec4afb7e,2024-05-08,2400.38,withdrawal,legit
6efb25bb-0a1b-46c1-9723-da1a92c9fe1e,e1e0c9df,2024-02-16,7291.03,payment,legit
e51eb480-5f73-4c67-abc3-8bbef1e8dc08,3b961c37,2024-02-17,2519.08,withdrawal,legit
d424c6b6-822d-4b7a-964a-e8097abe6904,c201de6b,2024-09-03,3952.92,withdrawal,legit
b2714208-61d7-466b-baca-14f7bd3baa61,6d0543ca,2024-11-09,9831.62,payment,legit
a8ee11b4-748e-43fe-a71f-3c4d94539499,f7c778fc,2024-12-17,2448.12,payment,legit
063e53e7-4f99-43ab-9fcf-4ac42cb8604f,44b17d02,2024-08-17,3763.71,payment,legit
af08f7ad-186a-4ff4-ab17-60a521926555,cf992868,2024-03-08,3010.87,payment,legit
07ea6224-e089-40d7-a17c-63dd342ec080,60ac3db8,2024-02-08,1096.25,payment,legit
5465c369-0b69-4359-a196-4083690656a8,b3581263,2024-10-23,4898.94,transfer,legit
4066a3fa-35ff-4776-bd84-11bf40d6301c,498fa9db,2024-07-30,3786.91,payment,legit
555cae7a-805b-4b53-8f0c-e0a18bdedfb8,36c49fcc,2024-08-13,6948.87,withdrawal,legit
db3585b9-327c-4cf8-9461-e90df9522151,555cfe40,2024-10-12,8175.95,transfer,legit
d33543bd-7dce-4a0d-add4-72a1021aa3eb,790b9faa,2024-09-13,5442.5,payment,legit
b9b90023-5798-4e70-9011-12432a0c7544,378ce0a7,2024-10-31,321.96,payment,legit
ebb7c893-e7a5-44d4-8dd6-668fb9b48a5e,f37fe00f,2024-01-21,6189.22,payment,legit
7708da43-27ff-4b39-a781-77cd30ff00a0,5d2fb67f,2024-09-29,553.91,payment,legit
4ce59035-ba77-4480-9d4f-7c5129b9d83f,830dede7,2024-11-06,6163.56,payment,legit
b98a81c2-11b3-4bc4-99f2-22b8892aa889,b4d0a620,2024-04-14,6850.3,payment,legit
bb6bcd5a-fe0b-4bd3-9c84-07ebeaf8c883,c6942067,2024-08-21,1977.68,payment,legit
4eb115e9-60a3-4e0f-bd4e-7311648fc032,e1637eb5,2024-04-24,8193.46,payment,legit
c39a884b-628c-4815-a6e9-b8abad30592f,891989d6,2024-12-15,9110.85,transfer,legit
b294b996-1feb-4cc2-a0ef-56d3a0844142,f194d5d4,2024-01-13,8130.87,transfer,legit
f8bab810-8671-44d8-9230-e89cf3a5af63,14c7e465,2024-07-30,3051.09,payment,legit
b17ca815-9dd5-4bda-be14-3a2f0b588c0d,083975f8,2024-03-01,5866.43,payment,legit
f083394f-e3fa-448b-9e71-c0d6e0ccd480,3e4c6464,2024-09-16,9148.15,transfer,legit
e789e3a8-59f7-4f0f-8ee8-c74e11217b15,0fa00062,2024-03-05,3206.65,withdrawal,legit
2d4eb591-abee-4956-a9d0-396a6a554a7e,fd733bba,2024-03-26,8200.28,payment,legit
904e3884-9efb-4133-92a9-5c96011dae14,1cf39fb5,2024-06-29,94.75,payment,legit
b0781a67-d1d4-405d-b540-fe3377948f85,3dd11c21,2024-11-29,36.47,payment,legit
98d972a5-9ead-4d33-b5ea-9f5fea2d32ec,d3475de6,2024-03-18,7597.12,payment,legit
571deeb7-82ea-4e2d-bc1f-0a507b2c1e88,217e3f1f,2024-02-22,7614.48,payment,legit
e68fb9aa-7f6f-4e27-8a9b-fff8623fc97c,5fc15279,2024-10-04,7889.77,payment,legit
9639dff9-18ed-4184-8ce8-7d34f19ec984,280ab6f7,2024-07-01,9300.27,payment,legit
e8ec9be2-43d0-43b3-862d-d6be6b458d28,5559eabe,2024-11-28,1179.06,payment,legit
755b4a35-5e0e-4453-b6d8-d21de12335ee,fd676e01,2024-02-23,2319.85,payment,legit
8af11036-d5d2-44a6-b267-b021d39b2734,9e81b7c4,2024-08-23,9037.25,payment,legit
482c6a82-34c1-479e-9fdd-3965cbfb0df7,1c802203,2024-03-26,1772.36,withdrawal,legit
484a7cbe-cdbe-4af6-baf3-0d3a40476606,291d4623,2024-02-27,6822.29,payment,legit
5a3b8f97-a177-4e94-a1d9-0abb27984861,18f4f507,2024-09-06,5304.63,withdrawal,legit
3096d61d-f54e-4ee7-9d3e-b626d8de4de9,dbd69dbf,2024-08-04,831.94,payment,legit
9e62abef-bced-4612-918f-448c08d1e210,aac8cb41,2024-10-02,2852.64,payment,legit
37e95f63-b95d-430b-857b-3a7036f65eb9,aa726260,2024-04-22,5203.72,payment,legit
861604a0-ffce-477c-a001-c549ea51f0bb,ffc5a49e,2024-06-12,8523.5,payment,legit
5323e124-abf3-4af1-b4b7-3ec83c2c147c,1cc51576,2024-05-27,7075.38,payment,legit
c7affa9a-44f1-41af-8f95-97755b422a6f,f8c11301,2024-12-25,6218.83,payment,legit
d5c35427-ddbd-432e-8b9b-69fd70c39d0b,bd08707e,2024-04-16,4960.33,transfer,fraud
3dd02f44-2e26-4a04-9446-d4485ab2f6ce,a7b7cf87,2024-04-17,2986.84,transfer,legit
26103a67-10d9-41a5-9d40-f8e1a0a57eeb,f3d5c1d6,2024-05-09,1192.45,payment,legit
8f32abc0-ebb1-4a8d-8250-ec9dea647c1d,9a69e7c3,2024-07-25,4090.76,transfer,legit
5af43ccd-e3f9-4273-83a2-4da6da718d33,de576f41,2024-04-02,285.18,payment,legit
e7fe55ea-54bd-4520-98e4-859068a9c5de,ffbeb6e5,2024-11-30,2110.56,payment,legit
24f53223-663d-425e-934f-8ed308fd7341,d6c7f05e,2024-04-06,4324.83,payment,legit
70db428d-6e0d-487a-a257-b0306929ae15,22ab8ea5,2024-11-22,4186.05,payment,legit
84037051-2379-43f5-aec4-70006a462bfa,4b5b8337,2024-02-07,442.95,payment,legit
fc47010f-bc90-41a6-91b3-c9f95b9be38e,dd413ab6,2024-08-27,5890.6,payment,legit
1bedd734-8c48-4fa4-8b7c-828e25ad62d1,d6b391a1,2024-11-27,5496.84,payment,legit
794a7287-338b-4d23-9a43-a19ce04ca751,e5c3afde,2024-03-02,781.04,payment,legit
4e7f1d23-835b-445e-9292-f40e8a0931e5,44065c85,2024-12-19,9431.63,payment,legit
6eeb2f7f-1093-4ad6-b7a2-363c9f982310,7128628a,2024-06-14,993.83,payment,legit
fd32aa3a-7785-49df-bf46-384f08fcd7ff,6f6ba9ef,2024-12-11,8548.34,payment,legit
a993cb69-ae90-4f1c-bd68-ba8d41b5bc27,334a604b,2024-09-04,3.1,payment,legit
23ed86bd-2c21-4903-a991-7380806d7d08,36ef2477,2024-04-20,8822.81,withdrawal,legit
6c48abbf-d868-47bb-9761-a522612ecc4d,ca3686dc,2024-03-09,197.2,payment,legit
ce6d45c9-3769-445f-94ff-a82d77ce9382,dd015b75,2024-04-20,7578.12,payment,legit
d2311666-7b93-48e6-95fa-35548a5604e4,f88e1c9d,2024-02-03,3616.91,payment,fraud
cf47a526-1197-424e-bfeb-1cb9e0e31cfe,247f7039,2024-02-22,7382.17,transfer,legit
3fedc2ef-25c9-49db-9ff1-3edc241138ad,e9497782,2024-02-08,4017.45,payment,legit
bfb5f17c-dab2-4588-835d-8b36184abf3f,c80c3044,2024-06-03,709.08,payment,legit
fa6d5b7e-a820-49d1-ad1c-a0176abd46a7,92b567dd,2024-10-17,7675.07,payment,legit
ae109bf8-9c26-4277-9f24-43694fb92b79,259eb76b,2024-02-21,712.53,withdrawal,legit
843a0b6d-e7f4-4212-b600-c16e1a81ff43,cd02fa23,2024-02-17,9221.2,payment,legit
f6e9f9f6-8df1-425f-828f-82ddb2e20a95,403f9702,2024-08-22,509.74,payment,legit
4f355d3a-18c3-4d91-8a69-f618358694b3,fd01bc07,2024-03-12,4793.25,payment,legit
e6b7f604-2ab0-431a-bc3b-b54c403769d4,6a3ae8ba,2024-02-05,7230.34,payment,legit
aa1fb1b3-c47f-4ec6-bf80-22c53e250a5d,57ec119c,2024-03-01,3932.46,payment,legit
72387c7b-e5ad-440a-80ed-688b20fbacaf,ce1c6ce3,2024-12-03,2172.33,transfer,legit
325f0fc3-b79a-4010-ac3c-0bcae67ef2b0,a70832da,2024-10-26,7590.91,payment,legit
85114fea-559b-4892-91fc-2daeb22c3707,887d6c19,2024-05-09,7842.95,payment,legit
0b52d673-3a88-4a3a-afd4-8364c48d9aa8,2110b2bc,2024-08-27,9226.95,payment,legit
77af7443-d3dc-4569-9e86-3fd5429a2693,223f5ff4,2024-07-15,3761.65,payment,legit
03d8d1cc-fff2-4d20-81bb-7518a1b68b91,039c32e3,2024-09-04,5062.52,payment,legit
880ca5af-7848-41a3-8df7-13f18eb66b9a,9a1d40a2,2024-09-06,3631.28,payment,legit
cf76a406-6c2d-499b-9f4e-9db94ad06059,8dfb463e,2024-08-17,2570.82,payment,legit
0c871803-dc0a-4fa2-9b19-f0cae8e85047,875a7852,2024-04-07,7510.33,payment,legit
58c2bc57-64de-40d8-9604-cdf05b5a6b80,90c89a66,2024-01-15,3396.52,payment,legit
bde7f8c5-b7ed-49bd-9f5b-5b36dc552445,a2a73842,2024-06-15,4281.49,withdrawal,legit
58bd1e4d-5701-422f-b5e2-fd026fd38494,87404d7d,2024-11-21,4036.74,payment,legit
44b4ed1b-e9c6-40a8-8b81-1a7de8d06b33,e1fd20f0,2024-07-26,7126.61,withdrawal,legit
a3afa9ef-3c8c-4c3f-a1f3-587b50fca179,a46ba291,2024-10-30,9177.96,payment,legit
de7b28a1-c65a-4c74-bdfc-2183f93bd242,fb3004a9,2024-12-27,6667.56,payment,legit
b15e68fe-2bf4-48bd-9bc8-31f75dfeba6b,1e380e21,2024-02-29,4715.83,payment,legit
43d4efbd-2d06-475b-928c-1d8d19700fd3,c7662144,2024-09-09,7792.05,payment,legit
11c229f9-1ebe-40bf-9c6e-d3b6431684d2,7cc2a7d0,2024-09-03,6409.71,payment,legit
eeaa6682-c971-40df-8d54-983125c767f5,43c63d24,2024-12-23,606.1,transfer,legit
df3e1f44-fc0a-4bed-8b07-1c1b6fe24950,e4141ecd,2024-12-25,956.64,withdrawal,legit
55c621db-3c4c-4ac5-a438-5b88120da46c,f8b591a1,2024-09-07,379.17,payment,legit
7bab458d-ff0b-4f0f-adb0-d216ab715b40,34e297d9,2024-03-29,4568.16,withdrawal,legit
6dc86c67-4a1d-466a-ab22-79515da0ac12,0b54386c,2024-10-18,8258.53,payment,legit
e6949bde-ad2a-4a02-8abc-5260ca123d35,464ddccd,2024-02-09,3130.83,withdrawal,legit
b31b919c-ebc2-4ddf-b243-ce0d750fd763,b90b6273,2024-10-11,3841.6,payment,legit
45249591-ef01-4d6d-a0ff-65e7477e17f9,1acf8efa,2024-11-28,9094.77,transfer,legit
6ddfcea0-65e7-4d03-8316-2e401022dc9d,7933c049,2024-05-19,8369.03,payment,legit
736f6950-eab0-479b-b4fa-68a0a3724839,a93497c0,2024-08-18,6650.48,withdrawal,legit
018d3c4c-a090-49c2-aad7-d6360987e5cc,5479250e,2024-06-06,2668.04,payment,legit
a041dbcd-1bc6-4ed3-99df-0e35c4587f2c,51ec047a,2024-06-08,1170.41,payment,legit
f4c50f0c-22bb-49cd-aca9-fcf851134179,260a90da,2024-04-23,160.59,payment,legit
66e5de93-8dfb-45e2-bd0d-8f8242d5b370,0ed33d4d,2024-10-05,1070.11,transfer,legit
2aa8ac05-4d44-4b36-b127-8852a2b6c890,d5d84158,2024-12-07,2925.96,payment,legit
2f8dd242-d73e-4571-8e59-039417c4c8db,016760cf,2024-12-09,5517.9,payment,legit
667b15a3-3dfd-4694-91a1-cb63559198ed,ceb321c0,2024-03-04,640.0,payment,legit
2c670809-d500-4c53-b2a0-61f362246437,151b2faf,2024-11-15,1362.28,transfer,legit
c5953d6f-f6d8-4001-9cf7-acd306d5b052,823e27ff,2024-09-26,1810.81,payment,legit
76eb824f-90ec-4f32-8d27-bb47dc66fdfc,b365df3e,2024-04-02,6319.82,payment,legit
6eb6d824-8af2-44aa-ad68-3bd0c1793036,3d3323c7,2024-01-25,6157.9,withdrawal,legit
ee607796-dce4-4abc-aab2-f11069260ca8,b7abff08,2024-04-07,5507.66,payment,legit
656b0c73-5391-4581-b7b2-54565ba16e82,07417617,2024-11-28,2505.01,payment,legit
8ee391f8-8019-4b8e-b18f-3985843a3327,657d49cf,2024-08-19,3711.2,payment,legit
9fc53136-663b-41d6-b869-621365fd84df,6469fe80,2024-09-20,966.9,withdrawal,legit
78f251ff-40a5-4648-9b9a-796f5e5c0cbd,21176e1c,2024-04-03,2264.61,payment,legit
be68d7d1-b592-4a71-810c-20ab170fb3c1,7e8d6410,2024-09-19,8977.05,payment,legit
dd72b4eb-f3dd-483c-bbe6-ac7962cea2b6,22e48e2b,2024-01-11,9796.92,withdrawal,legit
95638c41-dfb5-4d6b-94fc-13903f33d689,ebff64fd,2024-05-16,6476.6,payment,legit
1d7b7050-87e1-43f5-8f3d-6b17b53af93d,4cde8693,2024-08-16,9168.23,transfer,legit
8d20b5b6-07b9-480e-ad5e-6660ae08adf6,edb1cd5b,2024-02-23,6427.42,payment,legit
743ab9ac-e8f9-4f1e-830c-7622eb3e3efe,48de5e29,2024-10-27,331.96,payment,legit
f315b3fc-9966-4f8b-9d0e-4c6c21488066,7b763155,2024-03-26,9967.63,payment,legit
57b250c9-8ab4-4485-8d37-98ba64a9b147,2b4655fd,2024-08-26,989.52,payment,legit
38958777-323e-455b-8e8b-1a634bae7c59,575261ba,2024-05-27,6826.42,payment,legit
56927a35-85d1-46ae-a939-d0993ff5531f,34fbf844,2024-08-05,2528.36,payment,legit
e6f3d343-39e7-4d7f-b712-3f18064bcce5,fec0094b,2024-02-09,3919.81,withdrawal,legit
d424f688-a7f4-4a0a-b59a-6ebcff3b87e5,78778da8,2024-01-07,6459.34,payment,legit
17dcfb5a-6b7d-4fb8-bb17-3180cbdb730c,a53f44b7,2024-11-27,4364.87,transfer,legit
cf5d1a32-8b53-4789-ad1c-6ae681f22ec2,126e2d94,2024-04-08,2505.46,payment,legit
8cbee3fe-01b4-4b41-9ae1-f78db9b09255,8c225697,2024-10-26,3344.46,payment,legit
2964e8f3-4de7-4921-b521-cba376341c44,086d4ba5,2024-12-30,3415.48,transfer,legit
25e5922b-ed61-41b1-a5d0-fcabe6577187,52999d57,2024-03-18,9593.24,payment,legit
522e455d-dd33-48f1-bdd3-11b24686c844,efe77e43,2024-04-06,7986.13,withdrawal,legit
714cec4b-3692-499e-99ff-b2620959c9a6,a28b7449,2024-08-29,4585.49,payment,legit
ba9e2b42-8049-4560-837c-0895a499a7c5,75d6d845,2024-12-18,1998.21,payment,legit
64439ae4-63ea-494a-8a94-69dc4babc337,3897644d,2024-11-30,8110.16,payment,legit
173b5331-a8df-45f7-9e00-bc50c9c6e851,523b9817,2024-07-02,1571.82,payment,legit
8f2211f2-c40a-42c7-8bbf-0d4ac46ec0c2,d749949e,2024-10-17,2104.62,payment,legit
4ef347b7-bbe4-4187-be8e-d47d5c96151c,6b5a0c16,2024-02-19,3660.13,transfer,legit
590e3b99-1ad4-4c11-bb23-bf8f62583ac4,b9cdec14,2024-12-22,8803.48,payment,legit
b8901ae2-eddd-48dc-8d3a-dcc909ebec0a,64796aae,2024-12-17,1317.87,payment,legit
5cd016ec-4225-45b1-ba4b-b26207f230fe,5942c938,2024-02-29,1222.34,transfer,legit
db23a72b-a61a-4b27-8851-4a2a3312f50a,eae0e3b8,2024-04-19,4939.75,transfer,legit
76b224ef-37d7-4377-9fe6-5001408a2d8e,a6f6f0e6,2024-02-06,2764.11,payment,legit
7097f3a1-8014-4a5e-b48e-81b7afce66ff,36355000,2024-04-09,5687.28,payment,legit
5745e664-5331-4083-b67b-a9d24de0c5ac,32db13ad,2024-10-24,4516.37,payment,legit
622d363e-14d0-45d1-9f4e-e9a30e52a312,1c0b5be4,2024-05-18,4349.59,payment,legit
2cc19a99-6fdd-4ad3-9de8-6dd18a09a48c,e6978efa,2024-02-02,1119.73,payment,legit
0ab848fc-98a1-4fe0-b3b5-cc87c6c37dd6,6f662d77,2024-05-04,1410.5,withdrawal,legit
97df06d7-2c0c-4c4e-8f15-8005730c0dc6,eb422b72,2024-12-24,8210.79,payment,legit
3bfb3a91-5a78-4489-b797-a6ecefa66591,9b793b11,2024-08-17,8858.83,payment,legit
a7c3b055-a818-41be-ad3d-ce9acbfe4c05,295ef484,2024-05-31,2346.84,withdrawal,legit
eabfe8ca-9b28-4255-89d8-1e30b4cdf3b9,3fecf28d,2024-03-01,1134.61,payment,legit
32419b19-cbb4-455e-9dbd-2f86561d7bac,1408a11a,2024-12-25,534.17,withdrawal,legit
80b1e321-4e97-41fc-9ad8-c239a2a34704,196cea44,2024-10-26,6082.98,payment,legit
c41397fc-5db3-406b-b766-fa48472b4957,390513ee,2024-04-12,7153.53,payment,legit
de174516-c2c7-4035-a98a-6c5110484c45,09a8f8be,2024-01-26,3728.1,withdrawal,legit
43123978-95de-4633-ac9f-b8383aa696db,7a9a4d8d,2024-01-21,6796.76,payment,legit
bb3d13ef-c46b-45cd-b61d-6178cbb32d80,812bef42,2024-02-13,7129.59,transfer,legit
47076336-e919-42c5-b980-7ae426dc66f4,a795189f,2024-07-30,9353.42,payment,legit
beb8feaa-0f0b-405b-ba59-c6ec7e994fdc,f870e932,2024-12-04,648.74,transfer,legit
d0140cc7-a146-423f-b730-8f04d667eb7d,a8e82209,2024-06-30,1922.92,payment,legit
d772b515-ce00-4643-a66f-6265ea279eab,4987dcb2,2024-11-03,685.26,payment,legit
0cc0e5a4-9a1c-4abb-8b4f-77280e223dfe,b750593a,2024-06-11,8679.94,payment,legit
050ed81d-ef7d-4392-bd7f-8087d91974bb,7346e2a4,2024-09-15,7925.87,payment,legit
234064f0-2f4c-4360-afc3-3016577dc0a9,87c7cbb9,2024-09-24,5746.42,payment,legit
ec27ae58-41e9-44f5-a5ab-c68be73144d6,14d0f74d,2024-03-04,836.63,payment,legit
fffa09d6-d0af-4760-9404-74e09ff6553a,1acb53f5,2024-05-11,2733.12,payment,legit
8a114649-4588-41ad-accb-8e1b529bbc88,d5468379,2024-08-20,2977.2,payment,legit
c9cb8e33-e82e-472b-9223-5e78af523a8c,2f8d233a,2024-01-26,5607.43,transfer,legit
a8cad547-484f-472d-b547-b03bba7e70b5,771c9b83,2024-05-11,2580.44,payment,legit
f34c8bba-7f65-48be-b779-9df2ed3b3ebf,99ef42e2,2024-07-14,729.6,payment,legit
11097447-6424-496e-9517-0d4103994c35,2f58bfd7,2024-12-29,7307.62,payment,legit
22dbae9b-1a17-4a11-ba93-d4c7ae282295,a4008fbe,2024-06-22,2990.8,payment,legit
57698801-24ad-4edc-931f-6468ae69e7f7,b77f66a5,2024-10-24,4523.74,withdrawal,legit
91599666-6bf0-4647-996e-bf866d285e0e,9de1f2b0,2024-06-06,1276.67,payment,legit
fdc1cd03-b711-4506-acd9-dd55707cd4e4,6fcab293,2024-10-17,8025.48,payment,legit
6a4fc47a-08e1-4388-b0bd-61ee7fb70f89,f0531544,2024-08-05,5655.32,payment,legit
dcc25f61-0088-4341-a840-37794cb5ccee,eb0dbbcd,2024-11-19,9015.86,transfer,legit
71128e65-ddde-4eea-9f77-878fe01c9b1a,9f81bd34,2024-05-29,4954.72,payment,legit
e2f62dff-065f-47d6-976c-397bef1773f0,b61bfe41,2024-08-08,9414.26,transfer,legit
8c1be0dd-4611-40fe-b348-deb3c7868093,ee8b2700,2024-08-17,8918.68,payment,legit
83d97fcf-d7ca-4c13-8589-cf93ca685444,02cdde90,2024-06-01,5764.6,transfer,legit
597f5acf-570c-498d-ab45-f4f0d221dec1,5ac31a28,2024-02-22,9338.93,payment,legit
a7aefeba-4564-4c94-9687-2abe38bfbbb4,a73461cf,2024-02-04,3230.89,withdrawal,legit
770ed0b4-c8b0-43e5-81e8-93daa4a222db,47c37331,2024-01-07,3656.42,payment,legit
814e9d69-10fb-4af4-a41e-d7e82906e9b8,5e8e4bfb,2024-11-14,454.78,payment,legit
51f41da3-8621-4bda-95d4-70e87c6a805a,ba81a5af,2024-03-27,5892.01,transfer,legit
c3bf11dc-291d-4939-bcd6-d399573626f8,ec4f84d1,2024-03-18,7219.24,payment,legit
8e7dee38-3883-4400-ab3b-e00f5124c50f,c6dc5359,2024-09-25,7735.19,payment,fraud
f0c35271-a61f-420c-b67c-9e203a9f4c58,5f11ab21,2024-04-26,1498.16,withdrawal,legit
7bed49a4-a8bd-4611-9edf-b6a13003d1b7,98456d6b,2024-07-03,4441.59,payment,legit
26b95c72-43dd-44dd-b501-4aa3edd32ab1,414465a1,2024-02-29,1768.63,payment,legit
0ca2182e-9920-457d-95b9-57349a745847,a8a7f994,2024-12-16,6621.27,payment,legit
737f66ba-78df-4bdd-bf3d-cb120f0ba66f,b2915ab8,2024-11-06,1579.46,payment,legit
e3b9dd70-bb3a-4167-9da9-3ea3b24e244a,730209fd,2024-11-11,9041.64,transfer,legit
e1964e05-fdba-4528-a8ab-50055a205620,e306c4bf,2024-05-28,2306.35,payment,legit
d5d48f9f-b47c-413b-a633-a719f402dab2,ab35530e,2024-10-05,2914.02,payment,legit
f0fe3a30-9678-4628-8ba9-7a18c326ce63,dad21d53,2024-02-22,8509.06,payment,fraud
7e61b7ea-8b20-46c9-a0ab-a9ec40a7402a,378dfac0,2024-01-04,4584.68,payment,legit
729659fe-71ff-4fa5-88d5-50b183c7dd78,0d40c6a5,2024-01-08,239.96,withdrawal,legit
e475ff6f-083c-4c46-84d3-849f747c69ea,3db97afa,2024-08-02,4945.86,withdrawal,legit
9f95dfc3-e18a-4d40-afa7-99a0dec0da88,aa90b6fc,2024-06-15,845.43,payment,legit
595481d2-08ab-4067-8545-36dea1c67f87,c9530351,2024-07-08,9853.45,payment,legit
e9f17e07-77cd-4265-bb5d-40bf10dac130,cc87267f,2024-01-03,5881.12,withdrawal,legit
5ff4e58f-89b8-4b42-bc6d-7a9682ec2412,ae3c0888,2024-06-03,2565.33,payment,legit
8450f1d7-e98f-4134-af29-6b4c83611d3f,009c9143,2024-09-19,5637.18,payment,legit
e37f22f5-90b9-4e9e-87d0-db55126a0bf4,959da00c,2024-06-10,768.67,payment,legit
a02debc5-36c2-4700-8bd8-165f158aa77f,1d86ba6d,2024-09-24,7998.91,payment,legit
1097dacb-a416-4b7a-8617-6c6b3bd41306,c530eb56,2024-03-26,9253.28,transfer,legit
bd23b17b-1e13-4310-bdae-b753501843a4,eef905fe,2024-10-23,8744.44,payment,legit
03152962-f660-45f4-ab2a-75259986a2ba,c6da86f5,2024-08-02,3417.58,withdrawal,legit
449ea92c-05a8-49bc-b19a-88d9b2ddb56a,2760ede4,2024-03-17,3257.68,payment,legit
08cad9a8-f331-4376-9f66-df725a83c826,98b27e7e,2024-03-27,350.88,payment,legit
2b23f8ed-191c-4d1f-bc1c-49ca6f11ee38,196beb33,2024-08-17,6514.0,withdrawal,legit
67d6987d-2ce4-4f5a-b210-6e546b5f9841,ac9f3625,2024-10-29,5349.05,transfer,legit
d1dd1916-c13d-431d-8c92-e006c3a76a8b,f23fa2d4,2024-05-31,4593.46,transfer,legit
526b5280-1bcf-4622-b2b3-20492e61034b,4b322541,2024-04-04,9076.31,payment,legit
0186a7b1-1996-4c8a-a890-2580929bc256,059b6822,2024-11-12,1678.79,transfer,legit
ec5370f4-ce75-4248-83d9-578def1d2d67,c86b6db8,2024-09-01,96.66,payment,fraud
c94b0ef6-7cbc-4158-83ef-4b66e428ac49,bbd57dd5,2024-06-12,733.16,payment,legit
c85b4d64-51e1-4544-8219-c56f91ac07ab,45ae4286,2024-06-27,2233.71,payment,legit
ab166383-e89f-4a8b-a606-cd10987f8261,c56b0eb0,2024-03-15,332.86,payment,legit
57923d39-42bb-4a93-a2f3-27e5fe0700c4,7807b1f6,2024-08-16,5028.44,transfer,legit
b18ee70c-f74b-4e9d-b5f2-68f30d5cb19c,b617dad1,2024-05-10,3140.9,payment,legit
5efedc6a-291d-43a4-be64-5f8ecaf650a5,a03cb1dd,2024-12-29,1804.83,payment,legit
b8d54a6e-3881-4f64-8bc1-68dcc96b3a7d,2ad4b5f5,2024-06-24,7500.84,payment,legit
138d3aa5-4d6f-4297-801c-97330ecc14f3,42053d90,2024-06-26,2044.51,payment,legit
e976e7ad-f9c5-487a-a36d-56a254110904,a66671d7,2024-07-25,6876.05,payment,legit
27433652-844e-44f8-8594-4d926b2a6f1f,a10f8334,2024-11-30,3492.65,payment,legit
2f618354-64e9-4e88-be5c-dd9fa340c55a,7f098bc2,2024-10-19,5118.28,payment,legit
9a44eb62-0fb2-4008-8f92-df71ca29c190,0a1f409f,2024-06-13,9338.67,payment,legit
72a7cd8f-94f9-4453-98d0-eef4adddd14c,17b1a9ea,2024-09-19,373.52,withdrawal,legit
e4ceb7f6-5dbd-4476-a1e7-2bddb92ecede,76dd881d,2024-08-01,5002.65,payment,legit
8412105c-234c-4f9f-980f-daa7bbb136a2,56857285,2024-06-28,8544.23,payment,fraud
e0cc46fc-280a-424a-8427-bed972c1abf7,9f64a82d,2024-03-11,5879.74,transfer,legit
13e9f49c-f62d-4e2f-9773-c7d50eb58fe9,d7b39634,2024-06-18,2768.71,payment,legit
75210d7e-4aa0-49e9-b41a-74aea2c8dd61,c7b9c232,2024-03-30,3976.81,withdrawal,legit
cdd1c441-8149-4e27-bb96-57350ed2638e,d9485b9c,2024-11-29,6802.66,payment,legit
a1b1a068-1168-4787-9120-a6f31e1b2987,0d0a26f1,2024-05-02,8908.12,withdrawal,legit
d3d71e55-7d0e-4383-8243-208d67758982,31392779,2024-12-13,410.66,payment,legit
d1d5c3bb-4233-4323-bcd0-6a414cf5504b,a3522ea4,2024-07-13,715.39,payment,legit
4a8262c5-3336-4640-88b2-66e814dc2b0a,5fe23c3f,2024-08-18,3250.52,payment,legit
2f70f7b1-e949-4853-805d-12b137adb478,dbbaa1df,2024-07-17,2327.8,payment,legit
babd97aa-93eb-4402-92c5-7342ef141519,7662d644,2024-02-17,2649.31,transfer,legit
3b3b32a3-022f-416b-9553-f54cc930746c,6d29f5e5,2024-05-17,2212.7,payment,legit
b4119b5a-3479-4f0d-91b1-4d391c56f8fd,206152ab,2024-02-06,1958.25,payment,legit
977cb8af-8329-4e02-b839-95ac0b00db6e,866bac2a,2024-08-15,1306.24,payment,legit
df539cc0-2e82-479c-8707-77f237b28c11,4018b8e0,2024-06-12,9339.54,transfer,legit
e6a96594-09b1-4b59-9a57-eff87402db61,0452decf,2024-10-10,1441.89,transfer,legit
02e06157-eb52-4c05-95e4-081aa787f9c9,f0e4db61,2024-03-21,2044.04,payment,legit
91453bbe-6895-418b-b4f7-0b45bdf59a37,28b5bdc9,2024-03-01,2462.66,payment,legit
26d90199-848b-4a28-8a94-89781a43dac9,5873a8e8,2024-05-28,9330.15,payment,legit
0529a14a-024a-4d36-aff3-36819ab5b318,138d1e21,2024-12-04,7557.14,payment,legit
21cd3275-d066-4a28-83ae-7fdd99f3a3e9,968a5aec,2024-09-16,7896.99,payment,legit
ca239d48-dbae-4aff-8f48-64b5600b1f76,40dd2679,2024-06-01,1047.58,payment,legit
2c66cb38-adc2-4b67-9e20-cbefed92063c,47d5ae51,2024-07-07,8363.1,withdrawal,legit
171f9a9f-0d76-4e34-bf33-2fd2e91df41f,1d56321a,2024-01-31,4081.93,withdrawal,legit
abaf2ff4-94ad-4fb1-9298-069ea12d178a,18a87805,2024-12-25,2628.23,payment,legit
c070edc3-abb0-4b1c-9740-ba99800473b9,76d5b8e8,2024-08-31,5757.5,payment,legit
de873dc8-daf4-49e6-aa7f-0bcd8d801d08,7bc16418,2024-04-14,8221.83,withdrawal,legit
187853b9-5048-44fb-b3b8-87c046d75d79,78a25bd8,2024-08-01,7786.52,payment,legit
a49bdc81-f4f7-4787-8633-eeecbb39b5a5,c72fcd63,2024-02-09,8899.97,payment,legit
e0e00fd6-979d-4081-bcfd-884bb9749dfc,0dcfe5e7,2024-12-18,9281.32,withdrawal,legit
52286ed4-2b7b-47cb-825e-2287efae9140,6aa77acd,2024-03-04,2381.22,payment,legit
aac412fe-071b-4359-97d9-6cc5c77b2dcd,504b5d0e,2024-08-24,4238.58,payment,legit
b904b485-c62d-4d0c-96f9-b0060e804234,d211f366,2024-03-30,146.29,payment,legit
d13a406c-2d34-4e15-9f60-1ccf56ed74ac,ff615ea8,2024-09-18,8793.22,payment,legit
de54958e-ca36-4ddf-bd55-df1f364e84c7,2fa0b30c,2024-10-10,1545.72,payment,legit
c3bbcfde-fe22-4c8d-bfd0-d8f8097c482f,a0a96271,2024-09-02,8614.75,payment,legit
c787a898-49fe-438a-adec-3d523823b324,6010b359,2024-08-12,3293.87,payment,legit
bc3b980e-3446-41f7-88b7-c27e5ef4a7e5,4224ff1c,2024-11-21,3681.34,withdrawal,legit
41ec4964-990b-45e2-bed3-6a27d7bfd47c,7f684e8b,2024-01-29,391.32,payment,legit
ae95a6c2-a09d-42b3-a81e-201a0c92b56f,74c8bb5b,2024-04-30,3268.79,payment,legit
38c345f9-77b9-4784-94cc-e4f3615f4ff8,88660dbb,2024-03-31,8883.64,payment,legit
bec4156b-ad2b-480a-823d-faa29d3c1f16,e87ddce6,2024-12-26,255.47,payment,legit
595f22dd-4c4e-410b-b03c-ae8ea738ab2c,1d67aa3c,2024-05-22,4063.27,transfer,legit
1d4ee0d1-0c58-42d0-a7d8-5e55001cf200,384f590d,2024-09-24,314.0,payment,legit
0c596cb8-4563-4c27-96ce-3403870553bd,b8a64372,2024-09-06,3709.23,payment,legit
d6527893-6f3e-4c1f-8f18-8536d65b1c95,52d340ea,2024-03-18,1726.41,payment,legit
ca3f83ba-e997-49b7-bc45-9d9094e4f04a,f24eeb2f,2024-03-28,2522.18,payment,legit
da596376-30a2-4c69-a8e5-53645123f2ca,f0a59513,2024-04-12,8775.98,payment,legit
93118d38-dd17-4986-b49e-6dcb425b210b,ac9921d8,2024-05-30,4360.49,payment,legit
f8e307fb-10d0-41af-b99d-e2f06c29e5d9,1f9b12c4,2024-03-26,2737.98,payment,legit
d32e693b-be2f-4ef8-8b36-60a1f9407ad2,a456863a,2024-01-08,5893.38,withdrawal,legit
9e6be2f1-7882-4442-9ae7-db050402ef29,ee5f83f9,2024-11-16,1421.07,transfer,legit
d7222c00-9017-4579-acd9-b7e58271cd05,6ec28b7b,2024-12-18,2593.92,transfer,legit
f128456e-0ccb-4867-b80f-662527fa07aa,2f3d8d85,2024-05-04,5462.48,withdrawal,legit
2046ccb0-86ba-4945-8be3-a74396023b46,aa2ff027,2024-05-03,2375.23,transfer,legit
ba00e48d-4fd6-4f4e-b366-c75098ab9cef,e02705a2,2024-01-03,6791.28,withdrawal,legit
3145e95f-2e5f-4c5e-9488-8529e94a3477,25d41839,2024-09-05,4914.91,payment,legit
fd124214-c609-4f45-9dfd-c1380b9e88c1,d375ea47,2024-10-28,7719.89,payment,legit
f45f30ac-9f16-4631-8ed3-0b4dfca5c195,894cabe9,2024-02-23,9482.45,transfer,legit
a67f17b5-8023-45ce-94bb-f457a1c3abd3,2f479c8e,2024-02-28,1158.05,payment,legit
5d377163-747b-44c2-91c1-32b32acec16f,ee3d560f,2024-10-15,3346.65,payment,fraud
52808a50-54c0-45f9-a42c-054471b9a4e6,f35f379d,2024-08-12,3195.49,payment,legit
aa02dd56-da44-4417-956a-f6831da506bb,27ff13ae,2024-01-17,1511.83,payment,legit
9bdfcc6a-8ff6-490c-afdf-3348b88e0b99,cadb9c8e,2024-08-15,8103.03,payment,legit
a841002f-7319-45f9-bd9a-2d2c939cc523,194e8bfb,2024-04-22,7598.79,payment,legit
8235eac1-f030-48c1-aa38-4c9df07b8cb2,637e5c80,2024-05-14,4844.25,payment,legit
95df955e-6e79-4ba7-9602-0925eb9dfbd9,3d18693d,2024-10-07,5377.71,withdrawal,legit
7a1c9922-49e9-4279-b510-5f1096cd1d13,9db3e6c1,2024-10-22,595.44,transfer,legit
aeedb40e-a8f3-4aed-8807-ed9b4c4dbabb,94913c41,2024-05-26,5555.07,transfer,legit
1ba1090c-cfba-44e0-bf53-fd10eb53d5fa,3e548f37,2024-12-11,7913.42,withdrawal,legit
b0a831d0-75b8-43b3-8a5c-51627759d5cc,61bd26d4,2024-05-28,5738.28,payment,legit
f1ad7af0-e2b6-4dc8-b2b9-a14eb5805f1f,40333b76,2024-10-08,2653.06,payment,legit
12a7269f-1176-4f5d-834c-570d357eb83f,81ad6e23,2024-06-25,6675.48,payment,legit
b76d83d2-49b9-4c48-b5b0-502d88169d29,926cb0b4,2024-11-23,3614.88,withdrawal,legit
bf4783df-7fa8-44a9-8b90-5d1de208cc71,09f88c9a,2024-11-27,5448.73,payment,legit
61a74d09-59ba-4e71-8a47-0b9504a6ef69,18a621bb,2024-02-01,4875.65,transfer,legit
9f8e7be2-86ed-46c7-82d1-a43bd3649a63,83571caa,2024-12-07,3811.75,payment,legit
e33d3a99-0f1d-470a-b5a9-ceecbf274e0b,00a3865c,2024-10-28,7188.78,withdrawal,legit
9475ef89-a740-4a68-ad78-57af19ebddf5,77d82950,2024-10-15,8838.76,payment,legit
875544a0-ce58-40a1-831e-dafcc1fbb2bc,ff1e9d17,2024-03-14,52.13,transfer,legit
6d56a3bd-a2e6-404f-8235-79b1a785f29b,48285de1,2024-10-20,9336.17,payment,legit
82f2edd7-4ed0-482b-8866-29bfde5e7b13,e0eabf4a,2024-11-06,5115.15,payment,legit
44352cf0-bf94-4801-bace-d67a5954e77d,fa1edeae,2024-04-15,7007.32,payment,legit
21c328e1-844b-4d61-932a-e375ccf426f8,4435145c,2024-12-13,8556.25,withdrawal,legit
d6986e7a-ad85-4473-9a2c-c5b53be69cf2,95889ebc,2024-01-19,4671.04,payment,legit
2201f800-bbb0-4c80-b6d9-af3e511fa691,e646788b,2024-02-24,8349.74,withdrawal,legit
772f626b-cea9-4fdb-bce0-694370dda079,175ce87b,2024-07-15,1776.2,transfer,legit
75150c33-ce72-4339-8925-fc1ca690270b,5ca82d62,2024-07-29,1591.68,transfer,legit
6083c215-66c8-4a5a-9941-d94d4d8a50e7,9b1da02e,2024-08-23,6574.71,payment,legit
fbe5035b-34d4-43f6-a6a5-a7e239737e30,11da2a78,2024-01-07,8701.43,payment,legit
6d2d5c55-fc5a-43c2-8111-5a10ad464ead,4defbfa8,2024-12-16,8924.26,payment,legit
d977077b-754a-4cea-aaca-a41a31b4517a,425a201e,2024-01-17,6437.4,withdrawal,legit
7d300f5c-6eae-4e1a-b32a-918825cc14e7,b332aad6,2024-02-22,5254.89,withdrawal,legit
fc5f7857-34e0-44bb-8bb7-5df8c0cf277e,f06ae381,2024-01-06,3313.93,transfer,legit
c0a09be2-b6f3-4e98-9d03-9e31fe32ac69,8a7d5048,2024-07-25,9800.0,payment,legit
66ec52e4-8df5-4c51-b1dd-f1e2cfc9fae5,2e6329e4,2024-12-06,3196.96,payment,legit
4db8c443-8652-46ba-9b40-0a9d2d171e83,4aeaa3df,2024-08-31,7441.86,withdrawal,legit
3c5d2716-f1b5-46f5-8f70-fbe7d8ac1ec8,15ba62ae,2024-10-27,5319.82,payment,legit
8bacc6df-f88f-4a3a-a85c-8c466f8e81d4,7380fca6,2024-01-05,6085.12,transfer,legit
2a61165d-32d7-466f-b496-6761420ab0de,c0fc2184,2024-07-16,3934.81,payment,legit
5738ab06-363c-4546-8d2a-956bcb77b355,68d8763d,2024-06-16,9648.23,payment,fraud
944250f1-b494-4ea2-8fbe-e55c2a95d72a,86aeea29,2024-07-01,5716.82,transfer,legit
cbf360cc-9c27-41ac-b067-4ceaaa4041f4,8f400d32,2024-01-27,9377.88,payment,legit
50c78de7-852d-421b-be62-9e67f05bd1ec,26ed4317,2024-09-06,75.91,payment,legit
066a78cc-1fe7-4292-ba89-e576bb3c93d9,d27586ae,2024-07-02,5726.71,withdrawal,legit
1fa4c350-57cf-45cd-84b0-9e5e31b6f394,df650adb,2024-10-06,7171.87,payment,legit
c8609767-ecc9-480d-8a89-873b2dcbc9bb,7580953e,2024-06-26,7450.8,transfer,legit
21816417-7369-40e2-9b84-631187b0e694,fb91c2aa,2024-02-24,9049.77,transfer,legit
e2ea7ef6-6d36-400e-a9f8-b9322d7b53ad,4589f16f,2024-08-24,44.02,payment,legit
74337446-94f8-4713-8182-c1793131f6ed,bfd04ba9,2024-03-03,3.3,payment,legit
cff74462-05a6-4c61-a8c1-07ea0dba4065,213ce9eb,2024-11-14,4722.63,payment,legit
d412132e-d99c-48a7-ac4f-15e732558935,fbecd071,2024-08-11,292.94,payment,legit
40fb2fe5-d0ec-4124-81da-7448afde5f37,a5cd08ca,2024-02-27,9745.33,payment,legit
b863e09f-2cbd-4035-8dbb-9da8b537ab5e,0339565e,2024-12-17,2220.65,transfer,legit
dbb5fdd8-ba65-4b07-a6ba-32ee6e396374,78c102bb,2024-07-08,4726.65,payment,legit
64415a8c-1b6e-4fe3-958f-0d9191a11464,be1c0df6,2024-01-27,611.38,payment,legit
38118447-ee35-4333-b0fd-86a7d0762bf2,d214e754,2024-08-16,5220.48,payment,legit
9d971ad2-4345-443b-bb4e-8e7829cde28c,d66bb44f,2024-04-02,3799.56,payment,legit
1d5f30e6-23b5-41fb-aa83-b43c47430ad1,61f55de2,2024-10-20,446.6,payment,legit
d97e9ac4-7605-4c31-9eb6-22e36bb09f40,3e22afc6,2024-10-25,3351.24,transfer,legit
ac28514a-b8c8-4300-bd2f-694e22eb4195,237a4b4e,2024-12-23,3914.36,payment,legit
16ad7400-9d56-432d-8eb7-0d78edb6ad08,b1403903,2024-07-02,9899.21,payment,legit
e3c25b7f-e224-45d7-a4f5-77f2b8d706b6,1363df31,2024-06-15,2078.86,payment,legit
695ecefc-66ce-4394-81ef-6865e2ea36d7,564cba9d,2024-10-02,5447.8,payment,legit
cd2241cc-3961-4a0a-ab1b-137f66b4db43,c1699aa5,2024-02-18,9873.16,payment,legit
1f722e1a-6833-47c4-9cc1-54810ca8df7b,e834ab60,2024-07-18,7920.19,withdrawal,legit
a64f2b0f-e015-4f81-a5ce-de3a899b5c02,1b86a8d7,2024-07-18,9933.68,payment,legit
d266c47a-85b3-4e10-804c-978fd0261668,2bd11ccb,2024-02-02,9682.98,payment,legit
8ece4bfb-fa4a-4f9a-b895-56f2e0d11bb5,75892a6c,2024-06-01,4895.4,payment,legit
a20a154d-30fc-4282-9a37-5848d36e0367,3c0509ef,2024-11-07,6963.76,payment,legit
7ea68d5d-5981-420b-8c9a-b06b3ac27b31,122e0751,2024-11-08,1104.43,payment,legit
56f66178-7056-44f2-acee-0e1ae950e87d,00e7dd67,2024-02-06,4411.49,payment,legit
eb70d320-e1c4-444f-a8ad-69dc7f7cfb53,d4b0f587,2024-02-03,8090.19,payment,legit
58387773-7041-439c-bbe8-7d6f6887c9b5,9a50add2,2024-04-05,5053.35,payment,legit
581336a6-10d7-437a-8d0d-42f87183a37e,b6dd24ef,2024-11-15,7026.99,payment,legit
d82cbba8-f4d2-474b-8843-2401347f7953,6ff08b01,2024-02-17,7457.51,payment,legit
1d253dff-380d-4fbc-a915-62db04c07a2e,2bffcbea,2024-09-19,2534.69,payment,legit
18334682-29a2-4f74-8a38-b8fb80256338,17985e08,2024-02-06,8756.99,withdrawal,legit
fcb24c5f-14d3-4a93-8d0e-98e54894b2c3,bb07ea76,2024-08-15,4598.22,payment,fraud
b429defa-c573-4640-a17f-3b98546adc7e,0162781a,2024-05-09,2101.85,withdrawal,legit
c4237450-af4e-424f-b885-66c1f926f3df,f8e2f14a,2024-10-14,8654.16,payment,legit
260c71ec-da6f-44c1-898d-6d8d4c47859c,b530b81f,2024-03-26,4178.19,payment,legit
3215a428-9bd3-49e5-b18e-66cc36365519,ab634e75,2024-08-21,7503.12,payment,legit
fc294d47-cb12-4dda-8d72-ad02fe656937,d3057bf2,2024-03-27,5480.33,transfer,legit
adfe11b8-1dc9-48c4-82eb-2a1d0fe06e18,45b4c6b1,2024-09-17,3818.72,payment,legit
e9120103-5921-405a-90a8-c0ffcc4bdce2,eaa633cf,2024-11-14,8098.76,payment,legit
13bc2907-fc47-4223-87a3-55b4a6205d94,542ef6be,2024-02-16,5844.7,payment,legit
0247a322-3a7a-418f-9754-ffa3ff0e6332,727782c6,2024-11-12,3905.62,payment,legit
cd52c04c-4083-4098-a6eb-d996e18f771f,a0a2c111,2024-08-04,1095.98,payment,legit
31fa0871-2f72-4d2f-b0c6-d7147d17e909,75b0f05f,2024-02-16,8954.45,payment,legit
2c3b2736-a5f3-45e4-8926-f9d82825397d,4c080d91,2024-06-05,354.7,payment,legit
b49d0231-cfe4-4701-a1e3-4cf8fd023306,505b2c80,2024-02-28,8631.87,payment,legit
0eed7c86-b6b9-45c7-ada5-8c24d5bade08,05e988a7,2024-09-12,3599.62,payment,legit
fa67ccb0-b52b-418c-a628-e028b3083e39,325c9fda,2024-10-03,6393.39,payment,legit
d3036465-c690-4351-b5fd-52cd4c78a58f,95060209,2024-02-08,9222.0,payment,legit
7984a3c9-736c-4258-9b0a-ee461102728c,19827155,2024-07-03,1517.07,payment,legit
54e0abdd-cf57-463f-a2ba-690d4ae6df5c,6c4c39d2,2024-10-24,5669.5,payment,legit
8129b17f-4c81-4718-ad8b-47780735e05f,1285a406,2024-12-07,7644.33,payment,legit
683931af-b8d8-4516-b13e-3cab7a440f2a,6b6d39f6,2024-07-06,7575.84,payment,legit
cb60ed3d-583f-45af-a004-80986d9f77a9,b19df487,2024-12-12,5256.32,payment,legit
5202af2a-3c1f-4091-b818-fd2c587cde37,f98dfa29,2024-07-14,6247.39,payment,legit
c6fa36b7-7ba2-44f5-b88c-0ce07f1a6614,9272f933,2024-05-23,7575.27,payment,legit
586bc228-6a99-46c3-82ae-3c8e67e8c47e,f4bba5d1,2024-11-05,8410.28,payment,legit
3367858e-e3ec-40bd-9e95-9dcd7295259b,b81fb2ca,2024-06-28,7618.13,payment,legit
4247454d-b395-4812-a9ff-7499a2dc8c66,0bf1eec2,2024-06-21,3540.05,payment,legit
1cb1652a-1aab-45fe-a03c-81cd041acf8c,40589e4c,2024-06-27,9967.26,payment,legit
932f0313-03ef-48f1-915a-b509afed7d27,818d9cd5,2024-11-05,4345.03,withdrawal,legit
3373f0e4-f375-4d4b-8b80-e38650b67de1,b7588ce9,2024-10-30,244.65,payment,legit
c8e89fec-47d8-4311-91cf-3613e047af6d,cd306156,2024-05-27,3626.17,payment,legit
8998095c-b477-4ba5-860d-f4a73c1101a1,c05aaca6,2024-05-01,1277.83,payment,legit
27c4c119-5fd8-4757-809b-d78fff90b0e1,69ca4f84,2024-06-28,1214.43,payment,legit
53261068-66f0-420a-a75f-a9a0be1290bc,64f2a30e,2024-07-28,2815.35,withdrawal,legit
30655039-da24-4842-8ebd-3fc94a03620b,1393a70e,2024-03-27,533.75,withdrawal,legit
82e1377d-5736-404a-93ec-6e9b08009f9d,d9fdf34a,2024-10-16,6885.12,transfer,legit
b203388e-5ebb-49c4-b16f-e1097fcb988d,fd35adbe,2024-06-26,739.89,withdrawal,legit
df3a4b29-5d42-427a-8154-003a6a0b21e5,1ece24d0,2024-05-01,2032.9,payment,legit
4af8cde9-b46c-427b-8473-d21d0435b9df,b8e010ae,2024-02-08,929.0,payment,legit
3b08c496-f77d-4f34-acb8-32fb02b47d2f,48b9e7b3,2024-03-28,631.68,withdrawal,legit
d72d8713-e5fe-49bd-a3d1-7a74abfc7718,fa016c6e,2024-12-12,2677.52,payment,legit
06ab9cf5-d9e6-4920-8793-bab53a3261b8,1bcd2fbe,2024-04-21,5718.99,withdrawal,legit
cd16204a-725f-4fe8-919d-b535f236d585,3b2d3cd4,2024-03-02,9646.86,payment,legit
151c26b5-59b0-4e92-b751-c20b408e0ec4,54a407ea,2024-06-17,8755.57,payment,legit
caed5c44-ef07-4341-af6f-3550d5b10707,4ed87c3f,2024-04-22,8759.34,withdrawal,legit
ab379101-5862-419d-8b96-daf573af9f52,3b196d94,2024-01-13,1760.67,payment,legit
cc3d12b9-2784-4060-b07d-aefe9c2b8cc3,f594a10d,2024-04-27,2649.07,transfer,legit
be3e9d1e-0e23-475d-b4cf-95630b0fc329,745ef6e2,2024-07-17,763.93,payment,legit
e8eb99ef-3b0f-4a50-900b-c8d9802cf2d7,879af25c,2024-07-20,7784.68,payment,legit
928bce40-71e2-4e48-b1bb-28961bf26dad,31bfc772,2024-05-10,698.16,withdrawal,legit
91e866d6-f81d-42c9-9d0a-4a13b852cbf2,55139eb8,2024-06-12,5566.96,payment,legit
41a7c05a-2865-457a-afc8-fd939ee90e72,589f1e44,2024-12-18,2478.76,payment,legit
b75c6ef8-7d2b-45af-87c6-cffecb3b31ef,faee00a0,2024-05-17,2434.46,payment,legit
d228cd8b-f2e2-4451-9de8-3dfcd6f6d122,6ad9a714,2024-04-04,9907.25,withdrawal,legit
2d7804d3-81d9-4042-94af-5a0650c97158,a0e12e1e,2024-03-29,7567.8,transfer,legit
11fff2a7-0f0b-472b-9bde-211ca1ba9ece,3ac5823b,2024-06-16,8369.39,payment,legit
f9a8ce0f-f03e-4ab3-b8b6-ebc560577128,fa5fc2a7,2024-10-04,5719.83,payment,legit
9b232cef-b401-48e3-a9c5-9cfcbcef9df2,9458da23,2024-03-16,8710.14,transfer,legit
51bdb2dc-eb57-4a0c-9772-8580ec820e6d,60e820d4,2024-09-15,6454.91,transfer,legit
842a95ce-1934-47d6-a30c-2018dcf75d73,33696d0a,2024-01-08,9461.74,payment,legit
8ec95f80-ece0-49f2-b9fb-445c47b012a4,b078a752,2024-06-01,2813.39,payment,legit
c12bb9c8-d14a-4253-857c-11015f5aeed5,07d46669,2024-10-10,5953.2,transfer,legit
550d3d99-2fd6-4873-97a9-2881c2c0fd12,9dd0882f,2024-05-03,6901.31,payment,legit
799025f8-fbec-45d1-b8a4-49e46b47e525,6ce9e028,2024-07-24,3929.37,withdrawal,legit
e2bb5619-8751-4624-95fe-b9a6c519965c,3292a604,2024-03-15,8797.08,payment,legit
a9a79f39-6a65-4ff4-a2bc-e69235dcc865,399a0637,2024-09-27,9798.03,payment,legit
c8f2f77b-d2d8-4236-b01d-3a368427b9ea,4ffd0bc9,2024-01-20,4937.69,payment,legit
3d70950a-7e90-4ab6-8c5f-585f483ec381,c7f6dffa,2024-11-07,3906.41,withdrawal,legit
c759b3a0-fa44-4fbe-97a5-566097fdd14d,f8046b5f,2024-03-13,4719.38,payment,legit
127d3ef8-7635-4db0-8b0a-23d1654974db,559c1c92,2024-11-15,8527.37,payment,legit
21cda56f-ceca-4e20-baff-750513347daa,902dd560,2024-05-08,6454.68,payment,legit
184eceb8-d5ad-46b2-8de7-3f1db88afdd6,f4379817,2024-09-20,447.72,withdrawal,legit
28ac8735-5e0b-407c-8a17-7572339ee6f3,ac185cf6,2024-04-26,5421.7,payment,fraud
836b4ae2-2962-4bca-be69-c8a06aeceaa1,aedd9dd8,2024-11-26,173.0,payment,legit
a8e55224-3a58-445f-aba4-b624446682fe,d88f023e,2024-02-16,7785.35,payment,legit
ddf4bdce-ac0d-4af8-98c5-713562e2e205,15aba4b8,2024-03-06,3283.12,payment,legit
0e3e7937-41f7-4790-8e9f-f98e3c93660a,ba24f9f7,2024-06-28,4720.07,payment,legit
6b7f016b-13c5-464f-bf1a-f7dffd32195f,e54059c8,2024-01-30,7986.78,payment,legit
b774fe0c-5704-475b-9bce-8f47ed4a2346,330093d9,2024-03-12,464.49,payment,legit
7c4eb0aa-ae17-4b88-8bef-12cd6f6b1db6,e82664ab,2024-12-10,1585.42,transfer,legit
cf047a79-68c9-43c0-bc2a-893add53332e,012c51eb,2024-12-22,3979.6,transfer,legit
3377f107-df51-4c02-a190-a0e7020722f5,0c2a75fe,2024-05-17,2299.25,withdrawal,legit
d3e6c6f2-db17-4485-a2d7-d1a9cb8f32b6,b4b21b38,2024-12-02,3379.01,payment,legit
3b66a5dd-3fe2-42c4-a8d5-cedeb9b65c97,1e8747a2,2024-07-17,9981.75,transfer,legit
8510fc83-1945-4513-a545-373805e213b2,7285b92f,2024-04-08,8254.14,payment,legit
5e3bf4c4-bdef-4c35-9f38-e248d5cfd6dd,e6efaefd,2024-09-13,8839.02,payment,legit
795af71f-0498-40d2-aa43-4d71830345a1,8d47e6ae,2024-08-28,9370.55,payment,legit
8734bbd2-8118-425b-941b-f051f3a90bfa,bec375eb,2024-12-27,3409.36,payment,legit
c71f2d21-094b-4f59-92f2-a2049634fd97,1da74438,2024-04-06,2970.77,payment,legit
11244e9d-2c3c-45a5-b554-294bb673a430,83d5197a,2024-09-02,2340.62,payment,legit
23c07e33-6516-44ef-bfed-926fa6a2f48f,f6b90f50,2024-01-19,8301.17,payment,legit
a4565e2c-8534-4327-abba-82ce73f29827,9f3f2e2c,2024-02-11,6795.52,payment,legit
68aa4a95-c351-4956-a07e-e8701782a711,d8b2ada2,2024-01-02,2361.72,payment,fraud
db410b4d-2abd-44c1-a4c7-300796ab86ff,87560b13,2024-12-30,3769.94,payment,legit
e4ef7dc0-2807-4cda-950e-d5461e91c804,82fd6cb4,2024-10-19,5067.12,payment,legit
7b25aff0-28d6-4d53-9b6e-c069323aa425,4663d557,2024-10-14,5281.4,payment,legit
6ff508db-1a6f-43df-ac61-b1e30d79ab3d,905e109d,2024-07-05,8887.28,payment,legit
5dd4b612-e450-4ebd-9db8-4742a0288f8b,4b1ccae7,2024-04-19,3805.66,payment,legit
aab0fd78-e059-4077-9f55-e2c33959557e,9053d293,2024-02-25,9085.24,payment,legit
57bdd32c-c343-4c1b-9f56-4dfb3787b86c,442da9fa,2024-04-13,4413.68,transfer,legit
928a63fb-ddfa-4f94-b3fe-e9dd638c17d7,7a17e57e,2024-05-17,7463.73,payment,legit
5e37b53b-d386-47ad-830e-6a8ddf796cd2,2aee6499,2024-10-03,9302.54,payment,legit
5c8d97d0-22ad-4782-9a59-d6d19e56a6cf,30c14f06,2024-07-15,9075.76,transfer,legit
6d071dd9-eb05-4a90-9369-bd1dc6789ad1,f158dd0a,2024-01-29,569.53,payment,legit
6cc419f4-42fd-46d0-b52a-ec45e7503314,a9a5b13f,2024-01-07,2057.04,payment,legit
bcb55b86-6239-47a2-bbf7-6161451f770b,206a7967,2024-02-07,4769.05,payment,legit
551c2a0b-33d9-4450-9b60-726f744f823d,442d6ffc,2024-05-29,4315.54,payment,legit
9c5bfb95-7b4c-4019-a235-17d204fed580,a8d28c2a,2024-12-06,6408.92,payment,legit
571e45be-fc3d-4f75-8dfc-ea46417ae090,03f0c4a2,2024-08-20,9447.09,transfer,legit
493685a5-117d-47f5-9d18-405aae11e9f3,7609454e,2024-10-19,1124.05,payment,legit
6beafd90-4240-4a9a-9d4a-528f489d40b3,aa6ebaaa,2024-06-19,4518.59,payment,legit
2ee2342b-dbff-43b7-a806-2a0ed2af88c3,544f9d4b,2024-05-12,1924.11,payment,legit
31cfb268-e345-45ff-ac8a-600b37709789,6730d739,2024-02-09,8941.08,transfer,legit
bf52a146-e0bf-4fd6-80d8-3a03434cd83c,ac0f3a61,2024-11-15,9645.8,withdrawal,legit
e2396e03-7335-4922-9bd0-3c850d92a8e7,37f7baac,2024-10-12,4787.02,payment,legit
bfc99b42-7bff-47ff-92cb-9fa2ee1915fb,f46f4f60,2024-03-02,1040.1,payment,legit
599f338c-700a-44fd-b76d-15b28fd4eaff,dd49d7b0,2024-07-05,7852.95,payment,legit
65cca73f-4524-469d-87e5-7b98e63d0cac,9bbe8759,2024-06-26,6971.41,payment,legit
5839fda8-85c0-4305-b833-ce84a4f09129,9ff2a536,2024-08-16,3546.71,payment,legit
ee04173a-2edd-42de-9881-9110d6a3d7cd,f39b9a5c,2024-12-11,8874.07,payment,legit
237c2d42-fd2a-4bb2-a002-49a4442cb2fc,f7ae0141,2024-07-30,9758.32,withdrawal,legit
aa45c358-505c-475d-9538-64856cc21f87,efa41fe4,2024-07-16,5578.54,payment,legit
eba31228-a560-4f3c-aa58-269ea6075a76,7eab2276,2024-01-19,5657.28,payment,legit
38c6bc83-e8b5-45e0-9477-f5e536db8eb0,f089cdab,2024-01-23,2975.14,payment,legit
c97f6574-b920-4007-928d-6dd703e1622f,a1e8753d,2024-03-09,5845.06,payment,legit
021ab11c-b622-4cbe-8fca-d8db2458598c,fb3365d6,2024-01-12,4396.42,payment,legit
f55eab1c-0e69-4eb3-87d7-53af6cd6504f,44afb9f0,2024-09-28,3021.91,transfer,legit
81cfae8d-fd63-4df0-8cc7-28e55199fe3b,d5e2dea2,2024-09-21,671.85,payment,legit
fcb248f9-e847-4192-ba4f-44e11a8dc7bd,311927d2,2024-02-19,2527.08,withdrawal,legit
8346c614-b8a0-4cf8-ae5a-c6a8e92075b4,ce05d01a,2024-11-01,1978.55,payment,legit
8f047f6c-84c2-4ac8-84b4-0fd9b9896505,4a6c7596,2024-02-26,5420.42,payment,fraud
5acc1bce-f64b-4f9b-a9a0-8760e0fc95a8,449651f8,2024-04-19,6016.7,payment,legit
ad71f9e5-60e6-4708-b49b-a8dd10676d90,d422dec6,2024-03-31,6085.72,payment,legit
3092ef71-8bd6-4cb9-9080-5a37beabb299,6dff7b41,2024-05-15,3881.81,payment,legit
6592c757-eaab-4472-8446-a12c91c7a241,ff2b2381,2024-04-02,4212.3,payment,legit
2bcef438-a467-48c1-925e-acad429331b3,e2a9b963,2024-06-27,8342.38,payment,legit
b971abee-2074-4c15-9287-350c18b24544,54bad7c4,2024-05-28,4762.33,withdrawal,legit
813a9b67-b98b-419f-a848-adbcc4c4b618,0fce61f3,2024-12-26,9877.73,payment,legit
29b42bfc-87d4-4828-b7af-35ae82bbde8b,b192f562,2024-01-21,4396.17,payment,legit
4cfafffc-f4e5-43b0-9266-9c0e1274c40c,ca188e72,2024-02-21,6495.81,payment,legit
e5be97e5-ffdc-40ae-95a7-76af7232c23a,cd7beca0,2024-01-20,503.63,payment,legit
14b53503-7b2c-451a-9e24-1652a4b73657,b01d8f7c,2024-08-16,6533.4,payment,legit
146ae1cc-773e-4755-a8ce-a9d2d93459da,76ccf2d1,2024-01-20,8514.26,payment,fraud
523018fa-7d5a-4c88-b73f-6741839f49b9,8983d67f,2024-11-01,9424.58,payment,legit
7693233e-3c78-4929-9ddf-bf208c410ee3,d65c70ab,2024-07-05,9973.21,payment,legit
eb7af864-9d72-442d-b0c5-a0309156842f,59048f4a,2024-07-11,2821.79,transfer,legit
02ccfded-202b-4298-93d5-180dc0c167e1,6dac726e,2024-07-23,5753.7,transfer,legit
0fdf42fa-eec6-4118-9293-a9cc82407ca1,91282205,2024-03-03,4507.18,payment,legit
d2a3dbe1-774f-4276-abda-44aff748e137,c8655d43,2024-03-13,5638.17,payment,legit
0a73ce7a-4510-4bbb-a191-0265d0a7178a,b3b25de1,2024-04-26,1574.53,transfer,legit
4e6549f9-9ed9-44d6-86e9-792d1b2eaadf,0c689a43,2024-08-04,8561.5,payment,legit
f0a2e095-ab17-4069-b69e-e82b27beeaf2,1b5f1f44,2024-03-17,9095.69,payment,legit
a9e960f8-7789-404c-b50d-2f538f99ab96,46e2747f,2024-02-12,4496.62,transfer,legit
c8f8ff22-3b35-469a-aaf7-23699a2c1bf3,a6b25eac,2024-12-20,2804.3,payment,legit
7c153e71-3732-4fa8-83c0-f361ab7dcd95,2d65e5c2,2024-01-09,1408.33,transfer,legit
a917b2ca-e09a-4e61-9045-66e3bfcfa558,62ef5871,2024-10-19,6837.65,payment,legit
7c323a0e-83a7-4771-bdef-73a741b5baf5,7c8cad7b,2024-10-14,3122.32,payment,legit
d913c43f-1cc9-4e85-9d68-2da2f1233a53,46c07ec7,2024-04-18,9095.39,payment,legit
763c8b9c-9b52-4928-be5b-e7e210fe6754,456276c7,2024-02-19,6710.12,transfer,legit
3f880589-2da6-43b2-aba9-6f1279bcc369,1f499452,2024-02-23,6456.85,payment,legit
11e2a753-adf4-45d5-b825-0f47650b0c92,bd56ee7a,2024-09-11,5594.02,payment,legit
127b33ca-f5be-4854-89cc-bd8cc68782dc,9fb435ff,2024-08-22,457.76,transfer,legit
743d9e06-2ad8-4dcb-8dc2-f38624d406c0,4a11b931,2024-10-12,9319.22,withdrawal,legit
632afe1f-2833-44ac-b226-63167e86e735,a672ba8f,2024-12-08,6279.37,transfer,legit
ec48eaed-b1c0-4d6b-9f84-0e61a95d199a,225b3054,2024-09-09,9940.62,payment,legit
1104d715-0603-4a02-a4af-92016e52fbb4,782f4a71,2024-02-26,5373.56,withdrawal,legit
3ffa3bb6-74e5-46d9-a3b9-5bcb3f7b6422,1be47679,2024-03-29,7101.11,payment,legit
be1a0d26-c1fa-4bbd-9e0d-a9cdbdd849b2,23d18944,2024-11-03,562.1,payment,legit
e97c26d2-f24b-4c3c-b0b4-04e0f7a41422,771641de,2024-03-17,6317.36,withdrawal,legit
f0239a0b-1979-4428-ab9b-4e5cbaf2983f,f6aa9be6,2024-01-27,7646.5,payment,legit
b31e36b6-cabc-4b47-b7e9-2f98c2078ada,820aa1bc,2024-09-13,7785.14,payment,legit
0c02cc94-8d4e-49c3-b4c4-b44434406b12,139f6d74,2024-05-26,7701.12,payment,legit
1fa92ad0-63e3-4ded-90f3-87644aec1ed6,4166b68c,2024-12-01,2262.83,transfer,legit
5dc6232a-9075-4328-af37-ae30300de0e0,f8b83c69,2024-08-25,9753.98,payment,legit
64eb6e29-d87d-4922-b941-c2234bc391f5,0f8a54c6,2024-02-03,9951.82,payment,legit
66cf1202-32ea-456f-aa7e-0ceea51b9138,4dc2d027,2024-12-11,755.96,payment,legit
102cadd0-2e53-4b6f-aa91-f8c0df401d14,7e49ff61,2024-04-04,9364.46,payment,legit
f41b6c5a-f072-4a19-9173-35e016345194,71b7cf58,2024-05-03,2894.49,transfer,legit
0aff9037-e115-4e7e-8e1a-bc36a501ea0e,663f8fa7,2024-05-26,6892.84,payment,legit
1d711f11-b574-41bd-8f0b-efcd743bc157,12bda013,2024-01-19,3381.11,payment,legit
0a5d2232-9804-4e97-96dc-3b2c6658658c,d94adf09,2024-06-30,9677.54,transfer,legit
ef04491a-a5b8-4ac0-8f53-963facc877fd,b275835b,2024-02-15,1015.04,payment,legit
28a498d6-979e-4310-a762-c6c975f5bfc8,bda40b8b,2024-05-26,4977.47,payment,legit
bcc3d56c-f142-494b-9c01-db0c87ab5f6a,980a832a,2024-05-08,4280.48,payment,legit
db9b6846-7724-44e0-b00b-4f0188f2d532,cacc1129,2024-10-09,3260.23,transfer,legit
8d04cacf-e48b-4d77-8751-3f8ead51a3a8,1f5accbb,2024-10-20,6455.34,payment,fraud
46f37ee3-55dc-498b-97f0-f8c3366afd9c,8c0fc83c,2024-02-25,1310.56,payment,legit
0bf5b2eb-2d02-43bd-a0cf-984dab447be8,5a9014f2,2024-05-13,7166.62,payment,legit
0ff8b993-43c5-47ec-a0a8-35fcd74e0289,22276b35,2024-05-16,9805.92,payment,legit
02fccd52-b3c4-4b7c-96f6-bf49eac2423b,d98a6fa1,2024-02-25,8045.59,transfer,legit
78240a25-10fc-440c-b56d-4b4fdc401f02,93d5fcd4,2024-10-18,8600.17,transfer,legit
0ff60b7a-9e04-4dc8-8662-08d158cc775f,83e699e5,2024-09-15,3596.37,payment,legit
30c283e1-2585-42e4-9dfe-8e20d564664a,f9fd763d,2024-03-10,3248.87,payment,legit
0699af03-a314-41f3-869b-b18cd068881a,13fecf19,2024-05-13,5170.48,transfer,legit
9af42c05-39cf-462a-bbf3-4d635f76b232,d3213ee5,2024-02-08,457.27,payment,legit
f15bce5e-6ddc-4f35-82ae-97fb7a830cb8,923ad2f3,2024-08-17,9453.58,payment,legit
79be120c-568f-43a5-bbab-72defdb808ab,2363339e,2024-02-14,1437.85,withdrawal,legit
ce622f84-c679-43d0-b176-ba52f9367327,04d6b9ca,2024-12-25,9030.13,payment,legit
bcee589d-93ae-40b0-9c94-cb49d870a1b1,11e83c22,2024-10-11,835.82,payment,legit
eed9351a-2892-4d2f-a379-0c2ad3e61986,860f8af4,2024-05-22,8226.25,payment,legit
7ff89253-dee6-4293-9778-6cf5e1aedead,63f71c33,2024-07-30,1519.63,transfer,legit
488c2f66-51de-4327-9b70-bcb7c337651c,3881938b,2024-11-28,381.32,payment,legit
de84ef9f-51ed-4749-aa1b-832e842f7b50,67fe14fc,2024-07-21,7194.89,transfer,legit
7074afd2-e268-4bb1-bef9-29914f1af69a,6c2c8e26,2024-03-04,2802.65,withdrawal,legit
f829cc0e-a80d-4fbc-aeab-7993d4fad30c,8c63473c,2024-05-18,7144.96,withdrawal,legit
c7b87594-3225-416d-8f6f-74beddd227da,5f250598,2024-11-03,5550.85,withdrawal,legit
456fe37a-20f4-4f0e-977a-a1474d72da2a,d2dd77c6,2024-08-23,1088.07,payment,legit
78d61fe3-72ed-4343-a9c6-8fb95c68ad03,019dafc1,2024-08-25,9321.3,withdrawal,legit
00659989-bf1e-42f2-a7af-592d9c52e3a5,cf1a7993,2024-11-12,4523.14,payment,legit
6fdfef90-ed9f-44fe-ab0a-81073ddff9eb,e75fd48a,2024-11-22,7344.47,withdrawal,legit
671622e3-6071-44d5-a20c-1be41b7fa3f9,142f492a,2024-12-01,5010.21,payment,legit
dc588e90-afc1-4cd5-bf70-acd0ec4f5ea3,5fb0301b,2024-02-04,6043.61,payment,legit
48a9d0b4-3dcd-47e8-99d4-00709c8e2c9d,17894cde,2024-07-17,3027.74,payment,legit
09507f3a-21a6-41f6-b4f6-593a657e97a6,731ce957,2024-09-27,2003.6,transfer,legit
a2ec605c-a2ba-494f-895b-d2605c42d53c,d5255b62,2024-10-03,5425.7,payment,legit
a362db6c-1826-424a-b329-cb6ced863ec3,d9f575c2,2024-08-09,4402.19,payment,legit
daafcc52-d0e8-43c7-a0a5-cf9c3b783a8c,c54d94d8,2024-03-01,3901.13,transfer,legit
1c550699-49b8-4aec-8dd1-2ac795b0325b,15946040,2024-10-18,6725.67,payment,legit
2cc29248-eae3-4437-b03c-1c5f5ff0af85,6c8bee38,2024-09-19,6905.07,payment,legit
4c04d3d0-e559-4e75-9ed8-aca51635f7e7,7a4f0ad0,2024-02-01,459.2,payment,legit
be2c58dd-3ddc-4ca7-aa76-51e35fe3c36f,c26f9039,2024-06-18,3387.44,payment,legit
98387e64-7762-444e-8d38-08a7a0a544e8,e1c0ffc1,2024-03-04,4117.65,payment,legit
e13d8033-44d2-4e78-956a-a4611cd227c4,1de93dfc,2024-05-03,968.92,withdrawal,legit
d05b77df-7787-439e-9551-b85b1e33b146,42d68773,2024-01-07,2359.01,payment,legit
1b612122-32f3-4c2d-bf2f-260f5e7859e7,0c191134,2024-05-26,516.42,payment,legit
21e5ca83-c5c3-4893-a89e-c81c279d8201,dd533b6f,2024-07-19,9962.42,payment,legit
f60ac2a9-98e9-41b3-b06d-fc62ec6f0a32,56ca8543,2024-08-14,7365.57,withdrawal,legit
2c533e22-60ef-42c0-b4dc-07983fc9894a,38a2a0d4,2024-08-30,874.5,payment,legit
e6f274fc-4cd5-443c-acbb-5c8e7d3678dd,b648c79f,2024-11-01,202.49,payment,legit
d3e64e84-d124-4fda-99eb-c6dc995cc8a6,55bfdc8f,2024-03-19,7192.88,payment,legit
74aae833-645f-483f-baae-c5f6830f2041,09d7c74a,2024-02-13,4391.92,transfer,legit
7b33fd44-c6fe-4c36-9f32-b8d1077e160f,639340a8,2024-11-06,7867.97,withdrawal,legit
271e0dde-5b92-4367-abdc-9ebbcaff8127,e3e130ee,2024-02-27,9234.76,payment,legit
cec3913e-cd44-4546-9d31-b1c340f05115,b7c09bcd,2024-12-21,5993.0,payment,legit
3b93f93c-f130-4e62-984d-0a22588e4de3,8d60863b,2024-11-03,1871.08,payment,legit
01f3187f-64c9-4a9e-a15f-f9a791729ad5,f19a69a9,2024-07-01,7821.94,payment,legit
6718e0a6-5830-46e0-a647-e1ecc524a81b,80b6e684,2024-12-24,9558.12,payment,legit
52e9b046-936d-4591-a21e-2ca0256c3342,b160188f,2024-02-05,5802.31,payment,legit
83b5205b-5e5a-4449-8f77-148cfcc26460,2375d4b2,2024-04-20,6819.97,payment,legit
e3084332-eb07-458e-a395-14044f27af2c,23d4173b,2024-08-20,3374.75,transfer,legit
50633eb7-f81f-47e1-b998-223a1fed732f,1ef8d9de,2024-05-07,3815.28,payment,legit
020849b3-f81f-44d0-98c0-92b3cf28d737,7f274f14,2024-12-04,7346.54,payment,legit
965587e8-bbca-4121-9a4a-a8efda2d6322,1bb9c605,2024-01-24,9277.71,payment,legit
926cc726-11f7-42b0-941f-855b36936653,a7082c75,2024-07-19,6289.88,payment,legit
b2b9c7fa-d61a-4f0c-a1b4-4523771c0eb5,220dacdc,2024-08-03,7898.48,payment,legit
7957c4c0-40b5-4ffe-a308-4b199f3e0637,6c2d1c43,2024-08-26,1716.35,payment,legit
7e2c4467-4542-4b7d-af39-5febcae378bf,287cadac,2024-04-03,2119.59,transfer,legit
52fe9328-355f-4581-860e-e75f535d11d1,613ee487,2024-05-13,5320.35,withdrawal,legit
b495efc8-b10b-4e05-b8ea-fd6ece397d54,1a2e5340,2024-11-03,1765.54,transfer,legit
9094457f-2f77-40e1-961e-1d0ab478fe2e,0ef04ac5,2024-03-12,6349.95,payment,legit
4c045705-e919-4679-94cf-b688d0bb6343,986b4855,2024-10-28,2916.53,withdrawal,legit
3f5d9a20-2e32-446f-8ff6-364e8c246e89,464f0296,2024-07-24,7915.33,payment,legit
35dab376-db80-464b-a665-e3de627dd3ce,211c8d66,2024-10-05,8081.1,payment,legit
460dd7b8-c6c0-475d-8e6b-8197191a5fcd,ac563049,2024-09-17,4637.87,payment,legit
e7865feb-6d8d-4f61-a8e8-16b63bc0e02b,6546e57a,2024-03-16,1808.11,payment,legit
9be2f509-c0bc-4629-9f64-7c077f502793,7d92e4d0,2024-07-26,6467.75,withdrawal,legit
39045b67-e0a8-4d70-bb33-bf48fc1a50f1,73ac8e85,2024-11-12,9927.87,payment,legit
284cb038-0037-4447-ac3b-1ad018f189c4,81a0a01b,2024-06-06,6225.91,payment,legit
bd10c3cc-0bea-4e54-b010-9b06e0ac56a3,315b0db7,2024-12-18,357.75,payment,legit
252d347e-8ef1-4a83-a417-91d042654870,771a4ff9,2024-06-14,172.94,transfer,legit
eb6307e6-5435-4c0d-9689-429683904649,43612f04,2024-02-22,3203.62,transfer,legit
982624e7-5635-4f1e-aa08-46ab90d5deb0,17acc8e7,2024-05-22,1957.84,payment,legit
86f17771-65d9-427d-8750-a8ab99115144,62c0180d,2024-12-13,8130.51,payment,legit
d0cb01d4-ca63-4482-83e7-48622476cd7b,5c8e3c25,2024-04-26,8448.06,transfer,legit
dfbc80bb-ee70-42f8-a4ce-4e894bb5bfc5,63768eb4,2024-11-12,2586.19,payment,legit
eabcfccf-5bd9-4745-bfb4-53c25fbbd2bf,e56c8055,2024-11-17,3256.45,payment,legit
56349c10-ea62-45e5-96c0-5bd68a2e4c1f,fb4d6d0b,2024-05-07,2362.47,payment,legit
dd435137-9bfe-4292-b094-54a8a662df5a,3df2d8ba,2024-01-31,9083.83,payment,legit
29796ac3-a4d9-42ab-8d3f-348fcdc5466e,89d5acc6,2024-09-21,5026.49,payment,legit
ec86be69-e3f0-47d7-9904-d193b8a39885,bfbe9853,2024-04-23,6561.37,payment,legit
377b95b0-1225-4242-bdda-89459999f720,61dc9bb5,2024-10-12,4154.82,payment,legit
bd8b0413-1d69-405c-b4d3-ed3f374a0b14,79bdb7b8,2024-06-10,6310.14,withdrawal,legit
8941520f-8e43-4741-bbce-ae8820b7cf9f,ff6e1ef4,2024-06-26,3858.55,payment,legit
456c5cb7-7505-4d4c-b3de-10a9f9b6704c,2e95bbfe,2024-10-10,3396.78,payment,legit
2a26ece5-8ec8-4b94-a356-0cee06c32b96,68f1e731,2024-05-19,6344.8,payment,legit
6e0c0fc2-e4ff-41f2-8a02-93d3b0716918,bb35df38,2024-06-10,5910.62,payment,legit
fc8ac302-b278-4114-af12-a578daa8144c,338e3dfc,2024-05-17,2935.28,payment,legit
167bab31-f299-4299-8eaa-43cd9b96d713,9a9db07c,2024-05-14,1493.48,withdrawal,legit
d6b2320f-a0c0-42a1-88b7-cacc89eabaff,c486dd43,2024-07-10,3685.77,payment,legit
7bae5b0f-fc27-418b-a9be-b127afce08af,212eaa16,2024-10-22,4151.98,payment,legit
fcd59a9a-de73-4851-9339-c8b51702f6c0,e1e4551e,2024-05-12,6286.84,payment,legit
6437db50-5eb1-451c-824d-b9119b2d22f8,172766b4,2024-07-10,9145.29,payment,legit
1ba12c9f-5815-4af3-88df-e71ae61fd0ab,24aa4fcf,2024-09-01,361.85,withdrawal,legit
e910a85a-4f5b-4311-ba12-f4a4ab599b83,d2d735dc,2024-04-08,2436.61,payment,legit
5041aa8d-aeba-41e6-a322-ce3616ed062a,57b11511,2024-04-11,1937.16,transfer,legit
fdfebbb1-16d4-46ed-99ba-78aa0c372211,7fded174,2024-12-06,5022.94,withdrawal,legit
60c06ade-2037-4535-8b1b-d763c34149cf,86c7b09c,2024-09-21,4297.01,payment,legit
2e12f563-2504-44be-adf0-e1b0ddd0e909,7697f323,2024-07-29,7290.38,payment,legit
3eace528-fe5e-4db5-9093-39cd50b8431e,a4a9b99b,2024-08-24,2424.16,payment,legit
3cd97fa9-b95f-4ad5-96f1-d9f449626124,46c7c5dc,2024-01-11,5944.98,transfer,legit
4814b063-c85a-4c15-aed3-e698313f7ef0,fbe25010,2024-08-13,8838.57,payment,legit
bf91cb9e-94b2-4414-bc5d-b976060988ed,71c66968,2024-07-04,9106.78,payment,legit
ee67c5e9-b7e4-4955-9fd1-937572fa868f,a845bd48,2024-07-18,9587.85,payment,legit
da895dda-66a0-4f25-b057-464e4816bfb0,206c202a,2024-05-11,7732.61,payment,legit
22f6b25a-adc5-4fa8-b6fe-b04fe5c404c2,1ffe6387,2024-01-30,9059.88,withdrawal,legit
629d2e23-7b80-424d-a1d2-3ff936db4837,1cee0a12,2024-03-11,2345.31,payment,legit
39783755-d4bf-43fd-b164-c4769457f5b8,b3ba2537,2024-12-13,1975.81,payment,legit
d30c6111-8a85-4911-a4e7-9eb9c64bb72c,36d4f661,2024-05-29,64.88,payment,fraud
b25e072a-c38d-46fa-96df-d037e1958485,5828588c,2024-06-19,7068.44,payment,legit
d425e109-701e-48a3-8d7f-2b1ebafdf232,235109b5,2024-01-20,9374.67,payment,fraud
934261a1-7cc8-40a8-bdc5-8629604b1ce8,b3b72ca2,2024-01-14,1869.35,payment,legit
36f8635e-e5a2-4170-a543-fc9f34156de8,d2e7eb56,2024-09-18,6369.44,payment,legit
c79cf0c1-871d-4616-a2a0-45af34eacc78,b8e8d3bb,2024-07-15,7464.6,payment,legit
3000e97c-5622-46cf-9e18-f22290c859d5,2ba1eacb,2024-07-04,9276.14,payment,fraud
e3ef6f6e-9d7c-42f0-8b9e-e733ad44039c,dd05e273,2024-03-29,6468.6,payment,legit
b150dbff-afbb-4c68-94f8-f72f5c91ffbc,b2fa1374,2024-09-28,9702.94,transfer,legit
b9478b00-8cc8-40cb-a91f-ed27e8613962,a1b5c282,2024-03-02,3446.73,withdrawal,legit
dc8a7953-3852-4924-b1cb-ad07b9135962,4c3093d9,2024-03-10,3499.29,payment,legit
f0f2320b-5f62-4541-8bf3-fa97ce8d0104,85465150,2024-06-17,5430.13,payment,legit
a4880458-5031-4b51-b6b4-e177c21fd1e1,f100cb8a,2024-04-14,3835.02,withdrawal,legit
65a7fd6f-d673-402f-afe5-39e012bdd530,3e0df23b,2024-03-31,14.26,payment,legit
146d94bf-8367-4f3f-ba3d-de2ff9e76949,14dbf98f,2024-08-23,7317.72,withdrawal,legit
6d1f7c45-b595-4f7c-bcfd-438fbdb7ce28,3dae3c57,2024-08-25,7517.17,withdrawal,legit
894ecd73-fe45-4292-8352-c0f160aab1ca,22403434,2024-10-27,7469.75,payment,legit
630f4718-d41d-45a2-8f32-7dce5f34c512,1959bb28,2024-06-01,3450.21,payment,legit
531e196e-8635-47b5-a79a-8117de8ea4fa,ced28ef7,2024-01-27,5222.89,payment,legit
2cd3c6d2-e71b-4b91-8a2f-8a01947f2602,2d1b0f93,2024-04-09,3599.74,payment,legit
6db70130-d03e-4e70-8efc-c4da65efb07e,8fa4de6d,2024-12-23,160.36,withdrawal,legit
785eed6e-dc2b-422f-8207-cc9202764e00,663e77fa,2024-08-05,5624.49,withdrawal,legit
96b09de9-749c-4aa0-a388-5e199f59a3c5,0516c3ad,2024-09-16,1237.61,payment,legit
52640533-79b5-4d94-bc69-9de3e7ad12da,1e52f08f,2024-01-03,800.41,payment,legit
292f82a7-a334-4226-8898-df94210e7eef,956d68de,2024-07-08,7554.99,payment,legit
9217944b-1cf1-4650-9932-c10e8d98e224,a3e6b4ab,2024-01-14,95.06,payment,legit
61d33006-10d5-4949-9e9e-46379791920d,ce09f6e7,2024-07-26,9590.08,payment,legit
9e5d1f39-ebc4-41e8-b2e1-c2a8d93d491f,6f92271d,2024-12-02,5152.55,withdrawal,legit
3976cabc-0de4-467d-8974-6a542305431e,21b97595,2024-12-19,9830.16,payment,legit
d5d409d3-2604-4872-ad83-a30ceff69a7e,10822e2a,2024-07-16,579.98,payment,legit
b45431b3-d2a7-44b4-a87e-b7045d900b73,d03aad99,2024-06-16,5835.3,payment,legit
e2e374bf-50d2-420b-bda6-f6eda3aa5746,52f5a2e2,2024-12-10,3493.27,payment,legit
78224179-3259-4f5c-9c4e-7685742d9de0,00b02d1a,2024-09-02,8434.82,payment,legit
3500bba5-ef66-4604-9240-02821050667c,6fde7716,2024-01-24,3612.23,payment,legit
6e932aff-cae7-420c-8597-e30592f16165,62f0bcc3,2024-06-18,2604.88,payment,legit
98dc38b4-7687-4a34-8de8-febac051f965,54e8fd23,2024-03-28,8575.53,transfer,legit
5c4656a5-1884-40f6-9ffd-3f2a1bdaf55f,40da8a82,2024-06-20,3746.53,payment,legit
afb8f5a5-a426-422f-a6fb-f67ad63b76f6,244bce97,2024-06-15,168.33,payment,legit
713c55a9-2995-47ce-a8c9-c6cc6e373fd4,188d01df,2024-07-31,3902.89,transfer,legit
c99705be-7f78-46a9-ba7b-e97c42bc9fa9,03f17bc6,2024-05-10,6545.22,transfer,legit
79d48de6-355e-470c-8e96-9e56084d0ace,0629ba20,2024-02-29,2543.6,payment,legit
de6b0905-84d4-4ce5-9953-18b47ff35a83,a1092678,2024-07-02,4319.88,payment,legit
a39cd9e5-4c01-483f-a643-b2d16b973117,ff490153,2024-10-30,567.15,transfer,legit
6f9950dd-4532-46d5-82df-991d32845a72,a4241fd9,2024-08-30,5880.93,payment,legit
1236ec5c-8d4b-431a-8129-b93c7eddfb6e,bd9b8ba2,2024-05-03,7562.95,payment,legit
83f41109-3c71-429b-ab7b-ab830d63925b,bbf5450e,2024-12-07,4133.13,payment,fraud
6daea214-1f78-4d03-befd-8f21a69a2cd2,baacd065,2024-11-28,4202.33,payment,legit
1266d440-a11f-4502-b95a-a90104ae747d,100a3da6,2024-03-17,882.82,payment,legit
9d1dc252-017d-4135-9761-b9cdd98f2230,9a71d2e8,2024-01-15,2019.41,payment,legit
29b4faf2-5197-4ffd-9349-40f515c9613c,cf62da75,2024-09-27,1546.75,transfer,legit
000575f3-8013-46bf-8355-c1b03086bff7,bfea455b,2024-10-29,4816.88,transfer,legit
b5e058d7-7a79-47d4-9b02-4369089ae428,36f5abe8,2024-12-19,5292.56,withdrawal,legit
793a57cc-90e8-4d09-96cb-6a31ec714b9c,d89630be,2024-11-20,9489.4,payment,legit
29249fca-d633-4a8c-89b3-1a14c6fa239b,74cb20dc,2024-08-07,732.32,payment,legit
30ec9a5e-06e6-4253-8c37-20c7ae1b4fed,f449add8,2024-07-12,5998.68,transfer,legit
c41c3517-3717-4a6b-b61c-ea0fcaf65521,c21795ff,2024-01-11,5264.99,payment,legit
ea7b864e-e437-43cc-82fa-35ab067303de,f7e18489,2024-03-31,5162.33,payment,legit
c45e4d4f-a689-405f-9c51-20dababb40cb,694bfc35,2024-06-16,8731.59,payment,legit
7a330e3a-9db9-44d9-bbb2-517f7ef950a1,c48590f5,2024-08-17,2055.38,payment,legit
6fdf777a-d2ff-4495-b671-ec128db871c6,38f0611c,2024-07-22,407.73,payment,legit
7f57a9e1-a464-414c-a981-3b03e1401427,0ba16d60,2024-09-28,6722.72,payment,legit
240080db-222c-48dc-98c6-e65755fb7fbf,2d3f0352,2024-04-12,3451.57,withdrawal,legit
e28fc080-aff5-43cd-9445-5a652e82e03c,bade00bf,2024-07-25,175.9,payment,legit
52b83a57-ec4c-406a-860e-788cbcd91482,029a2cdd,2024-02-02,2513.74,withdrawal,legit
c74b4183-470d-4e88-b9b5-826109b4c6a6,aa2341ee,2024-05-30,3093.27,transfer,legit
ea8b446e-757d-4c46-a6c5-a929be7224d1,4d851c0f,2024-09-30,6168.38,payment,fraud
05177419-a9c3-4336-9bf3-3ff512c7a586,00ae0b0b,2024-09-10,1725.86,transfer,legit
ab94a91a-6f31-4142-b4d0-ba49d258ab62,3e8e9c6a,2024-12-27,4130.54,payment,legit
601b47d3-9d69-45b3-99d8-d76fbf2fc352,d1786957,2024-04-11,4824.75,payment,legit
d7f8daed-f205-4572-a432-73f748f09e13,55415947,2024-06-30,4592.37,payment,legit
34f45052-ed41-4be8-8142-eed56d1b5350,0f8bd005,2024-04-30,9739.41,payment,legit
48befe19-02c8-428f-8a7f-5c5d4dc8c1bb,055f85ef,2024-06-09,455.04,payment,legit
b99d1977-f6ad-4736-a2f9-a6d1dbf49119,eaa89ab2,2024-11-08,9509.68,payment,legit
817764c6-6a96-4928-8da9-ad888680c2f3,f17d7c15,2024-09-06,5819.37,payment,legit
3cfe6a97-edd2-403b-a4ad-8368d3ae817a,fe7e6c18,2024-11-18,7957.28,payment,legit
36523469-e6b6-4a66-89ed-9f51608786a9,17599323,2024-03-15,4303.93,payment,legit
bcd369ea-b0cd-4d08-ac8a-df86c1b29f97,071a5616,2024-11-14,4538.38,payment,legit
879c41bd-7162-4ff8-bd94-1af3a293ac12,74b7e6cb,2024-01-22,8793.26,payment,legit
14fda38a-c722-4495-92dc-7a05a98abf64,508db8c1,2024-11-20,8959.34,withdrawal,legit
3e5f3b09-c403-4d9b-8624-c1124a3be276,063d8175,2024-04-30,2386.89,payment,legit
d136941d-ce78-48e2-820b-9abdf542b3e1,0be9436c,2024-04-24,1992.42,transfer,legit
abb356d5-3d3d-43c9-aa94-172d2deb5031,78efada5,2024-07-05,4962.35,payment,legit
0a551d3c-d2d9-49c0-9e3d-f54ca51a49b5,ada15b2f,2024-12-09,9002.77,payment,legit
007e4524-fab9-4f21-bcf1-934fcc225b35,fdfaa11a,2024-01-18,3223.55,payment,legit
b96221fe-2037-49f5-95cc-0d091465a2ad,51fdef2c,2024-05-08,6520.15,payment,legit
e54f59d6-932f-4d6c-96d8-1983f5b0bf6d,2664145d,2024-11-08,7081.52,withdrawal,legit
36b418e5-a37f-4f71-bf51-5520088b3314,5541aaa9,2024-05-24,7786.75,payment,legit
ef523d87-8fa4-4748-a24f-b4dc23b06621,1f20be0b,2024-03-13,5639.24,payment,legit
e6e2cd80-f27d-474c-bd3b-f9988839f181,4d15c890,2024-06-04,4024.55,payment,legit
107d552b-30e9-4cd8-97c3-05e021ad9d70,df333713,2024-05-20,9670.16,payment,legit
08f2bff9-9447-439e-ad5e-4d3484b040b5,a8c334b5,2024-11-30,6113.31,transfer,legit
6482b721-39a4-4e80-85be-23e34291bae7,b5d51341,2024-10-05,7285.65,payment,legit
a92c9697-230f-4ed2-87b9-9a1cce0a4b23,02c604d3,2024-07-03,3449.83,transfer,legit
304ed0c1-604f-4ebc-a890-d9fe500e979c,62b800d4,2024-12-26,6699.49,payment,fraud
7226ca89-0553-45f9-a7ff-843225778f4a,bbaee14a,2024-06-18,2577.98,payment,legit
54aba411-feb7-489b-8967-953c0d5a9666,474e8e5a,2024-01-22,2450.97,payment,legit
3a54db12-be6d-4c8c-9bdd-e17ba68eb6a0,82580354,2024-04-05,7147.22,payment,legit
c58d0eaf-20d8-42f8-a880-bee82c562f34,4e953f4c,2024-06-08,5213.95,transfer,legit
779eb8bf-b3b9-44c8-866b-5673a39d59da,a4f81e03,2024-02-27,6832.77,payment,legit
46401c7e-b213-4504-beff-4eed54890d2e,fa67b1ac,2024-12-11,2694.38,payment,legit
2628a71a-3f62-428d-91a7-cbd601b5d81e,af4d6aae,2024-10-06,5987.23,withdrawal,legit
9a14aecd-c9a8-4b9e-80ba-9ef4e108285d,80e16a40,2024-04-07,4439.34,payment,legit
a5a67004-a86d-4692-8dcb-59c5b0578aca,6e7bbd02,2024-08-03,5969.6,payment,legit
a0c71d8e-dbed-411a-a35c-eb132c739343,67b178a0,2024-09-20,2908.8,payment,fraud
55c2bdae-5ace-4ecf-8f97-3077f7ac8dc4,80da251f,2024-12-09,7154.51,payment,legit
5289fe23-9b5d-4208-aec9-cb9fb00f2662,7d87184e,2024-11-17,8059.29,payment,legit
26bf0cc0-9161-44ae-b251-178aa3cfc504,e9fbd579,2024-07-07,2599.16,payment,legit
98a9e658-4805-47db-8d01-8fdddd9ef78f,ffa6d55c,2024-10-09,3006.21,withdrawal,legit
0ae249e4-26df-467a-a2b9-afadb2c40211,c722a46e,2024-07-24,6611.54,payment,legit
5f8dde28-1acb-47ad-8592-41ed9ea08a46,b33cf528,2024-07-20,6955.85,transfer,legit
d57dacee-6dde-4f43-b602-c2e51d10ce02,40918d2a,2024-02-11,7041.0,payment,legit
04b0e53e-2509-4277-8319-e85ccddff611,480a8174,2024-02-16,6826.99,payment,legit
112104a9-b056-4ea3-83da-b70e8d48de3a,ca22080a,2024-07-12,3928.08,transfer,legit
278cf531-4c33-4e95-831b-6b187475281b,ed0cd1ee,2024-04-08,3948.54,withdrawal,legit
592b2065-ee56-449f-b935-1a11c2f7766f,098a7d14,2024-01-08,2548.18,payment,legit
ce029958-90de-46e7-8a90-3d2d0078a3f5,3e035ccb,2024-09-20,1568.34,payment,legit
0c985342-232f-4488-bf0c-653e75bf0070,ca623b1a,2024-01-12,6925.77,transfer,legit
312d8e78-dce7-49c6-b09a-2a56e2f2c5cc,a17c5886,2024-08-05,931.89,withdrawal,legit
b76bdf10-6f4d-453b-a473-afcdc54b1b09,4a53c219,2024-07-15,9377.92,withdrawal,legit
82a9f4e6-952a-4c21-a551-f90970b4c60a,42331850,2024-12-19,8266.86,payment,legit
1e58b6e3-9022-4e9f-bcfe-fcfeb1e84ea0,cc2ea5d5,2024-06-25,8575.06,payment,legit
e79aa90e-6377-4d97-9035-12ffe6a9100e,67325a80,2024-01-24,9066.69,payment,legit
bc7ef06a-929a-4280-bde1-df5ce9777f77,584dc7b7,2024-07-20,4086.05,withdrawal,legit
e56a8402-f99c-483c-b10f-909a276838d1,352ffec2,2024-11-03,8467.01,payment,legit
d86025b0-038e-4818-908b-a55da2f87a6d,0c5e148c,2024-12-29,1580.61,payment,legit
d1786f3a-7d83-4540-b605-d6d96d5a0372,f55b111e,2024-06-06,216.42,withdrawal,legit
9dfc682f-d1e6-4e98-b084-c529f2dbd05f,de6564da,2024-04-26,7848.91,payment,legit
e7f8524a-938d-4a2e-933a-3cb485732366,a471a84a,2024-11-26,747.97,transfer,legit
9033e875-4e6e-4f71-87b0-424bce520883,c35ce57b,2024-03-10,9885.25,payment,legit
2bc94e5a-d0fd-4b5f-8c4e-f224a2884f1a,1f9cc022,2024-08-12,6747.96,payment,legit
9aeb3c77-b689-4ccf-aaef-19e12f12967d,fd5fd6f1,2024-05-28,7534.5,payment,legit
36715ad0-8c26-4702-a1cb-605c3e1b9da4,06ebae19,2024-01-15,2458.04,payment,legit
87555371-5efd-4af4-8752-bd274bd64de7,9bed80c8,2024-05-06,6738.65,payment,legit
5e9963bb-d0b9-4d26-baec-d0c5fb4ac726,263b80fd,2024-04-06,432.2,payment,legit
5ce5a083-d0f2-4b13-9985-c9e6a6daaa03,c1d07932,2024-09-07,8378.26,payment,legit
feddd0f3-6c09-432d-8009-d319007d1e93,a6e375fc,2024-12-12,1696.24,withdrawal,legit
74726eb6-237d-4c42-bd8d-072c15546a21,60b6d488,2024-04-07,6973.58,payment,legit
3b247ebc-b8c9-4a36-ba2d-d45986cae3d2,9b4111f9,2024-10-23,2244.81,payment,legit
f1a4c7d9-3948-4218-b16d-fe3276fa906e,b9234054,2024-01-21,684.53,payment,legit
46ff1708-b408-4b58-b2d2-25b2fee782c3,6c303a7c,2024-07-15,4814.94,payment,legit
660fc57b-f2ab-4e8e-91f6-f50c3d2e224a,0f6c311d,2024-01-26,1692.86,withdrawal,legit
85a04f12-e722-49b9-b544-234d92d6c00b,bd1066c1,2024-12-06,7294.44,payment,legit
357b7e4c-6dfe-40c1-8970-5d319d50548a,3a4d7303,2024-10-06,2375.66,payment,legit
d45e209c-2183-4262-affd-d0135cf9375d,259fb099,2024-08-28,3424.73,withdrawal,legit
56065620-bcb9-443c-8ef3-d3f4ae94b8b3,5ddf8f00,2024-10-27,5674.39,payment,legit
45c17071-d44c-49c3-8030-807f8b0723eb,ca134cf0,2024-08-24,2849.68,payment,legit
be0e47e2-6b0e-40e1-b94a-dd21e9de035e,8b78e97e,2024-12-19,3779.88,withdrawal,legit
ed0d0821-bad8-426c-b314-efa1a0f673e6,03df74af,2024-09-17,8156.22,transfer,legit
a5d97c41-f749-4f35-ac32-8a0cb2c497fd,adde8b63,2024-12-03,1792.1,payment,legit
1104a2de-195e-478a-90c6-22bbcb75e537,21799ec4,2024-07-07,822.02,payment,legit
05f23fa0-a6a7-460e-b6f0-1cd2ee0cc7e9,2516ff24,2024-02-12,3283.58,withdrawal,legit
afc7429a-1af7-4c17-8a3d-258c78274660,095872bc,2024-07-11,4243.77,payment,fraud
62d52f6f-51e5-4f2c-a0d0-89465b2a1679,6f25eca6,2024-02-16,5426.59,transfer,legit
2d30fd8d-c77a-4fc9-b83a-688da7e6cde9,469e42f1,2024-08-04,3724.24,withdrawal,legit
eeac2095-a17c-468c-aab7-2667a9daafd3,2f2b999d,2024-06-25,7899.12,payment,legit
93856527-cc3a-4734-b3a4-2ffed4eaee32,51b53092,2024-08-15,393.19,payment,legit
53652934-817d-43ef-b090-a9726a891c63,451f00c5,2024-01-04,4317.68,payment,legit
468cbc0c-d476-4de9-b98e-1a588e14e460,31fe8f0e,2024-03-12,3822.56,payment,legit
404bf7e0-16bd-4738-b47c-eb775edf05cf,4bc3a12d,2024-06-28,6475.78,payment,legit
6d3810a2-40ac-4aac-b5a5-ab8005fd9832,5941276c,2024-12-12,9662.76,withdrawal,legit
8ca03fa7-4e9a-4e12-8cef-ab910e4cbc52,87a30dcb,2024-05-20,5103.75,payment,legit
08ae5fd0-a1df-4d85-8273-d4a2342deb93,05123381,2024-06-03,9868.77,payment,legit
77d83966-ca82-4c78-9ee1-f46c3acc9178,76eda98c,2024-09-17,3022.49,transfer,legit
81090a3c-1b1f-4144-9336-47ab4a09ff20,a9f64378,2024-08-08,308.68,payment,legit
dc39bedd-d15b-46b5-a91e-f08e200524ab,ccd69e3b,2024-04-19,1656.63,payment,legit
07ff17e2-051f-4953-ac09-9d21c3fbe1b8,e6be34ec,2024-05-29,3951.25,payment,legit
f77571b4-6a14-44e4-b2a1-6e3aa92411f3,8221559d,2024-03-20,3163.34,payment,legit
46073499-bf13-4959-a1c1-8894c195380d,86b95b7c,2024-12-18,970.54,withdrawal,legit
2586700d-4d44-4f95-8a20-931c21680f32,a9e88877,2024-02-17,4326.6,payment,legit
93615903-4e3c-4663-8bea-c9c9b9315ada,ff679e0b,2024-05-15,3381.16,payment,legit
822546ab-efd6-4c7e-9350-7aaef1bc7455,b5665cc0,2024-01-10,1226.19,payment,legit
99329190-6fc9-42dc-b663-56cd50fbcece,f313300c,2024-03-21,2961.17,transfer,legit
faaa10ef-b277-4421-9eb3-9872e828744d,bdbc9b29,2024-10-11,8864.36,withdrawal,fraud
6dd5b91e-438d-472f-9096-832af241d183,e9648de1,2024-03-14,3020.49,payment,legit
71817979-5884-4f37-bba3-b3ee26eb966c,a68e9647,2024-01-30,7139.55,transfer,legit
3306bde0-ff6b-450e-882f-0fc6aedd32d6,8e75d355,2024-06-22,6120.47,payment,legit
ef3fded3-4df7-4416-a3d3-0631778fbf36,e66712b8,2024-01-04,4271.81,payment,legit
1282b7b5-9c8e-4f6e-947d-bb736cd92e50,f964b502,2024-01-31,2390.26,transfer,legit
412bfa72-8c3c-465e-a1bb-70299a7f0357,caf270e6,2024-10-21,3690.15,payment,legit
f0c619d7-3731-4559-9575-99b4a03323d5,440462d3,2024-10-08,5921.07,payment,legit
86fc21e6-94eb-4610-abff-38bf1fd7518d,3df7d6ae,2024-11-30,3507.53,payment,legit
ac51539e-5cbe-4909-bbab-a93086be93b5,1107736b,2024-11-07,2148.96,payment,legit
258ca2bb-7ade-42b1-8e48-b86e6bbdf033,c57fd86c,2024-09-06,1164.63,payment,legit
cfd66298-5b74-40c9-a793-008bdb6b37ce,db443e4c,2024-01-20,8797.67,payment,legit
02885a98-9319-4488-8964-76b372d9ce28,e78d41d1,2024-10-12,4403.13,payment,legit
140db1c2-b84c-4f65-9d84-2ee071f9f1a4,6f39840b,2024-11-04,6252.08,payment,legit
bbd33b6a-e147-43d1-99ba-1c6b05623cd4,cd6f7e23,2024-10-18,4904.1,payment,legit
c23d864e-b990-49c0-8a68-0e860baed250,0b57923b,2024-07-04,8725.67,payment,fraud
0a3312bd-d973-4172-85e3-d96e0ab80ce2,cf8877ae,2024-03-26,5469.35,transfer,legit
52412045-0ef1-475a-b81c-a675df6b1f4b,55d1389e,2024-11-04,4807.81,payment,legit
2f62068e-9534-458c-b2ef-d881a8cb8a00,e029db35,2024-09-22,9246.01,withdrawal,legit
4f9e12e1-96e2-4b9e-ba94-ba85fc439a68,d854fbe4,2024-12-23,7196.9,withdrawal,legit
6d1615f8-ca82-4a4d-bcd3-f15ef5094b5f,f484061d,2024-02-26,1115.5,payment,legit
ac764553-8fba-49da-ac51-51edcb57d2dc,570cc889,2024-03-23,1777.04,payment,legit
33c4816a-eb2e-4358-be09-ddcd63e2e0e3,d438656c,2024-03-18,7871.23,payment,legit
63c2ac67-47f5-4691-ab23-5a45f357edf8,1af5d093,2024-10-16,8358.51,payment,legit
88930116-684d-4581-b969-b43dd4b9f26f,96d32e1d,2024-03-09,5451.91,payment,legit
5ad3f3bf-0620-4430-985b-e300e05cb86d,30e890f7,2024-01-25,5544.55,payment,legit
b1615cf5-6fea-4d66-b377-5d1c85143670,d5fc68b4,2024-12-30,6319.33,payment,legit
e729f955-80d4-4aec-88d4-1d05cb387aa6,d7b3905b,2024-01-10,4391.16,withdrawal,legit
ba4777cb-8d67-4890-8514-ac74903ed6ef,a80fab4e,2024-10-31,6801.99,withdrawal,legit
0a4ada83-31ee-4dc5-8d60-78c9d54c5d2e,496edc1f,2024-05-13,1084.81,payment,legit
903e53db-6213-4da9-b9e6-d551b0e022f9,64dba352,2024-11-03,9612.79,payment,legit
353c442d-c345-453c-bf8f-11f97e3ef5df,03096523,2024-07-21,7501.55,payment,legit
ae96e0ba-4ba6-408f-bd65-3cd57decb7f3,65cebc70,2024-11-25,6311.74,payment,legit
3e3e1960-6ce5-4d0f-8986-cdefb7d919c8,7f7e9bf5,2024-12-04,3163.22,transfer,legit
54bb7f68-0203-4013-a85e-279208708270,900503da,2024-01-04,1609.55,transfer,legit
b0b34e66-0926-4792-bf9d-3aaa91eb3cad,a0b23cde,2024-01-28,4093.43,payment,legit
23325f45-e6dd-4faa-b5d7-24b26355d7ad,aab4c567,2024-04-01,6615.77,payment,legit
105e1f37-0002-4562-bf38-14953be080cb,b7be4970,2024-09-01,6337.1,payment,legit
e9cfd697-534a-4d2d-b473-c9939aa30244,d917e69a,2024-11-20,3826.41,withdrawal,legit
5aa6980b-9748-49c7-bfc8-740370385431,a1ac86b2,2024-06-16,6132.86,payment,legit
d5b6d1fc-7376-4e60-865e-2018ce0854e6,e2188ca6,2024-08-09,8137.48,payment,legit
d10585c5-82bb-4391-ad72-af9dbfa495d7,32677c7b,2024-03-09,262.85,transfer,legit
c4f490c7-ac6a-462f-8450-a0328eb15b3d,dc993df2,2024-10-20,4506.21,transfer,legit
d7432578-a173-4179-a7f9-cc1824ca86c9,659b4741,2024-12-19,7585.55,withdrawal,legit
941dddde-2318-408a-b043-893f4a3f5e35,c7eaaf3a,2024-04-08,5461.44,payment,legit
d6130e69-765d-4f68-8c11-158bacb90714,7d33279a,2024-06-29,6514.76,payment,legit
d6d2b4e9-a9e8-4a3a-9770-68f37f0525b4,60bd620b,2024-02-01,5166.76,payment,legit
f9cb7979-1b15-4d79-975c-1f4f3fef54a5,f809721c,2024-07-23,9918.75,withdrawal,legit
7fadef28-cc00-467c-8fd5-dab37d74f176,d8c03630,2024-07-02,546.22,transfer,legit
fcea2fe7-69fc-4441-8546-2d2b27634827,bc161e2f,2024-02-22,4910.45,transfer,legit
fe54717f-ed77-4d1e-9d64-50feb1bf34fa,3d1a6410,2024-06-10,914.17,payment,legit
50db34fe-3a2d-4c46-9b27-95849bed7e19,b5d5325c,2024-05-01,1597.86,transfer,legit
4e36b8da-ba5b-4df5-9176-7f3e4cf7d889,56531c83,2024-07-09,3830.38,payment,legit
07505e5e-8365-4d3f-bcca-4277f2fd00db,228ffd86,2024-08-01,1555.4,payment,legit
4fbfe341-8989-466d-90a6-dbfcb2ecc600,2fafe9af,2024-01-04,9636.87,payment,legit
8ce9ccfd-73db-4cb4-a881-62c0ce98e020,2f97af83,2024-10-04,9467.9,payment,legit
eaa50b7a-5d67-4772-a816-18483b78c84b,cbcfb997,2024-09-17,3361.1,payment,legit
5537f6fd-796b-4c54-8420-5b14355bf46c,1664e37a,2024-05-13,6397.48,withdrawal,legit
22cb7c5d-c3b3-4b37-91de-9a8834a2bb70,b706b1c2,2024-01-20,5337.53,transfer,legit
a5e9959c-19fd-4b8c-82a2-3375fe6f186f,ab9f98e8,2024-10-02,8155.87,payment,legit
2b5f5b7a-19f9-496c-a349-8eead77c060a,d3b9dea3,2024-12-14,6274.46,payment,legit
88312c7c-08fd-47d1-ba45-4d46bac278ad,c551d2ab,2024-03-28,2.52,payment,legit
d3e96e2d-6e67-445d-b831-5aadce78f0c1,33fb8909,2024-04-28,7631.74,payment,legit
39213274-48e6-4f9a-b996-75197705636c,c9790057,2024-03-08,7468.48,payment,legit
c9493f3d-83c4-443b-9163-c121d761eda2,fef33d54,2024-07-29,5097.23,withdrawal,legit
d252b5ec-2892-4068-816e-eb130853c976,f3e7bdb3,2024-02-26,9029.19,payment,legit
75691172-d8c3-4b6d-969d-bb1fcab4aba9,597aaef7,2024-05-10,9084.46,transfer,legit
479b84a9-72b6-4c2a-ab18-91051618c54d,9bdb4688,2024-09-11,5239.12,transfer,legit
c664e91c-3f0a-4ed2-b101-fbc11eed15c2,3a8aad86,2024-07-23,6079.88,payment,legit
b0e21b66-4700-4e99-9a90-8be63e58cae3,8fee5c2c,2024-05-21,9965.22,payment,legit
a45ea2be-c5d6-4f21-b7e0-dacd1930f267,f1639b05,2024-06-02,2988.2,transfer,legit
ba202e59-950a-4493-8e7f-4d3ead6e25d4,71c672f8,2024-07-24,3246.17,payment,legit
4cac7ad3-e1ac-44cf-b930-9bb07a4ff753,35436365,2024-01-03,1827.74,withdrawal,legit
3117cc88-0dc9-4fb9-a579-8dc10828cacc,89d1eb45,2024-01-29,8958.67,transfer,legit
bbe77b98-6b05-4c2e-bfbd-5b18d9e16e37,b79fdaac,2024-11-17,7444.88,payment,legit
9a32e6a2-5d40-4989-8ec7-9a9389b809b6,a0254c21,2024-01-29,1056.43,withdrawal,legit
3444001e-8050-4600-98a5-d0c423903b62,02ab4cec,2024-09-14,9817.67,payment,legit
b74db645-816e-42bb-b38b-bd10f225ecbd,68f9f099,2024-12-01,7309.62,withdrawal,legit
1eb0e4f7-ae60-4195-b729-0678c6c29f94,d7c48fa9,2024-04-08,8505.22,payment,legit
4bfa8581-ab5a-4f56-831d-4de7238a4c7f,21e4565a,2024-05-15,481.51,transfer,legit
dbd5a760-670b-4e3d-9054-123a3ee71997,05419acf,2024-07-26,5049.61,payment,legit
b4775818-7592-413e-9634-af92d7fac27b,4fef0417,2024-11-17,6985.98,transfer,legit
9c9f7a4d-0e81-48e5-9722-cfb3811f8fa8,183af44b,2024-12-09,5429.47,payment,legit
894e4381-d3cf-4aa7-b798-73fca3cb2a90,ee7f942d,2024-09-26,6666.47,payment,legit
e29172ea-12ba-4564-946f-d42072022841,38d19522,2024-02-01,8178.74,payment,legit
f1c0e3c2-8835-4e81-9c5c-deb22d075359,04a5d460,2024-09-01,3743.37,withdrawal,legit
842be341-7209-446a-b291-9b62c77d60ea,2814f0d3,2024-05-29,8486.69,payment,legit
0171d2a8-0a5d-46ed-bf2e-4949112815e7,de25c5b1,2024-06-20,1629.16,payment,legit
6065bb4a-0820-4d0a-b3b7-f9fdbc8102eb,c80927ff,2024-01-18,2708.86,transfer,legit
c80a4816-1f07-426d-9c45-a84b96cf90d2,f3e7b500,2024-03-10,433.46,withdrawal,legit
e9ce7060-f5ac-47cc-9ab7-ec1cb56cde73,dba29f09,2024-10-15,3644.27,payment,legit
3da9c711-1ad5-40c4-b7e5-e123da397b6d,fb491748,2024-06-14,3799.1,withdrawal,legit
761921c7-3ce6-4ca1-8f42-b186e78ad221,d9ec1797,2024-04-20,8052.71,payment,legit
5413f6d6-ca8f-4be7-8557-75304e7245dc,2b48a01d,2024-05-20,6531.31,transfer,legit
b86dca45-b91d-47f9-ac4c-68c51b1cc9b9,243350f3,2024-11-07,4367.23,transfer,legit
c873b40c-cc64-4f0d-af75-240cf5c5f011,f8d102c3,2024-09-30,6521.14,payment,legit
5d2260ee-48a6-4236-b3da-dec49c146aa3,9e9ab182,2024-04-09,527.83,payment,legit
a04a1e44-c788-430f-9b50-edbeb874edb0,b11008ca,2024-02-12,1802.72,payment,legit
d71489f2-458a-4095-a862-f8b92314f9c8,ad1a1e3b,2024-04-01,6269.48,payment,legit
988f16a9-fe1a-46fb-acdd-14ded0467e98,b8050fd0,2024-12-02,6413.67,withdrawal,legit
95bbabc8-66b8-4862-ab9f-e2eb715ec788,280bc88e,2024-07-31,7741.35,payment,legit
a3db91dd-8ed0-4c14-9984-98345eccee3c,a96f6177,2024-07-13,4030.0,withdrawal,legit
4b7b115e-e7c7-4242-bfca-f2728a154125,2f2277b5,2024-08-05,7225.54,payment,legit
3aa30c64-e4c8-4f92-9025-9d2c025836b5,61b25589,2024-05-13,6839.8,withdrawal,legit
4c634b2d-59f8-4560-876c-145ac7e8718e,b87a1fef,2024-10-21,9633.93,transfer,legit
4748dfbe-1c14-4cab-9f3b-2b5be77c5ab7,e475fa36,2024-07-09,2151.3,transfer,legit
33c10070-9497-482a-aa6f-4c4de186face,663779ce,2024-02-12,5516.8,payment,legit
a530f09d-c9ad-46a4-9092-03d769ef28d2,b8b92985,2024-02-17,6017.64,payment,legit
8ba3cb41-2956-4dac-ae16-d837e7793f25,9c90a90f,2024-07-14,9986.48,payment,legit
e641aabe-b138-4e3d-aea9-e77192129272,91b384f2,2024-12-07,2011.84,payment,legit
bf85589b-ff5c-436e-bda3-417994a6e125,2947219f,2024-04-22,5232.18,payment,legit
8d09c036-5189-4c03-ab08-4b77b570d509,d18be0ab,2024-11-13,3461.85,transfer,legit
47fa37ec-8cdb-4750-9417-f66bba1f7af4,09fc166f,2024-10-05,5258.93,payment,legit
869c9f36-84c4-4562-919b-4f3b1384f7b2,d7616992,2024-03-31,2321.29,payment,legit
78d2e694-45ea-462a-a4ae-653297faa714,8ea9cb09,2024-01-14,476.12,payment,legit
34ceaac4-7d69-4d51-aaaa-92a011c95da2,557d3a5f,2024-02-07,5725.65,payment,legit
092ad823-3ed0-4786-8ad8-edf3bf20718d,1fb1f5b9,2024-09-22,3358.54,payment,legit
319f2372-09d4-4c42-a765-a7e889a12a17,adf34b0f,2024-03-13,1819.41,transfer,fraud
496cd46a-a0c7-44fe-991a-db6baae14e78,8203a3d7,2024-05-15,3239.36,payment,legit
0ca7e742-e335-4134-a734-c9d7ce6d2a25,7aa2971d,2024-07-02,492.8,transfer,legit
873e645e-f706-4a9b-8e86-121f71aafdde,c5880d96,2024-09-21,9504.42,payment,legit
e9cc12de-9223-4976-a118-bd6eb2fa39dd,79073f4c,2024-02-11,5811.48,transfer,legit
7320f1ca-235d-412c-8aa8-3889fd5bf335,923ba34b,2024-05-28,8147.69,payment,legit
215649a6-06f0-4107-ac57-d6caf8e7d529,21bda240,2024-06-26,4231.18,transfer,legit
84e0bf85-dc03-4163-8606-88f00e1eb50d,e781e752,2024-07-16,9033.15,payment,legit
481b2258-010f-4779-ac11-d0c6a64dda6e,1eff0bbe,2024-10-25,4833.18,payment,legit
73db436d-0663-4832-92f1-159c0d7b1443,2c28daf1,2024-03-03,5739.45,payment,legit
56ab4730-a413-4a24-88c0-ce74dee36fbd,ef88fadb,2024-10-21,4917.94,withdrawal,legit
39f334ab-09b2-44a6-b54f-bfa5cbd3de7e,bd19cb27,2024-09-09,7332.78,transfer,legit
b67c006d-e9f4-484a-b83f-69b6ecb3b8b1,d4c4f7bf,2024-07-21,5666.56,payment,legit
497a9b8d-bfeb-485a-b631-d371725b0ea4,a5620a94,2024-09-12,2715.99,payment,legit
25e1a812-e218-4e9a-91ce-2df1a1ba2cdb,c8e8a77d,2024-05-30,1455.4,payment,legit
90ea1955-fd03-4fa5-9d2c-bcc43e931d43,3678d17b,2024-02-20,6061.24,payment,legit
db1c6692-3db5-4d3e-a5f8-abf8a34f1da9,2847f5ed,2024-08-31,4891.8,payment,legit
43ced53c-27a6-40cb-a6a2-7b68b1c16100,8fa05d81,2024-07-10,959.76,payment,legit
6a8d4c63-ffe2-4845-9385-61c18d696c85,03402b2e,2024-08-21,3956.17,withdrawal,legit
1f780d1c-fdd6-42bb-aafb-785c04814f3f,ed9cbea1,2024-05-03,5147.76,withdrawal,legit
c87d4844-cabb-4dbb-8a5a-555db8fd66f4,abef60d0,2024-11-27,8268.93,payment,legit
2e31b3cc-82dc-4065-b0e0-340dabfac6d5,0fe3ea34,2024-08-02,761.01,payment,legit
270a52e8-30fb-4ac0-82b0-70c63d7e48ed,37fd5849,2024-02-01,3484.95,payment,legit
3c2edfd0-d693-4fb2-a48e-fcd04406661b,aa3193ad,2024-06-13,8226.56,payment,legit
cbf9fcb6-3d04-458f-8520-2f3e514ea1ed,547348cf,2024-10-03,6484.24,payment,legit
e0ecd35f-f571-4358-bc7a-69f71df0c76b,5c09e2f1,2024-10-16,2899.58,payment,fraud
e48d51f0-b4d7-4c86-ae74-596b2a5ab3e0,bd580949,2024-06-29,8453.35,withdrawal,legit
540523d8-1f6f-4aea-9ade-f9c1eacf1d5b,c740a365,2024-11-22,4932.94,withdrawal,legit
568cd6db-63b4-44d3-b67a-2ccf2b76a0dc,16f9e515,2024-04-07,4983.52,payment,legit
6f691205-9c17-40a8-bfda-73724a6023d2,10d66c28,2024-05-29,9765.87,payment,legit
7adb8d68-1963-4f02-9a1a-6bd8eee8d657,b6a787bc,2024-11-23,9471.17,transfer,legit
9b431881-49c0-4cd2-acb4-132f5628c07f,bd85e11e,2024-11-23,3585.33,transfer,legit
70b62bd3-f0a9-4e27-af2d-d001ce93e7e1,7e6b951f,2024-09-07,1405.79,payment,legit
1e3184c1-3bed-4c3c-bbe6-226bb63e4611,e67bb78f,2024-11-09,3256.67,transfer,legit
e5cd1460-1f09-4035-8bb4-303ea8ab4637,97ed4344,2024-02-02,304.83,payment,legit
81d9125d-24f3-4035-a319-9d6a4fd64588,b97c9314,2024-11-11,207.68,payment,legit
11c1c69e-c744-46b4-bfdc-b025461f12bc,ec0cb87d,2024-04-27,3955.22,payment,legit
8fc93dd2-d0be-4835-b23d-883986ed2b8d,e0fe6494,2024-03-06,9410.2,withdrawal,legit
389cf850-937e-4b04-ba16-fe73d6bcf664,5104c2be,2024-03-28,8713.57,payment,legit
a773b028-e6c1-4505-85b2-d3d3cdf309ac,128f008b,2024-06-01,5114.43,payment,legit
6540a30e-91e5-4d60-ac69-ecfef583a36d,1c62ddfc,2024-04-01,5652.26,transfer,legit
1488e92e-3928-4c95-8745-598c9f8b88e5,667dd979,2024-04-27,59.33,transfer,legit
052983a7-63fc-46a1-9eb3-09d3b840bdb7,54c5cbde,2024-02-19,2155.01,withdrawal,legit
9bc7f206-02e4-4b21-9131-8cf9de7a0560,e46483d3,2024-04-18,247.74,payment,legit
429659cd-8615-4abd-ba03-27e95100011a,9b4172cd,2024-07-27,7545.4,withdrawal,legit
fef032d2-be92-45e9-ac4f-2b54000d2ff3,c0f54ece,2024-06-10,1456.46,payment,legit
1c963d23-c398-4922-a23d-e4e907ca6237,f8372df1,2024-05-06,8690.47,payment,legit
1b10ccac-eccb-4f34-949f-800f93c71279,a00d2f00,2024-09-29,6433.24,payment,legit
1f218fac-8a14-48bd-9cc4-f6709ee61fc4,b6cf547e,2024-11-22,2294.19,payment,legit
afa234b8-4782-46ec-bf72-7865fbfc51df,f2d9bb57,2024-10-03,1577.2,payment,legit
a2d704c8-de8a-4fda-9b40-e4ed53f6a050,b8767f66,2024-05-01,6276.25,withdrawal,legit
4c136e3f-acff-4180-ac1b-10022982a0e1,0444fab4,2024-09-28,9008.37,payment,legit
beb0a78f-e493-422f-9fd6-e0c0c4a94de8,c8995aa0,2024-02-25,7183.6,payment,legit
1f1b65f5-81d3-4d8c-9c83-4d06868d5f3e,d9efc8d9,2024-02-17,3485.47,payment,legit
37284882-eaf3-4bea-a398-570d79b5704f,5dc5978b,2024-05-06,5873.84,payment,legit
f3f4b411-c7e4-41e2-bbd3-5ce2233c244e,cac4a665,2024-10-21,3107.62,payment,legit
e6741236-53c2-4f3e-93a0-ae63bdc44340,c9f3534f,2024-03-30,9991.5,withdrawal,legit
a32e0da1-6f51-44f2-9c2d-0d850ecac0cf,67c10800,2024-01-24,7488.39,transfer,legit
3938c243-d445-4ff2-8e6a-bfb1c0217573,adff684b,2024-02-18,6143.82,withdrawal,legit
3cf3d69c-2694-4095-8f86-57d9d9a39ccb,a006ff48,2024-11-09,4232.59,payment,legit
659bd484-2dc3-47c7-822d-ee49ce019856,8629c39f,2024-08-19,6181.52,payment,legit
0c727432-0fa0-463a-8468-014a63b2a60a,03335132,2024-04-02,3416.16,payment,legit
05a4ec90-e605-4533-88fd-665511834277,7b26f813,2024-07-21,288.65,transfer,legit
16be44b8-8cb3-40f3-ad27-ee9dcd8db67a,86043ba2,2024-07-11,3950.89,payment,legit
433332f3-9f14-4272-818b-fe99675fbdc5,0e5eb65a,2024-08-27,9304.81,payment,legit
bbb8a981-a1b0-4f1a-80c1-35ebb8ab77e9,32e82ba6,2024-03-26,6263.01,payment,legit
8b59c8c6-370d-4ca1-b3d8-a247067fc4f1,ccf63aba,2024-11-11,839.56,payment,legit
aa2761bb-b8c3-4770-9c8d-98ef2f8a717c,cb051e71,2024-04-22,8849.94,payment,legit
d62828c4-efb1-4bbd-bbbd-752bb67beda4,7def8918,2024-09-10,2688.75,payment,legit
ef39079d-e410-4c53-a019-1321ebb33ac8,9cff5172,2024-01-06,2437.69,transfer,legit
3adc0c2a-0892-4a8f-baeb-d79734eb9e98,d8f65946,2024-05-16,2970.91,withdrawal,legit
55b70284-b02a-472b-a92a-d93c4ef6768f,71825f52,2024-05-08,5772.02,payment,legit
730ebe01-bca2-445a-a6e2-87fefa9b3730,568d7fac,2024-07-17,5446.88,payment,legit
ea6cf412-3f50-436c-8b47-cd137502b62e,52d28f67,2024-01-27,4914.14,transfer,legit
d77985bf-7d64-43ab-9ddb-aa70708cfa58,8efaef19,2024-10-15,7175.37,payment,legit
426a26ee-60b0-4205-8769-7d2898706b7b,ae243435,2024-03-20,3165.38,payment,legit
8d3427e8-1ffa-46dc-b582-fe4d5d6efd2b,74be52b0,2024-09-04,7820.65,transfer,legit
837124a1-3db0-4541-ab8b-38472f50c6e7,fa53ad6b,2024-10-20,1753.22,payment,legit
cf2a58fb-798b-49d8-b254-d655d3ff601f,8d08a799,2024-07-24,7826.21,payment,legit
4a379334-48e7-4858-b37e-cfd6f3a69f77,45ad5cea,2024-09-27,6638.1,payment,legit
cbf5a9dd-b24a-49bc-bb94-8ff93da176dd,6473b6b1,2024-08-29,6832.08,payment,legit
41e33d03-73f2-44d0-8dbe-b882b164a5ff,1f6b2441,2024-05-09,4815.53,payment,legit
73101b69-cc63-403e-a601-ce42667773df,c39a1c8c,2024-10-22,6670.02,payment,legit
6759af87-33d8-4def-b200-aaa34440a53f,50efd879,2024-04-17,797.97,payment,legit
3b770041-5c11-4252-8acc-bde42c6a3f18,d42701a5,2024-07-27,8515.51,payment,legit
6c767818-6e26-4547-8de7-2e53143f7c39,efa8d210,2024-09-29,555.47,payment,legit
3a5d1562-abc4-4dac-a7c5-fed19e7a3180,acfda15a,2024-05-18,1487.42,payment,legit
37837bb4-5a5b-4a32-916f-8a6360eec5ee,6537aea0,2024-04-20,5767.9,payment,legit
34f44164-9cd7-4a27-9433-fcc5f907e630,c74d0825,2024-06-16,7394.11,payment,legit
b294b8d4-2681-4a71-949f-fdaa460b997b,ed223218,2024-10-25,762.52,payment,legit
9057550f-0834-4149-8418-061c109f8cdc,48128164,2024-12-05,9207.65,payment,legit
13a07ba6-9c40-4715-b15b-a94d2dba6c3a,7ceaced1,2024-07-17,9736.08,payment,legit
e62ede60-f7e1-4e94-b466-c577f33bc5fc,6933e63e,2024-08-29,6059.5,payment,legit
b718ece5-13e9-4d00-9364-12abd0b5cc7c,d388c56e,2024-11-25,4812.43,payment,legit
7a7b8d09-3bc0-43fe-805c-2ce905bc935d,e2a9c69b,2024-02-05,7413.95,payment,legit
6bcd00e2-ef75-4e21-b5ba-31b50a1e5fc1,ca25cdc7,2024-03-25,3283.57,withdrawal,legit
4bc0ea22-bbde-48a7-815e-dfe40403884a,aedaeab7,2024-09-15,4932.64,payment,legit
5e971fad-6a47-4cca-b4e5-f5a0d2f759a2,50c8756b,2024-10-27,9161.51,payment,legit
c63252c4-4433-4411-9943-c4676f175719,9db4b239,2024-11-08,9556.55,payment,legit
278a765d-ec1c-4c4d-a908-3d7f3b70e74b,e4c7bcfb,2024-05-31,9270.69,transfer,legit
f0140e73-4590-48e2-927d-9c236e3a53a2,5e458a28,2024-02-02,2624.48,payment,legit
c38709ee-fd8c-4e32-acb3-8841b719ac6d,8df68d0e,2024-06-08,2324.69,payment,legit
e65865af-0b04-48e9-8495-8081d81ba397,ca0cebbf,2024-03-25,2976.65,payment,legit
62d99bde-d8fa-442a-8e49-3f454d0648f9,0bf94bbb,2024-04-16,4413.11,payment,legit
7afe59bf-3ec5-4b02-b3be-6fd0856e24c2,5c2a4bd4,2024-10-08,3141.67,withdrawal,legit
bce5255f-825b-4982-8169-52d889a9b9db,52cf6b3b,2024-01-28,3742.13,withdrawal,legit
f221505e-46a4-4845-a4f3-a5f8eaf88dc2,0b948ce6,2024-10-29,6206.37,payment,legit
f9f0e79c-4b00-4317-82b8-0405ab758256,5b0a812f,2024-06-05,7625.26,payment,legit
fbd873d7-e10e-45ac-bb95-7fb218625f01,6189349e,2024-08-05,7355.58,transfer,legit
44aa382c-e9bf-45a1-acc0-d1450d1eb6c1,02580608,2024-02-02,8144.24,payment,legit
8e6f3e74-05e3-45eb-a148-ec40619bfa9f,94d0bcf5,2024-05-03,321.84,payment,legit
217c176d-c3e6-4189-b266-83a5c5c178db,c8554bbf,2024-02-02,477.34,transfer,legit
8bc5f94c-84a3-48c2-b2f0-825cf47d686a,910e607d,2024-12-16,7893.83,payment,legit
51eb147e-5d0c-4ba3-9836-83f65e01056f,b7284503,2024-10-21,5330.79,withdrawal,legit
143aaee8-8345-453e-b7e3-31a493a157ae,90757276,2024-06-16,5781.41,payment,fraud
6a42b0dd-2104-42c2-9754-e1296dec5e8d,b6c173ed,2024-03-22,525.87,payment,legit
2098f299-3b3c-45bb-a26d-ae6836089c71,e3e202d4,2024-12-06,2553.14,payment,legit
477338d3-1126-49ad-a701-048661cb209e,ba772671,2024-05-05,6383.54,transfer,legit
90754f9a-1526-4509-9b07-45b55710cb5b,2184e797,2024-02-28,8591.82,payment,legit
d29e3b88-fb7d-43bd-a868-9857482422f0,dd85cb88,2024-07-24,9169.83,payment,legit
96183c8e-c9bb-46c2-820f-90a8a34c3aac,95a79c53,2024-12-10,5004.19,withdrawal,legit
37381198-8af3-402b-a0c6-64d7c6be61c6,83ffcadf,2024-01-02,5454.74,payment,legit
be48a692-be70-40de-8185-f4b670909a2c,5fa56e75,2024-03-27,8330.5,payment,fraud
e74027e4-4cb1-430d-b501-76e4d3990283,5cfc9ff9,2024-12-08,5376.25,payment,legit
6ac2a1cf-37a4-40c7-977e-3acc4d4493be,8fefa362,2024-03-03,5168.59,payment,legit
486c4231-7ef6-436b-992a-477d4d666946,cd6935df,2024-02-11,9050.84,payment,legit
4721b14a-a25b-41bf-bdbb-50279ce84251,0bc692a2,2024-07-27,7899.33,payment,legit
99d53bd8-227d-494b-8308-07e9348d0623,bd005ee4,2024-11-10,9090.73,transfer,legit
163aeb6c-242b-4b57-ba0c-d40fd52e51d7,1fb6de18,2024-06-23,2182.47,payment,legit
23066a3a-80f5-44ae-90d9-c1e82609e636,37fa546e,2024-12-29,5243.75,transfer,legit
308b7bac-65ae-4d76-bdc2-7fe2e2c210d2,109d8ef1,2024-09-04,8424.72,payment,legit
9a0f1bd5-32b0-44a6-bcc7-c857b5343604,3eacc52e,2024-01-28,1111.48,withdrawal,legit
61addde1-96f5-43f1-a3ea-b2cb90d75b2e,4b6e8ad8,2024-12-28,7946.62,payment,legit
0b012022-235f-46af-a36d-ab4923386f81,2643da42,2024-05-28,1829.73,payment,fraud
7d596074-4a3f-44c7-9dbe-a51fb2b8dd59,d0834c2e,2024-04-14,8081.19,payment,legit
44614233-4f7a-4e9b-8607-ed25e1c92b65,59a7372d,2024-07-22,6120.01,payment,legit
1c508512-66ef-4239-9de5-e242f5241c9d,93fb8dca,2024-04-21,1932.36,payment,legit
1f7e295d-64f2-4b96-89e4-067253287d0e,12364fb7,2024-02-01,4733.54,payment,legit
90f25006-0320-4596-b619-f17f5fed671f,9209cf54,2024-01-01,6819.05,payment,legit
5ac260f5-078f-4480-add9-0b8425d0697b,dd11671f,2024-06-13,6338.53,payment,legit
3a53b7d2-abfb-4174-9078-0e1a7bcf9edf,114d5aad,2024-11-01,4272.47,payment,legit
34ce056e-7bc4-423d-91a6-6dd962279166,b42e2f2e,2024-07-27,8993.67,transfer,legit
3147b965-b666-414f-80b0-1001ad01dbdc,42f16346,2024-12-30,5192.63,transfer,legit
f27bb8b4-dba7-4615-bdcc-8e7c2f2e923c,dbb14e31,2024-04-14,5058.67,payment,legit
d9fa0590-bfff-441e-8d16-5040ae0cea2f,bd60c318,2024-04-12,622.51,payment,legit
2176d9bf-aafe-4fb6-a75c-1dd45a02f212,89a91909,2024-02-28,9221.2,payment,legit
04728908-bb2c-49b0-9e38-68b68a35ae4d,d75d6463,2024-02-29,1771.17,withdrawal,legit
41007888-11a2-432d-a2b3-7ba2695c53dd,ab1df6f9,2024-04-14,5283.45,withdrawal,legit
95ea3a88-eafb-446a-8f45-e2bbcaee7e3c,ff2b4ecf,2024-10-16,8035.68,payment,legit
f969aee0-1886-48c5-95ac-ec90af20a10a,10d16c73,2024-11-26,2154.53,payment,legit
981f9ead-b157-4bcf-a36e-b8a88042319f,37f6160e,2024-12-21,5273.73,payment,legit
60ac5482-2642-4bdc-a709-e666e7561b46,9542dc97,2024-03-25,2406.85,payment,legit
4220be24-dd17-4367-8747-872c8ecf6000,2c65767e,2024-11-17,7596.95,payment,legit
a6fdba5b-d567-43d7-88f9-e1e5850cc4e7,15717606,2024-04-29,5643.41,payment,legit
d037da9c-323c-4730-9960-f37b09f040f3,cc8649f8,2024-02-11,8559.76,payment,legit
816fff4b-2805-4f99-be9f-bb600c92e123,6cf02da6,2024-11-13,8945.58,payment,legit
6b3b4b6a-cb97-4e38-a6f7-34be39fd1d2a,c68a0ff8,2024-08-20,6487.33,withdrawal,legit
0beb1c43-4f85-4bd2-be90-135d9eaac39d,5cd1241f,2024-03-01,7253.91,payment,legit
2c8eb5ee-e983-4467-a537-164e8a5a0e56,fac1a2a3,2024-06-05,5492.2,payment,legit
a79e1224-5969-4217-917a-a568d733881e,8ba7efdf,2024-04-14,3844.29,payment,legit
87a2baca-3a1e-4cb5-af5b-d803c0138fc8,9b93fbf9,2024-09-25,6481.18,payment,legit
802a9980-beb4-4a01-af9b-753f3a0bd0e8,690e9ad6,2024-06-14,9082.89,withdrawal,legit
fa3229eb-ed5d-477b-b09b-6d3c085d4648,7ff630b1,2024-12-27,4166.8,payment,legit
56bb1a97-e693-41b3-b627-22e1c7ebd1b2,7d99ed32,2024-01-20,3144.1,payment,legit
0e609a78-91d3-49e4-987b-fa5498cced97,f9005616,2024-05-09,3884.37,payment,legit
f7afc9bc-76b4-46a6-81cd-a8245edacc11,b3458cf4,2024-06-24,4353.98,payment,legit
79482588-48b7-4cb8-a568-6fbbe8aa9f75,c90546a4,2024-07-02,735.61,transfer,legit
d7816af4-76de-4223-ac4d-3b65484ded08,cad332f2,2024-04-25,4984.42,payment,legit
6f54cfaa-1e3b-4824-8b65-1d09ed9e806f,77134ef1,2024-09-23,4943.14,payment,legit
91895868-97cf-4351-a97c-8cd2053e9a2b,fb991237,2024-11-15,5884.44,payment,legit
97489b7f-bfdd-47e2-816b-3cc297cd9f6c,a3891661,2024-12-08,3628.2,payment,legit
9cc2ffb5-3a7e-4451-8f3b-41169e54a87e,6280ae52,2024-10-20,6131.08,payment,legit
c2caf718-6aa1-425a-8345-c1ad46c83c3d,5bddf91e,2024-11-06,8782.16,payment,legit
3476dabe-5904-4c86-918f-059c87a4783c,5bb4ff8b,2024-07-19,9554.71,payment,legit
c6a6885f-ccdb-4c2a-877a-84c6a9cdeab9,6b70399d,2024-10-28,5836.12,transfer,legit
56ee8db9-a64c-4158-aaa0-a3a029e9357b,71882431,2024-04-20,425.91,payment,legit
196bfa99-eba0-4b77-ad5a-e95a353991b4,ada70145,2024-05-25,9692.36,payment,legit
bb1ed5b0-2e60-451b-9030-30ee88195892,babce6ab,2024-04-25,7058.62,payment,legit
1040e4ec-7d49-408a-b98f-1d4101395f0e,ee7cbeee,2024-06-19,3359.64,payment,legit
87f8518e-3789-4c33-b11f-b2430add8d0e,9207aab4,2024-04-14,1471.58,payment,legit
95d0d80b-3f7c-456e-98c2-04850edc6795,fe301fca,2024-12-16,1434.19,payment,legit
9cff1448-4fb0-4d59-a047-fab49f381b1b,fa5823cf,2024-04-24,1677.44,payment,legit
f0e54aaf-8a48-43f8-b766-815570e8472a,c70273ec,2024-02-05,455.73,withdrawal,legit
fc8e6167-917f-4ece-9a71-f8725e8ed69c,2c9cfd94,2024-07-11,9021.54,payment,legit
e0974394-85f2-4e95-8b41-243910cdb2a3,1c99b250,2024-01-21,5407.68,transfer,legit
1d589fc1-1fa2-4907-9d7a-1471440d92ab,023ad93d,2024-02-10,6999.59,transfer,legit
0172f6ad-8c01-4ff8-b9cc-fd02939a86d0,9737d7a2,2024-03-21,8281.09,withdrawal,legit
7f063575-37da-452f-8193-63f9191fd0c7,df7ca4c0,2024-06-18,7915.41,payment,legit
e02c3e83-7ec1-41a4-885f-96c1f15c3eee,8bbc508b,2024-06-07,8826.06,withdrawal,legit
a025553c-470b-4f59-b025-2964c687c3a1,6fe5b738,2024-10-18,9672.55,withdrawal,legit
abfcb531-19a8-4c3f-bf21-4475bf68d699,b6f0f2d5,2024-09-26,4390.71,payment,legit
a34774da-d607-4d35-ae35-08ce958a11e2,4d0bf04d,2024-06-04,9503.35,payment,legit
4ce993df-3c31-47b6-8111-e16ff6da9255,fca83a02,2024-05-01,7232.9,payment,legit
2cab3df5-44bd-427b-a258-af4101203ab3,ae4ddeb0,2024-04-25,706.68,payment,legit
e4de672b-2c60-43fb-a100-41da2b2e793c,ae8d73c0,2024-10-09,6817.83,payment,legit
9bac392d-606b-4f3b-819f-59aef91a32c2,b04ad8fc,2024-01-20,6867.17,payment,legit
8b9ef15b-4223-4116-83ee-88b270fcd100,18660cb3,2024-01-05,9058.61,transfer,legit
e9fba801-aeb5-4f01-9aac-593602b62ce8,7bd7b377,2024-10-17,3729.32,payment,legit
f116bc70-562a-4123-ba1b-747a598b1a24,e4b2b542,2024-06-23,5849.12,transfer,legit
fd465da4-4e76-4347-b5c6-1caf70a91415,1fc9e4b0,2024-02-17,121.88,payment,legit
c55ad263-215a-4852-af72-7757fe7608c9,cd89eb6f,2024-03-26,3320.75,payment,legit
065cd12f-d693-41fb-84b5-04ad148205e9,29ff126d,2024-12-06,622.44,payment,legit
8f59623e-bbc2-483d-ab22-79855b035f30,ce99807f,2024-11-09,5218.73,payment,legit
65de4795-2cde-4422-b245-7242b8ac4754,ac7a0129,2024-09-16,8174.48,transfer,legit
886abd3b-b693-4f54-b7dd-e97dd1353595,9209781c,2024-06-25,2064.43,payment,legit
673f7656-e8d6-4431-841e-d6f8cc8238e8,5935c281,2024-07-08,5274.41,payment,legit
4f0111dc-f3e1-42f9-9e90-7898a392f165,5960cce5,2024-12-21,2040.09,withdrawal,legit
cd8c4e31-a429-4244-bea7-300f16632ac3,a3d44233,2024-12-18,1206.88,payment,legit
75c4a03d-69bf-4ff7-b875-3f78018b2349,7ced2a1d,2024-03-19,5109.97,transfer,legit
31164272-11c7-4f43-b889-93ddee1ca062,368088cc,2024-10-23,791.49,payment,legit
6a7c4efe-276f-4aac-9408-58439367e86a,24f13481,2024-03-12,5873.55,payment,legit
b6066322-a1da-4de1-a466-37ad397bed12,9dd4541e,2024-03-18,313.37,payment,legit
2dbbc559-f44a-44ff-8dfa-7bf614330863,81642949,2024-09-03,1067.15,withdrawal,legit
ecc8c959-70b5-46b6-b105-b3ebdbe8fb3e,3df50b0e,2024-05-27,5499.97,payment,legit
9796866f-2237-4861-a7a7-0202e2ebf1c5,8d49328c,2024-12-06,5914.07,withdrawal,legit
6edc0689-fc20-4a73-94ee-60c2ae6abeb7,93a2be36,2024-02-02,289.87,withdrawal,legit
44375c1e-1e86-46f0-b953-113adbe4e98b,e8e25693,2024-07-05,5733.77,payment,legit
96596251-a00b-44d6-806a-0a2e0d495012,cad88fbf,2024-12-01,8385.03,payment,legit
d67ebb5c-42eb-48ec-9818-e46ee05470ad,5634fd6b,2024-11-26,7223.16,transfer,legit
90f6d0b3-60ab-438d-9a98-f1b98883c045,7f7e3f1e,2024-02-27,1311.85,payment,legit
5f4a445e-906a-4f70-a253-e70280130e21,92b01315,2024-05-13,5924.75,payment,legit
6b3b3635-6297-4415-9ad2-1eb077f975c6,680abd0d,2024-08-13,6722.53,payment,legit
bc3bc158-f5b9-4b10-860e-a89e432fc5ff,45e32aeb,2024-02-28,372.31,transfer,legit
690d0588-f69a-4e02-8aba-92cd0b7dc428,e132c785,2024-12-19,8553.48,transfer,legit
410b6aa0-0810-40eb-ba7f-954354065ae0,c4aeb9d2,2024-11-29,9062.67,payment,legit
c364ebbe-54ca-4899-b324-fe7b18dabb63,5ee02a9b,2024-03-01,8504.52,payment,legit
a203d5f0-0853-4937-ab0e-869dae90ce46,d2e751d2,2024-02-14,8246.31,withdrawal,legit
92ec602f-dcd4-40f2-bde3-84f8046803c7,d5d63d87,2024-02-01,7449.65,payment,legit
6bbd3d21-2e8c-4741-bf2c-d7fa434fe774,25a89067,2024-11-27,6334.32,transfer,legit
3564649b-12c4-44a0-be0f-9d610f385e37,dd36e1b1,2024-03-11,6786.27,payment,legit
c6080b94-0b02-4bc3-97e1-67f9624d1d2a,1acdef0e,2024-05-31,8063.95,transfer,legit
c048e612-5d22-454b-80c0-bcebe0e827aa,13d8ec34,2024-06-12,6624.98,withdrawal,legit
f3b70b7e-5fce-4e03-83bf-a5476634b254,a566072e,2024-08-06,3277.27,payment,fraud
57b8534f-7cce-4f84-8aca-db3c1e6e39ea,36798a9a,2024-01-27,3759.61,payment,legit
9ee2e04e-a3ca-4473-89a7-a6102f1ac41a,18567087,2024-03-23,8970.57,payment,legit
e3de9551-a6d6-47a8-ade2-708bbdb0632e,254f9766,2024-12-05,171.22,payment,fraud
d7e05b1d-7aef-4927-ad44-311d987c377c,e0dca0e3,2024-11-27,6988.21,payment,legit
ac68a338-0e50-450c-a929-19720dfd11f0,4d2d7ac4,2024-10-12,9547.78,payment,legit
dea128f9-6be9-439e-91bc-26d5ffc10e3b,a7b2f74b,2024-01-08,7062.28,payment,legit
c04fb3ce-0261-48c8-9e86-20733a6e82f8,3f9a2ef0,2024-04-29,9939.12,payment,legit
2c1a9de9-0073-4311-aaa8-18ed7e515e26,f7a28e71,2024-08-17,6875.45,transfer,legit
0c2df51a-9b67-422b-aa23-e24bc25d605f,0d002103,2024-04-10,343.63,payment,legit
f619ccce-0e28-4afc-aea5-48cde4538118,0e4d02de,2024-11-27,8270.1,payment,legit
6529ac7d-a2e4-43b8-8011-63dc54db9c2c,d609f729,2024-08-19,2846.3,payment,legit
4181d7fa-71e2-41c5-99f7-68c1780f121f,4afcf36e,2024-01-27,4460.57,transfer,legit
ffb85f84-6ca8-4660-8b52-45746ae70d05,3724c0f4,2024-11-27,3120.92,payment,legit
016ffd43-095f-41ba-9ed6-829c3168d655,1deaadd3,2024-12-15,2685.54,payment,legit
6f22a24d-d3d4-4595-87de-277c6554acc6,6004d14a,2024-01-29,4314.06,payment,legit
d0dd6e87-ae71-42be-8e1c-0b1020b36c58,840045e3,2024-07-13,3787.51,transfer,legit
c48327d6-291c-42f3-a2b9-4206c3f87dce,b7436459,2024-04-20,6333.39,transfer,legit
b6f90556-867b-48ed-876c-4c9be8539034,a0535d54,2024-05-23,8131.51,payment,legit
1991a45f-cfad-4f9f-86fd-a3701030bc55,9985f892,2024-03-06,2970.89,payment,legit
f818a0e5-a7b2-49ad-8292-cd76dc194d68,3290f21a,2024-07-29,2137.21,payment,legit
cf8e83f9-4960-4d02-8bf3-cf4500101705,105c1f21,2024-12-15,6668.95,transfer,legit
1d9c4795-4308-4797-8619-29036316b039,af1c1664,2024-07-02,6703.2,payment,legit
44e50a51-6970-4ff5-9e51-7c02c5e09363,ec53e85f,2024-01-31,9011.31,payment,legit
baa8720a-9f21-4285-9c6f-322f72b28e1f,d0957656,2024-08-14,159.46,payment,legit
0988b84e-9e10-41d2-8a84-cc2632580afa,b5ca2230,2024-05-04,8530.41,transfer,legit
f1e564c6-ee8b-4413-a60e-7acb04071df6,4f7aeb20,2024-11-08,5210.02,payment,legit
c5939f5b-69bd-4c2c-8834-8d0d59bccffc,074c1e34,2024-06-07,6213.02,payment,legit
d60fcbbf-c5be-4513-bbc7-1b381f54873d,c192a00e,2024-03-11,913.71,payment,legit
cc718380-20b8-4c4a-a6ba-1818abaea11f,03f966ff,2024-03-10,4326.15,payment,legit
e6ff61a1-3a6f-402b-8748-2a5d6d913c43,0da261d1,2024-10-07,2273.02,payment,legit
cae7cae5-1e24-4422-b011-71d8b0afcd7c,c7155227,2024-04-06,2542.25,payment,legit
a6cc44a1-c478-4c99-95fb-784845fb4a2e,51838ed8,2024-10-07,5040.95,payment,legit
5906f3f5-edae-47ea-aa95-1f618bf6732d,da892efe,2024-03-16,8124.56,payment,legit
dfa3ffee-591d-4c0f-aa59-9681dbb73105,92f0ca46,2024-04-27,7437.81,payment,legit
02f7af69-4d92-4b12-bf29-c362a76aa6ed,df938581,2024-06-18,5910.0,payment,legit
95d02dff-a0da-408d-b1e9-0b8ba86e73d6,67af2a97,2024-12-10,5394.18,payment,legit
d759ed1f-d353-4a22-9698-4ff5e8d01c96,f2fe0470,2024-12-06,4273.06,payment,legit
8d4e7bde-f037-49e6-ad14-5eae209eb03b,51093b78,2024-03-16,9727.1,payment,legit
ad89d65e-9fb0-4734-92cd-71b936caa2fa,61584e03,2024-05-10,5601.93,payment,legit
ceeac4c1-91a8-4210-bb63-15322de126f1,0334eecb,2024-02-24,2539.66,payment,legit
95656c70-6c93-418f-b2e2-74ee530314ea,53bd4fb5,2024-07-05,2300.91,payment,legit
5762fcc0-a46b-4d5a-a93c-e00d65ce0112,7586c983,2024-06-17,6113.53,payment,legit
76f93904-ae2c-4d9f-9bbb-378650607059,013a6257,2024-11-24,5228.28,withdrawal,legit
e145ec22-e2fd-4803-97ff-af08a3541d8a,d0ee3c59,2024-12-05,76.98,payment,legit
4adae2bc-e5f5-439e-a9f1-eb37f109b7f8,25ff8f2b,2024-05-20,8300.65,payment,legit
13322564-a9a6-4c1f-bb87-06f43334a7f9,77c8eff4,2024-06-28,7041.22,payment,legit
45567e17-c8cc-455f-8090-fea735295ed3,fa4b10fd,2024-11-23,6618.29,payment,legit
62ab3d44-a7f6-4230-b98e-87aa1192d026,d78aa8aa,2024-10-21,687.81,payment,legit
fcb487c2-2f4a-49b4-bd8f-0fa44635d242,91a90643,2024-01-02,3620.56,transfer,legit
b679b818-225f-4255-8df3-8db582257f1d,3de2611f,2024-04-26,9353.82,payment,legit
3236edeb-98e3-42dd-9015-c45301b36280,266bad16,2024-06-02,8625.89,payment,legit
e6b8f955-6eac-45b8-866d-a1ca8e06869b,f01fad67,2024-03-24,2855.43,transfer,legit
b9dcf601-6884-4369-ab20-142796f2c997,b94ba662,2024-03-13,1570.59,payment,legit
206ca405-cd39-432a-be15-cfa4c5c65681,ea0bc019,2024-01-14,4490.88,payment,legit
d381fee2-03de-4780-bf0d-5bbe9133d609,9ed145b3,2024-08-22,3558.3,payment,legit
162cdbad-1ccd-4635-84dd-4878bd52fbdb,ba3d4d21,2024-04-05,6822.26,payment,legit
4ee7e3c1-993a-45f8-8f9f-3d6ea4ca577c,a48239bd,2024-01-20,9664.35,payment,legit
36d64f3a-8bdf-4931-ba44-eb7a695e24e7,c2639794,2024-03-25,3630.01,payment,legit
7f6c967a-1900-48ab-8b60-88c7706198ee,47822720,2024-10-19,622.24,payment,legit
655b56ee-54c7-4d62-ab1a-4d30dea1ea10,3e70cd3e,2024-11-06,8976.14,withdrawal,legit
fb4756bf-f154-4823-967a-544cc8109878,a70346b7,2024-06-25,379.5,withdrawal,legit
f5816a0f-2bc0-47a8-bb7d-c196ad853a56,2d772c4e,2024-05-31,9527.66,transfer,legit
4dfd1f7a-e987-4026-9c7d-202b27113499,964550ed,2024-12-22,6645.79,withdrawal,legit
3d70268d-f0f7-469a-8e18-3cefb707595a,97c4bab7,2024-03-14,9416.89,payment,legit
be1217bd-ceb4-4592-a2c6-0d77b1e607f0,4b30f59f,2024-03-19,1996.6,payment,legit
0213ee96-0cc6-4cd3-98bf-a3a65c2e5328,99e504ff,2024-04-16,407.0,payment,legit
9f2a200f-5944-4ec9-a00c-bbe8972e6c06,05b50415,2024-03-04,4882.1,transfer,legit
528359ce-7e79-4610-89fa-c5f7e295d5aa,fdd9eaa0,2024-05-18,4506.23,payment,legit
79e10a0d-924a-43bc-828b-3e9ef8786c95,02859e08,2024-11-28,3314.92,payment,legit
f41d11fa-b3f7-44d6-b168-a0afb83592fb,4a849fc8,2024-08-12,9576.56,transfer,legit
9436ed80-7c32-43b2-968e-676bfcb3a0e8,33498379,2024-05-30,8225.84,transfer,legit
0a0d955e-05b1-4c79-9f36-02f8585f73a1,728f39fb,2024-12-07,6615.82,transfer,legit
36d9dcbf-e1eb-4974-abc6-69a94b5cf2eb,56e33917,2024-01-18,1628.58,payment,legit
7a07d13a-197a-4bc2-9782-b3494ba1e87c,37a2d287,2024-03-17,7343.23,payment,legit
7edfa78c-b310-4013-8d8e-fb083e645b9b,8c10afea,2024-07-25,7270.12,payment,legit
d5d40221-eb59-458a-bb21-e1ebdec34b2f,27aff65f,2024-08-12,4250.68,payment,legit
e60644e4-7479-4798-a912-bb6414bb9e77,09ab0e6b,2024-01-15,9247.86,payment,legit
a75211d6-5920-4d69-ac7a-4a115cbc7ab7,d2cc5be7,2024-05-27,1669.78,payment,legit
f2c199f9-c1f3-44a6-9a37-674cf9069439,3f616d1e,2024-08-24,2673.38,payment,legit
33c97704-ce00-40ed-981e-5bf8ee9780ac,219bb0a9,2024-09-11,632.24,payment,legit
23960ca8-17d7-4123-b50e-c55bb583276e,2daa4fed,2024-08-20,7954.51,transfer,legit
2e37d757-487c-4cec-8b43-22ed57810780,b888fa3a,2024-04-27,6217.59,withdrawal,legit
15b416ec-073b-464c-98cb-dcf086a03699,9ccf92cd,2024-02-04,3149.4,payment,legit
867720cd-7413-4b29-b6ce-a8828897ae88,3a140f10,2024-06-04,1638.14,payment,legit
9fd4e652-b40a-4307-855f-fb4cac16157e,d7299584,2024-02-16,401.48,payment,legit
f2a9d3c5-8e82-4bd4-a773-d7240306404f,40b08962,2024-12-11,1667.46,payment,legit
d1de5f95-a66e-4f46-a557-e649ecfa92f9,6e1474b3,2024-06-22,4532.85,transfer,legit
0cd54b04-5e1c-4250-98d5-5f84ed1b3a4c,92087577,2024-04-25,2471.77,transfer,legit
a60675f9-9a22-4fe0-ba5f-e7bfdf821ca2,52319ba6,2024-10-06,2589.82,transfer,legit
c850ebd8-d37b-4c54-9f74-c9dc03092f0f,ff8b52b6,2024-06-30,8755.76,payment,legit
0eb44cc7-515e-4b6d-ab86-9c2e6aeb5360,259da44e,2024-04-23,5151.38,withdrawal,legit
f3353b38-11a1-48b8-a817-16ca770288fb,e4cf481a,2024-10-23,7292.52,payment,legit
f21f3ed2-bb7e-4e16-8074-674ffeadc0ea,bf9ba950,2024-11-12,357.11,payment,legit
de1012d6-7e0c-4f85-86ee-c5adde8b3c0b,23c12d90,2024-09-02,3651.63,payment,legit
767310f8-b28f-41e5-bcb3-7f1531f4324b,70c2b920,2024-01-18,4791.69,transfer,legit
3e3455cd-f5c8-4ba2-9763-32f579c8f44c,0f03b427,2024-07-25,1864.17,payment,legit
6b22ea1c-0b06-434a-a434-114b8e43014b,a360fae3,2024-10-05,1201.92,payment,legit
2f19d9c2-ca4b-418b-84df-e88ac9e472ae,23707ee6,2024-02-19,8703.04,payment,legit
947a0cd5-c821-4260-91cc-900624a189fa,f8624c41,2024-03-24,9394.32,payment,legit
7b51c34d-b853-418e-a2e7-0798c9caa77d,e31035c4,2024-11-18,788.07,payment,legit
d18ea74b-9c1a-48b5-a991-48043903531e,8341ec91,2024-01-08,3490.19,payment,legit
8cf349f5-5d4d-4cc5-a591-f52a31066cfc,e6fffc00,2024-10-01,9582.86,payment,legit
66f795cc-5016-49ce-a356-6b2a4f5a077e,31f5fe94,2024-06-21,831.62,payment,legit
3c832f2c-e7fe-4467-9473-e48fda5dc537,2866b868,2024-06-12,6436.41,payment,legit
956b187e-3457-443a-a7ea-9215ec169d4c,bbf99775,2024-01-03,9722.21,payment,legit
e1d49679-de31-4f56-b743-65d8de4e536c,afab1ae4,2024-10-26,9782.24,payment,legit
36c758eb-a191-4451-8d1a-9c355b51f325,f0d70404,2024-05-11,4712.23,transfer,legit
1a7f9ba8-cb9c-4b07-b78f-7973d81694a7,d448fe9d,2024-07-16,1627.49,payment,legit
8613e28c-61ac-4332-a377-51354e91deaa,03e0fd4b,2024-09-04,2020.84,payment,legit
47c015ff-15c3-4323-aae4-ba5d7872401a,fbf4f82c,2024-09-13,8896.01,payment,legit
7d9f1732-74e6-495c-9146-bd5cc5de5e94,13f649ce,2024-12-14,9116.83,payment,legit
2bedb787-52b8-49ee-b67b-b9b16f77adf1,14fc4d64,2024-07-12,6078.8,withdrawal,legit
383625b0-0693-4625-9dc8-19dc993d95a3,974af8fc,2024-05-25,7661.76,payment,legit
651b475b-eb71-4599-957b-4c3e7c046771,c77604b9,2024-12-14,7399.31,payment,legit
f1d3e4cb-6252-4b62-8104-69f886c25755,581eef01,2024-08-22,6618.22,payment,legit
7d360d14-c552-4530-8729-1fb9d7efe538,ac42c36b,2024-04-18,8272.77,payment,legit
58f91d12-e740-46a6-b9a1-08b69b8acdd8,d9a13f1b,2024-02-16,6854.07,payment,legit
b4c646e9-cbe7-438e-ba5f-0f06be2fe43a,75e533d6,2024-11-03,5340.02,withdrawal,legit
e7772f93-d77a-441d-844b-52fbb2e8584c,b270a04a,2024-05-12,2369.56,withdrawal,legit
f46d797d-bdd2-43e5-953a-cc7bf33ea0da,7e713ebb,2024-08-29,7438.88,payment,legit
d56c8868-b1b7-4600-b7e9-83b99ee53aa3,2019b5c0,2024-06-20,4734.38,payment,legit
e01948c2-5c41-4be4-b528-feb0b15aaba7,11226502,2024-03-13,2947.92,transfer,legit
e9544709-8cad-404b-a921-74a319a2f468,6907531d,2024-08-07,8019.46,payment,legit
f9418883-4f88-4541-83c2-e833180c8f3a,7b68021c,2024-01-23,6967.14,payment,legit
c3290410-743c-4555-8daa-50de12614067,9e691d05,2024-05-30,9373.4,payment,legit
4acfb747-f142-4062-9187-7b756d34716b,710d3b7c,2024-07-18,1654.42,payment,fraud
db600a24-e4af-4a99-b0b8-3f846aed20e5,72f464b7,2024-06-08,6491.89,transfer,fraud
bfd5a7ba-e3b9-43c1-b243-efde3e83aa20,ae95c59b,2024-09-30,2442.39,transfer,legit
9a138bef-18c5-4631-8fa3-bf877ab52ba0,ce5f191a,2024-10-29,9035.83,withdrawal,legit
130644ac-eb14-47ce-9320-b2fab2d3a3eb,7fa43475,2024-10-08,994.99,payment,legit
77d2def8-edcb-4f91-97cd-a30ccdcf98cd,42821f2e,2024-01-15,6561.62,withdrawal,legit
6ba4fd95-b88c-4157-8825-025bf35bb4f1,9838ccf5,2024-03-11,7910.86,payment,legit
ace132b4-6a9e-470a-9328-fdb3019be350,4fb7b368,2024-07-14,3549.18,payment,fraud
b0070aa6-4a90-430c-bdc2-0217c4af8099,043d12e7,2024-12-07,9541.38,payment,legit
5598ddac-8929-44bb-9c54-ce5477675eb2,6e718166,2024-10-31,8507.31,payment,legit
3ee08970-8526-43fb-86e9-af0af96579f8,74d42a71,2024-11-03,2946.18,payment,legit
875f396b-7ab4-4923-8a22-ff5ca27cdcf7,f0cb2330,2024-04-20,75.41,transfer,legit
df3b2bba-2a7e-4718-882b-5deeccd01885,37121eaf,2024-06-05,2966.57,payment,legit
33ef444d-9095-45f2-aa2b-9d7820081923,6e643c6a,2024-06-20,2813.1,payment,legit
e353cbc4-5cda-423d-9863-0ec9cb3d03a7,3059ba3d,2024-02-27,8899.65,transfer,legit
3a42ff4a-feed-4030-8f35-64825274b464,0c195a66,2024-01-12,9671.21,withdrawal,legit
346d6b72-f72d-4a7c-b1d5-8b4fdae5d8aa,f00790fe,2024-12-11,704.4,payment,legit
b9979b1f-6310-43be-9369-3ba758a6339f,0f840137,2024-03-28,4712.95,payment,legit
f3984808-0a40-4611-8a34-dbd453d34050,7623513f,2024-03-28,5483.32,withdrawal,legit
8cab89ee-7ec0-404d-b693-ace32df02b18,ce21ce23,2024-01-31,929.12,transfer,legit
95661955-8139-4b52-b2f0-b326756253e1,e94157a6,2024-12-04,3774.98,payment,legit
9202f057-ac57-406a-bfd0-c6180ea064f6,19198ed7,2024-07-30,3170.82,payment,legit
6c324185-c3ae-46cc-bc2d-c08b5a58dfd4,97f3ac53,2024-08-31,5360.56,payment,legit
4d3ad062-7b6e-4a4a-b9b0-4046aec6e33e,39edccae,2024-11-28,6611.91,withdrawal,legit
0c80cd44-f304-485c-9da3-a1b5d7efcd26,616cebf4,2024-05-06,7034.85,payment,fraud
5deeac69-7ae5-41ae-864a-8c623cb803c2,d4923856,2024-08-14,1367.55,payment,legit
7877b0d4-3e2c-46d4-b567-6424496a8a5a,825747e8,2024-01-15,8129.48,withdrawal,legit
e81bb124-1d3d-4b86-a87f-5e4061818b9a,5d2eba48,2024-03-09,6785.42,payment,legit
c42293dc-e548-499b-96b2-1e535bff115e,66d3714b,2024-10-30,8890.75,withdrawal,legit
02e2e3e2-7cc2-45de-aa84-7855b47a05aa,81861cd2,2024-10-06,4493.36,payment,legit
ceacff2e-122a-4376-8f9c-23c2baf17146,6bc11c6d,2024-05-07,8938.9,payment,legit
7102aa28-8acc-4a77-97c0-6dfc3ce85543,edebba52,2024-05-17,8657.74,payment,legit
aaee3075-4c4c-4940-b0ee-357309fde48a,63b8c2e3,2024-07-13,4384.09,withdrawal,legit
4acd107e-0d38-4549-ac25-7622580a0993,9cb962df,2024-01-01,3811.43,transfer,legit
1cc54415-851c-4a27-97c2-07b7a4cc037a,60be1170,2024-03-29,9328.12,withdrawal,legit
fd506daf-2220-4bfc-9ceb-5a0851d1876c,d6176828,2024-03-17,7151.65,payment,legit
0afd1225-0eaa-4207-bc79-22d1c3a32b41,d50a744e,2024-04-01,9282.45,payment,legit
4b749954-edca-4227-9446-e2958d62b4c5,cad2e62e,2024-10-21,7969.75,payment,legit
45cfe0db-5321-4ae9-bbfc-7e0fca191620,1283a730,2024-04-12,6092.97,payment,legit
00df5b76-8729-4027-9e24-04d3c6eb5a58,e0bf87b1,2024-03-10,1158.53,payment,legit
80f70b57-6765-4994-84c7-8aa3640db703,1d6c7c68,2024-07-03,2914.81,withdrawal,legit
5cc5bb65-0837-443c-91ca-9f09c4566f9b,35abe670,2024-11-11,9688.42,payment,legit
dbd75b0a-d92e-414d-8c10-9a9cc2314425,3ff3ac7a,2024-03-29,3194.22,transfer,legit
6ead5bf6-f30c-44f9-932c-2948af63bdf5,ee6e4974,2024-01-29,932.55,withdrawal,legit
6c468d6b-d6c1-42e9-a924-d5cb8cc7ba3c,4c930081,2024-05-10,7075.53,payment,legit
5d2dd1a9-70aa-4f4e-9fe3-ab97b6d30f3d,0bf36f67,2024-09-29,7340.04,withdrawal,legit
7d5d9a2b-347a-4cf1-952d-6e5994bdfe91,e42a1d06,2024-07-20,2854.58,payment,legit
4273c03a-2910-4430-a3e3-58fe1a01588b,0c7f6e1b,2024-10-25,2976.72,transfer,legit
a8a05f55-42ae-42fc-8186-d20a785eb2d2,284a4d90,2024-12-16,4688.93,payment,legit
992f66cb-a480-4895-8d4b-3cde23fa1d97,b0000c58,2024-10-16,217.89,payment,legit
8b89ff82-b38b-4233-beb1-35451f899bcf,3e17ef70,2024-08-08,7893.23,payment,legit
60aa6b9e-47d4-4ff9-83f1-03a2c7614564,faf38023,2024-06-29,3170.89,withdrawal,legit
57f52511-e6e6-4de4-a396-9fc15e27108b,93737ad8,2024-01-15,8537.63,transfer,legit
83203ce3-db1c-4501-a8b9-cc6c92c70ad5,de3ae560,2024-12-25,8026.3,payment,legit
1769aacc-e9f2-4212-bbd1-175f50bf9a53,3efa21c1,2024-05-19,6614.02,withdrawal,fraud
817e0ad3-f77f-4e4f-b310-6bf056e2a2d7,34ed8e10,2024-02-25,3248.75,payment,legit
fc6884d3-1b26-431f-bb22-3dc8fb94f813,89cebfa1,2024-08-31,5163.17,withdrawal,legit
59d23ddd-6d09-4f38-bc70-7429ed3d939f,0035b8d9,2024-04-13,4448.29,payment,legit
29054fbe-af0e-486c-8a02-28323dfa9bff,3a7fffdd,2024-08-01,3388.82,payment,legit
fc301962-6338-4e16-a582-50c93e9046c5,4d2e07f8,2024-08-02,8481.36,payment,legit
8c82b781-ae71-4ea8-b28b-269588093e7a,b06b55a9,2024-06-11,4835.07,payment,legit
f1fed386-3111-4d61-8f15-83c76e9afcab,0cae4985,2024-11-01,8327.23,payment,legit
a0cf65d1-01c3-4ac1-bff0-bda722745b2b,a837d159,2024-04-06,1052.18,payment,legit
48d4b07f-ab82-4a7a-a1ff-85057d48592a,158973fa,2024-06-12,1410.25,payment,legit
b06e0868-defc-48dc-b735-5b9137285148,273b2beb,2024-07-15,9773.2,payment,legit
416d95f3-2641-4988-a33d-26381cb40e0a,463bc1b7,2024-08-30,5877.68,withdrawal,legit
46537818-57e9-4bf7-9ae8-8f5f7479dc77,b4540404,2024-10-13,5097.7,payment,legit
6f1acad5-86b3-411d-9b8f-6c05c680435e,e0ee8f9b,2024-05-24,5231.56,payment,legit
7ee94179-eedd-4057-a475-9771847b6c65,9b9413e9,2024-08-23,2152.69,payment,legit
7888bd37-f129-4b60-96b0-4e3b90ab75ac,942428fd,2024-02-24,7187.04,payment,legit
4232c52b-4324-4e16-81e8-8f4ea05d35dd,3c67bd03,2024-12-06,847.81,transfer,legit
89d49951-f6c1-4d90-b493-139105d712f3,aa79cf2a,2024-05-19,5733.24,transfer,legit
7ff868b3-db14-4c25-86f5-80d2cfe18e1e,abe67f5e,2024-09-23,5707.69,payment,legit
3eb81470-146c-4b7e-8375-b5770f15c27d,38f7f260,2024-01-08,9141.88,payment,legit
c64e8841-3db6-4720-9818-9aa4905ad9a5,67382227,2024-03-15,5261.83,transfer,legit
048b1606-10c9-4869-a0f4-238179f6cb4b,12519ffe,2024-06-26,1370.63,withdrawal,legit
35064e75-7537-4726-8dbf-b9df9cf8e480,1d37452e,2024-11-16,5727.53,payment,legit
90f2116a-ad1a-4a4b-93a0-fc9513586989,22e2a7f4,2024-07-11,913.28,payment,legit
dbccba68-c936-4afd-b635-0a45110bc0a9,cea28e34,2024-12-05,2037.94,payment,legit
8b995e06-fb4e-4db8-804e-a8b3b260e89f,92ed1bbf,2024-06-25,311.09,payment,legit
49d1a9a0-8c3c-48ab-8ad1-30ba7681400f,78f25ad1,2024-06-28,5132.94,transfer,legit
43b2955a-5dbf-41f6-96e5-fad0106cca25,53911f38,2024-02-13,845.33,payment,legit
700abfa3-74fd-41f2-b20a-3590bd5dc773,a6c687dd,2024-10-19,4693.94,payment,legit
1f5a3bf8-64c4-4e92-bd5d-7f321fba4ffa,df86008c,2024-03-31,9329.45,payment,legit
ec6177ba-029f-44b2-884f-5f4a93abb257,5fd3979d,2024-11-24,7197.61,payment,fraud
14c0f50b-3bc0-44cf-9a85-79fe3002f65f,22f92cfe,2024-11-28,774.12,payment,legit
60b1c16f-4bd1-4189-b466-945b5168be1f,8f946ade,2024-12-10,2242.1,payment,legit
a99e2669-efb9-48b8-b734-50543f02efbd,5955516c,2024-07-08,6736.62,transfer,legit
37572bc7-7db0-4a8f-9788-f449e5ef6e5b,72d09e0f,2024-09-04,8947.02,payment,legit
abbc977c-4594-410f-b94d-6ec4cebb8878,0e78e46b,2024-10-11,329.19,payment,legit
d9cd0371-a425-44f5-bd90-aa2591bfb61c,2b647f5f,2024-02-17,8124.51,payment,legit
645e71d3-cdb1-44f1-b09b-83f53a5bce56,a1992cf1,2024-08-07,5618.14,payment,legit
f8c06d3e-13b1-4df3-ae98-1d1d7ed0f0a4,4f707130,2024-01-13,5460.91,payment,legit
75ffc84e-99a2-45ce-831b-35af0ace728a,94dc1e9d,2024-06-30,9578.13,payment,legit
39fbeb79-8cdb-413f-a22d-7ff196deac1f,95aefd92,2024-02-26,7476.45,transfer,legit
7bfc45d5-54cb-4d8c-8279-55c7fccd3299,cae0478b,2024-03-07,8501.19,payment,legit
820b6ebc-2144-4fad-a60c-8a34742c553a,bcd2d051,2024-05-13,3539.96,transfer,legit
19f80df0-027f-4ac1-beeb-f75180a8cc61,673b5c6a,2024-06-06,5543.64,payment,legit
1d6238b2-8cc3-4acc-8e48-aab5ad07e042,7b82ea03,2024-08-15,6154.06,payment,legit
ee14819f-f9f6-4600-8a4f-935e372fc9ae,72155b40,2024-01-28,3215.84,payment,legit
a722d373-c792-42a1-b3ea-546573073f38,b2e48b12,2024-07-02,5702.48,payment,legit
fc8f44c5-0bf7-4630-afaf-6c86520720a8,90bd5d6a,2024-03-07,2366.55,payment,legit
4ebf9c43-423c-4445-a5af-a7e1f2391522,e88ed36e,2024-07-28,1433.76,payment,legit
3f9f4ed9-fb42-4500-8a7b-d7fce9d159d6,5733bf64,2024-08-20,3739.7,payment,legit
5b21da21-f8d8-4d25-b6e4-22490362d120,342a6e2b,2024-07-22,7392.9,payment,legit
78d4139e-a671-48e5-b154-7c52066548d8,8c966091,2024-09-26,9161.87,payment,legit
0a4f258e-1f92-4770-b56b-c32e57446266,f50e9df3,2024-05-02,4577.14,withdrawal,legit
d84b359d-18ee-490b-8791-0d435a984f2a,fc8507cb,2024-10-06,6428.24,withdrawal,legit
16ca1ff6-5da6-4ad1-a52b-736b27f14f02,16e0cbdb,2024-06-06,1030.37,payment,legit
fd539d79-a751-4f4a-b475-bec8439b9fad,fe0193da,2024-06-25,9044.64,payment,legit
565107c1-d383-44ee-9c25-8328b0db1a3e,26c834f8,2024-08-24,5686.04,payment,legit
3fa0d838-7141-49b6-ae87-bee28adce374,1360839d,2024-01-07,7803.38,payment,legit
8b5e7000-f0e8-489b-9b19-cb6b94f9953d,e0bfb1cf,2024-08-26,7944.41,transfer,legit
8c5ee37b-318c-446b-8c07-bd15a308617c,9c4ec659,2024-08-13,2564.81,payment,legit
e9477583-9758-4372-a056-efde00a39b7d,5a14ab99,2024-04-23,5291.74,payment,legit
3a7eda41-7b99-4823-9944-5da19e77bdf2,a8115bf8,2024-02-01,9604.8,withdrawal,legit
68d23560-018c-43f2-8c49-3233a3035901,40272da9,2024-02-03,896.35,transfer,legit
1e52b817-0637-410e-a119-99569cfeb8bb,13fa8795,2024-12-02,6830.5,transfer,legit
b2f8a1f7-0a33-4533-9b3e-c5311bb544fe,433188cf,2024-09-08,9622.64,withdrawal,legit
b80e5a18-3460-4c56-835d-10b2ab990daf,25a4e0b8,2024-02-16,3005.77,transfer,legit
94d00953-a393-4a17-bf7b-dc176f4bb65c,4a448422,2024-05-10,8614.48,payment,legit
3c379b85-ae18-4fa9-acf9-1f66bcea921d,d363ef1f,2024-08-04,9336.58,payment,legit
9fb40e23-e861-4a83-a51b-71bcf55fe65d,59626c49,2024-10-31,7470.86,payment,legit
150c9193-5f7e-4e1d-9a86-e999839223b5,26a3c0d0,2024-01-16,2313.28,payment,legit
3c95bc7e-c65d-4edb-a27c-dfaf1ee3c5f1,c2802824,2024-03-27,3340.01,transfer,legit
71f9898a-7d03-46ba-a93a-314b116f4533,e129d689,2024-11-20,358.09,payment,legit
7c6667c0-3645-4839-8b63-f7e3b7212528,f4147ed6,2024-01-04,8314.53,payment,legit
85134b3f-95be-4047-ba9a-82e82e135c25,3bafafc9,2024-03-14,8496.11,payment,legit
f59b99e1-9059-4e80-9f97-f1b592dcd9bb,ca98c205,2024-12-16,6327.1,payment,legit
57c21f4a-dbbf-4561-ba8c-3a8f4cabb49c,c38a3cea,2024-08-11,3525.28,withdrawal,legit
2845f18c-0274-4ac4-9888-7fc1ecb6741e,e41a0b36,2024-04-05,768.11,payment,legit
f98419f6-439f-401b-a6cb-ec01be3b2fa3,7aa02ff9,2024-01-25,7530.58,payment,legit
7673bec6-c7c3-4aae-a6ee-665b8655b340,324cfcef,2024-01-11,7265.26,payment,legit
25314acf-8dae-4d77-89dd-fe8d6a6195f6,8229c458,2024-03-30,9126.03,payment,legit
4b0ae6ab-5503-44db-bbe7-35d8ca35410d,7b1586de,2024-11-17,7305.32,transfer,legit
e49eeac6-28aa-4d77-b92f-4dcf750ab45b,6d8f1b82,2024-05-31,8286.95,payment,legit
8492ec03-1393-43ff-9828-07ee6c3a48f3,d9ee7636,2024-09-19,7459.55,withdrawal,legit
33546de4-646a-4c2a-91d8-6c0da4816f7c,98bb38ae,2024-12-01,6306.87,withdrawal,legit
9b1bb45e-dfca-4200-8133-a095e7ca8f59,2497a9a6,2024-05-28,4269.66,withdrawal,legit
c4d05de9-0101-4ec6-9e91-ca0a035943b8,ba3bd309,2024-03-10,9021.17,payment,legit
87b3d3ec-1bba-448b-a08f-46b740ae650d,25dd964f,2024-07-07,6509.69,withdrawal,legit
42f2e7cc-cc2e-4a91-a42e-dc9dadd04320,e3a08a05,2024-11-27,3983.55,payment,legit
262b7963-ab44-4338-99b8-607a9cb4f767,c6d509ec,2024-10-20,834.69,withdrawal,legit
af7676f7-2c5e-4de7-8c8f-0cf561fb6042,bbe8b309,2024-01-25,2907.05,withdrawal,legit
8bbf08ce-ebd9-4f70-acaf-f352ac1e97eb,532ef79c,2024-09-09,5437.27,withdrawal,legit
9a2f4001-0d48-4547-aac5-49e7f72e4ef5,19396d86,2024-07-27,2756.35,transfer,legit
35e51e3d-f04a-4a26-bffa-ee3640bfed02,b452104f,2024-11-27,2212.35,payment,legit
9e9d924e-9311-45aa-aa4b-efb16a4a8192,034b49ff,2024-02-14,5273.94,payment,legit
c8f9295a-e7d7-4d05-add1-632609885794,5b5f9772,2024-07-13,1698.2,payment,legit
85bb0931-4b8a-4074-9b8c-3c3055d7aea9,94fd26fc,2024-11-17,8004.1,transfer,legit
35434c2c-6bab-4f65-80ad-2a7e3550809a,9166d325,2024-05-29,4843.68,payment,legit
c0294af6-c521-408f-b544-a606f9644125,9c1aae08,2024-06-24,5738.63,payment,legit
04d36150-ca06-4969-9f4b-a4520ee0b56c,7c7ebfd8,2024-01-26,1473.83,payment,legit
13a475f7-a9ab-402f-abaa-bd5f4ab037a8,a6c77768,2024-04-11,3245.76,payment,legit
284a74aa-5d85-40b0-89b4-0f7262636f3d,8a4b9e85,2024-04-28,4100.9,withdrawal,legit
f2f0bb06-558e-4814-ac3d-688b9c48c8b8,f419246e,2024-12-10,8082.13,payment,legit
d2fb3ac5-ed9d-4aef-a457-bdcdc1340727,65cf38ac,2024-04-13,7701.6,transfer,legit
2145cc93-9392-4e78-885a-a348c25069c8,8b49d80e,2024-06-17,2229.77,payment,legit
934d9e25-9cf5-48db-84e0-a880419cf71b,19eda898,2024-09-02,6161.79,transfer,legit
47f71a4e-b316-4f76-9d1b-0020e5a0ef06,3c35e178,2024-02-29,2434.56,payment,legit
7868fceb-fc68-4ffb-a73f-180449c00bd7,ec3f5c20,2024-06-26,9882.47,payment,legit
5cf3e098-bd30-4541-8928-9678dd811c6e,e4d5bd79,2024-09-26,9521.24,withdrawal,legit
a7d3a6cd-b476-446d-874b-bff61b8db879,853db86a,2024-11-12,5632.65,payment,legit
5befdfd3-ead8-4ccf-9c8b-4fb925925037,ee07b940,2024-08-16,6989.03,payment,legit
008ffe35-8383-4cf2-9a01-4f88ac8efb41,1762f2f9,2024-09-01,8014.3,payment,legit
fc863f87-fd95-425d-9e85-68069e7620b3,1e78847b,2024-02-16,7209.98,payment,legit
561ae563-65ad-4598-abae-848822dea25b,7dd40c7e,2024-12-11,6998.29,payment,legit
efd84bb6-fe7f-4f10-a1ee-c21a6b7d4971,f668ff61,2024-02-18,9585.54,payment,legit
5c0c53d6-8208-4edb-9fa9-3a3562a5b10f,4df4affc,2024-10-09,5964.56,payment,legit
d399efaf-de81-47dc-9eb7-5044b4353507,21664b90,2024-04-06,6363.03,payment,legit
4da8deb6-e753-427d-aa0a-5ad66662a565,ba55cae0,2024-12-06,8492.69,payment,legit
c0da1684-8078-4742-8408-83f3082b16ad,a7b04311,2024-09-19,6698.91,payment,legit
844529f9-6d08-45a6-a584-4691b0bc5314,b48c7c48,2024-10-02,7329.33,withdrawal,legit
07072e7f-3131-495c-85fa-aa96702397da,41292bf0,2024-03-20,2341.69,payment,legit
ed5b557c-03ff-484b-bfa9-5cb31f5d66d7,8afcf22d,2024-06-10,3712.67,withdrawal,legit
53b3c359-d4d2-4ca2-9c47-b4c541f5e1d7,94d28ec6,2024-08-13,1473.01,payment,legit
2cb77548-b44b-4415-ba3b-84925cf213c6,e264e0ae,2024-10-08,5057.65,payment,legit
466bac82-34b1-4765-bbd5-d77eb8ea41db,c87cf304,2024-02-07,4557.27,payment,legit
4e1be57d-a41d-48b6-a812-349248518202,83604545,2024-12-17,9971.63,payment,legit
6399dee3-071b-4b23-bcc2-5d71a30eebfa,23974a3e,2024-11-20,6112.09,payment,legit
c3c8f819-8862-4faa-ac92-adccfc2b1fd4,a3082f2f,2024-04-08,7864.45,payment,legit
1c0b574a-11c9-4b29-86c4-96c5e35492f2,58baf596,2024-10-27,3340.15,transfer,legit
ede05d8d-4d30-404c-bfa8-f8d929f188bf,10996b03,2024-07-08,8315.45,payment,legit
a811ec01-18e1-43a0-af72-48e8acf1f240,03a07cd4,2024-06-17,6150.85,withdrawal,legit
02e933a8-0a1b-4cd5-abb3-49e4b26acf48,eb7a8710,2024-04-24,6969.92,withdrawal,legit
674849b9-4ca9-48ec-a450-ef8b1072bef6,e93afab2,2024-07-31,2944.31,payment,legit
3826c82c-e73c-4393-8348-8880b6f24680,c88d1f3b,2024-09-23,5486.38,payment,legit
30550a85-0f75-401c-bf5d-3516689d5bdb,65943842,2024-05-29,6340.37,payment,legit
70e39dd3-d436-4680-a89f-a8cdb6d49636,96f9a71d,2024-08-17,5890.95,payment,legit
01a720e6-cd62-4ed5-8b49-58df6173ce66,94df72f5,2024-09-12,9151.94,payment,legit
c8d51c3a-affb-4cbe-af74-3007645fd1d6,2c2d4ea2,2024-09-16,8982.73,transfer,legit
cca96d76-2a33-48c1-9ef4-831058a529e0,6e382ba4,2024-01-19,9709.84,withdrawal,legit
2758481f-b756-4293-9dac-bb204ea417a6,4c4fc052,2024-11-09,6674.28,transfer,fraud
b039a5b8-db7c-4753-a576-ca1364deb51c,ec53d357,2024-06-16,9719.14,payment,legit
632dd320-f3f3-4873-b3ca-d5a9d4db23eb,d3fbbf40,2024-04-05,8324.78,payment,legit
c5f862e0-805d-4d9b-95dc-bd453786b042,dca21628,2024-03-29,2708.32,payment,legit
540972f7-b2c8-4cdf-8248-07d7af3cf0a6,5f70426f,2024-06-25,4274.36,payment,legit
1b6c039e-4e93-4f85-8861-d46566aca179,7c83cdb1,2024-11-19,2383.92,payment,legit
bf450746-b643-45f3-93ce-0284af2d497e,45c13e4b,2024-05-18,41.97,payment,legit
ebb88bf3-c54c-4d89-966a-ef97d39c9ec7,5c45bf1a,2024-09-30,1880.49,withdrawal,legit
f18286f4-e261-479d-af1f-22b707320c46,4ebac83a,2024-02-05,40.61,transfer,legit
337fbfa1-dd1a-4374-90d4-9e9c48f2b93c,edc3521b,2024-06-22,7198.38,payment,legit
c23f2384-e26f-4420-89ed-1708ebb94025,0987ada4,2024-12-27,4255.34,withdrawal,legit
ef8c2dc2-1c5e-4377-95b0-2900c81f9182,c9324bb6,2024-10-08,3125.75,payment,legit
fa35cf6b-3554-40a7-b57f-58cdf796f1df,87867e2d,2024-03-17,7617.21,payment,legit
f3af39d2-7da6-45ac-9805-865995ac4596,d59b28b8,2024-07-02,8324.87,transfer,legit
9fc330d8-e9c6-4a53-81d1-dbc254fea967,d79d4a59,2024-03-26,9753.0,withdrawal,legit
d64e6f36-cff1-43a3-ae55-22e962c000ab,e903aaf9,2024-05-29,6420.14,payment,legit
5afa5c26-e9f4-494f-a964-c38cb92d94c1,9923672d,2024-10-11,4615.29,payment,legit
7a56ae5e-c23d-4c3e-acf3-6e87ad3a6a75,e7cf5ce7,2024-10-08,3052.64,transfer,legit
4ac55b74-acbc-411f-87ec-b3b9fea94713,2587e535,2024-03-24,2223.18,payment,legit
8cea019b-e495-47b4-b77d-ba0ba3937f03,6f1b13e2,2024-12-02,2129.26,payment,legit
5b626b81-53ab-45fb-8bdb-cd9816bb3368,4c29ccb1,2024-08-04,4091.89,payment,legit
1c9e9840-a206-420a-8193-8a362f16ef68,36b9e05b,2024-05-18,9917.86,withdrawal,legit
c75fb28d-2e8e-44b6-ade1-b2fa97f4eb63,f3c0592f,2024-07-02,8.54,payment,legit
fe2a747a-3a01-4f83-931c-99ed33f7fa7d,a18ea50f,2024-08-08,1972.06,withdrawal,legit
51669626-8ee4-432c-a1ac-4ee241585cf5,311ede57,2024-07-23,1883.93,payment,legit
517d0bde-9066-4dd5-8e9c-a363e294f719,3ea9e782,2024-06-26,7171.19,payment,legit
2aa9a02f-011b-46da-9651-e4df06aaaae5,0131fd34,2024-07-03,3524.85,withdrawal,legit
d681f1d6-0e00-47e1-88d9-eeb0e800174b,0fe37656,2024-03-05,4572.61,payment,legit
35283be1-dede-4877-bec0-f8153848b92d,9c69a51d,2024-10-23,1486.24,payment,legit
b2b770b1-00c7-479b-a458-60bf3d11fc49,58605ca0,2024-07-16,4049.97,payment,legit
e61a58c4-4b59-4fca-8094-ba279a2503f6,cae37b67,2024-02-17,1032.0,transfer,legit
506d7545-09c8-441f-901c-08e75db9e62a,8c0a0303,2024-10-06,5330.43,payment,legit
c38f166e-01ee-46f0-b80f-02fd785f0807,c96ceb8f,2024-12-06,979.38,payment,legit
b512e980-ccdc-41ec-8871-cd4abde44bd5,a7eddabf,2024-12-11,7905.08,payment,legit
d31c8f29-8c0d-4e91-a3fc-dff80d5c1cbc,fd000bee,2024-05-14,5666.02,payment,legit
07169b84-1364-454b-bb5c-fcf255741dd5,7a8888f8,2024-02-19,7239.68,payment,legit
910c1a87-0020-4477-904c-b8336951e54f,0d7d751b,2024-07-08,4185.16,transfer,legit
e6999f89-5543-4972-ada5-7573b73866c3,ccf4aa6c,2024-02-11,3814.91,payment,legit
6fd802db-68e0-4ba3-ba1a-03ba46acf7a9,1d9891c3,2024-12-06,982.09,payment,legit
b65eba0b-a7ce-423c-9fc9-9e6bbc36b782,d750e65d,2024-03-08,5238.56,payment,legit
55feb4ea-5c8b-4aa3-a555-5eb388b926b6,36196cfe,2024-04-02,5145.02,withdrawal,legit
db5a0c84-a8d2-4c26-8f79-2b5918985d92,906ab0e9,2024-05-28,4681.02,payment,legit
15dbb154-0b51-46f9-b4bf-bb6882784ace,28b2984e,2024-05-19,7405.18,payment,legit
f2d5fe7d-fa8e-4e9f-bc76-89ec6110222c,d719325e,2024-10-17,8325.04,transfer,legit
fc80f7ca-fb4e-4b39-8da1-b491db069407,27cbc956,2024-06-15,7507.9,payment,legit
2d238fa2-8af4-4091-83ea-ec4baade29c8,0ee3b298,2024-03-03,1438.66,payment,legit
25e95cb5-faa6-47a2-9ed6-f4dc6fd83764,81b2e4b9,2024-04-07,6220.6,payment,legit
392c35d8-712b-4a36-af20-dbb8746d93fc,957cab6c,2024-07-04,803.23,transfer,legit
4cc3de76-8f84-46c8-96f7-65d4a3cbcbd3,8c1dc4a7,2024-02-23,6946.22,payment,legit
55278aa4-79f5-4f0a-82c0-e5bb33830524,e064bbd6,2024-08-11,3818.39,transfer,legit
8e15c13b-2d7b-4729-ae8b-aad0f4067530,948db107,2024-07-25,1324.99,payment,legit
214c6190-9a78-42ac-8354-8d356cbbee9c,715521d2,2024-09-17,8620.51,payment,legit
b1f62775-d9b1-4ffe-88d9-a4ac4543cbdd,9875bf9b,2024-12-08,6140.08,payment,legit
c38482df-54f6-4783-8fcb-78f559df11c8,f965f813,2024-11-28,3547.25,withdrawal,legit
e6969a43-3561-471a-b6e0-56e4de090b48,b946c6e8,2024-12-11,307.27,payment,legit
3507f413-f41a-4bae-8c01-6623b1408931,c725e1f2,2024-03-30,5373.1,payment,legit
9b1c76f0-b69b-4abf-b10d-635b101f8fd1,135bf4b3,2024-02-18,9232.26,payment,legit
2f92821e-34f2-4363-9d30-1d5bd1439c16,19344e2f,2024-04-20,5963.8,payment,legit
014d5cce-7d59-4873-9c00-7cb6d9412894,4ff49201,2024-11-22,9716.51,payment,legit
cd6c0d09-9bec-44d1-aca8-d4d24b9fce15,a70ea18d,2024-12-20,1364.51,payment,legit
8c8f9f93-def5-43ba-9dff-4db9cc4b3579,25119bb2,2024-11-09,5683.05,payment,legit
17c965b8-bb62-4ec9-b7e5-997a0368e46f,932dbea3,2024-02-10,7981.25,payment,legit
a298a0cf-4094-484a-8dcb-c97e3362b13e,caf9c098,2024-12-11,5255.41,transfer,legit
d17efdcf-f7af-4ffc-8b37-600b3bb360d3,ae09af13,2024-06-03,910.66,withdrawal,legit
3be833f7-1780-46dd-b588-b4efee1c815c,d759ccfd,2024-01-04,5828.86,payment,legit
33b26924-498f-4529-9f20-f40de042d127,5bee18bc,2024-06-10,6117.38,payment,legit
ff3a739f-4e9a-4285-8397-a98cc2759b79,c2c5ed1e,2024-01-17,7287.09,payment,legit
16a115a0-8bb8-44ef-b274-15ac4fb98f32,0ee2eb53,2024-07-17,7612.12,payment,legit
a17dadcd-82cb-4b19-80bc-de47c774a2c7,303ea870,2024-05-03,7707.73,payment,legit
3afcd661-ef8d-4d34-bd19-fe2a8e5653ae,45b94f42,2024-06-21,6634.44,payment,legit
02cf6999-eabb-4d66-889f-e0a07b2796e9,00152226,2024-08-11,2158.11,withdrawal,legit
57e0bd83-f219-4f42-8cf4-2e759e7b97fa,81eaad5d,2024-11-13,4042.36,payment,legit
b38cf74e-a1c5-4f25-9c18-87f28d82af58,f8b7a6c8,2024-08-29,7761.3,payment,fraud
13e0e7f4-76c5-4f35-bd8f-1d004f6ca35c,f2b392a9,2024-06-07,9534.27,payment,legit
c11682b7-fb4e-4e0b-8d59-cadb6e90c1bd,7b8c6c3e,2024-10-26,789.47,payment,legit
e9080cbc-bf03-414a-a946-adaf72b018c3,fe7df76c,2024-11-26,5355.37,withdrawal,legit
69f5f81a-15a7-4884-930d-cf6ceb6a5128,daafd10e,2024-02-13,3125.22,payment,legit
8c7f41d2-4433-4c3e-9841-529c3540ea03,b28e1933,2024-07-13,2253.94,withdrawal,legit
6369b200-4c9d-4b43-8a05-0778d9d7efe1,2d1fc656,2024-04-13,5058.11,payment,legit
0a5868e9-be74-4375-a9d9-72e74106a5b1,b0ba79da,2024-01-18,6060.89,payment,legit
31f0b6f0-e41d-496c-a895-440295723cff,58950173,2024-09-01,97.72,withdrawal,legit
e4ddc92f-95d4-4419-b6dc-67791ac32cda,8d9fc2da,2024-11-10,7802.07,payment,legit
5b06c3a6-2f6e-4a14-81a7-5c3c5747aaa3,ed096134,2024-02-29,8198.82,payment,legit
ab37b30d-5dd5-41d5-910e-da3b1a99d37d,a47eb89f,2024-10-23,9655.11,transfer,legit
425c0753-a02e-409b-ae38-88ac25cf06c8,034ef702,2024-11-07,1806.44,payment,legit
4c7246e1-eb29-4ba2-a5a7-4327edad4b5d,f89b7228,2024-11-29,5945.53,payment,legit
3f01fe5e-6dc2-483c-a157-e1ceba2bd6fb,5a6b2115,2024-04-06,4266.25,payment,legit
e59cc044-677c-4193-97ea-917f206dab2d,8e81fdc3,2024-11-25,3348.28,payment,legit
bfde872f-9c1d-44c6-97b8-401f8c7b718f,35d5b230,2024-04-27,5656.33,payment,legit
82ae8a86-70a0-463a-ac67-f8bd9cf8e3be,b317b397,2024-07-20,7823.83,withdrawal,legit
be7b9d33-4fdc-4840-b264-c3978dd9fbb8,92ab8c8d,2024-01-19,230.53,payment,legit
74d114e8-544e-4127-abac-96de9d8887b7,23cb435d,2024-01-17,9694.0,payment,legit
1e5b2631-32e6-4140-9fe6-418d959a0e81,09f83b56,2024-09-19,8098.82,payment,legit
b924cf23-cd4a-4b15-bc4f-20cde742772a,85089335,2024-06-11,7511.54,payment,legit
5fef3275-3d68-4a80-ab9e-bd98f9ec7507,a2f710fb,2024-04-03,7603.87,payment,legit
fb5ba56a-d592-4d15-a9b8-1c887b581b55,c77b1e86,2024-03-10,3890.61,payment,legit
fe1292f5-7256-44a8-a997-82390f37efaf,30772b96,2024-09-01,7516.21,transfer,legit
ade1e10f-d26d-4755-8f07-bc3f83cd637b,455c3add,2024-01-01,3867.7,payment,legit
c977e766-6555-42bc-ac72-f7dd45a3d18c,823e3d78,2024-10-21,8987.07,payment,legit
7ca568e5-17c7-4536-8ebb-b3e80b7defe3,84f169a3,2024-01-29,1772.22,payment,legit
2c7b2442-1f28-40f4-bb39-2852c520e26a,7710aaeb,2024-03-10,2923.47,payment,legit
f5a77d1d-9bea-4d35-adcc-c9cfae67d503,7bc3a741,2024-05-20,5513.38,transfer,legit
dbdbc811-654b-4cc6-9974-8dd59241ccf6,fedd9bae,2024-06-25,3192.11,payment,legit
95246157-3647-431b-81ca-95aa7ea52988,ab148004,2024-05-09,4242.37,payment,legit
3d5114b2-6019-4856-9e57-c25fe9bbf3cf,82481f2b,2024-04-27,4924.23,payment,legit
951ae223-dee4-4811-a435-03a272cd8457,3ee98fad,2024-12-17,8563.53,payment,legit
004b9609-7d03-40c8-93ee-d0f5471e5e1c,753ce582,2024-08-22,5231.92,withdrawal,legit
bb0e1375-16a8-4b57-a125-b648c07d11bf,ad784aa7,2024-01-09,3624.6,payment,legit
697077ea-4222-4be6-a4b0-5982531964c8,a18e8a8a,2024-06-06,2477.36,payment,legit
d9091aec-f76b-465b-9d24-680c7ebdaf28,3c9a16f4,2024-11-15,4086.76,payment,legit
cfbb5de0-7228-47fd-81a8-fb78de4aee1d,7b625fbe,2024-04-20,5157.36,payment,legit
43c3e684-2e56-4f0e-b78b-6bbb8b0f02ea,c98930f8,2024-02-04,7461.15,payment,legit
c018900e-43ee-4260-a432-1ae97a6a504a,28454a20,2024-10-03,1210.49,withdrawal,legit
8b29f998-00ed-4c1e-b183-9b4547202b59,f04c4952,2024-08-09,2216.09,payment,legit
c8613f98-0113-41a7-90cf-44542bf7c3c2,54216689,2024-07-27,3796.54,transfer,legit
ee9a6d96-a83a-43dd-854e-19400cb58cef,852dd573,2024-01-20,3603.98,payment,legit
7ee63755-5a3f-4fb5-83e2-12973432fcdc,b5e03bb0,2024-02-21,3917.48,transfer,legit
a6e5ba86-07d2-42a3-aad0-46ce9e693087,193d7181,2024-08-15,7935.21,payment,legit
01e35af4-eed5-470b-a240-19d913e155c0,180c7a5b,2024-03-16,3241.54,payment,legit
4780220d-76f6-464b-aaf2-448cd467c283,7026e744,2024-07-02,5018.98,withdrawal,legit
d77e100b-c121-4c45-97ec-3fceb6301564,f7495ba4,2024-07-17,6239.07,payment,legit
7f1f6509-b0cf-4726-9621-e5fb17935569,5af1634c,2024-04-13,2321.79,payment,legit
4dbf53a8-537d-4a1c-8d63-9c845be1b273,7dee087d,2024-12-12,7186.95,withdrawal,legit
84da837d-a4d7-4316-a962-e971ec454bef,0de81981,2024-11-03,5471.11,payment,legit
46d76e8d-e7b7-4e70-8dd3-4db9baa6ea99,ce30722e,2024-09-20,4467.81,payment,legit
de2b9d9e-4539-4bbd-b938-81e9b4b720e0,bcdaca8b,2024-01-29,8097.84,transfer,legit
12d30657-ea29-438e-9fa5-2e1cdadadc57,59df1537,2024-02-08,2434.95,withdrawal,legit
c4e89872-b3a6-4343-a5e2-ee456daa6428,d671db48,2024-06-28,8831.76,transfer,legit
f28d1822-2637-4332-8cda-aef90e5f4904,a6639e5f,2024-02-28,5610.49,payment,legit
71951e69-9d26-428e-916b-c2f71bb01303,c5eda5f5,2024-12-23,6091.75,payment,legit
a3cba182-29aa-4d3a-8f80-27b397f89424,8da01185,2024-02-27,8750.59,transfer,legit
dad51727-c1b3-45a7-a54d-fc1c7d5ec593,fa3e4773,2024-06-26,8175.83,payment,legit
7fb172ee-a955-4a69-bf8c-9a8527b8f15b,434ae60f,2024-05-12,6015.62,withdrawal,legit
252d69db-2357-4fad-8a1b-b63ccb5730a3,e6056a15,2024-08-21,7531.88,payment,legit
be4d744a-a1b3-4060-a9bd-b2e6b05d9882,39ea4e82,2024-02-17,4333.19,payment,legit
9e84498a-db23-4e35-8ff6-12c31ccc0314,a3728680,2024-06-06,5473.78,payment,legit
f82d0e8f-37d2-4fa9-931e-1c4d7cce91ad,8c538ef8,2024-04-10,620.7,withdrawal,legit
6db69a2e-a308-4350-b133-048776c214af,1948212e,2024-11-20,898.58,payment,legit
3a158d82-20cd-4382-b63b-9371d3f45cd5,f13ceeed,2024-01-15,8294.25,withdrawal,legit
7361a1ce-5e8e-4a3c-8f65-2ef15e788ef7,bfa0ce6c,2024-11-29,596.72,withdrawal,legit
d82b5844-462d-45e7-87e1-4463ebf436f2,d7ebd970,2024-10-31,1693.99,withdrawal,legit
8049cdb9-a3b3-4706-98f4-1e7f9bf7f852,52117dce,2024-04-18,7958.33,withdrawal,legit
681c540c-757c-4d0d-b728-a94cc292ef29,8e9c81d2,2024-10-15,11.46,withdrawal,legit
611c1549-b310-408d-8fc4-1e8903b2d6c1,c342c676,2024-01-12,2824.04,transfer,legit
06a5faca-bd8a-4ac7-b766-8c06998429df,144be138,2024-12-18,5840.39,payment,legit
d9c12105-8ba0-453d-aa54-57313a321393,0b3aaef1,2024-07-11,5954.5,payment,legit
53ee2049-860a-4b98-87a8-f7e8f76a74f2,f0913ff8,2024-04-20,7771.53,payment,legit
49f427ea-7ad5-4902-85f2-9ca8671d7244,759207a0,2024-05-12,5059.26,payment,legit
03c33a34-e6ad-4d90-a8c8-6e313ca5c74b,17242453,2024-01-25,5094.02,payment,legit
1905cf5a-2840-4277-8184-e1b8cb0a215c,cfa35a4e,2024-12-27,7253.11,payment,legit
24514e3c-2611-48f8-a88d-949950ac6cd2,1381947c,2024-01-15,4986.24,withdrawal,legit
961cbb42-1e94-42d5-b22f-d72aab647427,c0e0f8a2,2024-08-27,6084.91,payment,legit
3bb15a1c-0f9b-41e6-b6fa-694e4dd732a7,4a5931b5,2024-06-10,8977.74,payment,legit
9b333604-2327-4723-835a-ab9df6426fd3,48b10d5b,2024-12-12,4014.51,transfer,legit
2527cd64-bf4f-4eca-a097-1d0369a4bd42,5be76e73,2024-03-30,3851.25,payment,legit
716564c9-8958-4244-a94b-948f7d6317e5,bbc329a4,2024-07-13,35.49,payment,legit
0980e610-7a9e-4206-a3b1-5aa856e92849,aa04b09a,2024-06-25,6134.26,withdrawal,legit
e756902f-77da-4627-88e9-d15824df277e,3a222f35,2024-09-13,297.72,payment,legit
bc74dcf3-cfd0-4e38-95c5-01d072fc8076,f08b5097,2024-01-25,5041.48,payment,legit
87915425-a870-4cc5-bf3b-cbf0a6220460,d6dbe951,2024-03-11,8042.34,payment,legit
f7e44395-e6ba-4afe-a698-20045fce417e,3fd112b7,2024-03-19,5499.21,payment,legit
3d11b9df-053b-4aa5-87c6-6f15798f07a0,68c63ab1,2024-09-26,2696.36,transfer,legit
30920c9d-a162-4afb-a500-07ddc6975b14,1cf299b1,2024-03-10,7861.68,payment,legit
14d33dc9-72f8-486c-abff-fc621d53af96,e3b75272,2024-07-28,2697.17,withdrawal,legit
757eb15d-45be-440b-982f-1428a6751e46,9599cde4,2024-03-19,7330.32,payment,legit
b88c7875-d4d1-4758-8302-37faf7517b08,0b405bd2,2024-11-10,6102.58,payment,legit
a84077ed-6cff-41cc-a053-5666317b8712,baa56f9c,2024-12-09,1699.96,withdrawal,legit
d5adab8e-86f9-46f0-bebb-8eb4cf9f6f66,128a3893,2024-07-08,9051.34,withdrawal,legit
5a6d2b9c-2fa0-49c8-9e3c-5c84991292e6,422cf33e,2024-05-08,2006.44,payment,legit
dae2b644-2987-4cca-94f6-90aae4c1fc84,ad4ab258,2024-03-26,9895.87,payment,legit
cd430248-b0cb-4d1b-9abc-92b662d1a0bd,77d0e1c9,2024-01-19,73.1,transfer,legit
8cc0474b-ae3b-4f09-8f52-44a8b7aa16dc,d17f0734,2024-04-08,2634.83,payment,legit
10cba6fc-d309-4dc9-bbd5-b1aa43fe39e6,72e068c1,2024-08-26,1998.6,payment,legit
6c48ce8a-4896-4bb6-8e4b-2318b1cbdcd1,98a77642,2024-07-13,139.93,transfer,legit
e4ad2741-b982-4d71-a1ba-6f75d9e477f1,c2190a46,2024-12-10,7323.68,payment,legit
6ed3799c-9ea4-4229-94c5-bc97cfba80a5,2a5e86b0,2024-05-24,6934.26,payment,fraud
638b4548-56cf-496d-88db-15a5b645e7b6,47bb5607,2024-09-10,7923.51,payment,legit
00028286-13a1-4863-b719-f5851b69e4d9,11f50593,2024-06-27,2566.99,withdrawal,legit
3e177aed-b763-427b-9482-55ee11bee68d,6e663070,2024-07-06,4443.35,payment,legit
be579dc5-8d30-44c9-a7b9-9e202b701a00,19c15de8,2024-04-07,6591.14,transfer,legit
daef5d65-662a-49f2-8512-f6fecb0e8737,53b91bc9,2024-06-15,4397.69,payment,legit
15f99281-943c-48da-9480-0ccb4aedca18,0aee9e2e,2024-06-20,6973.26,payment,legit
208c60f0-9954-4e19-a0f9-e449e5373254,67bb754d,2024-09-14,6339.73,payment,legit
efc1cc4e-f8ee-424b-9af8-ba4ea7d911f6,773ecdc6,2024-12-09,1146.48,payment,legit
ffa8e9d4-59d6-4fa1-bdf7-1147707e1f69,4dee5430,2024-04-30,7810.43,payment,legit
95a476fd-20af-4e73-9ba0-e164f04a75cf,5d7df6b2,2024-01-16,7206.76,payment,legit
ffde4f6f-0712-427e-8e98-3e5c4f688bc4,87c78c2e,2024-06-30,6558.34,transfer,legit
2000d039-ce4c-4cd8-86b0-09bf827493a9,54c1832c,2024-07-17,1550.94,transfer,legit
962eab05-2e58-47c2-a1ab-d7a7824ee0d7,7ebcdcf0,2024-03-02,2679.96,payment,legit
a2ace4d7-fac3-42a9-a4a8-23df4d7cd9a9,6ac7a38b,2024-10-04,3931.77,transfer,legit
b94dcfcd-ac13-4af6-bcd0-c47a2b336bd3,84184279,2024-12-25,2799.3,payment,legit
327ca86d-b9ac-461e-8cdb-d4559f815f75,a3f66bc3,2024-12-11,2278.1,payment,legit
1532dd2c-bf9b-40d8-b383-a6ffff284e6d,e5aa57c7,2024-03-12,8053.58,payment,legit
3182985d-0cdb-4696-a673-b8f77b3cf050,f46744c2,2024-11-15,6382.32,payment,legit
a8dddbf1-cea9-4ca8-bbbd-b4aeb1f3afe8,bc75d18f,2024-09-14,5654.72,payment,legit
bbe87b4e-e831-445a-824d-f015e65a6e94,04315d95,2024-06-14,2259.53,payment,legit
12ae3b77-9ab5-499f-bd7a-65cc122b45cd,c22bf29b,2024-07-16,9180.77,payment,legit
5a463c1f-891a-47eb-ad5a-bd5eadf160ed,e024278f,2024-11-06,1911.83,payment,legit
2241eeed-808e-4911-a7d0-8120b5e59008,8a0c81dd,2024-06-24,7949.51,withdrawal,legit
168d911b-f1d4-4d4f-8092-cab0348ab681,4f9ad2e1,2024-05-16,9666.73,transfer,legit
27555f5e-24d9-4512-a99d-7d9e36b7f65a,50d92c4f,2024-06-29,7270.93,payment,legit
8c125588-d19a-4d96-9056-c66ae84386cf,29a66bf9,2024-07-30,9928.59,withdrawal,legit
a03890b4-e5c1-4ba8-91f3-267b9e9f668c,69d317d3,2024-03-10,6510.51,payment,legit
2381652c-bc1d-4e83-abbc-653d9e7a2e43,5e7e0c99,2024-11-24,2174.6,transfer,legit
365ba5d5-872d-42d6-b601-63a8f4a91b91,03f13a3f,2024-09-03,2038.19,payment,legit
5095ce9b-7c05-4e20-aea0-d6129fa55c4f,fa0b6752,2024-08-19,3245.64,payment,legit
bd93432a-476e-482c-8717-f28d7d72cda0,c40892d5,2024-02-06,71.3,payment,legit
8ca21e15-6c31-4770-b5cb-996fbfb9218f,4a7103d0,2024-08-08,6816.98,payment,legit
2eda1010-11ff-4466-85de-6316a2aeafbf,15aa702c,2024-02-14,2686.68,payment,legit
b38d61fe-f641-415d-9d1e-6de76dd7afc0,e9f9f1d4,2024-01-29,8151.83,payment,legit
6b32bb8b-ce49-4887-a16e-05fbb36f3822,5183a74a,2024-07-11,3591.73,payment,legit
248b163b-2c64-46b7-aae3-27e18f5df215,959e4539,2024-05-27,4799.56,payment,legit
9b91769e-a98c-4f28-8b21-02c7313076a3,a0f63edc,2024-08-02,9656.89,transfer,legit
fb69fe3f-3ce2-42b0-afed-885918d17d01,55a2eaa7,2024-02-02,2421.72,payment,legit
acc4eacd-0fea-41de-9738-abaf3dfea920,f3d0285d,2024-06-06,7212.54,transfer,legit
96e546e2-065f-4399-9fcf-682ae77f0469,d180ea07,2024-03-04,7551.18,payment,legit
71de87a7-8ce3-471e-b288-dcf0e77e2242,4ad19a27,2024-12-26,2209.98,payment,legit
60db6349-9798-4c5b-bcaf-dd5d86ce0c19,05163fe9,2024-07-23,5009.97,payment,legit
17467f74-8cce-4bf2-a379-77779a3275e7,4d683b8f,2024-09-07,3502.02,withdrawal,legit
8ac139c8-d337-4273-b2dd-a191e286beea,7acee299,2024-04-28,7719.06,payment,legit
f31a9421-8a80-452b-9baa-6f8b61906ccb,8ac2376a,2024-02-04,6224.83,payment,legit
4886fd82-9031-442a-968e-cedcace2fcf9,c36f981b,2024-12-22,4759.83,payment,legit
46201c48-2b4c-4d32-9b9c-5ada78489c5f,32ecfc93,2024-04-14,7793.63,payment,legit
a93cd8b8-3fca-4697-9ddd-aa97a0ab3291,6434a01a,2024-06-03,2351.56,payment,legit
cf3806be-4b3a-4bb4-b18c-80fedede71e9,191a14f9,2024-08-25,7536.22,payment,legit
bccb0b56-96ac-4496-9579-40b912ee3769,9e9cae9a,2024-01-10,8653.74,withdrawal,legit
72087e8a-3e1c-4786-a564-840960464f8f,994a69e5,2024-10-22,8786.22,transfer,legit
ab3f2a38-723d-4664-856f-84807d0112e3,91bfc510,2024-07-14,7836.74,withdrawal,legit
d694a967-4568-4388-a5ea-22df1c6f4fc3,f521f0f7,2024-04-11,4080.14,payment,legit
8a9e628c-bd22-4feb-94ff-40d8e1e129ce,040e731e,2024-01-23,9818.08,payment,legit
65a04608-25b2-49b2-87c7-71559a11be77,dc7dfd9f,2024-02-29,3795.94,payment,legit
a0db70e0-4ace-4eef-99d5-46c48d28ac95,0e7c0d96,2024-11-22,6386.25,withdrawal,legit
5f3cf7b9-56ab-49ff-909e-cf81deeb3fc9,35006cdb,2024-09-07,1610.74,payment,legit
2586e54d-a595-43b0-ae5f-9ac30645ca18,7d747638,2024-04-01,9804.49,payment,legit
711b3a8c-59c0-4af4-a77f-6e2acb824474,203b9627,2024-01-24,7039.86,withdrawal,legit
873c7135-ac92-415a-a2f3-0585b33a8376,ba5962da,2024-09-09,7533.78,payment,legit
d3a3231e-165c-47ec-84a6-00fe1ca1cb89,cfdb34f5,2024-07-27,657.77,payment,legit
0e2289a0-68fe-4e47-a56a-b9ce9cf7857e,69942e56,2024-05-27,7634.18,payment,legit
51f96450-2694-42b6-b65c-acacfe74d7c8,d0429061,2024-05-12,7747.23,payment,legit
e09aee43-1e31-4f9d-a1dc-7025de208f90,744be700,2024-03-20,6717.73,withdrawal,legit
96b213b3-e6c3-43ed-bcfc-2f7ef178c58f,b7f93efa,2024-09-01,2919.1,payment,legit
ad0a03a7-f144-49be-9b1a-610013975619,2b9c4117,2024-12-20,4896.9,payment,legit
7d2d6fc6-3906-4d90-ad6c-a40179876171,0e864102,2024-03-05,1104.34,payment,legit
ae8c36c6-75a6-4cd9-8ab6-8194d5c6a603,51254b9e,2024-08-05,4715.87,payment,legit
090ab8f9-1989-4942-91af-8a87af6dd0a9,e59ac3f0,2024-06-03,2438.24,payment,legit
475136d3-d822-4962-b732-56d10bcb7f32,5229492a,2024-06-12,3490.97,payment,legit
ab81a670-aa66-443b-8219-34ba457d329b,75af3bb5,2024-04-02,1626.0,payment,legit
0292f860-84d2-4b43-8048-6fff7b1a890b,d81c0762,2024-10-28,2300.54,payment,fraud
3983146f-8819-4e4d-8d95-8ab21915c96a,72ca19dc,2024-06-26,765.69,transfer,legit
4cd3061c-543b-4f4a-8941-36f383383065,4b4ac42d,2024-07-17,9199.01,payment,legit
d5886a3e-a6d5-420a-9d53-a7a3f5c76b78,00376dff,2024-04-21,5304.11,transfer,legit
8a808f12-b16c-4363-86df-de2f4544a594,189e8ccf,2024-03-07,3967.42,payment,legit
88c4c0a7-7d9c-4ecc-ba8a-e0780183c34e,ad9d8b3a,2024-02-01,5350.29,payment,legit
bb1fbfca-b70b-4673-a7ef-d45f88d0bf72,be23ec7b,2024-09-17,6282.93,withdrawal,legit
fa729aff-7ca3-4a09-8cd0-529b21c3db99,054f751f,2024-03-12,9218.79,payment,legit
b993b88e-4bd3-4125-b6d1-a47c6e29136c,5e8de3d3,2024-09-08,1786.93,payment,legit
af783a2a-13fa-4070-b157-e7e6b46f4b25,ae17a63d,2024-05-22,2955.52,payment,legit
be00600f-d97b-4c9d-bf22-67783439037b,f0202dab,2024-05-31,9757.89,payment,legit
6e506120-ef8c-4c2b-b6b0-dbaa68cfd018,6f811d4b,2024-06-20,3711.93,payment,legit
73979048-3aa1-45db-9580-2091d7a83bff,5552e637,2024-05-14,225.62,payment,legit
8054ee1d-dc35-48d2-a218-695f9d4ba193,a6880e10,2024-02-06,1476.43,payment,legit
31e8d607-ce2e-4e9b-83c2-24e667916bd9,68b42a96,2024-04-23,263.39,payment,legit
56b0d448-f9c9-46ab-9e4c-a75f5bec1c23,54e5be57,2024-08-30,9899.23,transfer,legit
e0255ee7-3339-48b2-9c77-2f343cd9d53b,5d0e4467,2024-08-31,2788.71,payment,legit
dc795acc-c6ef-47e9-ada9-9a14d08a2fb1,a698e6eb,2024-04-14,9235.43,payment,legit
89d22fa3-8524-4ddf-b33b-3c40c680626e,1f99ae4b,2024-06-16,9958.86,payment,legit
39b5f0e6-f947-49fd-bad5-f2459c96c7a5,5ec7a620,2024-03-11,5998.41,payment,legit
d1e11139-e0dc-4589-9829-4328221d259d,26e68b45,2024-03-17,331.96,payment,legit
d3469b77-b2ab-49cc-9bc8-b607025c83c2,891c7758,2024-01-09,815.92,payment,legit
80d234f1-e1e4-426f-a93a-cbe1ea9105fd,d4401ef5,2024-11-23,4815.89,payment,legit
a2207b2b-0c7d-4b0e-b16b-c2d614b962fa,b1be2b92,2024-03-17,4061.72,transfer,legit
564dce26-a9e1-464e-a566-b87f541674d3,82f1d1ff,2024-03-24,6061.77,transfer,legit
33e3706c-8551-4b31-9016-62bc93406cf4,8d96c936,2024-04-12,4388.48,payment,legit
416c73f7-db1c-4b8d-8b95-4b256115b989,e69d79b7,2024-02-16,9340.77,withdrawal,legit
98f556ef-478b-4b0c-a818-667ce155396f,0102466e,2024-08-21,5347.4,transfer,legit
8ce65fc6-fd17-45ff-9809-fa64f7b3f146,3cb50592,2024-01-28,6937.26,payment,legit
83933f9b-18b0-4905-9139-579c6a4d7157,68d858b8,2024-02-18,8964.85,withdrawal,legit
3561cfff-14ad-47f2-8057-e0fe74ff55cb,0fd13836,2024-08-23,1468.72,payment,legit
51a8ed57-b197-4410-a8f5-c0016633333c,f861af80,2024-05-03,2297.35,payment,legit
52bba8b0-f04c-4cac-9ab9-e68e8a1fbb36,cb7dd8f8,2024-09-15,1073.19,payment,legit
05b9686e-018f-4c2f-8abe-45e46d131ddd,43206bf2,2024-07-22,1396.38,withdrawal,legit
465ee16f-1f84-484a-b679-26a7f077b984,b6772c3f,2024-04-03,5125.84,payment,legit
95580faf-2517-4bea-b02f-05056826d008,9651f9b1,2024-08-25,3211.79,payment,legit
acf0cd13-cca1-4bc1-b754-b963cfe155bd,a4f8994a,2024-02-12,4231.73,payment,legit
2e6992f6-1096-4407-99cf-d190e83c9a8e,66f90217,2024-07-14,9824.9,payment,legit
1096d38e-f5ed-4f2a-b25d-1cbd4cd2a8d0,64c5adb3,2024-06-08,1567.04,payment,legit
e216fb04-2ee5-4ff1-a10b-f723112109e1,80e41216,2024-04-07,5408.12,transfer,legit
0fa2c600-3fd6-47c2-90bf-2f8b8a148400,c4f13701,2024-08-08,988.71,payment,legit
573ee954-68ac-4966-a6ef-2e5056e7a7b0,4c30cc81,2024-11-14,3184.96,payment,legit
d6528fd2-7945-4622-ab54-293af53073ed,6fd85b3e,2024-12-30,5275.26,transfer,legit
9a9095dc-c202-4e66-8cc6-cab32f5f8625,5ec8bc05,2024-08-09,9466.32,payment,legit
46593614-4f1b-4efa-82ee-c2bb6299da2d,ab2be5d1,2024-05-27,3912.28,payment,legit
0dc20ec9-8bce-43fc-8acc-3153f2adbea1,2185d140,2024-03-23,649.07,payment,legit
44a4232f-431b-4580-b6be-bf24475bdac5,ace4eb05,2024-04-03,3881.61,withdrawal,legit
eb7b9fd3-9e63-4d48-84ef-70e7209e4bf3,c97cae88,2024-06-24,1457.41,payment,legit
4d853128-927b-4c88-bbe5-25bb22505b22,b5837a79,2024-05-14,2299.9,payment,legit
15614803-12ad-4969-9d24-47c4e16e163f,92e6b8b3,2024-11-29,6180.91,payment,legit
6f8138c9-5fce-4f2e-967e-44e490cfd943,55a21787,2024-05-14,674.24,transfer,legit
87bd319a-cc94-4df2-860c-78bda0049f7c,27384dfb,2024-05-16,4647.24,payment,legit
e46c1e9f-d835-4fee-a1e2-6dc2bd01398e,85d754a4,2024-05-19,6094.62,payment,legit
c0f1c0e5-735a-4bda-a7c7-73353f02136c,51376b73,2024-11-01,4218.58,payment,legit
4cdf988f-a9fd-4687-ab08-94e2385fc933,b4797fee,2024-08-25,191.26,payment,legit
1c0d1b7f-8d19-4ef6-878e-b4a3e427627d,9159fe87,2024-08-12,9855.19,payment,legit
414d638d-51f1-446a-bb41-14116346e485,25ca020a,2024-05-01,3671.16,payment,legit
8f6ca1a6-193c-4816-abf6-4ad425b26c5b,86bf99b3,2024-10-25,7785.77,transfer,legit
436893e7-7380-4797-b567-2cf8c0ca1965,1fae7559,2024-01-15,3256.46,withdrawal,legit
f09d4409-d561-4bd7-804a-ccfcc5f3946b,4cacd3df,2024-11-13,4750.17,payment,legit
9e6cde62-c5e0-4aa9-bc56-15e69334b474,f4c44222,2024-07-06,3884.64,payment,fraud
0ebcb91d-db48-406a-8ab1-a70e344046fb,14e7def7,2024-05-25,3425.39,payment,legit
72a87db2-a929-4596-a2bb-2a3ddf80ea47,ffdc4460,2024-06-30,218.51,transfer,legit
031bf597-314e-45fd-865d-8cd0649fdd1c,c0806cca,2024-08-31,3600.21,payment,legit
fa7282be-e186-4580-9b70-9adc37458d9f,28809c01,2024-01-05,8894.9,payment,legit
5a622681-2f91-4a20-b9f0-d012bcb32934,3738d923,2024-11-14,6903.93,transfer,legit
3719d463-5b53-478b-8aac-86b9b298e435,b60501e5,2024-06-12,1454.23,transfer,legit
b1dea315-d219-4d98-a780-ed6478ef5924,e5759d23,2024-05-05,5911.55,payment,legit
f8e5b54a-a968-42f8-ae50-55eb23a8212f,5cf92cce,2024-02-20,8922.31,payment,legit
67598b09-df86-4851-be6e-c95455a0cefc,9ee3a46d,2024-06-09,7000.34,payment,legit
bbaf959b-fee3-4043-9af7-aaaa19ab7946,ab608b86,2024-06-30,1486.84,payment,legit
c983de28-e91b-4a33-98a3-386328af68cf,c68de9bc,2024-05-27,8678.32,transfer,legit
f9da9bf4-be9c-46ea-bb14-090728b72feb,df4576ac,2024-09-04,3015.44,payment,legit
813b1517-9297-43de-9211-25eb7797e117,e9399ac7,2024-06-02,4540.76,payment,legit
9029f68d-2fd9-4490-8be1-63328e6c0759,bf2b0bd4,2024-12-16,5261.43,transfer,legit
71d05d0a-f6e0-4512-8dc6-749a97ae26ad,739ca360,2024-08-06,8505.07,payment,legit
bf64532a-14c0-4778-b866-388c2d2fed14,5454a4c7,2024-10-21,9316.07,payment,fraud
6ff18e12-c834-4a74-9e30-cb55801471e4,4f7efe9d,2024-02-09,9296.53,payment,legit
ed91d4cd-9326-49dc-b1f9-2c6ba646051c,18b6db95,2024-05-25,79.54,withdrawal,legit
52e0a6c6-ef09-4f05-8a72-8cc12af09b6d,0fb7be31,2024-05-02,9218.88,payment,legit
e55f5efe-f23e-45c4-9378-ce13fd2fb9d3,34f552a2,2024-07-26,543.87,payment,legit
5001e557-6bf9-4e71-8674-144e8bc3e7d3,2dde930d,2024-11-10,2657.74,payment,legit
1f10d8fd-f4b1-4e2f-85dd-b4edf9b3a6dc,8ec68e83,2024-01-29,5149.88,transfer,legit
51949461-8bf2-46a1-9134-6ea074c329f3,b311fdf5,2024-01-27,4799.26,payment,legit
e879afd4-a5e2-46cf-a44d-de2d9a7b56c7,563a3fb4,2024-11-06,6047.1,payment,legit
eae57def-4a14-48ed-965c-1689cf0a16ad,c0dd995e,2024-03-18,4794.46,withdrawal,legit
89ab5689-b532-43d2-b5d3-cff63c69a40e,265b044a,2024-09-01,9343.76,withdrawal,legit
cce269aa-525f-40aa-b07d-df990b196ac8,6b23ddc7,2024-07-17,2405.49,withdrawal,legit
f0bb621a-6218-4718-852e-6c22b8d5f141,d8a45c12,2024-10-31,2740.25,payment,legit
42f20b18-05d2-4357-a06b-f16f6af3075b,7faac0ae,2024-02-15,9207.38,withdrawal,legit
fd8a7c44-507a-4a7a-b473-9bd66c36ddcf,9e898d08,2024-02-17,767.4,payment,legit
5a3e75be-f426-4fa1-9edb-2ed14c083528,7e4a3a6e,2024-07-22,6095.61,payment,legit
2d06ea5e-00c8-4710-b5f5-5af38c010b9a,5209e5aa,2024-12-11,6817.36,payment,legit
1847e3d1-702b-4e7b-a34f-0df6dfe7e3db,9528f2d0,2024-05-31,5055.42,payment,legit
1bc0c0b3-7c46-47e8-9e8b-725a3ceda885,3dc259a0,2024-04-29,6942.32,payment,legit
6c0237ce-e717-4e1a-811f-7e608b54fd1a,e5c71dda,2024-08-09,1727.55,payment,legit
d0dffe00-814c-42f2-b3ea-3c0f91abba7f,15590b19,2024-12-05,8526.32,transfer,legit
257d589e-9e91-481f-a31c-78d69f9cfc6b,2dc236e6,2024-11-01,1400.26,payment,legit
8f259726-28fe-4c71-8dfd-f1f80c2a5720,49af0a19,2024-12-29,4008.12,payment,legit
433763b1-9e4d-405b-a4d9-689259d20456,5e310f90,2024-01-09,752.58,payment,legit
2965a997-005e-46ea-a7f9-6fd01a551934,ab8e8b17,2024-02-11,5452.11,withdrawal,legit
aef062d2-4a83-4b2e-a6f4-0f2d0e54e558,f1490fb4,2024-08-10,6697.46,payment,legit
47af3e33-7fe8-42d6-85b6-7ba95891c481,b7b15248,2024-10-26,9412.22,payment,legit
641a8468-1c2a-40d0-bd7f-a7acc8d831cb,084b8187,2024-04-14,7393.36,payment,legit
8e1bf9c0-df4b-499d-a8f2-39d38d0dfad7,1b01a914,2024-03-28,5411.03,withdrawal,legit
be7a7da4-8bfe-402f-9ba8-34c2dc7ec9b9,39bd369e,2024-10-14,9326.17,payment,legit
be9f936a-7225-4007-9d19-3b467140eb75,4c230720,2024-01-21,4784.37,payment,legit
35e8bad1-2621-4718-a789-876ee7d99921,b4a8d1af,2024-05-14,5612.06,payment,legit
3ec8691d-4e3c-4ed6-bb8b-6dbf815115d6,f32edc6e,2024-07-03,5960.99,withdrawal,legit
86ac3063-8d55-44a0-af67-553ed51dc0f6,656bfb35,2024-07-23,4099.8,payment,legit
58e289c5-3d8f-4181-8d13-944786df60b8,3861799b,2024-09-22,8384.83,payment,legit
940d0302-b56e-4587-b428-1df31dfc4f19,0c9ff9da,2024-05-09,1851.76,payment,legit
1dc637e7-5442-404e-b74f-2aee2330fbc7,372117b4,2024-08-11,5548.42,withdrawal,legit
9a621126-f630-459c-a02e-2ff3dd8d757e,66b55101,2024-08-01,7222.33,payment,legit
02c365f6-cea3-44a9-85fd-df96916df907,3c56239f,2024-07-18,9039.76,payment,legit
365d927d-017c-4d04-ae04-dc3348442a2a,325d6f30,2024-08-21,8839.18,payment,legit
4afd3b84-cc99-44ca-a62c-71f3e7d23df3,f55d0bc1,2024-04-04,5087.4,payment,legit
8ad23e80-9bab-4a0e-8460-204f97554a5a,e98dc4c3,2024-01-31,6431.61,payment,legit
43774840-3162-434d-876a-1f8ddf0622f0,d72b2280,2024-02-13,3942.38,payment,legit
a39aa3f9-424b-46e7-8e42-f31ee04b33b2,8352b00b,2024-03-22,4681.78,withdrawal,legit
da72e2a9-5015-47ed-878b-6a4a29f54894,6ecbe5c6,2024-07-01,9062.66,payment,legit
b4731dbb-cccc-44ad-9ca8-1f560f7cad23,242ccc60,2024-11-02,9307.04,withdrawal,legit
85a43b3a-6e68-47f2-86d1-a346bf9c8c2e,124558c9,2024-09-12,8954.14,payment,legit
225417c4-c88a-4b8f-b896-4a823fc02ba8,f46539af,2024-10-14,1383.71,withdrawal,legit
5e992285-22cb-48fa-8e84-0d3cc2c45605,76cacf2a,2024-05-08,8500.84,payment,legit
17431f0c-af2e-4d4d-b3c1-1831ba19a2ff,319a31e4,2024-05-27,9483.64,payment,legit
6b039963-58f2-4bb1-bbbe-044b376d2e71,741eacba,2024-05-23,3612.5,payment,legit
db17ca39-6e21-4d37-93df-24803c3f6245,828f0db7,2024-03-11,5186.46,transfer,legit
5401284b-9307-4b72-8021-562645f90688,bde835c1,2024-01-23,7790.95,transfer,legit
0791194a-699c-46f6-866a-78f403ae6302,f5085cab,2024-08-03,5620.78,payment,legit
5272d277-aca3-45c0-97d0-daff51caa612,023f3627,2024-12-27,9934.84,payment,legit
7f812dea-e341-4961-b7b8-edd054edc43a,e042d57d,2024-03-01,4557.13,payment,legit
acee40f3-decc-4b25-ba94-71fd0b7f369c,c553be21,2024-01-18,7139.43,payment,fraud
2c79c526-ce6a-438a-83e6-df176b1e2f6b,56150a78,2024-10-11,7925.91,payment,legit
508c59a3-772d-4d46-83d5-f19149b931e5,2b9d2d16,2024-04-02,4941.0,payment,legit
7884a61f-ff6a-42f8-822c-35a5aef91b07,652c9433,2024-10-29,8569.84,payment,legit
1e43c2b6-2414-474d-820f-8167c696cc11,516f3325,2024-09-13,5461.55,transfer,legit
e3fd691b-4037-43df-9bd0-c94bf6ff0935,7e7f067e,2024-12-11,4116.51,transfer,legit
042c3b85-1964-4638-9542-2c70b31ce3cb,fc18e4ad,2024-05-29,1078.24,payment,legit
d9ad1cd1-f00b-4f8e-ae42-be13222c40b4,2124d908,2024-08-29,3934.14,transfer,legit
984736be-18a2-48ce-a9c7-d8f60d897626,9010f956,2024-06-18,7339.36,payment,legit
fdf55a49-fbfd-4d1b-9147-4b87f7ad15c0,a7d13ce2,2024-08-18,9212.86,transfer,legit
340431c1-b7e1-4424-b1cf-71bd7225b354,da711f48,2024-06-13,2516.79,payment,legit
7fe4036b-e6a4-4524-ad6d-da83ca4d6664,31733f44,2024-03-09,3552.36,transfer,legit
5d1a7dbc-5386-43dc-81e1-ae8ceb2418a6,f121dc45,2024-07-04,1539.61,payment,legit
e588a007-2b77-4ec9-ad04-6eb19e36b52b,d8e0b370,2024-07-11,6907.23,payment,legit
83623230-0937-4f9b-9a9d-82c682c10131,0c5d3b0f,2024-10-22,9601.88,payment,legit
8170fdec-716c-4da5-b720-59cb5fba405c,4f53b964,2024-09-25,6409.52,payment,legit
b9458f88-bb0c-462c-a673-5645b9b1a2a9,6c9bc99c,2024-08-30,6170.77,payment,legit
551e8867-97db-4068-9765-b0f11b81ddf6,d6a2c2e3,2024-02-11,5534.9,payment,legit
d0eb4259-27e7-40c5-982d-0af64ac646fd,0b553490,2024-09-20,884.56,transfer,legit
c797771e-baec-4938-8d59-5bd3cee7d23f,6e4e8e8b,2024-07-01,7295.04,payment,legit
88b7a9f4-d070-4701-9e54-673550e8438f,8d1b69d4,2024-11-22,6020.5,payment,legit
ab816d34-f164-4ff1-a467-ffc7e28569db,64cc1799,2024-12-01,6614.77,payment,legit
e40da50f-d0b8-42e4-997b-798da3f4848a,52c95654,2024-01-21,8988.11,payment,legit
d38f1a42-2ba9-43ef-8c37-1b26d2eb2ed5,1d7023d6,2024-10-26,7839.61,payment,legit
cc0df8a6-5ce6-4ea7-8502-44bbf0bcf46c,cd3d69b6,2024-01-14,7809.15,withdrawal,legit
31d1758b-43be-4dd1-b53d-9ea913099699,b6efda69,2024-05-14,9271.84,payment,legit
d95a3f5f-daa9-4c8d-9c47-da746bec0336,2cb94293,2024-07-16,9899.35,payment,legit
419ec1d5-eaba-4ff4-a44a-5e423715a193,920c171b,2024-02-24,5812.83,payment,legit
bd5a0d9c-a191-49c9-ad5a-f031459db67f,5ea96236,2024-09-29,1088.82,payment,legit
4945f16a-7d10-4be4-a7b0-541596103443,aaa223d3,2024-01-04,4591.3,payment,legit
2ebf6bbf-101c-4d75-8c82-dda951ba7290,3c7c77f2,2024-03-02,7876.01,payment,legit
c62fa6ed-2896-447b-8af0-232a2023940c,13d42b1f,2024-07-30,277.25,withdrawal,legit
490e911f-db32-4a61-aa54-3ddbdf063a01,2c72d4cb,2024-09-17,568.87,payment,legit
6ba45035-19b7-4e86-ad34-c52f0b2d629e,caf79824,2024-11-30,671.58,payment,legit
7b699d4f-921c-40cf-bd38-6cd18fff65e6,c979452f,2024-09-14,7310.36,payment,legit
0635b400-50e4-4e21-9b56-bd5fbbeab9e7,28ddbd26,2024-09-02,5011.67,withdrawal,legit
0844b817-bb07-4507-ab3b-5404483ff085,7bf4cb49,2024-05-23,3688.98,transfer,legit
406340fa-c82e-4a95-99fb-34dfece6f14b,998ed54e,2024-01-01,1056.17,payment,legit
a6d4e3d1-0af0-4001-aff2-34926fcef468,b9705cea,2024-02-13,7322.4,withdrawal,legit
6f8f8255-cb37-46ed-9f2a-0afedc1fdfe2,79e335fe,2024-07-14,3210.2,payment,legit
f6a8daf4-8b8d-47b9-9f3c-09c56f35ceb3,1235ea98,2024-09-03,2653.24,payment,legit
8f323e4e-e48a-49b1-8f82-5c2f319add0e,455a375a,2024-06-01,6523.19,transfer,legit
d7b0cc33-393c-4025-adb7-48ade4741299,88504710,2024-09-23,5590.11,transfer,legit
dd966b73-6670-40d6-839f-3fbb43d1ecaa,fadade90,2024-07-09,3624.11,withdrawal,legit
68f5f947-82c5-4096-8850-e2ad0aeb4022,02f27858,2024-01-28,6414.87,withdrawal,legit
383cd589-0e87-4a20-9af6-c112715ff8c6,51a68531,2024-03-11,2712.22,withdrawal,legit
ddf8cff2-06f9-4b86-856c-d5a630a7cecf,8c2b8d62,2024-11-02,7948.3,payment,legit
bb789d69-20fa-48f8-987d-2ab9f182f619,a6b52a4f,2024-09-21,2293.19,payment,legit
88d7e7cc-fe8b-427b-a3d8-494c1bf35231,3d3d9624,2024-11-22,1588.38,payment,fraud
9cc6911b-97ec-4e66-9c46-5777cdc7e1fd,a8ad3192,2024-02-12,7824.39,transfer,legit
4d82bac3-322c-46c1-bb13-3eb3d6bacb09,c24ad9c9,2024-12-27,7078.92,payment,legit
e36ef5ab-92fa-4ae7-ab32-5268ec2d918b,d3910e34,2024-03-17,1826.39,payment,legit
68245142-b8a3-4700-b9c2-0561ef3ece78,bf57daeb,2024-01-05,1162.46,transfer,legit
69aeb950-3919-449f-867d-62d58b5a1f54,2e449b8f,2024-12-30,8383.99,withdrawal,legit
b638b1a1-2cc6-4612-a6f9-ab9f43027798,1be089ad,2024-04-12,7765.98,payment,legit
5517cca7-ed7b-4eb9-a92c-6ce25ba2473b,9514f1fa,2024-08-31,3272.57,payment,legit
d39a838e-8899-4b5d-a68c-9fea6be3a0cd,5af4df6f,2024-03-05,6581.97,payment,legit
4b926bac-8973-417e-86aa-f390de6cf8f3,82d40de4,2024-07-30,1241.6,payment,legit
63975114-26cf-4111-bbfd-32a3909c6a2f,f3a2ed16,2024-11-25,5070.48,payment,fraud
f72e25db-4319-475e-8fcd-eb0c011927de,2b2e6a40,2024-04-26,187.3,withdrawal,legit
a63124a3-beef-4620-b51c-9016abb11467,b0736f25,2024-09-01,3916.02,payment,legit
b22d1e7d-1129-4d2f-bad0-f0e117db1824,d46ab4a4,2024-03-09,748.43,payment,legit
ba4eeaa0-d8ad-4ff3-b63f-b38f0f3fbb7b,04e78df5,2024-08-16,4751.47,payment,legit
5ccddb8f-ff7a-41fd-93a4-b527dcbecd84,a5e7a0be,2024-05-02,4216.82,payment,legit
4cc5faa8-d02d-4b0d-a902-3dad9ca12300,3f477e23,2024-03-18,4443.85,payment,legit
db170988-f94c-4ece-ba0a-6c707c83092c,6f091def,2024-04-24,453.31,transfer,legit
24a968c6-a79d-4b98-9cb0-aa97a58a7443,747d9d94,2024-03-06,3616.16,transfer,legit
a4268539-6cbf-44ea-9098-e6576b80fd2a,5d5bf6ef,2024-11-25,7564.84,payment,legit
fe60e419-aa02-4eab-abea-46660564816e,804fafe5,2024-05-24,3689.14,transfer,legit
90aded5c-b5ad-4d32-882b-a2d8fd9aa344,189f6946,2024-03-30,7151.72,payment,legit
87de7e53-95e0-459d-8a44-f5e0e57b7d7c,afac6187,2024-06-12,3694.79,payment,legit
c1288863-e2eb-4113-a5b7-93aa0ffb7093,327a7cc9,2024-04-26,4232.39,payment,legit
1fd5b13c-910e-48fe-9c59-eed79d67d35c,99c5a964,2024-09-28,5638.92,payment,legit
bf82ca63-67c3-4488-9da3-001689d3c0cd,9aa9d135,2024-12-20,9506.82,payment,legit
4ee8f34b-88d5-4f84-b8f6-edbdde16e5a8,c8707ee1,2024-06-08,1088.6,payment,legit
adae9038-b887-4f96-8b60-5637725abb23,a455146b,2024-11-10,329.14,payment,legit
3b952f86-f123-425c-97af-8fbb2060f573,448fbe86,2024-07-25,6079.57,payment,legit
2413e9e9-7176-42dc-adb3-64177c864a2b,a33f9a8e,2024-02-27,9490.97,payment,legit
0abe26a9-35aa-4763-9038-93292791b468,14df0de4,2024-09-09,9897.23,payment,legit
bcc925de-9a35-4273-9fda-ff506fd6f068,59ce104f,2024-07-06,4841.64,payment,legit
a93769e7-7c2c-4f85-8d01-5c3283fedc07,45e68ccc,2024-08-25,4680.82,payment,fraud
130f2669-5697-46c7-a8c4-92926d78efaf,c0f97375,2024-11-20,6449.64,payment,legit
8d080d55-c38f-402c-a897-8405f8d9dbd3,86f61c70,2024-06-09,5556.35,transfer,legit
6d264267-2c24-499b-bfc1-3cc5515b0e84,581349b8,2024-11-24,6340.88,payment,legit
f2f27dc4-6d9c-469a-bcb9-f7a8a09b4098,245cca90,2024-09-30,8739.99,payment,legit
85578b3a-6592-4bd0-b118-79396de0cd0d,179e2d3c,2024-06-27,7463.06,payment,legit
55ee95b8-5fa2-48d2-92de-4c23a17ee91b,6e9f845d,2024-08-08,4968.77,payment,legit
2abcbbe3-79b8-4fee-a2d3-9eebaa03cb62,70033103,2024-04-28,4618.64,withdrawal,legit
4db00785-5aab-4472-a98f-3b14666e3370,0d1eaf41,2024-12-25,6396.02,payment,legit
67fb1d59-2c85-4e34-bd5c-73f2489c7669,9cfb3679,2024-08-31,4557.06,payment,legit
8a226bef-9126-4ec8-8038-214283f00af7,6285743b,2024-01-17,4577.79,transfer,legit
82ccba58-e009-4651-b592-18e892e635fa,e2687355,2024-04-29,163.06,payment,legit
90cfdaaf-92ec-4c13-b99d-5a229aa65b6f,623ef8a9,2024-08-15,1740.64,payment,legit
f7ef6f7e-5531-4727-97aa-614bbbd9016a,c6a3a939,2024-01-21,4885.14,transfer,legit
fbf0e1dd-c05d-4f3d-85cd-bbb16297a648,a63573e2,2024-01-09,8226.53,withdrawal,legit
c9fb5fc2-30f2-4cdd-bc0f-4ff3a755ac9d,b1573260,2024-06-13,2787.27,payment,legit
9570f123-ca5a-4f02-90db-582ab3d9863f,87dd1805,2024-05-01,5226.43,payment,legit
83a04f1e-d9cd-4225-8845-0804fa45d73c,0cf7d7a3,2024-06-08,3449.62,transfer,legit
30539309-bce1-4047-b3df-d3c9d820d111,510bb4cb,2024-04-05,1048.04,payment,legit
ffa6005b-cb0b-4f1c-a207-f7e2cbc56c7c,f5ef2169,2024-03-01,9582.98,payment,legit
e0d56faf-803b-4ce9-b7b5-cea248434b5a,f6085543,2024-09-08,8546.74,payment,legit
03650ff5-59a8-4efc-b30d-9459017782db,5d5e5100,2024-07-06,784.92,payment,legit
86e5a14f-2f14-40d2-8c46-548e483e049e,90de6b5e,2024-03-14,7197.87,payment,legit
71dbc368-7274-402b-a481-cee5c9d40d61,4072f66d,2024-04-26,3475.8,payment,legit
fc9d6995-162a-4019-8c3f-d34f3cdb4e55,3e9cf526,2024-08-04,9948.5,transfer,legit
90f843ce-bb78-4bb3-b0aa-ee55ab4a6cb3,00e42274,2024-01-27,3023.99,payment,legit
71d1f250-306a-40b5-981e-ef0a60fca9df,42ae3cb8,2024-02-23,2387.38,payment,legit
d26a5c30-dadd-4c13-a927-c2af96aa592d,fab9016e,2024-01-27,5678.91,payment,legit
c8df6610-870f-4da0-8d19-787262fc96eb,037ff58b,2024-10-23,8351.26,transfer,legit
bc931a35-d4d5-404b-b9e3-1c7421ff2ecc,a0f95310,2024-10-01,1925.19,payment,legit
b1bcf620-27c8-40b6-9098-4b85a01b20f8,8a20b121,2024-10-01,7094.03,payment,legit
814c8b6c-01b8-4c5f-833d-917274a64905,0fd54f76,2024-09-18,614.07,payment,legit
fd7449c9-6d36-48b6-a10a-3d8e47591724,8c069bbe,2024-09-01,9189.35,payment,legit
f82b78f7-5308-4d61-b2b7-2925c14cd97f,a265e6a4,2024-06-23,810.75,withdrawal,legit
0cdf7ad0-0639-49fe-8f42-e01c9a7d5f1f,dd072842,2024-08-22,9142.31,payment,legit
b8bc8b12-dbdb-4859-9a48-4cb3f1007561,c28abc47,2024-01-15,4908.07,payment,legit
95704a69-e5e4-4994-895a-c1278e4d33f9,21225229,2024-08-14,4480.91,transfer,legit
3fee9854-93da-4e40-b256-3f918c5d406b,7fa173d6,2024-10-10,9733.07,payment,legit
9505952e-4400-4419-99cb-a7614f5706cc,a5cbc84b,2024-07-01,9903.84,payment,legit
e27e6684-adee-4d9f-9337-c849e2960f82,e11f5e1c,2024-05-10,6501.78,payment,fraud
edc91a76-3473-4b5f-8f61-f5946f45e4e0,7edfa0c3,2024-04-11,1271.19,payment,legit
082f0eda-aa90-4727-80e3-8aa3ebfdfeea,f8f8fa6a,2024-08-22,5061.7,payment,legit
9120f9df-5e5f-47ab-b992-3d2207ef0772,fe6765ef,2024-09-09,5291.63,payment,legit
49bdb576-2c9e-4589-ac00-b3e57ba9abda,028086ca,2024-11-13,5144.46,payment,legit
56a53100-41a3-4e67-9582-68b03962c22b,4c658dba,2024-05-04,5694.92,payment,legit
f709eea1-8bec-47fa-8cf7-b6102c95feef,79b7ecdf,2024-10-07,187.25,payment,legit
97e7ed27-b73d-4fda-bff6-9b7baa1cd3b1,56aa22b0,2024-07-23,7112.27,transfer,legit
cd85530f-a220-4673-ab2d-e73a6eecdc0e,a204ac6c,2024-11-18,7123.94,transfer,legit
888ff87c-deb3-4bce-a94e-450ffe9979ad,d4037701,2024-07-11,1154.7,payment,legit
b4d1784a-eb04-4964-86f0-9bb77f14feff,562e81cd,2024-07-07,5702.39,withdrawal,legit
bbdebfb4-999f-400c-8680-fd451fee919f,f7ed5aa0,2024-07-29,5683.61,payment,legit
860b20a3-6e42-4fa8-9004-3aef406be33e,8e935bb4,2024-09-30,6824.5,payment,legit
f22467c7-53ea-4969-b123-ce58a89f6d81,7c598a33,2024-12-18,853.98,payment,legit
f142dd14-684c-4b4e-809b-95a5a669ae62,c32c45b1,2024-01-27,6265.03,payment,legit
1d6b0875-9127-4606-9e61-1d96e9386521,2a69b339,2024-01-20,2807.52,payment,legit
e02c0f30-605b-4539-8a6f-c86d603a249f,22591bfb,2024-12-08,5070.03,payment,legit
8068f6f1-f638-4779-b1ee-ce4fc6c5140e,a7e8a4e5,2024-07-12,7733.24,payment,legit
761564da-37d1-4090-9577-c55325de5d19,e69c0f3b,2024-08-12,7056.46,payment,legit
1e9788f5-891d-4b0d-94ea-c9dcf61f9d91,e2d049ae,2024-06-25,1189.03,withdrawal,legit
d6fec6d1-95ea-45d7-b111-0999838a9ed5,8bb4b32f,2024-02-04,5911.85,payment,legit
cbb076e9-56ac-4f06-bf59-26dd7f7c01a4,fa6bb771,2024-10-07,9691.17,payment,legit
90f64e35-b160-4ccd-bb16-e36f8ef08470,ec834014,2024-09-29,1567.69,transfer,legit
cd8e68ec-80b3-4266-abba-fc8e99ccba47,706ddfb5,2024-04-23,8529.07,payment,legit
72dab71c-aa8d-440c-9050-792fa6bbb566,f41363fb,2024-04-21,7025.48,payment,legit
3f3b6711-4e15-4428-a13c-c2a2c7dcf57f,05214d0a,2024-11-01,7740.03,payment,legit
cc32e742-ef92-4dae-9899-e9dcf0de0b9a,7196cfcd,2024-01-27,2819.58,transfer,legit
20aac765-d4a3-48de-a95f-19574098d5e8,bde8668c,2024-11-17,2878.89,transfer,legit
6a23377c-e08a-4e0e-b9eb-a8b55924ca64,b76e4267,2024-04-03,9060.19,payment,legit
c63f2952-2cd7-4c43-8b3b-448bb5d6c15d,47114f4e,2024-08-04,3598.32,payment,legit
f8e5f72c-5f5b-4f6f-8f7a-e48851bd8027,8d712c60,2024-12-07,630.15,payment,legit
ca11e5c7-5f68-4436-a1ad-d9974b5ab6fe,b9660bfd,2024-09-04,6005.97,payment,legit
d05c454d-e647-4e8d-999e-9f572217dbe7,19a69f18,2024-05-31,1248.18,withdrawal,legit
92a56dd3-0f38-45a6-ac5f-6ea9390f151c,21cb4b77,2024-09-08,7965.96,payment,legit
bf152aa0-0b2d-4809-9cc6-772e2e4e90aa,125df079,2024-05-05,6417.46,payment,legit
785cccd6-ba89-446f-b996-5be8e4c3a9d5,ea059cbc,2024-04-11,8747.27,payment,legit
d4285d52-609e-43ec-9712-99c0636f895b,63814791,2024-12-29,7848.37,payment,legit
bb7bcf7f-bf7b-427e-886f-a601a7835f1f,19e2395b,2024-10-01,1121.14,withdrawal,legit
508f7267-4561-46f7-910c-f62313c021a9,f00996bb,2024-08-23,3810.71,transfer,legit
323935b5-f887-49c5-bc23-164b863e3ab5,fa349c1a,2024-05-09,7745.6,payment,legit
e3f149ff-a114-4a2c-8c1c-eebc932b5749,83fabf89,2024-01-18,4173.41,transfer,legit
cec63e46-c228-4598-92e5-96a1f73cbe53,33424938,2024-01-12,9723.65,payment,legit
585efe75-85ff-4766-b1a0-14ecc7db6dd5,451af450,2024-07-21,7357.4,payment,legit
01edce56-45a8-4c37-ac12-69c58bac81a8,5511bcba,2024-10-05,155.0,payment,legit
e3a6665b-01e1-48fe-8d96-6f6a6d6133c1,81d22769,2024-07-15,8799.86,payment,legit
a8d0348e-57bd-43cc-8c09-faefad47d5af,2f518795,2024-11-02,1008.05,payment,legit
d260286f-d3a2-4ad5-91ca-546b06ef2898,9ddb3058,2024-01-13,1405.24,payment,legit
cb474201-c051-4e19-af2c-f9700a1fa649,84d2b3b8,2024-05-13,7344.92,payment,legit
2ca568ff-0b65-4489-a7e2-854bdc9dd326,cf14cc31,2024-03-27,8649.69,payment,legit
0628618f-3a0d-4052-8863-fc16d31e51dc,629a0f04,2024-06-12,5363.5,payment,legit
699e13c0-2fc9-466d-89ef-35a8633caffa,95857c66,2024-01-27,2890.5,payment,legit
8d15d636-118d-4759-b70e-190a8618455c,3508e61a,2024-12-14,3513.16,payment,legit
f5993354-f940-45a4-884e-440e49f3b9c4,c853086a,2024-03-22,3428.89,withdrawal,legit
d4e08e5f-d7d4-4f59-bf4b-efde9e53fb47,d1bfdebb,2024-12-02,3266.78,payment,legit
111f41a4-d1c0-47d5-879b-026b332c0b16,28a1cba0,2024-06-04,2429.1,payment,legit
0cf15fb8-83cf-42d0-8325-6af51e945259,41fd71be,2024-12-25,6088.67,payment,legit
cec8cd6f-df4e-44d5-8471-caed84b472c7,f2e93af1,2024-07-21,9004.05,payment,legit
be7ad334-b6f5-4d12-9ba6-c23bb551f2fb,6e48459a,2024-12-05,3070.82,payment,legit
d705bab7-6181-4af9-a88d-f4d6eca73f62,2f5b1580,2024-01-02,1866.94,payment,legit
4580d9a9-71b7-401d-bef2-ced36f574863,3619a52c,2024-09-30,8385.78,payment,legit
b2b4b0f4-3c50-4115-8076-b87d6c9c1641,8cd1f3de,2024-11-25,7417.83,transfer,legit
b197d5cd-62a9-42fe-8a8d-e08d54d4c06e,736eca68,2024-02-20,9308.37,payment,legit
900ee121-391e-466b-b46f-06c398db6997,77772ce1,2024-02-05,1655.2,payment,legit
08c30a49-bb6f-44c2-b696-be7b1c26c00e,3f810b05,2024-06-03,1442.51,payment,legit
eacd16c7-772e-47e5-980c-5a2a2bd7000b,1901aee1,2024-12-06,5414.29,payment,legit
36194aaf-0494-4e07-b596-56736f5496ce,2a19bc10,2024-07-16,6144.34,payment,fraud
64fe246b-86fe-406a-86ce-c6894539b8e7,c16496e2,2024-07-11,4801.73,payment,legit
b0a950d4-933a-4ae9-9b0a-66c89f66058e,3eb01a22,2024-02-21,5989.67,payment,legit
75a27b7a-66e4-4dc9-92fb-98349492b7a2,706e5143,2024-01-01,1803.8,transfer,legit
1fce43ab-b355-411b-95a8-e6edf59bacb7,75ea77c6,2024-10-22,4796.14,payment,legit
59117a0e-2018-4416-9728-befa7230ac4b,ba31ef14,2024-02-01,6580.93,transfer,legit
f28c4720-e185-4070-966e-788f6d5cbb6b,63099868,2024-08-19,4327.06,payment,legit
796aac0c-7fc5-4b40-aeee-2933b25925e7,24182ccf,2024-11-29,6794.47,payment,legit
d7491cdd-68cc-4891-9bb1-c82eb0d118eb,d632b099,2024-03-17,4511.91,payment,legit
7c82f0f4-aace-44d4-90c6-9d393e054a81,c00f5b36,2024-08-30,3336.0,payment,legit
42fde522-4786-47ec-a02e-00f92bff1a06,5ff3f520,2024-01-29,3036.05,payment,fraud
897d5c5d-cfd3-4f74-bf01-f8f89dfba5d2,98a53984,2024-08-08,4109.02,withdrawal,legit
3588018d-835c-4130-9151-409cd8376a40,5a635714,2024-02-29,230.9,payment,legit
e6509e84-0342-4219-af2c-107eda9a8e34,9ec89e33,2024-09-25,6685.25,withdrawal,legit
0fc879e7-c649-4e98-9521-f3ca31e81f33,ddcae6fb,2024-04-19,8451.06,transfer,legit
74d5597a-9a74-41af-b929-61f9ec4d91c2,5e7f4298,2024-06-18,3546.27,payment,legit
a7dae491-dbbb-4981-803f-bac453e1350e,e12d9462,2024-08-06,460.33,payment,legit
93d13d99-368a-4527-ae98-31b9bf4925c3,841e1dc5,2024-03-03,9867.76,payment,legit
ad741d32-1197-474c-b9de-6b5081627a66,3f8d76ac,2024-09-27,2636.98,transfer,legit
243dd132-7ffe-4670-b0ec-40d909be566b,08d53092,2024-04-20,1266.21,withdrawal,legit
e95f7ba7-9072-4c00-a5af-bf7b29efb9c3,19549647,2024-08-29,3697.53,payment,legit
fca2bc76-bf0d-41e8-86b9-9dd57e42cda4,37aa52ab,2024-02-27,7385.57,payment,legit
eb8ca5ea-91a1-426b-8ed2-13a3085f4d68,c448950b,2024-09-08,2939.17,payment,legit
c3824ce4-93be-4297-a47c-e5931897487b,459477cb,2024-02-16,5747.03,transfer,legit
ca8fb262-7f88-4a6d-887e-84bffc296534,fffcad26,2024-06-04,4155.6,withdrawal,legit
57954a62-4ebc-4310-a65f-ae99102e3605,dcf3105b,2024-03-31,1177.64,payment,legit
cfe979bc-f179-445a-968d-ca07faa094cf,57c61ce4,2024-09-30,3302.87,payment,legit
012816bd-ec00-4b04-93db-e7ed22a09e31,e4d9e61d,2024-04-05,7248.71,payment,legit
bc3454ea-36ba-45ef-b20d-b2bd6b3d3ab5,2223105b,2024-11-17,6120.04,payment,legit
16a181b4-dc4d-44a2-afc9-4e06b91f434d,920d51a1,2024-11-21,1197.78,transfer,legit
ef60495b-2326-404b-bc46-fa8e55def63e,3fca316d,2024-03-12,1633.22,payment,legit
6a19b4fd-1ef5-45c3-81f8-dc5a2d82a4e8,0a1a0fc7,2024-08-12,6407.33,payment,legit
c52b4385-2bed-4fcd-b983-efc9b04e2234,927c203a,2024-02-02,8134.15,payment,legit
9b683caa-361e-4561-a500-8ac74f3b7fef,87b0cea3,2024-05-22,3494.74,payment,legit
ee75a075-d836-49a1-bd51-e32fce61305d,052acb70,2024-09-17,5953.11,payment,legit
8cf6588a-8423-45c7-9fb5-0f664efc9921,d5e2b359,2024-08-28,1706.44,transfer,legit
44885b87-c78d-4e54-91a9-cbdb756eb2bf,bbbca7e8,2024-08-16,3113.76,payment,legit
93988012-5001-431c-8fb3-84b2a537c6a9,3df28da2,2024-04-13,202.7,payment,legit
036d9490-4d19-4044-ac53-7caa3cf93d1b,8d4cb44f,2024-05-17,7682.76,payment,legit
5a47a305-b996-4a3f-9063-7c84e651a617,d72394eb,2024-02-07,4010.1,payment,legit
9e68ca56-68fc-40f3-9441-9ee9fc9521ab,ad6bc452,2024-09-19,8161.26,payment,legit
007c0013-97d6-491e-95b7-04453e002f4c,5ca7598c,2024-07-02,7083.73,payment,legit
28f261a2-0834-4590-b8af-ad95350ca5f4,2cb9fd78,2024-09-15,8287.44,payment,legit
7b675f1e-1d4c-4c35-a77b-d2da6d230779,f3dbfdaf,2024-03-31,2856.59,payment,legit
72370f2d-178b-49c9-8208-da4f86948ffc,bbea2ba7,2024-04-28,1851.09,transfer,legit
09595298-840a-42bc-afb1-7bfcde410c3c,0fbff191,2024-05-01,9719.06,payment,legit
4ac4412e-596e-4076-abd4-c8d27569a822,0cff1ac2,2024-01-10,7173.28,payment,legit
be99579b-06da-4c5d-9740-05579d498dc6,8c892cb5,2024-05-04,8340.42,payment,legit
3d693dad-5223-40b0-adc4-2527644c9529,cee3e091,2024-10-20,131.33,transfer,legit
385421bd-c0be-47b0-809a-3106dcb3eec1,725c3d95,2024-11-23,3544.62,payment,legit
c2aa46c2-c98c-4e0d-87f9-f1b3de052021,6c022b81,2024-07-08,7428.17,payment,legit
b1e73d41-3340-4bca-a3bd-261c25efe8d7,437e5f7a,2024-06-15,779.83,payment,legit
b163ac4f-22e3-40f1-ad43-a7f65086f194,9799167f,2024-01-12,5673.4,payment,legit
75faf19e-33e7-4918-aad8-ef6e01aad82c,97dfeecc,2024-11-16,4290.73,transfer,legit
5187a3c8-c6b9-4469-a988-77e746440e34,57ea12c6,2024-01-05,176.17,withdrawal,legit
8250fbd3-b400-4956-9439-175eb9715966,de25d6a8,2024-12-10,2359.76,payment,legit
8297ed46-58b5-497c-bf60-0f0b6732a7f5,b394a388,2024-06-27,2847.92,transfer,legit
af0e9a21-28ea-45ed-b3a7-9e85c0bb2b77,e908aa07,2024-05-04,1118.6,payment,legit
0c2bef69-8399-452f-ab57-a378fae48327,bbc06813,2024-12-03,6315.37,payment,legit
52f2bfce-16ce-421c-ad24-8af9892de4e1,49454833,2024-01-09,2423.98,transfer,legit
45436fdd-69cc-4b41-a3e1-7946dbcdf68b,d038390b,2024-07-31,2776.19,payment,legit
9fe3da72-dac6-464b-872f-cdb9b642ea16,788bf48e,2024-07-19,8982.39,payment,legit
a69c108d-35f4-4158-ab2c-a0be94c319c2,34966d37,2024-03-21,4671.23,withdrawal,legit
e8c300c2-613e-4eca-b4b1-a6d298cb8c4a,b6917a3b,2024-06-05,3921.28,payment,legit
7814255e-fb4a-4058-a0cd-20f0ff7af616,6d92dc98,2024-08-26,7238.71,payment,legit
0e17ebdd-94a5-4cb0-8a10-9b0be6114cc6,a5d1f5b8,2024-09-22,9096.14,payment,legit
8cd95647-f5d7-4629-80ce-3893d3abd20e,908d84f4,2024-01-01,250.36,transfer,legit
939e7f68-99fa-41a3-afa1-f0cd51153d72,496f60fa,2024-12-07,4482.39,withdrawal,legit
35d1681e-db2a-4b05-afee-79cf90053c61,ec68f488,2024-03-01,6107.81,payment,legit
71a3aa5d-e69e-43c4-aade-0a6ce3ac415a,270f3da9,2024-03-26,3185.63,transfer,legit
045c3c17-3ec5-4373-9af3-3dc52fc4db65,f1fc6934,2024-04-06,7724.08,transfer,legit
9118b8fa-4d8b-4a0f-822d-1a7c43ad9969,b83cf24f,2024-01-14,9714.77,payment,legit
d7f7298d-4e47-4e6d-b141-6f7de7870f0d,ad98bd6e,2024-02-14,9434.27,transfer,legit
39e3ea74-f338-46a8-8365-d99515088d51,ac296f5c,2024-12-26,2659.83,payment,legit
1b6e058e-dfe0-421f-a8f6-f83b35540221,842ae1a8,2024-04-25,2263.38,payment,legit
750eb56f-ab2a-4281-95aa-d77229e74519,8cdf965e,2024-02-12,9574.91,payment,legit
1e5e4037-94b9-4067-9faa-c6ab5426d52b,fdc9b267,2024-02-09,4586.28,payment,legit
0c28b838-ba3e-423e-a633-55a141cd6728,e17bc224,2024-09-19,2082.98,payment,legit
be970bdd-f425-42b1-a828-03c95782dab7,ba65102d,2024-11-07,7069.97,payment,legit
64206752-f63a-49c5-ab6b-c162130c1115,79b666e6,2024-04-03,2844.2,payment,legit
a1f6808a-549c-4861-a42b-680fd415f860,4098f2e7,2024-01-08,2672.47,payment,legit
406e9a6f-79f3-463f-a111-0b13c877c564,bb061ff1,2024-03-22,8792.49,payment,legit
09630af7-5db1-4415-9723-15cc28651e99,80da33b8,2024-01-21,1624.79,transfer,legit
543f2282-7d20-44cf-849d-a98d69551506,db3f76d7,2024-02-07,643.93,withdrawal,legit
66c7d941-efe8-43ea-b707-a26960a04430,719137d3,2024-06-06,2691.86,transfer,legit
91202efc-6331-438d-9248-78fb2a937110,040ccf63,2024-03-24,6069.45,payment,legit
3bf23ea0-a1f8-4121-b3d0-e58961dac283,17bbfb71,2024-07-07,1230.88,transfer,legit
ceb9f2a3-44ac-4e7a-a53b-dcb6bb689161,a2cdb46f,2024-04-02,4715.95,payment,legit
82845759-f485-414b-a9b9-345b8789992a,9de42db5,2024-12-09,6273.37,payment,legit
254a126a-4882-451c-b923-346e093aa145,aae83379,2024-11-26,8487.37,payment,legit
b85515cf-f425-4394-bc9d-0502e1dd6b53,8aac296c,2024-07-25,2298.7,payment,legit
2d58aa78-bf1e-46a3-826c-b4c776b222d2,7a1ce928,2024-05-09,8173.46,transfer,legit
5d2c6694-12fe-4fd0-93db-a24b79180784,d59bde50,2024-05-19,2349.06,payment,legit
d148ea33-ac62-4083-9b2f-1cf935dcf499,821a7ea6,2024-05-30,6767.67,payment,legit
d566d1c7-fe23-4d60-a852-a16dfe6f21b2,19dd6178,2024-09-22,4306.74,withdrawal,legit
c5c963ec-215e-40ab-8825-2b0bb990bd0a,d087e217,2024-06-13,1146.81,payment,legit
1dd15e33-bd40-48d9-946f-2bd7e5a5fd6c,036c3a19,2024-11-08,7142.63,transfer,legit
aa86b9be-7117-4e9a-ac64-68e695e900ef,76f65002,2024-12-10,2177.63,transfer,legit
939b3f6c-b106-469d-8bd4-3b4a00551d7f,3442cc07,2024-05-02,1766.23,payment,legit
7c72fa3d-c66d-4438-b10b-a5ae413b2aac,a4f8505c,2024-07-23,3583.23,payment,legit
00cb227c-bfd8-45e0-b9e9-e8a18ddd8c57,8bcbd907,2024-02-04,6532.9,payment,legit
a9a15a68-5d95-4f64-8963-76a91b604fc6,3a627023,2024-03-14,2339.96,payment,legit
3c0f1a89-3cf1-4236-aa20-b1c86c9e519c,7ac1cacf,2024-05-30,1836.62,payment,legit
8f8e9678-26fc-47c8-a29e-339340aef305,697fb7b5,2024-03-16,99.54,payment,legit
47c7df4d-ae37-475b-a75d-2762aedcbc77,a46a139d,2024-11-15,4716.43,withdrawal,legit
1113666e-054b-4a0d-8586-82072259936e,b5de26f2,2024-02-27,4286.46,withdrawal,legit
545c380b-06a8-4e39-914f-95e6df438d19,f39cfa89,2024-06-15,2338.68,transfer,legit
df831db3-b0c0-4558-97aa-bdff33155f86,80af35ab,2024-08-09,536.52,payment,legit
db67bea3-2a7b-4ea7-a975-37b0ce2ed92a,bc73fbcb,2024-09-09,4292.56,payment,legit
3909d9c1-1b71-4081-9b08-d80b49b0beea,92ef8077,2024-05-19,7882.05,payment,legit
99833b51-8612-4754-8e2e-15ae0cab0248,9ce810fe,2024-11-13,7152.82,payment,legit
a6569ab4-484c-4b7f-b0a9-38b783b5a53c,71428a9b,2024-07-26,8607.95,transfer,legit
535b19ac-a5b5-492d-b17b-ae52a661c0f9,be9a9a74,2024-06-09,95.83,withdrawal,fraud
670832cc-4978-4564-bc55-2328676ef1c4,a5508405,2024-01-25,9664.19,payment,legit
1b2ed931-ba41-44aa-9701-b1842e355a2e,8228991e,2024-06-18,3414.12,transfer,legit
3e943049-f3de-4c95-9ac2-d8ae9d6784da,4bbcbe0c,2024-10-26,9903.98,payment,legit
ac4843c5-e260-4439-be1b-bb10ab21c8b7,751436e7,2024-08-12,2526.19,payment,legit
aaf8159e-545a-42df-976b-feedcecbe3bd,c41c3240,2024-10-30,4715.36,payment,legit
ed5d8750-e7f7-4ef9-ab39-d9c7cc7b9720,a35c50da,2024-06-29,3539.28,payment,legit
d42ba3b7-9cf5-498d-8a7e-f3e0fcacbb2d,01188ceb,2024-02-13,3557.61,transfer,legit
414a10a1-4662-4d38-8c6d-9124a752f3b3,0332954c,2024-01-05,8422.82,transfer,legit
3ddb8093-3176-455d-88f8-aa27efbf0428,169ccd15,2024-04-20,7464.19,payment,legit
c48edf68-3adf-44a7-a9ac-0f3f8e70cb1d,d100fb7f,2024-09-11,9921.51,payment,legit
9137c6aa-dc5f-455b-8e91-32015ef92eee,3df97dc2,2024-10-15,6135.15,payment,legit
d7eff206-ad2a-4448-95ed-8c349a11253f,1840fc7f,2024-04-17,4632.57,transfer,legit
866359aa-fb08-400b-87f7-53aa3c606e45,ca5e0730,2024-06-29,900.74,withdrawal,legit
3c381fa1-0af1-4e71-9677-7c98c7314fb3,dde08b5a,2024-06-02,9965.61,withdrawal,legit
0010097b-94ae-454e-b287-8198071e8030,30e26d4c,2024-05-29,5515.31,transfer,legit
b1664258-8122-429d-963a-b360619407ff,4d4a6e24,2024-03-25,7004.77,payment,legit
e2cae892-6e69-4bc3-82f5-c8e09746aa18,7c7ec2dd,2024-02-19,4067.42,payment,legit
e4c8e586-d550-4c4f-990e-05d3dddb53da,4f402d0c,2024-03-12,5477.16,payment,legit
60f5e08b-5a88-4668-961f-9fa573b2fbfa,1acd36be,2024-01-21,9425.78,payment,legit
f0d7ef14-8fb7-4b11-9968-1b599047ae40,13a02000,2024-03-13,1664.19,transfer,legit
bd0d6a70-089e-4a12-ad26-022d4952b94e,62d4b467,2024-01-04,2923.73,transfer,legit
b74ced75-b763-4491-9644-c1d4051a0af8,ff574452,2024-08-16,1520.6,payment,legit
0b764d89-f89f-4138-9ce1-521802e300da,36475c7c,2024-04-25,7922.16,payment,legit
55b39400-c61d-4579-9a3c-6b0fd3624051,0926bdfb,2024-12-21,620.45,payment,legit
7c13491f-c757-4153-b935-d272b2bfd12b,1151cf87,2024-03-11,816.32,payment,legit
69e2e4b5-15f1-4e24-8b7a-2c1f7226780a,71c1f3cc,2024-05-06,2984.94,payment,legit
c6fef8e4-ce18-4cab-98f1-0001eb9c3c5c,b406a5b2,2024-05-10,5141.88,payment,legit
32131752-00f0-4f5e-b8e0-9b79e7952ba4,93c39868,2024-01-04,4062.75,withdrawal,legit
ea473b18-d79a-46fc-9721-2de72ba5c64f,83f3f311,2024-11-02,448.16,payment,legit
666645d2-dcaa-4d72-8c14-44a7b8037b24,17891d6b,2024-01-12,9574.92,payment,legit
7f2982ec-e8b1-4abe-8663-ea84e658e0fe,0122fb90,2024-12-09,9528.7,payment,legit
e56d4403-ef3b-492e-9786-436752a0ec8e,8da691bf,2024-11-21,2793.56,withdrawal,legit
0c0aa939-cea6-4c45-aa0c-e2edd78de8cf,3ac57573,2024-07-14,7315.26,withdrawal,legit
6c4947b3-7ef4-4433-8d39-39049ec15671,ec3759bb,2024-07-17,5785.75,payment,legit
fc846769-300d-46a5-a95f-81cde8108ef7,f673640b,2024-08-26,2374.77,withdrawal,legit
e11f3d5f-6df0-4494-882d-78a54cd37626,1a366269,2024-05-21,2621.72,payment,legit
45bfdb35-e6e4-4776-a334-ae1163feddb9,908edb76,2024-08-24,4911.53,payment,legit
454ccd79-b113-4ca1-9a82-064281e60842,189d5f0e,2024-01-17,4192.37,payment,legit
5170d925-a1c0-4bff-8281-4a83326c15fa,cf6d8f6e,2024-01-20,2912.29,payment,legit
929f0cc1-0cac-490d-93fd-1016268c0a8e,7deecfe8,2024-06-15,8075.12,payment,legit
15b47a02-c75a-4c8b-a662-aa44d453d508,bd079d9e,2024-07-19,4814.63,withdrawal,legit
b58d131c-9caf-4251-90b4-3cf28324fb59,fa8f7e0f,2024-11-20,6548.48,transfer,legit
13a7bcb0-0b06-4a1c-a272-18379dad08d0,a254d4a6,2024-02-08,1892.74,payment,legit
8cc30885-879e-4ceb-bec5-260baaa9c268,32ad63c2,2024-10-27,5335.08,payment,legit
c718ae60-dada-4a1a-8ad9-ac14ecc05412,ae61b420,2024-03-17,3179.76,payment,legit
65ef9dd0-c49a-4cf0-8b77-1b386627d608,e06666b2,2024-05-23,5264.14,payment,legit
df7678b9-cdd9-470b-875c-a746f693e003,ad05ac31,2024-04-25,7808.26,payment,legit
72f316ff-2726-4377-9424-c3b5ebae72b9,a5487e7d,2024-05-26,7689.13,payment,legit
81232a4e-ee12-4b81-9e6b-a8ab830b12ba,319c723d,2024-02-24,3542.21,transfer,legit
c9724d62-bc9d-4707-be3c-2d83ad739253,36f57f59,2024-07-02,6942.77,transfer,legit
ec01b730-32c4-4795-ba5e-3c152348b59d,80d13bad,2024-10-19,9412.9,payment,legit
1379043e-8ba0-4e12-b465-2ede436810e8,ea77af8e,2024-06-10,6256.69,payment,legit
dca879bf-9833-456e-96e2-b752980dea14,52d83bbf,2024-06-28,1484.1,payment,legit
82ed821a-c31e-45b8-972c-74f0f0cd045a,ca218805,2024-11-05,6797.09,payment,legit
7f2c2201-4c93-410c-adfa-c600534a39df,7fdf7cbc,2024-09-14,1049.04,payment,legit
00811961-107f-4075-b64f-bc0c3d71001b,dac07a42,2024-06-28,8721.1,payment,legit
292457a1-5e32-44f2-a2d1-83cb1ab0ae58,0814571b,2024-04-04,5166.6,payment,legit
22ead643-67ec-4c38-aa41-23d79b04e116,81541d31,2024-11-18,3851.41,withdrawal,legit
df43e437-4aca-426b-b63d-799e843c4502,268ee5a5,2024-07-29,570.07,payment,legit
81b55ec4-adde-430a-ab35-c4f0d1b3da48,0ab7e4fd,2024-03-21,3807.84,transfer,legit
bae63a70-455b-487d-b727-398d0421b921,620dbe31,2024-04-08,9032.07,payment,legit
6dc1a42d-4816-4544-90aa-0cef1d97cc17,cfe9c0b0,2024-10-20,209.83,withdrawal,legit
04588a65-ce85-47b7-a1ee-b384c295dd88,4b4fea6c,2024-01-17,4746.48,payment,legit
c3968db9-c102-43b6-b1f0-14dcef7575fa,24f92b4d,2024-12-28,9311.58,payment,legit
8dce6e00-17da-46fd-a31b-79e779363b82,5bb57d8f,2024-02-17,3948.41,payment,legit
79540add-8d9e-44b6-ab48-a6e8f0a493ee,84af0f7c,2024-10-17,4281.76,payment,legit
e70d5b18-d3cf-4ec1-88bc-93207ce0bb24,627abb64,2024-05-24,5785.6,payment,fraud
f78fdb0b-4e09-48b8-99bf-2e656efea1a8,9134af39,2024-06-28,4629.37,withdrawal,legit
29842992-4988-44e3-bf44-a4b3e5f8b38a,91de288c,2024-11-17,1686.02,transfer,legit
a894d6b3-74d6-4d08-89ae-ba30cb415595,5d1d8114,2024-05-30,185.56,payment,legit
013aa66f-3f61-4363-a3b6-3b8573b1d98b,e5834bb2,2024-07-15,6098.12,payment,legit
83813b57-6106-487d-930b-e9227b3f3c8e,5f850425,2024-01-18,9208.07,payment,legit
40c96a40-28e1-4f09-aee5-194e676092ae,402c9671,2024-01-01,1063.64,transfer,legit
f6157210-c609-4f16-b80c-4bf518826d14,d0113227,2024-03-30,2109.53,transfer,legit
688cf3fb-423d-491c-8ab2-7883c00889e7,cd5025b7,2024-09-05,3702.29,payment,legit
a6164368-89da-49d6-9304-f370aa87f81c,9d7bf8fc,2024-02-14,8087.42,payment,legit
23eb83e4-f7e9-49a2-a6c6-06f157ebcb60,b08526ec,2024-02-11,2692.6,transfer,legit
185bc3a1-dc49-46e7-8fd7-9a879c6d7f70,0e15595d,2024-05-30,8820.54,payment,legit
f068e954-f543-4118-ad2b-adaa727b75d3,66641062,2024-08-24,549.58,payment,legit
1742c479-f937-41b5-9d7a-a8d30b19c2bc,b9104fd8,2024-09-16,9409.57,payment,legit
7203e10a-f58b-4aa7-aef7-0e3de7de9557,7372fda5,2024-03-06,5607.47,withdrawal,legit
947bf00f-af77-4b61-86ce-82e60c72555a,8aa04554,2024-01-30,6587.78,payment,legit
c33774d7-d537-44b2-b71b-c60ed65471d7,f0c9166d,2024-12-09,3676.9,withdrawal,legit
41443fe3-dd9e-41c2-a815-9ed8631516bd,a4060148,2024-04-05,7819.94,payment,legit
050cb44c-cd87-4c1d-94a3-05fa4b16f687,0005a1f7,2024-11-07,1665.66,payment,legit
e758dad9-be54-46db-b994-47e9e8d4332d,595115ee,2024-11-11,489.12,payment,legit
cee39246-d81f-475b-84fc-bb8db40fde7a,1fca553f,2024-10-08,3955.17,withdrawal,legit
644157cf-508b-4c8a-892b-ea476d3fed1a,0b48f3b0,2024-03-02,8536.96,payment,legit
93ac2c20-81e3-4f37-959d-f0a863afe73d,5c8c603b,2024-10-26,7549.27,payment,legit
43974fd8-8fe8-4408-ac48-296596ac6d0a,14c5f5bf,2024-10-07,5171.56,payment,legit
bbc00656-281b-45f8-92cf-c4575f1f1833,9c200fc5,2024-08-05,5721.38,payment,legit
4c17c160-f2fa-4e7f-b774-ab0bbea27491,d0373f1c,2024-05-03,1298.93,withdrawal,legit
4f2e3823-d0c8-4628-b986-a5d835954228,12fa47b7,2024-04-05,8406.82,payment,legit
b30fca05-1457-40d0-a306-066698d4fec4,93a35e46,2024-02-14,7869.6,transfer,legit
9a478c85-9611-49d1-a319-e62c748a01e3,afddfade,2024-07-05,6564.7,withdrawal,legit
60ea38cf-dca0-415f-a7a4-e1a8ce5d1471,19c0fed9,2024-08-01,4661.91,payment,legit
9bf3d5a1-4a54-4205-8ca2-cac26203a429,9d7da5d3,2024-05-11,9644.59,transfer,legit
1f7dd517-ac1e-436f-8927-4d9903c26053,228c9fca,2024-06-22,8790.32,payment,legit
de70f87e-f707-40cb-8ab6-7177e876589a,3d49d33d,2024-05-12,6444.3,payment,legit
01d2d970-ce4b-462a-9edc-3b774a8c4bf8,f958a243,2024-08-21,3718.01,payment,legit
d6739290-9c2c-421d-9f38-df9ae7064bdc,9d4bbccd,2024-11-24,6180.22,transfer,legit
ba9f97fb-6ef8-45bc-b735-f8d01f294e68,d65c34ab,2024-02-29,5754.41,payment,legit
df3a76c4-42fd-46dc-bef4-9a4338a833c0,11f2d009,2024-05-19,3942.42,payment,legit
17bdb841-e1ef-471d-8ed3-53842007473c,f1ee5165,2024-02-21,3066.74,withdrawal,legit
cfb89d6f-81c7-4d28-b8c6-1e71b06cf342,1f4921c5,2024-08-16,4070.11,transfer,legit
a29db4de-78fa-46a6-b1ed-b9f359226fb2,36ea3d43,2024-09-23,5739.11,payment,legit
d32177e1-67b7-4558-a010-3e32ed2d60b7,33d25a1a,2024-12-06,4281.35,payment,legit
ff095a73-16d3-4e4e-a33a-1d429a03360d,b4df333e,2024-04-11,2635.74,payment,legit
5228b465-9bb3-421a-9fb3-bbd67697d2ec,86d09cf7,2024-12-12,7609.63,payment,legit
addf61bf-e536-4e8b-bc62-c1ad7047f94e,c17bc7b1,2024-01-24,5314.67,payment,legit
36a92dd9-628e-49dc-90bd-21cda5375589,f5166ab1,2024-08-08,676.75,payment,legit
953c6a85-2b75-4b70-86e8-d6b165d1d913,16c083aa,2024-01-21,3683.17,payment,legit
96175278-4c5b-4b8d-8d0d-ad6e09b1d8d0,1b11bbf7,2024-11-22,8849.13,transfer,legit
9a8c99f9-55eb-4f15-a03a-19fb14e179b8,9328d7a0,2024-07-12,7552.37,payment,legit
c9097b66-441e-46c5-84ab-e23f291ae14c,8decc710,2024-09-01,3232.47,payment,legit
cc5cd5a3-b106-4fc7-9d89-d797d102e9d1,98cb6dde,2024-10-30,9381.83,payment,legit
92f5b3c5-001d-4020-b49b-40b564d4a114,441cb4a6,2024-02-24,766.03,payment,legit
c19ee983-c094-4fc8-9c7a-6e2231775aca,bfd36ab4,2024-01-15,9612.35,payment,legit
f0b5d49f-71cd-4bd8-9964-e0560b963373,547afe3f,2024-11-16,2457.05,payment,legit
6e2a04c8-ffab-460c-bcdb-b85628e695a9,e595ecd2,2024-04-24,90.94,payment,legit
69e70054-a0f1-471f-b3dc-1fe0bd2545e6,956d4b2a,2024-02-17,4338.08,payment,legit
005584f2-e13b-4d35-b639-83cc2fbd5e19,460521d2,2024-06-19,3589.7,payment,legit
f40fda43-b58b-4f05-bdcb-23a1c130eeaa,915d745c,2024-08-06,5390.89,payment,legit
bb2634d3-e7ed-4dae-8671-0362ff84a7c9,a8f9d4b4,2024-01-12,7967.73,payment,legit
d6619e17-f113-41d9-b3a5-354a9fa7f8aa,e5048b29,2024-04-10,8424.31,payment,legit
e570d33b-dbfc-4742-8e73-e72afbc8f43f,4602fddd,2024-01-12,4012.3,payment,legit
e12ee555-ae6a-4479-bc6c-9fc7217173ee,0d5a879e,2024-06-02,4298.46,payment,legit
95ab4151-9043-4ae1-8caf-cc7ca40f7a86,4ee96ff3,2024-11-22,1481.78,withdrawal,legit
04a20bbf-e9bc-48d9-894a-ccc8803da26e,1603d49a,2024-12-24,475.48,payment,legit
a144ab21-8d41-41ce-b492-9f2954f7598f,cfcbf25b,2024-08-20,6412.15,transfer,legit
52d78b0c-5fc4-41ac-bf95-d279008617cf,ed2520fc,2024-02-28,644.38,transfer,legit
551d5dba-c585-49ad-94d9-9d253536e605,13726954,2024-11-26,7338.3,withdrawal,legit
9ccf5ca7-47bc-4590-9911-97200c908ed0,441562df,2024-07-07,5390.9,payment,legit
64155c8d-56e3-41a1-a8bd-53c9e2c38ad1,6e189064,2024-02-26,1985.83,transfer,legit
d97bf826-4c4f-413d-8314-96b1f43e2e87,3f6231b0,2024-12-02,5395.23,withdrawal,legit
b6efa2ba-e896-4f29-889f-5a66bf638cc0,3d043402,2024-10-03,1829.98,payment,legit
fea3a0d6-0e97-4d85-86a2-c7ffcb978a4e,3b54f00e,2024-09-24,4387.37,payment,legit
a74fe55d-8201-4be0-817e-f051ac5debad,c3fa1f81,2024-09-15,7995.6,withdrawal,legit
ce4928db-e1a6-4bd9-b002-5647eb2b3473,e6dd2edb,2024-03-14,4619.19,payment,legit
e6229638-a19e-4baf-8bd6-96f9e7bf041a,a1a15011,2024-03-18,1486.99,payment,legit
98826248-4644-4917-99ec-3e206f80ed46,1508b3f1,2024-09-08,7238.29,transfer,legit
d7e373b9-8ee9-423b-ba58-e033f08c8044,8f2174be,2024-03-21,1867.68,payment,legit
f436f3b3-5e3b-40d7-b479-7efb05f871a4,df537c17,2024-06-09,7385.5,payment,legit
bd29cec2-4f93-45a7-9f33-4234d687da2f,b9f2715b,2024-10-12,4793.52,payment,legit
169864a0-ff64-4416-be30-f3672092adfd,ab608629,2024-10-13,4537.42,payment,legit
63f081cc-b299-4be1-9690-d456782a7c1b,8dd7e123,2024-06-14,8514.35,transfer,legit
1b026fb9-aa8c-49a7-b65b-f1a48c077562,94e8e47a,2024-10-16,7086.04,payment,legit
cb39aff8-0437-426c-8e93-b4abd5b69d88,a259bf2a,2024-11-02,329.11,transfer,legit
28eff040-870a-4c89-8e58-27281361f592,dfd05fd5,2024-08-26,2961.74,payment,legit
fd32e3ef-60a4-47f2-8926-229d2d24f051,fb573bc9,2024-03-24,8709.21,payment,legit
06f3dcb5-077a-4a71-aae0-878d32b308d7,cb63da72,2024-04-10,183.26,payment,legit
a851d7a0-1e6e-4b11-9629-161d93d90992,92898a89,2024-04-24,5452.53,payment,legit
2a2c72ec-a4a6-4ed0-8866-bf290f2c4b57,9bc35781,2024-02-12,7278.26,withdrawal,legit
21a13686-733a-4a2f-adc2-1c5bb12294cf,8cfe2013,2024-04-09,6218.56,payment,legit
bff45d1c-ddcf-4230-9835-27a91f41755b,5e2219b2,2024-03-17,7605.32,transfer,legit
368355bb-ba06-404d-bb67-4cf812d2e779,4b1d77c9,2024-06-15,7256.92,payment,legit
8fbb534f-fb77-4a1a-9f6e-ebe93d291541,f361327e,2024-11-27,6920.31,payment,legit
5fbb559f-4d5b-4b54-a80b-cd8bbaa1f3cb,90c0be57,2024-02-08,8215.4,payment,legit
0c99d9ef-edb5-4272-ba5b-7b14440de8a9,6ccc4e84,2024-09-19,6456.91,transfer,legit
226e30bd-fd7f-4dce-888a-38c4b5a7d56c,f5a6fbd8,2024-09-07,4024.18,payment,legit
40a51a4f-de7c-4230-a0f5-67957e34a2db,c708f0ed,2024-02-04,4719.09,payment,legit
d9c20a87-3023-4bed-9da7-8f5af126c8b2,dc565c65,2024-12-02,7167.25,payment,legit
bbd7beec-508c-4d09-a700-885c9df7fee8,e7e8941f,2024-07-26,8763.06,payment,legit
78087b91-87d2-4909-8673-74b1c5e78750,b2f4729c,2024-05-12,2722.19,payment,legit
99e8e816-238c-48c9-97a5-da692fa08f70,cb0f427e,2024-10-03,3420.77,payment,legit
ef5bdd9a-950d-484e-ae20-e06dedba7cc9,ae36515d,2024-04-03,9307.39,withdrawal,legit
f9142509-b868-49d9-b3da-81965deec96a,39cac35e,2024-09-10,5785.12,payment,legit
1b9968a8-01ba-4339-8b09-0dcc81d4905a,d1c3a7f1,2024-01-15,1789.62,payment,legit
26c949fb-6465-436f-a583-be3a15ffd116,b3b52d92,2024-11-02,6636.95,payment,legit
7da0c34d-fa59-4446-a57c-1c6a9b6e80d1,1efcb12d,2024-06-12,9907.62,payment,legit
e0926bf9-3a4e-474a-9433-dfdfb3bbc3d0,337c59e9,2024-08-20,8234.54,payment,legit
363dff00-1451-4f63-aca1-dbc952ea044a,9637335c,2024-03-21,7457.41,withdrawal,legit
76704f52-1d2f-463a-bea9-da047bcb5e8b,aa7c1399,2024-09-04,2080.47,withdrawal,legit
df6d9b60-d043-4bf4-b098-c074a5940fd5,c84d6caf,2024-10-08,8761.4,payment,legit
558cd65b-3b57-423b-9cd8-c49b63127e08,57132562,2024-06-21,5257.89,payment,legit
ef52b4fc-a792-4fcf-abc0-f86357d9322d,6f658278,2024-08-13,8892.9,transfer,legit
202e0f6b-f3b0-4452-a625-60cb2d46f658,92cfbd7e,2024-06-15,3298.28,withdrawal,legit
723332b1-57b3-4a99-a348-543b17035379,2e9f4d7c,2024-11-22,620.51,payment,legit
3ed2dfa7-9668-4e1b-b343-6974ee55588a,78cce984,2024-06-30,4759.76,payment,legit
13908dc7-0deb-422f-b826-efbedebf7f5a,33d17063,2024-11-03,2698.38,withdrawal,legit
4753274c-f394-4b97-b8a0-562cd06135d1,f85e07cb,2024-10-19,7152.29,payment,legit
348a3eb9-174f-4561-8454-0af905fb1389,ee4cc754,2024-05-29,9571.07,payment,legit
f37d23eb-1460-440b-825a-98993e182f15,072c605e,2024-03-24,6909.74,withdrawal,legit
17974a06-f858-4458-9fed-fdf236c169ca,57e3af4c,2024-05-28,8869.34,transfer,legit
121dea21-29ae-4dab-af45-2881c164081e,0a07f712,2024-10-28,4530.24,payment,legit
623ae2af-8a46-4864-ab20-ab9ac375b692,0bb7c073,2024-03-24,7716.41,payment,legit
841b9215-1b89-485a-af49-8df041e4ad53,bf790feb,2024-07-10,8430.43,payment,legit
9f601058-3f04-415f-8038-4b1354271757,e8152c05,2024-10-21,7108.76,withdrawal,legit
01f4cc2d-959a-4c06-9aa0-256f520914f3,1f12d0f9,2024-05-09,5077.77,withdrawal,legit
c96800f1-50be-4aee-9795-d79572767ca3,e50780ae,2024-08-22,6258.66,transfer,legit
99df0424-3c46-4617-884e-700a30fca873,d9385a7f,2024-03-30,7005.07,payment,legit
0204e1f9-5b9a-44d4-a666-8a38068f9867,2b1b3525,2024-02-09,2530.84,payment,legit
44c41f6d-11c6-4566-8e11-6a20aa108137,e047e7b7,2024-10-16,8095.79,payment,legit
449ea97e-c2d2-4f9b-8fdc-b4c648ac6541,65577aba,2024-02-06,9503.25,payment,legit
b60c7432-0320-4656-8d8f-64a4ee9ee06a,5e2bbdfc,2024-04-09,4652.39,payment,legit
33c5568d-6493-4aec-ab86-da3ffd7cc20d,d588be24,2024-11-08,7010.67,payment,legit
b56b9f42-a26c-44dc-8c9b-add8f71054e9,5568e3ab,2024-05-06,7370.26,payment,legit
fada2f9d-884f-402e-8144-622be51f5545,c8c9da9f,2024-12-21,6622.48,withdrawal,legit
799aa5e9-5914-4c00-86ea-ea958674b403,54b2e9a1,2024-12-23,5471.15,payment,legit
066ed82a-5799-4225-86d4-8afa83113416,c7a270f2,2024-04-07,8816.48,transfer,legit
016ce55d-bd3f-43aa-9fbd-a7007dcc5506,16ffd783,2024-01-15,4489.27,payment,legit
8d29a7a9-e6f7-4c6d-8954-db6089a8141e,714b7a94,2024-09-14,611.03,transfer,legit
c39987e3-a46f-4f9b-a822-916b83e74950,368e1592,2024-06-13,8445.56,payment,legit
1ffefd3a-f9c0-44e6-86da-20ab0c781a26,7c342a7b,2024-02-06,6739.81,payment,legit
7359b7b5-ba1e-49ca-abfb-ede5eb002533,477308f4,2024-09-15,8492.59,payment,legit
9bbc311d-3984-4d8c-92eb-7129ee13a7bc,c032c906,2024-01-12,1385.47,payment,legit
2f7e7690-f20f-4e37-8610-1bdab9847ecc,2569e57b,2024-11-13,307.53,payment,legit
ef6ebc49-2eb7-451b-ac40-b188bc705a93,03315133,2024-02-20,9343.75,transfer,legit
bf555864-dc51-4d9a-9a7d-45c5651524bf,64d63162,2024-02-16,1477.28,payment,legit
267fdb12-bc72-4ed6-8368-1776545ac574,db10da2f,2024-03-05,8096.52,payment,legit
5fa2eaf5-44cb-40f5-b523-bc9471cb2527,ec2b22eb,2024-12-16,8232.1,payment,legit
5426adc9-f676-42b5-9a01-4a7c690effce,14f36444,2024-09-10,7087.05,payment,legit
a7a0e2a1-ed50-4202-a82a-4ae7156621d8,0f689300,2024-10-19,1312.62,transfer,legit
4359fbad-3498-4bf1-a74f-f99df76812bc,525f6a6e,2024-05-25,6673.99,payment,legit
77d17007-6cc4-46c0-918b-d1ee2f2e458e,d12166b5,2024-05-02,8890.87,payment,legit
5ce05762-5ad0-43f6-b720-6879afe274e6,70649be9,2024-03-26,4255.32,transfer,legit
1387273e-f2f9-47c4-91e8-cd16e029cfb1,1993da3d,2024-06-24,4135.17,payment,legit
1991f359-c9cc-44c4-86c2-55346fdc252b,20d05fbb,2024-07-20,4428.58,transfer,legit
bd54fd23-fb01-46a4-a3c2-729de10caea3,a769938d,2024-08-18,822.72,payment,legit
d4285f7b-fafe-4cf7-9783-e7c25e99ebe3,1756b4b1,2024-04-03,8920.26,payment,legit
448f0952-17ee-4e4f-95b1-ce8a7bf37878,d85bf004,2024-12-12,8691.83,payment,legit
18da1d36-8580-4726-aa25-5f985d027ad6,4697352a,2024-03-02,9979.09,payment,legit
248c0ead-7732-486b-bd9b-e01b25844901,438fc001,2024-12-18,5851.83,transfer,legit
83486d4d-4176-4ec8-91ea-9b20563aaf22,f3f4a55d,2024-01-06,7511.92,payment,legit
2c7206b3-fc10-4a71-9fe9-73ef5464c66e,a5b395b4,2024-06-24,2026.72,payment,legit
f6ce1d60-a23b-4b84-aa1e-9fc542b568f5,1c39c16d,2024-05-01,6675.29,payment,legit
7c9a3539-4000-44a6-9bb2-a8f8ea8b0a73,c927c796,2024-06-12,6497.33,payment,legit
da104404-3c66-43c0-94f2-2c9de971d6a5,b91e9cfc,2024-07-27,9012.09,transfer,legit
a1e495a2-db91-49d8-8a25-72a8001098b5,bfca9abf,2024-06-07,8307.93,payment,legit
f365f679-f9e2-402e-b58d-5f362deef591,54e6d4e6,2024-05-31,9384.66,transfer,legit
96d6e585-8891-4fb4-b3e6-7d80a9e8de93,4f522c78,2024-09-24,8688.33,withdrawal,legit
f92a8634-f77c-473b-b0a7-4525b2e6e6c4,2c7a6fed,2024-09-07,8686.94,payment,legit
87b99034-6e56-4731-a32f-c02fd194961c,56310dfb,2024-10-31,637.23,transfer,legit
1116f3cb-35a5-44b5-9a1b-f6c3a7019cb4,b78672c5,2024-04-01,8459.62,payment,legit
731c19fb-c7a0-4129-81cb-830992bf9df4,3d7420ec,2024-08-10,6074.78,payment,legit
eabcccac-6ab1-4cc2-82a3-1b4730d654be,71fcdff8,2024-08-01,3804.44,payment,legit
67dcdcd1-0f30-4c6a-8a27-03312584ecdf,14b22227,2024-05-14,565.15,payment,legit
c11c023d-c7ca-47b3-960f-4fc024eab146,b7d20980,2024-06-26,6776.74,withdrawal,legit
d96b8bd9-a861-493d-802b-7613c7049fb0,bbbfd929,2024-04-24,3282.02,payment,legit
fb68c0aa-a763-48b8-8217-04e0c9cb8f1d,f7b9d732,2024-02-21,4677.76,payment,legit
5e6deac0-6810-4a40-88e1-d39a8ac963b7,3762fbbf,2024-03-19,6817.28,payment,legit
92f553d7-5604-4383-8d9a-99769071ea1e,1cf1beb9,2024-02-08,9117.75,payment,legit
27053c7b-360d-4056-91b8-fe62b904db7c,78091456,2024-09-06,8254.37,payment,legit
7b89d434-7394-4e6b-9793-d4c93deef538,0ebc45f4,2024-08-29,4505.97,transfer,legit
4fefa9a5-4475-4490-aabe-128522c84f1b,49309092,2024-12-12,3877.83,payment,legit
6e91b46d-8dd8-4d80-8cfe-e8d81f86af5a,0d9248fa,2024-09-23,2397.8,withdrawal,legit
75529605-d2e5-446f-8952-9a1680285c9d,1316799a,2024-01-19,3724.27,transfer,legit
9f2161e6-6906-4c43-9cd4-df7a1d7da4b7,c5931c26,2024-11-18,1110.46,payment,legit
066e0d33-4657-41f1-ba3d-7fd8666f2412,a49ed37d,2024-11-10,9711.06,payment,legit
3cd2b4c2-686a-4583-ad8d-f5307840a565,fbe7d2e7,2024-06-10,5739.17,payment,legit
33722180-06ee-407c-b137-dadb245c54c9,c3ef365d,2024-08-01,1278.06,withdrawal,legit
fb6f930d-8938-41ce-9038-4b44675363b7,35b026dc,2024-12-22,3528.06,payment,legit
d8b101a8-0502-442b-93c4-d040de942132,4dc29df4,2024-07-13,5470.39,payment,legit
f7f68042-e17b-42dd-beee-ec69920d7009,4e676720,2024-11-26,5328.86,payment,legit
b049ab1b-bb50-4a59-8f5e-4680cbda18a4,1765d61d,2024-01-31,355.03,payment,legit
73cf43dd-ceb9-4a41-bcf4-01cb4fc25464,49eaf015,2024-03-10,9508.41,payment,legit
f5002adb-d99a-4ff1-8724-44dcecd35b28,b672353c,2024-06-09,2753.76,payment,legit
4cc9304e-1c5c-460a-9b90-9e2b9677bf1c,a573a780,2024-08-01,161.85,payment,legit
998e4414-21be-438f-9ee5-2113c860a35a,ec69ac09,2024-10-24,764.44,payment,legit
3e4a500c-0db0-48e2-9cd5-335132c53816,13cf339f,2024-12-26,5801.95,payment,legit
597a847b-d6f2-470c-8f49-a7c92a8c4bef,b5965f94,2024-05-21,1377.86,payment,legit
95b7d495-1046-48b1-947a-d22921c6af50,c9495e0b,2024-01-18,417.25,transfer,legit
46c28b56-8914-4c76-82c9-57c6f8cddfbe,8e34debc,2024-10-19,3796.26,payment,legit
52f2c021-37f9-43df-9265-65ed4f30f456,738db35d,2024-08-08,6227.61,payment,legit
469f43cb-62ce-4883-9847-f52b26c8cb4b,730bfb60,2024-03-13,1118.4,payment,legit
ac6f4992-0377-4dbd-a063-50298e2ff0d1,1be17e71,2024-06-29,3133.28,payment,legit
4f4dd8f9-daf6-43f6-ba03-a1c9451959d2,265859fa,2024-09-27,4177.61,payment,legit
381ced4c-93b0-4523-ba97-069aef613243,2feac8ab,2024-10-08,1594.6,payment,legit
74183ba1-0a5f-4804-973a-fe8c9df22b36,5e88474d,2024-07-01,5060.74,transfer,legit
818767b9-b0aa-4b19-a7a2-ec1e1b65592f,6d3d66bf,2024-04-21,852.14,payment,legit
34b33b2a-7b63-4249-ba44-49ac56bffead,972b888c,2024-12-21,465.18,payment,legit
e36ce75a-318c-456c-a02d-cad33f8ca07a,4ec36984,2024-08-30,5198.35,withdrawal,legit
bfca0c26-3e41-4939-b943-6db96418202f,85f95741,2024-05-29,2478.97,payment,legit
4f5ed146-1a92-4f64-ab98-ba78cb4f9469,c7f51a28,2024-04-12,953.74,payment,legit
ba3ccb6c-3c3f-48f8-968c-a0dd2513bf5f,75917bfd,2024-09-23,4239.13,payment,legit
dc11ecbb-4087-4057-b75d-615066d32f1b,129b04eb,2024-03-29,9151.41,withdrawal,legit
da46c7da-5159-4313-8f25-397603c2ee4f,f36e39f1,2024-03-03,7241.92,payment,legit
4d104e97-b7d7-4995-a061-c2c72dfebcbd,b01a745e,2024-07-12,8156.16,payment,legit
1af64b8b-3f60-4a80-97c6-95a0d29b7b48,92eefb0b,2024-04-15,8719.14,payment,legit
12fdbb7b-a528-406d-af60-9d6375e80a9c,f9ad0c79,2024-08-17,9726.28,transfer,legit
6e1e25de-6a30-4544-b67e-f4c135321978,def10e72,2024-02-13,7632.47,transfer,legit
151f3220-80ec-435e-8478-bf73b38a3668,9916b767,2024-08-27,6084.08,payment,legit
3975d407-5259-424b-962a-46aa8164eed1,9f6cd3a6,2024-04-13,3654.26,payment,legit
08ec5a03-48a8-4975-b06d-553772a78ebc,934e64ea,2024-01-01,1816.43,payment,legit
5e42661b-8272-4800-b855-d42d7eac0c28,2c07c576,2024-02-16,6866.6,payment,legit
9b8491bd-fe40-4b91-9b13-9eeda4207dd3,a36911c6,2024-12-06,9949.5,transfer,legit
9b271181-e360-462d-a359-16d928cb6140,a5ff8592,2024-11-12,4673.59,payment,legit
98c56365-d99d-4dfa-897d-7ad75f5db144,6841ff88,2024-03-26,7236.79,payment,legit
c0c2b8d6-5f2e-44b3-90c4-410958830eff,43216ba1,2024-10-11,4950.92,payment,legit
1a0e829b-f474-4e25-a4b5-5173b3af9a27,52c8663d,2024-08-10,4319.33,payment,legit
d3cf4d41-ae92-4a1f-a52a-90c4558381f2,d3079d19,2024-12-20,4103.06,payment,legit
0045689a-d531-493f-94a8-f3122fc74ae3,60e18bbc,2024-05-16,5046.25,withdrawal,legit
84e2c117-ce2a-4040-bce3-d6fd56b2e9d7,1f9ff547,2024-09-05,3668.96,payment,legit
548abadd-f050-4c02-b670-384a7004c8a6,2cfab88d,2024-01-24,7487.73,payment,legit
a116f24c-6471-4d3b-a2ee-7d34bba93637,0550f538,2024-05-24,8742.72,payment,legit
e5f0a067-8252-4a5d-8a96-0def522d1ecb,ecee9b20,2024-12-17,8828.85,payment,legit
50df0703-34b2-4407-bb04-1053382d75e3,7f154faf,2024-07-15,2276.99,payment,legit
215135dd-82dd-40a4-89a4-3f294638c533,9c6bb105,2024-04-15,8959.09,payment,legit
5a876228-7f09-4a26-9f53-eb71af60ec95,6f2420bd,2024-02-13,3415.51,payment,legit
ea9d9934-985d-41a3-936c-10cbc6777f6c,b2df8ad1,2024-09-13,3093.08,payment,legit
e547f6ce-e667-4de6-9076-a9e438abf99e,9f065e70,2024-08-23,7267.56,payment,legit
4b368cb3-6c02-47ef-af89-44d70dd9f848,b790fd1a,2024-05-16,3046.96,payment,legit
0336821e-1da5-43d5-befd-6f88d07a88e3,d78825ba,2024-12-13,529.66,transfer,legit
c9152dee-1f53-40f0-a7c4-5171fd2c03b8,15eb9e42,2024-01-09,3736.18,payment,fraud
20170986-83fd-411b-8b9d-55013bdad40f,837959cc,2024-04-20,7214.66,withdrawal,legit
1604a9db-1805-4616-9b66-fc4f26ec1d02,81edbcbc,2024-12-02,3269.58,payment,legit
7ac1a1b2-846f-4232-bda3-543710861ded,3b29a648,2024-04-27,6295.59,payment,legit
9b23a8be-8331-4a3e-a1ff-f87fbdf5bcda,b6627375,2024-04-02,6601.19,withdrawal,legit
b83dd076-3394-4853-b30d-9e6350153510,daa999ed,2024-07-13,7337.36,payment,legit
496f733d-8d3e-414d-8880-dc99e259a9a7,e1e825c3,2024-10-27,8971.3,payment,legit
7685c113-14a3-4b5a-96bb-110eb567e40b,ae6214eb,2024-02-07,4325.64,payment,legit
7bfbc4c4-9b04-4377-8437-32dbe7a2e9fb,2d839b73,2024-12-10,1664.32,transfer,legit
4580bcf4-b26f-4b6a-849f-e9a977cff32e,e9641ae5,2024-10-17,3189.26,payment,legit
da550170-af2f-4ca3-b4e2-4acf358291d4,948eea7d,2024-03-07,4321.67,payment,legit
be584d87-fdbe-4e05-89fe-66e6b7424155,e7f1f907,2024-09-16,7138.91,payment,legit
cd2fad01-6e9f-4c43-9c52-537c19568e90,4ee91d65,2024-05-20,131.22,transfer,legit
28a5b57b-49bf-4c4c-9c92-262d2a8af818,b4d1817b,2024-05-26,3157.85,payment,legit
d66a5931-a842-4a88-adc6-14c1a77c91d2,906759d3,2024-10-12,7798.43,payment,legit
f85f4d4c-6196-4172-a36c-36ff238c5457,4b0a41e4,2024-12-17,6708.58,payment,legit
022f42c7-20d1-4e83-93f8-b9c04e061cb5,22b8840e,2024-02-16,7317.4,transfer,legit
7404be8a-cab0-490c-83e4-481b200f0268,163b22ed,2024-06-02,8118.11,payment,legit
e9c79b6c-9067-484b-a1b2-ea9a39616462,548471ff,2024-06-24,7832.36,payment,legit
f9cfab02-71be-4734-a197-b846a5b35d7e,26f4cbec,2024-05-17,6821.83,transfer,legit
d4bc6edc-eee1-4ce2-81d7-b8a5c55758f9,570b85a4,2024-05-12,4396.62,payment,legit
2bb163fb-714a-4d78-b78d-3857ec074d14,2fdf8b13,2024-01-20,9835.98,payment,legit
b956f1e3-4ec7-442f-aa58-a82fa7457932,d473531a,2024-09-07,5690.73,withdrawal,legit
74c9dc78-8f90-478e-bf59-e9a4e802a6b4,4c6d004b,2024-06-08,2027.69,transfer,legit
77ef15ea-0254-4ac8-837b-8f7e1ebe93ff,c6e159b9,2024-03-12,2928.13,payment,legit
93965d0a-9c1b-4fcf-a283-8dcddbfc6888,42fdce97,2024-10-24,6935.62,payment,legit
32d771bc-f0c3-42ae-a23d-4fd98d3c6320,72fe120e,2024-10-19,9247.4,payment,legit
c097f38b-b4b1-4fda-adef-1834196b46e5,2d0ced70,2024-06-26,1787.2,withdrawal,legit
fe98bbee-10fb-4352-8f81-6d81f977873d,99df1721,2024-04-18,823.46,withdrawal,legit
7f3dc589-e5b2-442a-b8c3-d69aca4f66ee,ab8ba278,2024-08-20,8815.31,payment,legit
e8c8fa7c-775e-4fa5-8cb4-545d9bbb5b24,6ad3de58,2024-04-15,9152.78,payment,legit
ac62acbb-c732-40ab-87cb-31ed8433f81e,c327d117,2024-03-27,2763.79,transfer,legit
e2b23bed-f4fd-42ba-927d-f721c254035e,447d7661,2024-09-23,3772.86,payment,legit
e8c0091f-0a74-414b-92dc-22377cb9baf2,bf0a4d53,2024-01-15,6601.88,payment,fraud
e4bad92b-faeb-4257-a67a-248be7c6eedf,79888bef,2024-02-04,3299.3,payment,legit
32b4d32b-5a08-428c-93a6-d9c999131faa,71763d4a,2024-01-03,8771.59,payment,legit
bcf84ff4-ec9c-491a-a85d-1b5316e35a4d,d9478fe3,2024-02-25,1075.79,withdrawal,legit
0eb1ebd5-7467-43dc-9376-6bbea158a81d,fd62e791,2024-01-26,379.82,withdrawal,legit
123784c4-f1ef-40f0-90f2-c2faaa4d1562,0c71ea6f,2024-12-29,2084.86,payment,legit
2077501b-7446-4a96-80bf-c53d80013654,1ebb1ada,2024-04-15,2860.88,payment,legit
0934aeef-dd50-4729-90d1-e02e6e783c57,fb649e74,2024-02-24,1129.27,payment,legit
9c9b2785-1007-421e-87fd-16a9b6a604bb,06775201,2024-03-28,656.9,transfer,legit
eee0ead2-2541-4731-af1a-ce39fdafcd6f,3870ca7b,2024-12-07,7556.08,payment,legit
24a18feb-c1a7-4ff7-a64f-fd33bd9edefd,3cdc6ae7,2024-07-08,1642.77,payment,legit
af772056-ddf6-4f78-a74d-0a9f86dd727a,e039c409,2024-05-13,9139.22,payment,legit
0c41eec4-6cee-4494-9055-4fa165f629ba,208ee53b,2024-11-14,3680.0,payment,legit
70bd4edb-cd07-4f2c-b519-a57729958d40,78602802,2024-05-24,6706.06,payment,legit
776491a6-120c-41e0-94ae-582da49ce06c,325987a3,2024-05-02,2254.02,withdrawal,legit
060e2188-c5c1-4067-b357-aa2df2ba55c8,3be3242d,2024-03-16,2403.23,payment,legit
50cb3e00-f6f1-4fed-97d9-8b38cbd78a25,762974f2,2024-05-17,5747.09,payment,legit
ee41022f-060f-45f1-ae96-26d0157476d5,5bac5f51,2024-04-25,5606.43,payment,legit
ce7b870d-740c-49a8-b638-7a40f4b5409c,dc70f070,2024-09-04,7687.29,payment,legit
7e33fdcf-dd9e-40c5-98c6-9187e2f03cdb,aff6a190,2024-04-15,7578.13,payment,legit
0eb4b4b4-f6b4-4264-afcc-fdf8af76ac6a,bcc3fdc3,2024-07-29,6706.88,payment,legit
0d3015d5-d6d6-4b1b-891c-18bbca75819c,79fc0456,2024-01-25,4491.31,withdrawal,legit
2df07a92-301b-4c05-862e-49080ef0b59e,a4fbeacb,2024-03-10,8906.4,payment,legit
20b6b007-7192-4aeb-8cbd-fff8b743d771,943708b6,2024-05-28,6225.78,payment,legit
a6407f55-2cfa-4911-b810-93bad772b9fb,a33e9e98,2024-12-07,9901.98,payment,legit
6c77fb5b-ced0-48d3-a62d-f51fb4012c1d,3c9d4916,2024-05-17,8193.7,transfer,legit
c925fe8e-1305-4d2e-bbc8-1c9978b203d6,0612bd36,2024-08-30,443.1,payment,legit
68ba8963-4231-4b8a-a460-1764304fc536,f9fe3f81,2024-04-03,3205.94,transfer,legit
6ccb9c16-a3f4-48f0-86c8-9d933724aee8,92aa03d8,2024-02-16,5718.76,payment,fraud
1aa8c088-4c6a-4bf6-9222-25047971fd0f,c3ab3eb5,2024-01-22,7214.7,payment,legit
31a3d457-4700-44d7-8525-88ab80272e1d,26046146,2024-04-21,5503.36,payment,legit
b41bfedc-0b34-4111-913a-ccc65d0cf9fe,bdd835bb,2024-02-27,7861.3,withdrawal,legit
ba7a8ce8-7a08-4f4e-81a8-266143e83887,1854926a,2024-03-04,2826.56,payment,legit
b96878a5-dd85-45b7-86db-6dfc81843832,9f2002de,2024-10-04,1839.12,payment,legit
1c7e89a1-6984-4681-a337-f899e26eeced,94c525d7,2024-01-06,539.17,payment,legit
f3ceaa1d-d23d-43da-b428-ab0931f8f653,9fb871b9,2024-07-22,5733.14,payment,legit
32bcfb6b-9d0a-43a8-9ae9-8b85f9f1c69d,9e8961ef,2024-05-18,6886.0,payment,legit
5410c2fe-40e6-4b7a-a7c2-3d89d52b0a53,cabdab95,2024-07-03,3261.5,payment,legit
4ca2f025-9357-48b0-a35e-484f4e5dec5b,a3c9b635,2024-07-24,6135.84,payment,legit
f58b12ee-4f5c-4656-9e96-afbfecda83dd,649876dc,2024-04-24,521.57,payment,legit
b35ed198-4175-4c74-ba01-3986501d1793,0ed70099,2024-04-17,992.93,payment,legit
939cc897-0667-4cf3-8c83-a5eb9d26c281,dc1a2d9d,2024-09-24,7017.55,payment,legit
ac5131eb-2dbd-4bd4-9022-567040ba5ead,609a0ac9,2024-11-14,3680.7,payment,legit
10c61cfa-2ec8-4ed2-9399-dd4d0fa6642f,14df3602,2024-03-11,6713.34,payment,legit
19764463-9927-4b89-aa42-a5940986538b,60d49dce,2024-02-05,8317.21,payment,legit
23c686b3-2f8c-477f-bb03-b7b0ac9590bd,aad12a9d,2024-11-23,8526.22,payment,legit
53580f98-7af3-455f-ade6-0e8e076d60a9,8d265e41,2024-05-07,1721.68,payment,legit
3053ec2b-27fe-4d10-a52f-79ecfa684764,bf2ea0fd,2024-07-20,4862.86,payment,legit
bd0a70bc-2bc1-41b9-9830-faa77c95a718,cebdb006,2024-05-11,7339.27,payment,legit
14580398-d2d4-440c-8043-b61635239dd8,f7898846,2024-02-15,7739.81,payment,legit
a532055d-d33f-486b-8926-e44d40e19db0,5ae4e14e,2024-08-03,7846.76,payment,legit
40c6dddd-b76f-4fb3-9a1f-f51337e73e1d,c929355d,2024-07-10,2281.67,payment,legit
05f6fc5c-8b13-4c63-b945-b957344056ac,f4e403a0,2024-03-15,1925.35,payment,legit
f850b692-9a7d-40f3-ae65-9b0a51748f70,c808a025,2024-06-13,5900.12,payment,legit
e8532eba-9743-476b-be35-7ecbb0dd6e4e,cc9671c7,2024-10-17,7410.86,payment,legit
95287f1a-35c2-4785-840d-8a1613939ff1,b2a19406,2024-08-03,3191.4,payment,fraud
968a5beb-0ac0-4eaa-98ea-19d5430d00c8,eaaf64a9,2024-02-05,1047.05,transfer,legit
94fb7273-855a-4a9e-a3c2-5521bf2cb1f4,e848d0ab,2024-07-19,7167.46,payment,legit
17f116da-cc74-493f-9f6c-f18bbba3f292,a53a42c2,2024-09-13,2996.98,withdrawal,legit
ac3bc94f-91e1-4fa9-90b0-a40387662b0c,aff64f49,2024-10-16,1663.63,payment,legit
184bf35a-15fa-43ad-94a8-692d4929bedd,7e807c69,2024-08-17,1477.24,transfer,legit
0019e395-0690-445c-9d45-99d861e9bfc5,0938eca4,2024-02-25,3149.1,payment,legit
e4702b10-25a3-41a6-9ae2-1669f01804c9,ab317f4b,2024-09-16,5926.78,withdrawal,legit
652263a2-dafd-4545-8ad6-1443030172ef,0cba2214,2024-09-04,3584.02,payment,legit
284bd05e-9ce8-4ef5-a03b-9364a7e21b1b,ce034226,2024-01-09,206.62,payment,legit
4477a597-a692-4798-9424-eb472db510af,f3a2daae,2024-05-30,969.08,payment,legit
b26956cd-c980-475e-8d95-7d816bc2cdb0,3d58a6e6,2024-05-01,2905.03,withdrawal,legit
f102b172-b8c1-487f-ab10-23e7461892d1,959509b9,2024-09-01,6597.04,withdrawal,legit
4cc24d5a-a4ec-4961-9e4e-25b74e805a11,0b8ba6ec,2024-03-19,985.15,payment,legit
192f4d79-e1e0-4b9f-bf73-b71d955dbdaa,40382e13,2024-08-03,5606.57,payment,legit
5b630e68-31db-4ee5-9518-3646ba2089da,1b37db8e,2024-11-29,1198.86,payment,legit
41402b08-d318-4af2-bf80-62e97bb5465e,74e091e8,2024-10-18,2116.15,payment,legit
6a2fc093-a1a0-4d52-8767-5410d5e3777d,c492e05b,2024-12-02,1721.89,payment,legit
bae3da33-1014-408f-abe1-fe14032f7d6d,5a293258,2024-12-23,672.29,withdrawal,legit
58a62661-5b5c-4260-a0a0-6136a557ad1c,1200fe53,2024-01-04,6713.3,payment,legit
a511088a-338b-43c1-a390-581396752f8e,f4286398,2024-08-15,4634.04,payment,legit
1123f9b5-0449-4e74-81aa-dc01ce9a420d,cc3016c9,2024-05-30,8310.53,payment,legit
091a8165-a75a-4754-932a-ec93fa6f0c43,06c5a9e9,2024-11-09,988.91,payment,fraud
fa70c42a-a19d-4850-a8bc-d884c78d5638,c81713e0,2024-04-01,1447.33,payment,legit
9ccdbc68-5f4b-4bb6-958f-28dbf8e48edb,57cf203b,2024-12-24,3064.58,payment,legit
b636cee5-a4ba-42df-a562-1e7a1c32ac62,b8e08892,2024-08-12,7658.66,payment,legit
3e6f2d47-db79-4227-b001-40ca72d47b1a,5167b5f1,2024-10-16,3057.59,payment,fraud
728ffb4a-eb39-4585-83b7-269c7581cb47,e5629e4a,2024-02-01,4084.19,payment,legit
3ed06302-131b-40df-85f4-bd3dbd16f307,06ea3987,2024-03-07,3016.04,payment,legit
8c8cb15b-ebef-4583-97bf-afb58bc2e97d,86c3b9ce,2024-10-03,802.24,withdrawal,legit
28215a3f-07f1-424a-b736-d6f28cbe27bc,00e4e27f,2024-01-09,9394.34,payment,legit
ad3fc601-1bf8-4dee-af59-a14fcdde8bba,344d9826,2024-10-25,5485.39,transfer,legit
20dc7573-3e7f-4143-9df7-5d8c78c564e3,40ad4252,2024-01-06,7878.33,payment,legit
ad25b948-6fe3-439b-8398-564e343588ef,3c3a57ee,2024-08-27,6583.57,payment,legit
65696940-a6a7-451c-a60b-568652e00a35,a460c577,2024-05-13,5142.54,payment,legit
a79b435b-d3e2-43e0-a80d-3e5d340ee1ca,99027b11,2024-08-11,896.78,payment,legit
3572b39c-5066-44f0-8673-f081e931722e,5da0ae99,2024-09-11,6427.34,transfer,legit
04004c91-1cfe-4d9a-b404-c282db907c14,380441a4,2024-05-05,1553.7,payment,legit
47c09049-7a1e-482b-b551-8fb0d7ac0763,855b20f4,2024-02-09,4143.83,payment,legit
cfebe760-523f-4338-a1ed-bcfb86736386,0e6957d8,2024-01-26,6291.13,payment,legit
4370ca16-b79b-48be-81d8-300852c480a5,b59f03b6,2024-08-02,7822.29,payment,legit
f280db34-45fc-48e9-8ecc-b01b941ca3e1,1cd4147d,2024-07-09,6850.45,payment,legit
a189ccc9-b613-4d57-8b48-38d179f16998,5295da79,2024-09-27,6715.34,payment,legit
b7b4ce79-235c-47bf-a948-f853d01318b2,42ed8102,2024-07-05,1490.42,payment,legit
276bee87-e13d-4aa4-8ea8-b92dc6eb808b,e57e1dc7,2024-06-03,3461.29,payment,legit
b8a1e2fd-0d92-4f88-96da-496b27f3a314,5856ace4,2024-05-25,429.12,payment,legit
67940c2c-dea3-488a-8bc3-47f47e1d920d,b3759370,2024-01-10,7194.77,payment,legit
a444d44f-1bd9-4096-8179-0553133b9d8d,55b4c589,2024-05-02,9525.86,payment,legit
04a7da3b-bd27-4eaf-b58d-59a2c89a3912,84780f76,2024-12-22,2641.1,payment,legit
65c693d6-c4bd-455e-b0b1-c4bbbd78ef5b,5bd67e0b,2024-11-14,876.97,payment,legit
b9ee053c-b5cb-4afb-8eb3-7cab864f0e67,75f8252b,2024-04-30,4755.7,payment,legit
6d883670-766b-4c6a-8861-238ad1efbc6f,eb6d02de,2024-08-02,8566.98,payment,legit
b22a5383-1ce5-442d-81f3-ee022d1b10e0,b19df7c2,2024-11-05,5519.74,withdrawal,legit
13f878e5-7415-4a33-932c-ab9022f94e24,a8575b98,2024-06-10,467.77,payment,legit
57ba2ef4-72b2-48e4-96ca-5daa3f24cbb8,c58bed3f,2024-01-07,9742.72,payment,legit
7e9d841c-a4ea-44c5-9727-979a919f3b2e,fa96593f,2024-01-28,8286.5,transfer,legit
8eef296a-89c6-4ab4-bb5e-03ae41a5f046,ffba8ed9,2024-07-05,1315.94,payment,fraud
d8be6554-75cc-42fd-bbb8-8beff95dfc51,07c0e955,2024-12-19,9217.98,payment,legit
2da4cd38-813e-469a-9579-27f1e50f06c2,f2206dff,2024-09-10,4506.88,payment,legit
a01eb193-7bcf-462c-b2b5-18c3a40abccc,758b2266,2024-01-26,3718.98,transfer,legit
61d0d936-dc9e-4295-905b-136a2003aaf8,f456687a,2024-03-10,4610.53,transfer,legit
8d5b828a-715e-4786-a50b-5ab5a017e5f1,68dee5be,2024-10-08,8345.72,payment,legit
e5920512-6e04-431d-be57-cfd0c830101d,4ec4e7f9,2024-11-03,6594.8,payment,legit
474fd90a-c576-47fc-aba8-6bda4015d1e9,bd9eccc6,2024-08-13,592.48,payment,legit
0bd24e17-7173-45ab-8709-d7096c20ea9d,a7f56c22,2024-08-23,9576.04,payment,legit
345256a2-055e-4a7b-b485-f0941c80d388,dc97a0d6,2024-01-11,1477.84,payment,legit
667ac6a1-eb67-44dd-a3e8-8e9e3a6b1e67,572e0c98,2024-10-29,7455.68,payment,legit
c113249d-32f6-4818-ad48-9fe42d0cdf3c,2e58bc58,2024-10-14,6361.37,payment,legit
57aaa564-de98-403d-a26b-45210b38c09b,812dbc7c,2024-04-04,1875.28,transfer,legit
66dd0ae2-c1ab-4b30-be0b-2886fd5f7c80,402289f7,2024-09-15,1707.32,payment,legit
b2738ee3-5142-4403-8d31-4f30a2832bd0,74fd21d2,2024-03-19,8703.28,payment,legit
9f9671de-c9d5-4649-b3c8-30ee09061a3b,a7f608a9,2024-01-15,4196.95,transfer,legit
3b8e4c03-f141-409a-9e33-ede9d07696c2,e635848f,2024-03-14,6545.77,withdrawal,legit
2eafbc59-427f-484f-9bad-845749225d53,13e3ce3a,2024-03-06,5040.71,payment,legit
2f562353-1f0c-4238-9018-d097cbc3d15c,a2b1c3ff,2024-05-03,7273.54,payment,legit
143303b8-2c13-437d-a192-35b9ebbf4894,5f2d684c,2024-06-01,4792.42,payment,legit
6b5941b5-bfb3-44c8-b9d9-4df2c23c4dd5,af1871b1,2024-07-04,2873.8,transfer,legit
b5a28753-7c9b-4830-9ac9-a0d80abd3dda,ceb22c1f,2024-06-23,3633.83,payment,legit
b0e0dabb-32c8-4f05-bd52-0b0cd7aca11c,76ed4638,2024-04-08,8590.78,payment,legit
c4282cfd-8692-415c-b326-4bef0a319b71,0e14d15b,2024-01-11,4680.35,payment,legit
2c616a42-21c8-4055-9007-3d08e6215146,5dc6d80c,2024-08-08,2134.49,payment,legit
15570f16-0617-4dd7-b8bd-911157bdda58,e14ba721,2024-05-24,9346.05,transfer,legit
fd77c8b7-884d-4144-b000-10909923e87a,7659818a,2024-04-19,7966.0,payment,legit
c3aac99b-af23-4317-a5f8-1f36f0451d35,e2e801c7,2024-11-12,556.66,payment,legit
4a2ee725-fc71-4ac0-a98c-8b591792dfe0,93dd3efd,2024-09-29,9989.43,payment,legit
97502d36-9110-4104-be0d-53f7d5617141,6d77d022,2024-11-09,6949.27,payment,legit
370bec7c-5e00-45a7-91a5-0f9bc65e4460,972af592,2024-06-29,1602.67,payment,legit
faa58115-c22d-4c7d-8b51-8c217b84028e,805e3eea,2024-02-17,2371.68,transfer,legit
84bfe51a-506b-456b-b91f-8787f8f04098,2f66d5e5,2024-09-11,6924.45,withdrawal,legit
3415e134-b2fb-4cd2-aedb-ac3fa7792c3e,bcdd0d0d,2024-03-16,7797.61,payment,legit
5ef0d370-146b-4f77-b15d-3a435791e6ad,a2d1558c,2024-06-10,2390.36,payment,legit
f35e1820-f72c-43c9-93ec-ef462d5d6a29,17dfc0b1,2024-01-24,2569.69,withdrawal,legit
8a664fe3-e54d-471e-b8dd-9e22f790694d,aed9e6b6,2024-10-28,3071.21,payment,legit
87d47233-569c-41bb-89ac-498a947adec1,107278c6,2024-02-15,5980.18,withdrawal,legit
c6787e6f-0498-4db0-b02a-a08ce98dc6f8,b6721a87,2024-11-25,1718.16,payment,legit
72bd7972-9ecf-4da1-8c8b-db51aa14650d,83b2eea3,2024-11-11,1042.43,payment,legit
1ff3292d-f12b-4d91-af77-2f3740f1d3e3,f76cabb0,2024-06-18,6788.64,payment,legit
f59a03b3-b501-4bec-88c2-857d14336567,1189e05f,2024-09-28,7790.98,transfer,legit
d5342342-5e0a-4c18-a841-ff6817e0a084,00b3c219,2024-08-14,5009.29,withdrawal,legit
004e6338-7b86-4f9c-9ffa-9b2bb5b76d79,47e6a6dc,2024-10-20,3638.33,payment,fraud
cb6b32a2-46dc-489c-a4c2-c58c13a36895,2461e736,2024-06-06,4320.43,payment,legit
3b86d6e6-f47d-4777-92a0-f7243cc96861,23b6ce93,2024-10-13,3884.08,payment,legit
c1ea42fd-e983-481d-b703-c7125b2ae505,8aa1c2be,2024-06-17,9599.85,payment,legit
f22e97ba-35a0-4d8b-975a-2e7fefa63963,c2531c42,2024-12-09,7680.9,payment,legit
cfa6cf88-b97d-4c65-b370-dac6f6611c49,deeae169,2024-06-26,2080.87,payment,legit
5e2e6bd7-489c-4bb2-bc57-d571afe362d1,1e61392f,2024-06-17,3841.89,payment,legit
b750c261-80b9-45b6-ba20-425c64bdbaa6,c2141802,2024-10-13,5440.12,payment,legit
5dfc86cf-6149-4e23-993c-af1ab062b809,a74f13c6,2024-10-26,6129.86,payment,legit
f02f79f8-e529-48ff-9729-b21dfec54459,756a42e8,2024-07-21,4681.84,payment,legit
5568802e-5971-4d1a-bc66-edde9062fad1,b1c21650,2024-03-06,8101.27,payment,legit
a5fac51c-1c66-4baf-9cba-3e3789c2cec9,ced01d3f,2024-06-19,7676.06,withdrawal,legit
13c8fcf8-8025-4962-84e6-7dc9e4649fc5,80efb495,2024-12-19,5051.58,payment,legit
c12789f1-932e-4960-9c6f-48f645455638,8c5516e1,2024-10-01,8544.29,payment,fraud
a2e0bf67-22be-4890-acf0-b373edf2f3bf,4b1579fa,2024-10-23,7510.9,payment,legit
9c991905-cc69-4d70-9112-709d5706abfb,0ed71d19,2024-01-12,7785.82,withdrawal,legit
b12152d2-4885-4a00-897b-e1df2c5f4b5b,4af350dc,2024-06-19,9564.01,payment,legit
008b55f5-0d67-44e1-bffe-8c950021772d,9689d054,2024-08-24,2664.67,payment,legit
60f46be6-ee32-470c-9707-6a5ce6be3525,6fee1985,2024-10-29,2676.48,withdrawal,legit
eb5c089b-11dd-4976-bd72-ac56c0efb0a9,eba2ce0e,2024-01-18,8889.52,payment,legit
76f0af8f-468e-4e0c-b8ca-05281abe10b2,dc8f2cd4,2024-11-07,7722.26,payment,legit
5ef6e2c1-f8bf-4b0e-9733-83b5afaabe23,37b643d1,2024-07-19,9265.46,payment,legit
2e15f5e1-eb1d-4834-9e83-76d7ab5e967a,2a5a888c,2024-03-13,631.3,transfer,legit
e3ce5bba-461b-4e17-9d87-1602faf6100b,42b5f83a,2024-04-25,6277.57,payment,legit
2c54b157-58cc-4a1a-bbd9-1d3ae7bdcfb7,48ec8b95,2024-04-12,1446.28,payment,legit
a5b68dc4-20b9-40a5-9b09-70e1fc7d08dc,9a032f31,2024-07-12,5038.97,payment,legit
71da3ccf-bc68-4e2f-bed6-9b584284b33b,0d17865b,2024-01-19,1557.47,payment,legit
85442d55-89a5-48a2-9485-aaae801863a3,98cc61e0,2024-02-27,1280.79,withdrawal,legit
bde7c901-678e-4b72-afcc-51240f9ee4f4,d42174f6,2024-10-23,121.68,payment,legit
b17d4ebf-2f1d-403f-bbe9-424a610778a1,24c378cd,2024-02-18,6302.39,payment,legit
63ecec38-a566-47c5-9e03-d282aa27bc5e,8a126660,2024-03-26,3590.23,withdrawal,legit
a5e0e20e-1738-4ebc-8292-f13d5fa6bb69,aec7f6d7,2024-06-14,1051.88,payment,legit
48fb1bb4-a1e3-4d67-a60f-6e8897b0d96b,6aca5eef,2024-07-07,3228.38,payment,legit
38e5051c-8c3a-4c43-a7f9-ffede0d722cd,c6e068ed,2024-10-05,1689.44,payment,legit
a2bd038b-2036-412b-a3c5-c4fca7f3b0f3,41dec7f9,2024-06-12,9416.95,payment,legit
ed6ae78c-51fd-4619-8f31-8dc77abbe76f,2b0a6efd,2024-10-15,3200.05,payment,legit
fadc6887-e69b-42d8-bdb5-5469e6ee291e,44476c67,2024-08-13,3339.54,payment,legit
fc075148-0062-4a41-ad20-b40c1972882d,05823c08,2024-02-11,8398.58,payment,legit
6a6c3123-5566-4c21-a810-1d72e8b4b32a,c457cedf,2024-02-27,6477.56,payment,legit
70f788e7-3b98-4357-8c23-33c30810c057,dda365cb,2024-06-08,7101.72,payment,legit
5d47613b-a2f5-4b6d-af13-741db6b93d02,d24480a1,2024-05-24,6360.02,payment,legit
760002da-4bec-4326-8692-146e3f335caa,d795f69c,2024-09-28,9461.96,payment,legit
9397f7aa-3e28-42f3-9fb2-db64b0754c27,b096d5c4,2024-07-30,2070.01,payment,legit
44b8c275-25d7-4226-be55-244004f3a022,922c6dcc,2024-05-21,9890.39,payment,legit
61183469-884a-46d3-a5e5-41f519a300bc,1bbb6fad,2024-03-03,8309.56,withdrawal,legit
1947377c-80f2-4c09-b578-ffd0b291ca26,224f8098,2024-03-23,5889.73,withdrawal,legit
fc15e23b-3c71-4dce-a1d3-7dfe7818fcd8,ba545a5f,2024-07-29,6623.72,payment,legit
6c837bff-f23a-492b-893b-4b5dc0540483,c4db5ad5,2024-06-03,6488.26,withdrawal,legit
a5118857-dd97-474d-b5df-c3f9958b846a,786b51cd,2024-07-06,583.96,withdrawal,legit
f7b2d7c8-df77-4e1c-b54d-9ff784fc1cc5,6cc71c6f,2024-03-03,2180.16,payment,legit
a6eccc11-ef22-449e-8c24-5561bcb8f2a8,f41fd3ac,2024-08-29,9614.71,payment,legit
30e48018-e3e8-4357-8950-4b354e12336a,f1919b99,2024-11-07,5343.64,withdrawal,legit
06b9e65e-20b5-475e-b931-42d8151d9719,13970568,2024-04-04,3783.54,payment,legit
57132513-4d74-47f6-8864-ec01c76376a7,44e14e1f,2024-06-28,7620.38,payment,legit
012ad700-c6af-4471-916c-7b6058df8d9c,db9f4277,2024-12-22,5245.19,payment,legit
d0f20221-7639-41a1-9146-2e728f2c65d1,6e0d9ed9,2024-05-01,131.63,payment,legit
21585011-4d37-4a08-8ea7-5866ae677c39,2eb3778c,2024-08-05,7362.38,payment,legit
567c1085-8dc6-4715-8cc4-5dba728f6749,fe224dd6,2024-02-02,7322.18,payment,legit
cd2c6a4b-b208-4553-8a88-001f74db8793,939a2825,2024-08-09,1651.49,payment,legit
3ff44e99-87ca-4810-a84c-d196786dd282,714ed9d4,2024-02-02,9566.6,payment,legit
6b9f960e-99ae-489a-b28c-93e8c22a71d5,efe5549f,2024-12-16,2239.08,withdrawal,legit
285c5112-9533-474b-b1fe-b7298aadecdb,52771421,2024-09-18,4577.49,payment,legit
100e8b8e-018f-47e6-aa01-d46329d3a341,bb2e208a,2024-10-14,1147.36,payment,legit
ba3521a1-5144-4ab5-8a47-ddabde54e789,7fcd0955,2024-09-13,6032.82,payment,legit
dbf53d89-70bf-4d5e-9453-d619f3e7494e,835ac3d4,2024-08-03,3754.51,payment,legit
948a77b6-661d-4fc7-8978-ce3d6683ffec,3b153e4a,2024-06-13,3531.73,withdrawal,legit
1208ca7d-99ed-46d6-ac5a-62b1c6c3e9f0,b6d3bbec,2024-11-09,8269.77,payment,legit
bc7015cf-ac4c-479e-9685-cabd915b231f,d1a01f2b,2024-12-15,95.62,payment,legit
26269560-3be0-4472-ad68-2fe844927d20,794ec1c4,2024-07-01,7979.47,payment,legit
b20e6734-232d-4a2f-95e6-f7b9124c7967,c98ca71b,2024-12-06,5714.49,payment,legit
1edeac37-fb73-4660-b7c0-af1b6b05de1d,0cb3c5d3,2024-07-31,9860.99,payment,legit
a84b962b-ca40-4bdc-9b7e-540f1d1f212e,ae43c6b2,2024-07-15,5894.43,payment,legit
73605e27-2ecc-40bb-8ac8-6760dd24e83c,70ec58a5,2024-06-14,553.79,payment,legit
33909e39-edcb-4cd3-8354-79456a2684de,5ced55b2,2024-03-17,506.45,payment,legit
1dc9a52b-18d9-4a61-bd53-02b189f2423e,64ce4fdb,2024-01-02,8831.53,withdrawal,legit
b7cbf5fc-b320-4cf2-913f-63c1b7670a37,f812efb1,2024-03-29,8412.14,payment,legit
d76cc631-290c-4965-8db0-04e7b989225d,2bf08288,2024-07-05,3458.9,payment,legit
d01969e3-11c7-4bf6-9344-788c4d7b8c3a,888998bc,2024-05-18,6180.32,transfer,legit
9764dbdf-9d7d-4edd-b58b-68b9c112a885,48377206,2024-06-12,4895.91,transfer,legit
d6af6621-9e11-47d1-bd2d-74134ed053ba,b74d2ac7,2024-12-23,9671.64,payment,legit
ccc265a5-8654-4f5b-a78b-5814ed0d2a8a,052119d5,2024-05-07,9499.61,withdrawal,legit
b8b89d81-cb3b-42c0-9c2c-df68f6cc528f,47fb5522,2024-06-14,9838.39,payment,legit
129635cc-615d-447c-9c90-57397753a639,3dc037eb,2024-02-18,8664.49,payment,legit
f6adf230-416b-490a-a7c3-0be3c275bc99,90f81fa3,2024-01-18,9095.52,payment,legit
cf3ebdac-e4db-4231-a94c-e9d454d466ac,aa782ac5,2024-10-10,2172.79,payment,legit
0844d5ff-d875-43a1-9d8c-101b0b4fcb14,018e8644,2024-07-27,8310.07,payment,legit
e913432e-0415-4161-954e-d072ef319ef0,dffb1505,2024-10-04,7088.57,payment,legit
406d7864-c5e0-49bd-9f3c-460e105e3de9,c2947731,2024-02-24,9627.87,payment,legit
138e14b4-1a22-4e40-8726-6704016f95bb,ea761169,2024-07-27,5712.62,transfer,legit
b336e007-82b5-43d7-818c-f150cd66e453,e7cbac35,2024-04-02,851.67,payment,legit
49cdd5dc-4381-4884-ace4-74be5c649bfa,d201d26c,2024-03-24,5973.99,payment,legit
d7a521cd-ec03-4bde-9034-1c8b596116e5,caf2fdfe,2024-01-05,6865.81,payment,legit
a7bb2f01-c6d9-429a-b0ee-2c29a17f47de,e18967ed,2024-02-17,2203.21,payment,legit
8be1a978-2af8-428a-8f05-af3b0c5efbf8,88000207,2024-04-22,3941.13,transfer,legit
3d669d8b-8d99-45ad-98e7-6ceb38bd9561,e4e6c725,2024-02-12,5985.03,payment,legit
2a275931-9984-448e-a353-7111944ff533,aae5def7,2024-12-25,3741.06,payment,legit
910df0ed-5832-4a79-b7c0-2441fe5a02f7,a99d5017,2024-04-22,3749.48,payment,legit
9c7bf7e2-9ed8-4175-8353-cdf737c48524,d1b7b9ec,2024-02-17,1330.87,transfer,legit
8b25b9b5-ac4e-4172-8d2c-2671d91aab65,eba3eee3,2024-03-13,9407.47,payment,legit
62692e80-8ca9-4789-9114-702cceb9a3b2,634c19d2,2024-08-02,7504.94,payment,legit
cd25527d-152a-43ac-bd5e-0c0aa30deb01,fc55b2d8,2024-01-24,12.43,payment,legit
e741a113-00ac-4109-960f-f0bf0827fb67,8ac0c594,2024-11-10,7656.13,withdrawal,legit
f912f911-6f5b-4044-a19c-01406b330b86,b47f0925,2024-12-16,7397.95,payment,legit
8ac523e0-34a3-4cfe-af9d-905226ef907c,37722fa1,2024-03-31,97.31,withdrawal,legit
8c0e51d8-31e4-4307-b9e1-a6e1433095ed,6c41b690,2024-06-13,3696.04,payment,legit
0fe794ed-4f87-411f-9244-db7c0978bba0,94654ab4,2024-01-09,6067.48,payment,legit
ce9ce60e-4a97-47bc-9fe3-b85bb5bf101d,f7e25079,2024-08-21,4527.51,payment,legit
0a998bcd-8bf2-42bb-810a-99c8d359ac42,c6ee98ea,2024-05-31,7779.86,payment,legit
df14ca80-188f-4a49-a463-a045df6a7aee,4006d70b,2024-04-08,4254.58,transfer,legit
0c7a4033-97f0-4292-acd9-827327b21483,bd2d780d,2024-03-16,1538.63,transfer,legit
cd6ced2a-9a0b-4d95-80d3-d3b5e9c786d0,c4648b52,2024-08-26,9764.16,payment,legit
c834346e-e266-4fb7-8779-f39e3e2043bf,ed684b07,2024-05-31,2420.4,payment,legit
b49cf803-829c-4c9e-a73c-96c6101e6cd6,f4c6a0d5,2024-03-06,7176.92,withdrawal,legit
34062978-c15a-4dd8-959f-54e0c9569777,cdc6450a,2024-09-08,1431.56,payment,fraud
311ecdf4-7f0f-4592-8872-08bd9cd5a1b3,3a2dc029,2024-07-25,3290.13,transfer,legit
c328d468-d658-4b83-a41b-b6089a30af17,ea3b5b95,2024-11-09,4420.28,withdrawal,legit
be918a4d-169c-4e28-adca-a54c3dee8975,7a4d4233,2024-02-12,1922.32,payment,legit
866eca92-1edb-45f5-84fc-5ebe27adb746,e9408d43,2024-10-13,4499.6,transfer,legit
d8253b8a-b60d-4e05-ba4e-71c1467291f7,5f5a8a35,2024-09-02,1571.63,payment,legit
c6bee5bd-0192-4b0b-861b-eb51e4d1474f,f2db12d8,2024-02-11,5590.07,payment,legit
5bc79735-3481-49a2-91c4-ca0372ffe340,29d3e28a,2024-09-10,6637.13,payment,legit
e45f01e5-eb21-4348-acb9-c0849bdd37a5,985a84b1,2024-06-10,624.34,payment,legit
c619b82a-f5f5-40d2-a0bf-22aa371da07c,6d586f9a,2024-12-10,8711.32,payment,legit
8a987d3a-2a65-404a-8064-a317ca9b6900,e9ad0f95,2024-02-21,1851.41,withdrawal,legit
b2d010e2-66ca-49e3-97d6-cd2843a8711d,533d7b20,2024-08-22,2253.62,payment,legit
200afe59-37ab-4219-b02a-e01f947243c2,32f0374a,2024-05-19,6613.5,payment,legit
682dc0cc-37e6-4fab-9e4a-25f12fd44709,1612cf26,2024-12-15,4687.51,payment,legit
81554635-87d0-42cd-ac48-cea37503c4d2,bf6ffd79,2024-04-30,4993.96,payment,legit
7cb4ec30-7467-4dd2-ba1d-8b61dec1d0ba,af63cd72,2024-12-17,1281.55,payment,legit
41f68be4-774c-4d1f-b647-16b473de5230,729b7228,2024-11-25,8057.36,payment,legit
8594a0f5-47e8-436f-89eb-02746a5f4c93,55c69945,2024-04-08,6170.54,payment,legit
e28a0e5c-3546-4dd7-a2ea-85e5088aab7e,9ccbbaab,2024-10-20,1353.82,payment,legit
fb4b2f65-c359-4be4-b94b-2ab87f70d469,1317f887,2024-12-29,3739.99,withdrawal,legit
ff782bbf-679f-4841-8d7e-43a43432c7fe,b2d08003,2024-04-02,8104.1,payment,legit
64fb0c02-e857-452d-8e43-66551e2fb665,318fc542,2024-06-08,5683.55,payment,legit
e4d1586f-8538-4b4d-aec0-754102368166,a2f3e365,2024-07-08,1086.49,withdrawal,legit
766ec93e-1c13-4596-a54f-77455da4102b,2b74be07,2024-04-17,3727.77,transfer,legit
4f82c48b-a6ff-48c1-b906-335e322633c4,ca98ade0,2024-01-06,2426.94,payment,legit
43b94fce-e1e7-4f32-bfe2-4002ee029aa6,35eff123,2024-03-21,5174.66,payment,legit
8001b5aa-c967-4f27-9017-3d931edd79a3,69e5baf2,2024-04-12,8433.61,transfer,legit
7001cffa-8a79-41ed-a847-f180ac176870,831c9aa2,2024-06-10,4362.67,payment,legit
c3328ef4-9e15-499f-99a2-3abab275771c,d2525bf6,2024-03-03,4333.42,transfer,legit
fe636477-7fdb-4e4c-a6a4-b49d0b035b4d,03973c1c,2024-11-14,9053.51,payment,legit
8e53b20a-433c-46b3-a511-2dd625aa1af4,b9ab1bbd,2024-09-14,5761.85,payment,legit
32911b48-89ec-458f-b2c2-5e7738a1104a,065f2aa7,2024-02-01,5661.91,payment,legit
ee86f2cc-9a95-4729-a59c-6a839ed5b2c4,3f161c3b,2024-08-25,2619.1,payment,legit
98253c96-8e07-4cea-90b0-53e7ce09dd4c,9068f855,2024-08-26,6077.23,payment,legit
8a163963-f07b-4a3b-a4a3-5c871693002e,0ac0707a,2024-12-15,5759.1,payment,legit
7736e4aa-6b21-4997-8b93-ed8f14ce50de,fefce000,2024-01-02,3968.51,payment,legit
a3825e53-7588-4988-8735-56344eed21dc,07188f54,2024-03-31,9906.96,withdrawal,legit
a1bd6370-7bfc-45f6-a9f8-54883f9f88b7,8ddcc3c0,2024-12-04,8818.91,payment,legit
53cd853d-8289-4ce6-bf98-eb2c89fecfeb,70556459,2024-12-06,7495.86,payment,legit
5cfab6ff-bb01-4dbb-b70e-2fbaa2a25b30,7c57dd31,2024-09-20,5373.46,transfer,legit
e355c93c-fe18-4e2e-b792-5114a770a744,ebcbeddc,2024-10-06,4620.6,payment,legit
5091d528-003c-47b7-a279-a606ff432e11,dc3ffb93,2024-02-03,1848.97,payment,legit
3e1a154b-278f-4345-a841-7829f0f59288,a768fd2c,2024-07-06,3057.37,payment,legit
68599e4a-d31e-4fec-9132-1106c7b6b21a,29a3a549,2024-03-25,7739.61,payment,legit
d958bca0-c794-48f4-9ba2-64c043d7f6a1,522c2a95,2024-03-07,4537.49,payment,legit
4ef4e13e-c1c1-4075-b73f-f96d2eb9f299,b67fa7f6,2024-10-22,8822.7,withdrawal,legit
a88828c3-f14a-4cca-aff8-38f687ae482c,df5b4076,2024-02-19,1479.11,payment,legit
92ff241d-a663-408c-969b-ac7707504248,c9d0a83c,2024-06-20,5083.47,payment,legit
d84f6645-a964-4a4d-b8bb-e2e56ea919e2,7ca43d31,2024-12-08,6469.66,payment,legit
d04fdb0e-2628-4dc0-a6ca-d5f44172a937,99aa1dcb,2024-03-08,5168.48,payment,legit
0541ab39-5e94-4aa1-afa3-6b9c4a7bfa4c,a6c4a4da,2024-12-22,8892.27,transfer,legit
9f385905-40d1-4f74-a4ff-96655736534a,799c50d1,2024-12-28,9895.63,payment,legit
c4341527-2854-48b4-bde1-8b098576fb29,35f3d7df,2024-07-21,1158.35,payment,legit
9589fa6f-8d4f-4a3d-87b5-eac260eb5a1b,4e99884a,2024-03-03,1299.55,payment,legit
cc6d287c-d672-4ead-aaae-bcf14ab24982,740668b2,2024-04-25,1303.24,payment,legit
4c131da9-f000-4d09-825b-12bb767eef23,fa345f87,2024-06-03,6811.77,payment,legit
2cbda720-89ae-4bb9-aeb2-89c4783557e6,742cbc16,2024-04-22,3726.76,payment,legit
6fae704a-c0db-4fe3-ae80-e24c62cbe698,cf0bfb30,2024-04-12,7333.15,payment,legit
e58400cd-20e4-4ee8-99b2-ef3392899203,25125c30,2024-12-20,4054.71,withdrawal,legit
1d14cd73-bcc9-4eb7-8c53-af2d68265148,8dee9d58,2024-02-25,6276.07,payment,legit
81fd240a-34e7-41b8-9a78-5555253f05f4,33b61f59,2024-09-24,7698.58,payment,legit
4b756f0d-f8d0-426e-8371-62a6724c00aa,ae7b2446,2024-01-01,5482.16,payment,legit
f976415f-20c3-41ea-8ed6-4379abe16cba,cfbe6d25,2024-08-05,5395.04,payment,fraud
bfdd489b-15f8-4d96-a133-678fac71741a,4eb9e986,2024-11-30,882.34,payment,legit
846ed716-487d-4240-a066-7b677d3ba7f5,0b9c1bed,2024-04-15,4107.82,transfer,legit
df73408f-54c7-449f-a269-d02ad3ce2d67,401000de,2024-03-08,5457.77,payment,legit
2486066d-7a24-48dd-814c-03e3df264a27,1b4e81c3,2024-08-25,4619.81,payment,legit
7226159f-1737-42b0-a5e9-8dbcf422ec41,6a847c15,2024-09-17,9007.82,withdrawal,legit
6fe1d5e7-5e82-413a-94ee-d63950b79cd3,31d2e919,2024-09-08,9065.31,payment,legit
645de78b-4af9-43c5-b5ef-b2e25633f143,522dc31c,2024-04-26,8219.17,payment,legit
9033e6a3-23f0-4c04-8b76-0ac3c1191100,52546241,2024-04-02,3752.98,payment,legit
f3ad3c79-cdf3-405f-a537-5291d6a978ba,2cbdf23d,2024-12-14,7172.99,payment,legit
11bd3bd9-171b-4f09-b3c1-50985d494e52,338ebf6e,2024-12-03,3952.88,payment,legit
70f465ba-89f5-4f91-b142-24499baa3a05,b29d34b4,2024-06-15,2325.94,payment,legit
f89efe5c-6647-407f-9c96-b29db4d81dc3,77ffdf51,2024-11-04,3429.03,payment,legit
9829e4ac-9be5-4ef0-8160-8bc323f21be3,c2f436b9,2024-06-14,709.65,payment,legit
09d52c77-9a80-412a-b2bf-a7759a177c36,f8e90d50,2024-06-03,3317.78,transfer,legit
71233599-5512-489b-bc05-153639ec120e,02afefa5,2024-02-27,4607.42,transfer,legit
fb121457-2128-40f8-a5e1-13fc3ca21e19,814620ab,2024-06-04,9554.81,payment,legit
5bedad59-4c7f-47c4-b0ff-e9ff1dc0eea5,5d82e4c0,2024-07-15,3134.11,payment,legit
abe9dbbe-5b7a-4558-9c53-a2b409727712,a8669fef,2024-01-09,9024.54,payment,legit
03e201e7-8696-4692-948f-be3423a7abe4,7164abc0,2024-06-11,2288.58,payment,legit
8fc5902b-cc98-4642-b0dc-256192c55722,f9216c99,2024-10-12,1909.69,payment,legit
8ea2c4a5-9b94-42f9-a491-f1c02b17ecfd,e277d205,2024-09-05,5189.95,payment,legit
18e8a675-1284-4483-b56b-4b156f5f4e2c,4674f0b1,2024-08-19,6725.11,payment,legit
200c7459-f32a-416e-b226-b00d3e6ba95d,8775f84d,2024-11-27,443.32,transfer,legit
9dabd5be-aad3-4cf5-9fa7-ed046d4f33d0,47118cb1,2024-01-07,2210.66,payment,legit
2924a9ad-84e1-48ac-aac5-6a032a099b1f,83360805,2024-07-22,4556.84,withdrawal,legit
bc1358f9-6837-4500-aa2d-32e13d4b7776,6d2fd850,2024-10-14,3310.04,transfer,legit
61f0cd1b-c82c-4859-b490-ea1bac64ac8e,2b2d1caf,2024-07-16,7126.21,payment,legit
8b3df2e5-c91e-40ad-b1d5-ab9ac2525e6e,8775edeb,2024-04-28,5111.61,payment,legit
861b4e38-5f22-4566-99eb-055936d5252d,97fcb33c,2024-02-19,1603.59,payment,legit
20990acc-2827-48c2-812c-3a8aa6bd64a9,aacf4864,2024-11-19,8944.65,payment,legit
610f311e-f717-43b0-badd-39656a9d418e,170701c2,2024-06-20,2929.06,payment,legit
361ffcc9-67e1-4628-9506-d2cf31b357ed,12067a85,2024-11-16,7311.31,payment,legit
315387aa-a581-47e1-bc0d-836f5f60bfb1,34e7065d,2024-08-01,7799.16,payment,legit
9a8384e6-0a7c-4538-acf8-865ba7a429d2,2d6d6981,2024-09-03,9631.58,payment,legit
665f8e96-1aa7-475f-b995-48957cc8d4d6,d4621058,2024-10-20,4985.07,withdrawal,legit
a00dcd98-afeb-41fd-8cbf-f62e05947310,4602923b,2024-08-28,6158.36,payment,legit
51f6fbff-1c10-435b-a733-b0fd883a25cc,5aab24e8,2024-05-25,3348.76,payment,legit
60c71f01-8f79-4ec8-b267-a65d72c9957b,3b7f9b71,2024-07-06,6781.79,payment,legit
1e29cc46-9c00-4b9c-b98d-0bdb2971c68d,f19f255c,2024-10-20,4633.83,withdrawal,legit
4d3293bf-9c51-4ca5-85d2-67aa70c5cdfd,1f65f0ad,2024-05-16,4376.52,payment,legit
71e254e6-ede7-47bd-8f7c-0ba8e787cb7f,ec23d4f4,2024-05-21,8554.68,transfer,legit
8eb7f637-fa3d-4dc7-9803-706ed89c7300,8d9f8c35,2024-02-04,501.69,transfer,legit
d29c8f21-525c-45c2-8ca2-d992cdc97276,46764bc2,2024-11-29,8819.62,transfer,legit
7830c8cd-c52d-4456-a5a9-d5fec6508476,fb8c74fc,2024-02-03,8520.7,payment,legit
602f0262-8216-488b-96e3-2483c795ac63,b444fc37,2024-08-24,5063.66,payment,legit
fff75fb1-0ac7-45e3-a939-b8c0df79124a,7ac009bd,2024-05-30,4902.03,payment,legit
112efc7e-5408-4e20-937b-dea991055a21,02400c04,2024-05-28,3618.07,payment,legit
c0e005b4-65e4-4dc0-a935-9d73ad3e989e,f9a1c6e0,2024-09-05,9941.74,payment,legit
026a2dc9-0c04-4217-9cfc-1b5c4acdb903,68d18df1,2024-01-25,1111.69,payment,legit
2909e6d4-a2ee-4861-a49c-9ab13a2f9bcb,b04b5aa3,2024-08-04,5902.15,payment,legit
d042b613-e463-4b72-881b-7aabe792bcb4,79815bb0,2024-10-08,6816.82,payment,legit
349af8ee-e7bc-4809-85c3-84cf5790878b,80cba046,2024-10-29,9343.3,payment,legit
86b1203a-d5ae-43e9-9226-0c0da34e3dbb,84a26f16,2024-03-03,7802.03,payment,legit
3729b321-8a07-4bcf-905e-0c924a4fdfa0,96418b27,2024-11-23,6438.47,transfer,legit
a57f35dc-a6fa-4d67-90d6-62f3d38fd1d3,dee8ecbf,2024-08-27,1168.12,payment,fraud
183f6bbd-5cff-41f4-8212-d9bdcbe78c54,890d1119,2024-11-17,3737.34,payment,legit
4b9f6145-f082-4673-9ffb-4e2f3e12dc62,a7545b9f,2024-06-26,1388.42,payment,legit
5630eb08-dbb0-4c2d-8277-ab3541f1258c,316a1cc0,2024-07-16,8812.13,withdrawal,legit
7ace0797-a517-44d0-9439-056f3445c0e3,6ff55937,2024-12-01,7496.21,transfer,legit
ac3a00a0-8d52-4c31-8345-621a21599c97,a406bb43,2024-11-24,7575.37,payment,legit
4b704e99-9a6f-46a0-85bc-905010841c1d,2990eb23,2024-06-12,6522.57,payment,legit
e7bd2f6c-e0c8-45ab-b7a9-5abb7960d079,f22a5abb,2024-04-10,5070.44,payment,legit
7b17682f-0339-401a-a1d4-27efd562754c,b03d8676,2024-05-23,1499.71,payment,legit
5e0446c8-c788-4949-8daf-e39aa39095af,d3259b59,2024-05-21,3296.95,transfer,legit
f5327dff-1d8a-4cdd-8610-6fc3b2fc357a,917bab9b,2024-04-14,1369.16,payment,legit
c4c2f6a3-9846-4941-ad95-2850608c7ad9,13bd023f,2024-04-08,7249.13,payment,legit
4ed12c0b-748a-4179-af90-1ef212580690,a7006f26,2024-11-10,1602.29,payment,legit
8eec9264-b314-4abd-9b51-d36b9b274f0c,4c9063aa,2024-01-26,7021.14,transfer,legit
fbfdd156-1d7d-46d1-88f0-b38c39f84845,0a5aa734,2024-09-04,6922.55,payment,legit
42d6ff16-4230-4de7-91b7-90bd14fe378e,889c8686,2024-03-04,4593.04,transfer,legit
5b625839-3e43-4db5-8ad4-db838ed940fe,2e7ffbc5,2024-05-05,1352.29,payment,legit
4d3066e8-a818-4908-a580-26e567ec1fef,122a5cc6,2024-01-23,3148.01,payment,legit
15b8e858-2256-4696-99d9-c6ae335f124e,7e81fc95,2024-04-08,3200.93,payment,legit
9fab9687-87e2-46fc-9203-fbe2afa1587a,d9ac0a33,2024-10-07,7003.85,payment,legit
957307ae-7c0e-4f8a-9610-a3c932b07333,22842119,2024-11-19,1137.43,withdrawal,legit
2ff89490-c11f-4625-abe3-b889e7152f58,4f0909cf,2024-03-21,8290.69,transfer,legit
784b5195-fb07-4747-a85e-90d1861bf6b4,f3affb56,2024-06-18,7610.07,payment,legit
4d931766-f779-40ed-aba1-b090a7339adb,d56b961d,2024-06-20,1863.07,payment,legit
d10ef0d6-6aba-4ec9-a936-d01b62d112ec,acc1c1ae,2024-11-14,7191.64,payment,legit
6589f5c6-ab52-46cc-a160-16c65079a5f5,65f0d85c,2024-10-05,6685.13,payment,legit
52aa784c-1e4d-4c54-bb67-4cfc26772d04,c1ae0499,2024-07-06,7481.21,payment,legit
ecf11d80-4494-4fe7-ab23-c3a2a637f699,53fe1a51,2024-09-01,1889.29,payment,legit
f847eada-a805-406e-aa59-fb1e3af82e53,5e401792,2024-11-05,1575.9,transfer,legit
d2a942b0-b19a-4b85-a11c-f39f6bf71da0,7f0e41f5,2024-01-04,2364.84,transfer,legit
470b375c-7723-4905-b827-0b78f8474020,b163e564,2024-05-27,3658.72,payment,legit
beedec7e-f98a-456d-846a-bbb0830b2e0b,b662985c,2024-11-27,7936.65,transfer,legit
9eb17154-d050-4603-b46f-acf6d1b179bc,86ea3176,2024-09-27,7379.24,payment,legit
fa5b84ff-3e9a-41ce-8832-30a149c9e1d4,32c2622e,2024-07-17,9254.52,payment,legit
74ee0e13-80a1-461a-87e1-f15b7ae922d8,6704b635,2024-07-12,586.3,payment,legit
3e0d5a05-9cbf-449a-995f-086e1bba85fc,bafadb53,2024-05-06,115.56,payment,legit
949d6778-8348-4177-90ee-1db809d83313,1a5e817a,2024-07-08,6991.39,withdrawal,fraud
efa84fba-bceb-447a-82d6-55b5e9de4afb,c5005c48,2024-08-27,2792.87,transfer,legit
6cd20ce7-25c6-43f4-88a1-e936e4061d85,e5cb191a,2024-06-01,3340.79,payment,legit
5dff150e-9511-42e0-b744-d70edd948dca,ac3b4ecd,2024-09-17,5468.02,payment,legit
30846646-eea4-47bb-b8d3-cb2924466b02,74a6b4b1,2024-11-10,1024.13,payment,legit
54aba806-2d40-4ba3-8193-d0826aa939c4,3544ab8c,2024-02-26,6426.94,payment,legit
8211b1fe-a86a-4942-8166-cc4a7d8cc27c,9dca815c,2024-06-13,3251.47,withdrawal,legit
3a775a78-4f98-4e67-88f5-d042ba4803a0,29b8ddcc,2024-05-28,6327.15,withdrawal,legit
987dc28e-c739-4adf-98c0-8b39550088ae,53599f4a,2024-09-07,8340.07,payment,legit
88cf3c6e-7210-4e85-8db3-26c87b3206bb,bcd97e06,2024-04-01,1711.11,transfer,legit
bff02af1-28d2-42fd-9203-2a44a6fc355b,87bfc278,2024-08-21,9308.73,payment,legit
134a5453-5666-4321-909b-0b27a82e70ea,22dcf913,2024-11-16,5306.88,payment,legit
07ac08f5-b712-47f3-a8e3-333e41b0e3f9,30ec1f62,2024-06-01,9229.28,payment,legit
f3386bc6-d0bc-4ad9-8552-609b148485d2,6782d527,2024-11-28,2077.3,transfer,legit
7a403dcf-6b54-4b08-a0dc-4d6a2e4d0c90,049b0e4f,2024-12-28,6045.63,payment,legit
84cc60b0-c078-43b2-8aa0-81558d1abd63,1840bb8f,2024-02-08,4038.87,withdrawal,legit
e74d0c63-317b-4b2f-9381-b6640b89777b,7aed3071,2024-03-26,7742.22,payment,legit
d27225d9-96f4-458f-8448-43b803b6b163,3e1c5a9f,2024-12-12,6059.09,payment,legit
22e28a78-5939-42ef-b3d4-cce46af67014,635f0f8b,2024-12-15,4945.15,payment,legit
6f0030c3-4063-474e-a39d-a98ae560c1ea,2101de2e,2024-02-05,9129.85,transfer,legit
26ccbc58-95d6-46a2-87b2-c6a42e5a2520,a1d8ff9a,2024-01-06,3771.17,payment,legit
a3199102-a536-4ebe-88c2-12cdc9b5295e,8b9a942d,2024-02-28,2199.8,transfer,legit
9d5467cd-a277-4909-a5ef-ffec583194f3,7913d87d,2024-12-29,6081.01,payment,legit
e3e2e859-bed5-4c1c-8a03-32ae2c4bf810,d00501fe,2024-03-06,6240.28,payment,legit
453e07fe-60f0-4dcf-927d-94e3558968c0,158ebd1a,2024-07-02,4390.95,transfer,legit
336bb7e7-b1d4-4395-b153-8127f537969b,cb733e98,2024-11-05,4866.1,payment,legit
d1e4ee48-295c-4fc1-9d52-ff44a1784648,d0ca88e6,2024-01-08,9595.53,transfer,legit
8ddc74c7-ae1a-4fb5-8019-eb9190c59836,1e93079e,2024-08-08,7326.86,payment,legit
de7d21e5-ea23-4cf8-a34d-edf90709d025,9119596d,2024-04-11,1106.02,payment,legit
7b2dc85c-6541-475d-91b3-b7c4e3a946a7,fde64998,2024-11-10,2121.3,transfer,legit
a5727c26-d766-49af-8526-f2126b611152,182a2645,2024-04-13,9755.77,withdrawal,legit
058586c2-fd47-47ae-a594-3b0a6a2e3a52,f73d7541,2024-09-07,7264.66,payment,legit
deb9048c-d3f6-4670-bae5-2e8b26a68fe4,4c75bfc3,2024-09-03,9150.45,payment,legit
46f6da8c-7676-4943-8c7e-1e863d43d943,313e3175,2024-03-21,3038.61,payment,legit
46f5756a-3ef7-43eb-9d17-c2da3ada6a63,5bf3b50c,2024-01-13,7418.67,payment,legit
3643e86d-1c81-44c5-996b-5e7bc66a4cfe,178e4cc7,2024-05-29,7140.03,payment,legit
5d04200b-3594-4d83-a95c-a051722a27d1,79cb25af,2024-04-15,2946.9,payment,legit
42abd76f-10c2-4510-a4ae-261b41399aa4,250896f0,2024-10-22,5508.16,transfer,legit
21690026-063a-48b9-8f8d-a59fa1aadfa4,5ea3d31e,2024-10-19,6274.15,transfer,legit
303dbeae-98a2-4163-af1e-815d45e0a856,154032e0,2024-06-15,4811.32,payment,legit
79a69608-7f54-45b9-a74a-f5f4f1968435,396bcc89,2024-08-09,8271.79,transfer,legit
828ee6f2-6467-41c7-9412-18f575b42266,446a2ee1,2024-08-08,8328.69,payment,legit
71b63f89-3370-47c5-bba1-1ec6725e36ce,b07a1fd4,2024-10-28,8506.01,payment,legit
94bdfad4-bcf9-4b43-977f-b67bb943a725,5af3b0d9,2024-06-04,8034.24,withdrawal,legit
dc7d0707-9907-45cd-8032-f773aa9fe043,991f6dc0,2024-04-10,4880.83,transfer,legit
fc0b3349-44f8-40e4-9057-ace46b264271,42e97d8d,2024-04-06,3814.38,payment,legit
9c628abf-c5ba-4f8f-9eb3-999ba1698989,a59affd6,2024-07-14,8313.76,transfer,legit
b02226e9-b1a5-4f9b-bc2d-d126e60e821f,824dd744,2024-06-12,4902.01,payment,legit
84406247-3331-4329-bd1c-529361831091,4229d3b2,2024-06-09,2463.71,transfer,legit
442361e4-9169-4537-8897-71d9485e5565,cf38456d,2024-02-03,5073.44,payment,legit
c2a372d6-7e68-45c2-aed3-37603c2414fe,2bc7067d,2024-09-19,1418.5,transfer,legit
a12f7cc3-c5f2-4eb1-8433-4053748fdf0e,cf78e131,2024-03-19,6916.29,payment,legit
dd01ff19-7e20-4019-86f5-4b53591bd511,d2ecc6c5,2024-03-12,3359.21,payment,legit
9a97a7be-63f4-42d7-b83a-e9ff0e1d55bb,f5186ddf,2024-05-30,2606.59,payment,legit
398bcc20-4631-45e7-a7e7-54c6286c428f,62a6122f,2024-03-24,9565.09,payment,legit
357a864b-1748-447a-86b0-3d42c3ab2034,462f3f3b,2024-08-01,7768.81,payment,legit
324ccf2c-8d5e-4e54-afdb-6ce2fbac5b64,24ec090d,2024-05-15,7870.7,withdrawal,legit
1ef0e996-a5d9-4248-9435-1111869d65dd,6e7693e3,2024-06-12,6237.22,transfer,legit
862b44e5-a25b-4fc1-ba2c-ec33a590cd5b,09144a4b,2024-07-15,8391.73,payment,legit
1c285b79-913c-47e6-838e-784f655c5571,2ee92542,2024-03-15,7591.62,transfer,legit
e469f79b-7aeb-4e9c-a162-710cda136973,139d487a,2024-02-26,5987.74,payment,legit
edb4f118-c6ce-4e36-a240-dc6f79ab4267,045477ca,2024-11-17,9611.24,payment,legit
6cab509b-61de-46d6-94a4-24e2b1e5e6bc,f6c94d06,2024-06-07,1915.95,withdrawal,legit
312b53c0-0af6-4a36-9111-de214d4f666c,cdffaeb0,2024-05-30,9433.8,payment,legit
86b14776-51dc-45ce-be11-66a418655b6b,9688b9e8,2024-01-13,4014.38,transfer,legit
9ce526f5-bedb-4797-8692-f425bac83ce2,4a9af74b,2024-06-30,5283.99,transfer,legit
cd6a431d-8681-4b60-8c97-0b65328b30fa,b75250ee,2024-07-21,1227.39,payment,legit
77d3986e-bb9f-4297-89eb-7cc0dc108b5f,4ddba415,2024-07-22,5401.07,payment,legit
9ff1a714-ceff-4dfd-80ea-7cd969ea1f78,17bf7ecb,2024-09-15,6112.07,payment,legit
ade50124-e23c-4faa-8b61-962f123b639d,88fcb258,2024-03-05,9977.02,withdrawal,legit
5ecb1c1b-e3ea-48a2-af00-a6374364594a,f52821b8,2024-04-02,9751.92,payment,legit
f6068af6-1735-4a91-91b1-55b6ab4286a8,2f15f128,2024-10-22,9663.97,payment,legit
342d2d2a-ad58-4112-81f7-c3911732cfd9,d3e01706,2024-12-11,3483.88,payment,legit
dd9a5928-9cd0-4d88-ad7c-1827fd229498,0f1f72ab,2024-02-19,9912.66,payment,legit
06392195-d23e-4768-a0bb-4ac3342fef62,f2db263c,2024-06-30,4554.78,transfer,legit
b014c441-f3d3-42c1-9ee9-0bf11e4623b7,16d24b08,2024-03-19,8518.36,payment,legit
6e0b6eba-5d0c-4875-bffb-d2ea560a7aa4,e6ae88a5,2024-01-22,2163.2,withdrawal,legit
8ccc9138-50fd-42e1-b554-e87ec8e5b2f0,b1fec8c8,2024-04-28,5058.33,payment,legit
91ef06a9-d5f8-48a4-aa45-fff2f8a1f0a9,5532c474,2024-02-22,9660.12,payment,legit
53a0e8cd-9e29-4af5-a79f-a27a62325226,a5ca9fd5,2024-09-16,9470.31,payment,legit
9085d771-45ca-44f4-9d8b-fb9a8c8a8f51,f5f0e9e8,2024-07-13,6837.35,withdrawal,legit
95be99cc-c10e-4781-b5fd-6976ea5a0100,afccdd4c,2024-02-22,7978.14,payment,legit
1d745049-56f9-4164-8898-bb33cd6568b3,24c78323,2024-01-04,1764.27,payment,legit
cef5a85f-d3ea-4ec0-9d43-9d94321ca0ee,dc82616c,2024-10-21,7216.59,payment,fraud
e10fa816-cc11-42d0-ba69-1d777dff3d6a,1074bb59,2024-03-05,6180.51,payment,legit
bffe2ba3-0937-454c-bc8c-f81085a3ca85,36b289a0,2024-08-09,915.52,payment,legit
5e01cb90-db6a-415c-a2de-b228442b182b,480a7f89,2024-05-02,1131.59,payment,legit
0ac91ddc-93f2-486a-a575-5e8d7ed2a06a,bdcdee4a,2024-08-01,1084.44,payment,legit
323b07a1-ceab-4f12-831b-dde6f5ce2b2e,3c421213,2024-04-25,7243.57,payment,legit
df5b317a-c7ee-4e09-8828-4bd97c91a6cd,490011ee,2024-02-01,1417.15,transfer,legit
c2044daf-dbe5-4bab-9479-a12c4b2e4b5b,2b10079c,2024-03-22,4677.32,payment,legit
6b4ad971-8e0f-4bb1-8a42-f5e019156735,d810e9f9,2024-03-09,3569.82,payment,legit
6e53a59c-de18-4548-9f3d-04059fdb81f6,1f61e3fe,2024-06-05,5505.04,payment,legit
521bcaaa-ee8b-40fb-9287-40fcf29ba5ef,b502db2a,2024-08-28,7064.76,payment,legit
f4ff40fd-1c1c-4867-b330-4851b521b620,647e4ba1,2024-04-06,6847.23,payment,legit
93e13dab-6e1e-46ce-a831-d03ec0ec4ae6,7a9e412d,2024-01-05,5155.2,payment,legit
bd1347e0-44aa-41bf-b007-0b41b2c43818,04f20584,2024-07-08,4643.35,payment,legit
419cf93d-2965-4b4f-b1f0-11b3d1fcf8fe,e66d467e,2024-08-09,3978.16,payment,legit
7b6f72f3-c69c-4629-9a94-0bd14bfeb9e7,faafb517,2024-12-17,8619.1,payment,legit
97c92a43-afb8-456c-998c-daed0284d944,8f4ee1d9,2024-08-03,3308.52,withdrawal,legit
d2f7c3de-93a3-46e4-a03c-fd15ebbab432,64e9e1cc,2024-06-20,2593.66,withdrawal,legit
cd0aeb76-8687-48ea-ab77-233b94efefce,7a5b6e33,2024-07-28,7433.15,transfer,legit
678b8603-188b-4465-80f5-fd0b17229941,81b26bfe,2024-12-04,3597.63,payment,legit
7083f7a7-d3a3-44d0-b0c8-a08e742b0bfe,e9f5f1f4,2024-10-29,8469.99,payment,legit
9145608c-e736-476a-9e86-11a04fbc5c5d,7e75e958,2024-04-27,3278.89,transfer,legit
e4adf87a-c7f4-4246-9e5b-ec7916bbc64a,19923cab,2024-03-27,7019.45,payment,legit
7c1211da-cefe-4f72-9515-056e79b86239,b8a12b79,2024-04-05,451.09,payment,legit
b5dd48e4-7460-4bc2-af5d-acc59a902668,0728c28b,2024-07-03,3855.63,payment,legit
a6aab00b-8735-4c7c-b167-144575021eab,a051fee8,2024-09-28,3432.3,payment,legit
f538a914-f4ca-4627-bf3e-4091faf62d23,8f43b2eb,2024-07-02,8166.79,transfer,legit
ee546610-7f02-44f6-9b05-0ad06c6e21a0,41aa7412,2024-01-25,9670.55,transfer,legit
2d83d5ea-a733-4390-b112-1e04269e8d59,ec512836,2024-09-21,4608.81,transfer,legit
6e7b2c49-a2fc-4ed3-8d03-88ce23aa54ce,e572c24e,2024-10-21,8248.36,transfer,legit
5c299554-dd0e-4e5a-8fb2-e0a03886477d,07268af7,2024-04-15,6996.95,payment,legit
f8f6ab61-3cd0-4e06-8e9d-59c6d2f07332,336383eb,2024-08-30,9673.86,transfer,legit
f2ad7499-6694-4949-a720-16d62e05f6f8,0a240fe0,2024-06-04,8111.09,payment,legit
d74fe7ef-da67-4c67-ba72-9a7cb65fcfcb,02fef7b9,2024-11-20,774.78,payment,legit
d2be4ad5-1d70-498f-8fc1-c45de0203437,d7afb2e9,2024-11-04,7132.82,payment,legit
f7e588ea-b1d7-49b1-8600-ea5c97bb65d1,810f869c,2024-07-10,5355.0,transfer,legit
f614ac7f-96fd-42ea-832b-2d14c25a3d15,52021317,2024-09-09,164.36,withdrawal,legit
0a2d7f9c-61d5-49a2-b970-7cc797dc784a,317f2271,2024-11-18,2513.13,payment,legit
2e3055bb-bcb3-443d-be92-e2c704a5bf51,95f3881e,2024-06-29,9217.55,payment,legit
d9110100-8c75-4a7d-b993-a77ecf3f8af0,bcc82112,2024-04-24,9260.61,payment,legit
4e3e0489-0e81-4918-9ac1-a8cc715e6c02,8cfc1f84,2024-10-02,7988.5,payment,legit
61e08340-db63-49a5-a70b-20d565171188,873a798e,2024-03-21,9817.8,payment,legit
a1924b56-e789-4a1f-a2c7-cdfff953e373,2759ef80,2024-05-21,8065.45,transfer,legit
7ddd4ac4-fa3f-48cf-becf-397c49cb90bf,28597990,2024-11-11,102.04,payment,legit
b4580db6-395c-41a6-95e7-7fa7cd42dc8f,213b4814,2024-09-21,2878.34,payment,legit
27ac207e-383d-463e-aadd-441c01be6c77,b67aae6b,2024-05-27,306.24,transfer,legit
b4be06f0-5848-4999-a183-8c2a68679dea,d846a5ad,2024-03-19,941.08,payment,legit
332ca36e-e024-46db-bb53-1144a0e11c77,1e1ce341,2024-05-09,2188.41,payment,legit
5db6c7c5-7878-4078-adbe-fa2b964cc1d9,f24b3ec0,2024-04-13,5035.59,transfer,legit
254ef571-c194-44e0-81e8-f61919603df4,90c7bcc2,2024-03-05,8475.32,transfer,legit
9344fc38-c618-41a2-b983-16095c77ca90,d9413ed2,2024-09-28,8619.67,payment,legit
bbbbf32c-57cb-405e-b630-861aa8c4be88,981d7707,2024-04-02,6162.02,payment,legit
1f2a73b6-2a75-4ba2-999f-939fa46075d8,72063f0b,2024-06-14,9281.76,payment,legit
69281ddb-645d-41f7-ad08-41760bb90bc5,62452d00,2024-05-20,5000.62,payment,legit
47723816-f892-4a6a-99e5-316a66e6fafb,1daf70dc,2024-12-24,8890.36,payment,legit
848d634a-4513-43a6-af77-e428ed052d8f,b26f618b,2024-05-22,4540.65,payment,legit
b3c1e527-6b8c-470f-a14f-bfe91ff4a7f6,85c2aa8e,2024-01-30,2772.25,transfer,legit
e2625ab2-e60f-4f79-9a42-d2111bea1821,594e0679,2024-02-02,9164.13,payment,legit
2c7eab61-bdb3-453b-ad83-1bf90946cfca,e98893c9,2024-08-03,3879.35,payment,legit
593340ce-675e-4338-a359-a31a9c652a89,0dcc3cb4,2024-08-06,5034.04,payment,legit
42b6822e-03a2-44b9-8644-1e6c5975ff55,5970eebd,2024-06-01,3288.61,payment,legit
5eaedacd-4f82-4882-a2b7-23184b665f8e,42fab62f,2024-06-06,6628.38,payment,legit
b99175af-64f2-4af0-b7da-888a16f7c929,4c0e908b,2024-01-20,9950.31,withdrawal,legit
b732abed-4212-4685-979b-bd4004e32a48,f15bb1fc,2024-07-07,255.14,payment,legit
a3f5eea7-9df4-4852-ad06-aed1c8e99ce7,26561177,2024-07-03,8998.48,payment,legit
073d6bbf-44f8-484e-b80b-e7674a23b012,0713f8ae,2024-02-24,39.26,payment,legit
e6d84ad3-88f9-41a1-bbd4-aa1593fb7cd5,c4036897,2024-02-07,3642.28,payment,legit
2eb09d4e-6d19-4a03-8874-e9ca0a387187,a26be8d5,2024-02-15,1686.07,payment,legit
476d3408-f6c1-4e0f-a114-e527fa2c505e,73d61f72,2024-02-06,7573.42,payment,legit
d22505b0-5927-4cd4-aa5d-eb0673b65ac3,5ce14319,2024-08-10,506.11,payment,legit
e992e613-1f58-4384-9ce6-6d320b491ee3,caafe984,2024-03-12,5534.85,payment,legit
d0baee9b-b9c4-4b28-9324-d7685e886c25,8d9399ae,2024-04-01,2949.26,withdrawal,legit
4c4c7179-ac4d-46b9-be6e-6fb4ddc36032,324d40c8,2024-03-04,1336.7,payment,legit
909f7efe-1994-4a1a-aa1e-123e98232509,3c6f9d90,2024-12-15,7718.18,payment,legit
d507a843-2989-4662-b842-1c9ab82d09b6,d7313602,2024-11-07,2174.17,payment,legit
525b9901-5879-480e-a370-89ae366fdd0f,b1532b71,2024-03-25,2236.75,payment,legit
c4c4b279-717a-49bb-89af-1b5ce93a76de,27f10a75,2024-04-29,2750.77,payment,legit
68c36728-cecd-43e1-b412-421577efdaa5,2d41193c,2024-03-17,5867.67,payment,legit
baec4c43-d700-49a0-9651-fbd9a307346e,e5319ea9,2024-06-28,6596.66,payment,legit
9481d6ee-1551-486e-b44f-4c89c02044c7,ccc6a816,2024-01-08,176.03,transfer,legit
98d5f6e1-f0b2-428e-9726-b592c20a3389,0739ba91,2024-09-02,2418.7,payment,legit
737229af-50a5-485b-bc0b-fdef3bfea1b0,65277fc3,2024-07-09,4309.71,withdrawal,legit
38b27e4e-c195-4756-989a-43de0f222ab0,42e990ae,2024-11-24,3319.77,transfer,legit
8b78afff-5ad6-48f9-b3df-6b54773c3171,2cf0df7b,2024-03-01,8841.71,payment,legit
db4e22fd-cd4e-4999-84b9-770d527be314,ebde7d6f,2024-10-20,7877.09,payment,legit
f38a1d0f-e6de-425f-92c7-c34f76b59eda,441a10e0,2024-10-16,6258.9,payment,legit
e0ad2766-c464-404e-8d3a-3217000df900,bab4e943,2024-02-16,3380.42,payment,legit
e1e4cab1-d517-4e6f-808e-8388044c8b63,8dd3cde5,2024-05-25,7006.72,payment,legit
e86c644f-66e3-410b-aa4a-1787e7914edc,1d3cb78c,2024-03-03,8436.38,payment,legit
c13f713c-cc75-4acf-8f1b-9dc2f62c3e22,eaf7ed33,2024-04-02,5948.3,withdrawal,legit
a503ec2b-e8a4-4e04-9a6c-8efc61895b6f,adfa60f6,2024-04-06,7844.61,payment,legit
6b181eea-5d96-4a5a-b57e-c28d562ece6d,74e31d58,2024-07-22,7491.05,payment,legit
96c3a727-eba5-4731-8214-af36d1d7ca1d,f5a9bbad,2024-05-30,5717.37,payment,legit
2c5f7784-6266-4b17-9436-40cebca750d1,e4d57c3a,2024-12-11,3121.83,payment,legit
a405e6a0-be5f-4dc4-bd58-903926f8f419,53723500,2024-02-16,7457.82,transfer,legit
2f1fd9b9-76e2-40e7-9a6c-eb252c3e517e,b7c62511,2024-12-21,2067.96,payment,legit
5f54c991-c0cc-4e58-a533-42d5f07a6ee1,51aecf6d,2024-03-25,7794.88,payment,legit
f669e13c-f337-4913-b629-672289f93b81,aa3fe5b4,2024-10-09,8045.47,withdrawal,legit
ff877500-b64b-421a-a6cf-61ec6105d66f,275f68b5,2024-05-03,8221.45,transfer,legit
c7437738-d9b8-48c3-9cfb-0116e417bc58,bce01e40,2024-02-22,4729.16,transfer,legit
33ecf1b4-f0f0-43ec-89cf-8e0981a27f37,cd7f2973,2024-11-09,1924.81,transfer,legit
ba723993-193d-417e-b85e-5b04c4aff090,efdb8cdb,2024-04-22,997.24,payment,legit
468e8969-0cce-4b43-8fb8-ffedc6620400,333be54c,2024-08-28,7433.61,payment,legit
31e1a237-c21d-468e-95b5-f0c89a3417d9,6cd34d41,2024-07-25,8862.61,payment,legit
39d17042-cdf8-4a37-9023-09f0ddacc2ec,f1506d5a,2024-06-21,6508.38,payment,legit
f990c66b-bac8-4120-8bb8-212f594addee,dc469c05,2024-06-29,1441.6,payment,legit
288c2cc7-d6da-4253-8846-6d4d4a83d867,3c752265,2024-09-24,9348.96,withdrawal,fraud
994793ed-b987-465a-b530-ddf25676bac8,f4d67ece,2024-02-02,9891.02,payment,legit
7f451ff9-cf3f-40f1-8941-4fb195b82e4d,9e11c791,2024-08-31,4333.79,withdrawal,legit
681ca9bd-c13e-447d-90ff-7d6af863fa50,4063b31a,2024-11-22,5948.25,payment,legit
5d17c223-58ee-4239-99c7-786581df9f7c,a0f5af5c,2024-01-22,7772.29,payment,legit
5fbf127a-fd36-4fdd-aa1f-5c0eb4804af2,340e647c,2024-02-21,7363.9,payment,legit
7f941436-9ca0-46de-a7ab-8f959d757f3f,9526aabd,2024-09-18,9677.87,payment,legit
c11158b8-f25d-479c-b6fd-5d92119980b1,8206194a,2024-06-08,1148.83,payment,legit
6141969b-7ee6-4710-b670-1a0fd7a4001e,decf612e,2024-05-27,5807.25,payment,legit
6f8f562b-b053-4de1-9167-ef2139880f71,9063517a,2024-02-19,6919.31,payment,legit
bb55d301-58ae-4e60-9b1e-ff67b4f84e25,d87f4de9,2024-07-03,8900.98,withdrawal,legit
2b397988-efc1-4d2e-ada8-3b6a7952125f,0559c08e,2024-02-16,8741.1,payment,legit
2f1dec22-408a-4d0e-838b-46f80e088e29,2fb7b2af,2024-06-22,9780.0,payment,legit
fc1a2239-5b31-4bd6-8ed8-b323d992d444,a6d14b78,2024-10-05,5120.78,payment,legit
7007afab-9410-4fd0-8685-d737e1b6a4e4,900d6adc,2024-04-04,8307.61,payment,legit
804c23b2-ee30-4880-82ae-bb18b1d64552,c65d0922,2024-06-24,4272.82,transfer,legit
425d1c77-370d-4285-bea2-3eb1b4666cff,e9c8569c,2024-12-28,4223.14,transfer,legit
7c7deada-7c86-41a9-80cc-9a3eeeef883a,6871c2e9,2024-09-07,2533.48,withdrawal,legit
4a87195d-88e4-4775-8ff8-db0b17d4fd06,443d259e,2024-11-03,8182.37,payment,legit
cb671b0a-555e-4de7-a6a1-9c40a1c70fbf,a30b9ccd,2024-05-31,9858.15,payment,legit
cc7fb423-5fcb-4a0a-a931-57a44df0f5b2,61cdf395,2024-10-07,2563.42,withdrawal,legit
62a428e8-8385-40ad-9105-8fb29b5fe81f,d6bcdb71,2024-01-15,561.32,withdrawal,legit
048e9f2f-1cd8-492d-854d-645a3578618e,0c772684,2024-02-14,8155.42,withdrawal,legit
84848d3d-bc77-433c-8ffe-ec64bc4f79e3,a2f51a19,2024-03-15,6202.3,transfer,legit
50c86001-9a98-4549-a2c8-bc48e17cdf68,63bd2d51,2024-05-26,9596.99,payment,legit
ad61dcc2-a7b2-4582-a28b-ca443064470c,b53e72ca,2024-11-04,2522.39,payment,legit
a6a9ea7c-3ff2-4fae-afbe-181dff13fa5b,5b27d825,2024-05-06,710.28,transfer,legit
f94758f8-5fcb-40d4-9989-21e1be08ab1d,fafc5fa2,2024-08-26,4924.42,transfer,legit
151c5b30-5f76-4bcc-953b-a502716cc175,e4727e94,2024-09-15,854.66,transfer,legit
6f5e15aa-fcd5-4816-b9b9-d3021b3f2e23,8a8c3a4e,2024-08-01,2617.9,payment,legit
4b160974-6280-4fa9-90e8-d2ea0238582e,45ae75ab,2024-05-10,1259.78,payment,legit
1729007d-f4ed-4631-a274-0bcab3ed67bb,345b5856,2024-07-29,2241.32,payment,legit
906f4666-3663-467b-8393-79a61149efe1,eb77444c,2024-05-04,1061.45,payment,legit
9710c1e6-0b52-4938-80df-5a01bf3a68f1,5d584d63,2024-01-31,9539.06,payment,legit
a4952a34-4f70-4ebc-bcdf-3b1ea77ee688,afe2ab50,2024-12-28,2785.63,withdrawal,legit
d6a75270-a08a-4d0d-9d02-bcea53c67749,8da27c87,2024-02-16,4438.98,payment,legit
fd08b80c-48e6-4e55-a798-351cf5d84bff,f50bb047,2024-01-27,8986.12,payment,legit
de874fee-ac1d-4956-a27e-4c5e8397fa8e,a69e0fd0,2024-11-16,6773.22,payment,legit
aca3a854-ff46-4d4b-946c-b9cf7b90ff3e,f3c2ce15,2024-04-20,6180.37,payment,legit
ba6ec9c5-260e-41ad-a904-78c26fb10114,a8c39d57,2024-08-25,7055.63,payment,legit
f672e060-09cd-424e-8abc-d4e4657b0487,bc4114d3,2024-04-30,8288.22,withdrawal,legit
f9c544a3-5591-42aa-8ce7-1fe41a83b2f5,c7446c4f,2024-05-22,8776.69,payment,legit
6a1d8090-4e99-46ef-8248-fd3fcafabaf5,fec99dc6,2024-04-05,6426.4,payment,legit
9cb7d9da-3a1e-4e24-aeb7-714b5bc0e450,4d437fda,2024-05-05,8900.07,transfer,legit
7bf22943-f9f4-4d52-b4e2-9ca997682646,89ebb35f,2024-05-29,5353.98,payment,legit
15958802-4ef1-4fad-8593-202a2963a5e4,974c6417,2024-09-19,2772.91,payment,legit
d5087846-c56f-4c4b-973f-2bb5b79d3343,665e2509,2024-07-05,8800.77,payment,legit
e1b0de92-152e-43b7-8628-5aab63c25f85,d80ecee3,2024-12-10,5414.73,payment,legit
37c7ab29-9dcc-4ef9-bade-3fe1116a3da6,b2b05765,2024-01-16,9061.38,payment,legit
8784c72c-6bd4-43e6-a7a0-f34e2210837b,f1e6ee32,2024-07-02,401.68,payment,legit
beda7524-1d8a-4e2c-800b-9de9f674d3f3,6cde6497,2024-08-01,3975.16,transfer,legit
df773963-8944-41cb-9041-bde59a39fc59,3e7c5a0f,2024-12-01,9478.05,payment,legit
b31f0acf-1a5d-496b-857e-78fec72d36b5,e40486f5,2024-01-18,2496.5,payment,legit
6dec5bbb-7120-494a-ad3f-0811a400e2fa,e89748b6,2024-07-28,9415.36,payment,legit
39d852ab-fd1c-40a4-905c-19a253b235a1,ce646654,2024-11-07,9539.02,payment,legit
3d90d9ec-241c-407b-ac4b-085730aeeab8,5c8b575f,2024-03-29,8821.42,payment,legit
57b8e38d-0dd6-4ec3-be45-d861230ef089,79657826,2024-11-15,5636.68,transfer,legit
196dcf17-1f6c-4f21-8201-f1053bbc15ff,42b84744,2024-01-07,6469.39,payment,legit
ab154c22-7b13-45e9-aee5-270adc36a1b3,00808b29,2024-09-24,8696.17,payment,legit
11f73c05-ebeb-4212-b78f-56de6abc66dd,56655a87,2024-12-06,7758.97,withdrawal,legit
fc3987f3-d345-4a20-af52-74638e877a42,7f07e82d,2024-08-27,6300.94,payment,legit
25dd8b47-3896-49ff-8dce-778f188706ea,87ffbd56,2024-06-09,9822.59,payment,legit
75556687-3809-4903-a761-72c9e163d39c,a096e601,2024-01-17,6856.77,payment,legit
309359c4-c87a-4958-ab28-7fbbbb172111,2b3a1774,2024-12-01,9754.82,payment,legit
dfe6c286-849b-45ba-8839-b1a9d8d2e04c,07f57e6e,2024-06-20,573.88,payment,legit
4e77664c-3a8d-4ffc-902c-c373a8b50815,9cc0b37b,2024-01-11,1389.6,payment,legit
0a282bcc-4092-4b6e-915d-b1446809357a,d3a11113,2024-09-08,4514.59,payment,legit
4b5feb6f-c64c-4224-8244-374f3c3c22ea,7977a745,2024-06-24,3848.79,payment,legit
f6f77550-5074-4bcc-8615-0c1a92618fc8,2fcea67c,2024-02-15,7827.35,transfer,legit
4764ca52-7fbf-4dfe-a323-0fba4972d2bd,271c81cd,2024-03-19,1606.14,payment,legit
a875648f-43e2-4c5f-bacf-26645543af3b,e45f9f4e,2024-01-24,9760.95,payment,legit
6dfc05c4-ada9-4923-84ec-be8f8bef354f,ae98f4a6,2024-07-28,3150.66,payment,legit
d686a9ed-1642-44bb-bb1a-226616b5c39a,c700046e,2024-08-15,4289.24,payment,legit
45714a14-69a4-4309-9b6d-35a464ba1b61,01b20141,2024-07-03,2747.45,payment,legit
4939a128-72ce-4731-8d8e-b4d6e26fa449,46573ad3,2024-10-25,5793.64,payment,legit
1c881dd7-6a57-460b-9117-4545f9177d82,e7b01763,2024-11-10,586.29,payment,legit
edb6ef98-4ba3-41f5-a35c-c5ca75a0791a,55cff514,2024-08-12,1496.78,payment,legit
310a91f4-674b-4738-9315-df73abae937e,d70b95f9,2024-01-05,7457.98,payment,legit
395663be-9a65-42d7-b928-f56ca2f7b840,7ab2c913,2024-09-10,1865.01,transfer,legit
83fa0b5a-b9bb-438d-9f31-59503cf31b5c,af0d78ed,2024-06-01,2355.14,payment,legit
d6c76ce9-860f-4222-a8ac-888aaa9374ab,86ea8fe7,2024-07-25,7929.82,withdrawal,legit
a4a08ea7-e2c1-4f5d-bb5d-3b9cbd41ecaf,de457b5f,2024-08-24,933.01,transfer,legit
09c6b342-27c6-400f-8467-c2cccd2e3fec,4dbf04ae,2024-05-07,4374.74,withdrawal,legit
c3a93884-ff57-414a-9c49-42255c0b171a,3633132d,2024-11-30,230.63,withdrawal,legit
26361814-cc3a-4473-84b0-5676d4d20fb5,a970a912,2024-02-18,3468.07,payment,legit
82cf8549-46f3-4b93-99be-ea8b7219eaba,6a33f984,2024-09-02,6989.81,payment,legit
b2578c01-176e-4eac-a880-0e2c268295de,5c5ed21c,2024-01-02,901.03,payment,legit
02f1e6b9-f9d5-4cb7-9ad7-1e80c8d130c8,7bf9699c,2024-12-03,8883.35,transfer,legit
4a079f60-36ac-4244-9673-797ea852bf0c,f5230e0d,2024-02-11,9094.99,payment,legit
f1b7392a-a72f-4054-9278-72c9974f81d0,552a564d,2024-02-04,1049.9,payment,legit
db7178ac-82ed-43d5-8060-8f49a9026496,683163b2,2024-05-01,9907.32,payment,legit
90af0271-474c-4b76-8318-c9ec4f381817,9ee5d376,2024-05-16,2975.3,payment,legit
6fcecb25-8313-4db4-9339-fd4ec54f102c,6c6d6760,2024-03-19,841.02,payment,legit
e0c1e207-b653-412e-92ee-facb79a306a3,12650a08,2024-08-01,50.67,payment,legit
9f2c26a3-4e8b-4280-9564-fbee098e2c9a,e3d6f278,2024-06-10,4085.23,transfer,legit
3ae891ab-259f-4731-bafa-af2c5d150cc6,d1d5a027,2024-01-13,6298.1,withdrawal,legit
c321ad63-919d-4a65-aa1b-860850d9912d,ab0758f5,2024-04-26,3321.79,transfer,legit
957730d7-4cb3-4f2d-9f89-f6b97da489c6,10fced4d,2024-10-22,8367.17,transfer,legit
ef3a224f-305f-4f10-9ace-7ba3d9888a20,f99e4daa,2024-09-08,7166.06,payment,legit
28f40d7d-db75-418c-9655-9149d95bb9bb,fe054362,2024-09-21,3501.62,withdrawal,fraud
2ac1abf2-d190-4a25-bf2c-22f5d519252b,4f2ff7e6,2024-09-11,7343.1,payment,legit
63b91761-d715-47e9-80bd-9bb0bba2f937,2e5eb06d,2024-04-23,9404.88,withdrawal,legit
e0326cc6-b586-4d7f-8885-37251349ef2d,e7a268fb,2024-02-06,930.96,payment,legit
90b6fccc-8b2d-4728-8042-bc8155240342,f2690bad,2024-04-09,3061.04,payment,legit
eabe54c5-3710-4fc3-b97d-f7f1e14728ae,03452288,2024-10-30,4633.26,transfer,legit
de3522cb-cf06-4e34-b0c1-187e3d4682ad,28b16523,2024-12-23,4979.9,payment,legit
951579c6-aeb9-490a-8510-8b93f75957c2,65318dfd,2024-06-29,5421.96,payment,legit
e4cf73de-b7b5-4ff5-86ce-fc87045e909f,66d3623d,2024-01-04,3006.27,payment,legit
f299fe51-3e06-4ce1-b9c4-611e251d1953,8ec98003,2024-02-21,6672.6,payment,legit
c91aa0ae-1892-4814-b37c-fba8b76a9cb2,3f54965f,2024-04-27,6450.85,payment,legit
faf46256-2d25-4827-836f-47e2654f16fd,2c937fcc,2024-07-30,5778.22,payment,legit
d0c30737-96d4-4f94-bbf4-2d3cd7ce6361,028b4b6c,2024-01-28,1137.62,payment,legit
5d94e3f6-8bf7-43b9-a609-db79452bbffc,91666054,2024-12-10,4769.68,payment,legit
f4eb8f10-d9fe-42d9-acca-1d59b538152b,40b236bb,2024-05-13,3562.27,payment,legit
84863864-5b22-4065-be9a-b82bf6087e48,43f2c7b4,2024-11-29,4910.38,payment,legit
7f265c30-b345-4bc5-b6af-5dcdba0ead51,90cedb49,2024-10-11,9218.66,payment,legit
1f6afe2d-dfb5-4b64-9876-77b9081ba748,6ed4d72e,2024-10-02,4805.31,payment,legit
6afc282c-42c8-42f3-a3d1-09cae9cd9d9e,15fc735a,2024-08-09,139.81,payment,legit
5f6875e8-ee23-4567-8ad5-32abf05c6a6c,9bb1d91f,2024-08-16,4388.37,payment,legit
d8e0b82f-0736-4d8b-ab69-a3457d4160c4,947c59ab,2024-08-20,8206.48,withdrawal,legit
dc512e1a-3efb-434c-b117-c2b7ff387848,8dd9eb98,2024-08-17,7800.61,transfer,legit
cffcba84-2302-4a2a-86c9-c81abec7e7dc,2176f852,2024-07-21,5133.9,transfer,legit
6d812e7d-ffb3-4403-93dc-65e03b717e98,4e744b72,2024-12-26,2497.69,payment,legit
08d2a15f-e13b-4230-b809-36c53f87d8cc,10926571,2024-09-24,4650.89,payment,legit
cb655c1b-83f8-421b-8351-dc247cbef68f,e3d6bf7c,2024-10-10,5637.02,payment,legit
b24a0548-1923-45ed-9372-04fcc195055c,8b2143f7,2024-11-14,9998.71,payment,legit
abb18af8-fa17-434d-a486-3e364cb8038a,e2094ea7,2024-03-19,6441.78,transfer,legit
6d6e3b96-4bf8-4367-8303-c51061268a85,c702f148,2024-01-31,6942.65,payment,legit
d781f21e-75fd-4550-9e56-56f51617d8aa,fa29b232,2024-06-25,4914.54,payment,legit
43e66994-7111-481a-9920-b62cdd454510,311ec33c,2024-07-06,3544.9,payment,legit
254886b5-5e08-4b65-b978-4b9f7f7c2ad0,ecb86377,2024-10-29,8129.53,payment,legit
69368623-4235-4867-b464-edfb078d6dd3,6d618494,2024-06-10,4949.32,payment,legit
2f0d956f-cee8-43c1-acd8-17f441dd73c3,ad1e37df,2024-07-27,9946.9,payment,legit
72da9ec3-f9b9-46c9-b88b-741a784c1f21,6f5c7543,2024-07-11,4571.21,payment,legit
783ae810-3463-4394-b44b-e2a4d876b67a,a2786336,2024-01-14,680.0,payment,legit
3742f727-c3f0-4fd1-8f02-f2a3c1a9ea02,2058a49b,2024-08-12,6825.78,payment,legit
70747743-87e6-435e-bb2b-a65389a60ed6,cf1e49e1,2024-10-29,466.41,transfer,legit
c36eca8b-ca3a-45ee-8df6-d1720a666e34,3eea182c,2024-02-27,2505.02,transfer,legit
31bc40a7-8462-46ed-a20d-2cbdf28eb337,4b8d3a0a,2024-08-04,3537.38,transfer,legit
618b07d5-03ca-4ed7-9eb7-fcdfb57b8b73,8a39be43,2024-08-04,7394.84,payment,legit
212c8ced-e6a5-4b55-bc0c-0039cd69c11c,845fac39,2024-02-29,4942.36,payment,legit
6ed2690b-19d2-46ae-94c2-6fb1ce185170,c5b5afdc,2024-02-15,286.46,withdrawal,legit
b629ca2a-3c81-488f-98ac-ea5fd3beab6e,3558e8f1,2024-12-23,6168.5,payment,legit
0ceca919-9ad6-4e76-b539-440b44bf8720,b921e045,2024-05-23,4114.36,payment,legit
11c3ec30-518d-490d-820e-d4fff161c356,a49dd51a,2024-03-24,9218.35,payment,legit
e4ed74a2-e34b-45dc-8d7c-6a5b99709855,74b9302b,2024-03-03,4995.62,payment,legit
a69950ac-b670-4407-a907-3c42a0ad369a,099fdb00,2024-08-31,7089.75,payment,legit
14801f59-c4c2-496a-8a62-99a1107fcf05,4b7ed55e,2024-08-10,2188.68,transfer,legit
4a11432d-8430-49c8-b74f-7efe622518c5,5683a90f,2024-08-22,7609.74,payment,legit
a01841b7-8389-4163-868f-c0e9d4c196a0,82ccbea7,2024-02-02,7209.55,payment,legit
2185be49-db47-4a93-a3d0-a9bbf8a4cf09,12fc3576,2024-11-22,9040.82,payment,legit
419805ed-7b48-47cf-a11b-996a3bda92e6,74567253,2024-05-22,338.22,payment,legit
49fd909c-5426-4be1-97a4-1f0fd74cb65e,9c234732,2024-04-24,4475.01,payment,legit
9540d8a0-d5af-4eac-a62e-edcca692d8dc,61f51310,2024-06-17,6791.55,payment,legit
5ff31329-3f71-45fc-b0a7-c8d54c2fe0b7,a55cf209,2024-05-22,951.64,payment,legit
8d71f5a0-836e-4322-a7f6-c3543b32c58d,387dc3c0,2024-11-11,4106.04,transfer,legit
67cc1f9b-1def-4e3a-ade7-9b8d26fea243,45c885c7,2024-12-05,9421.47,payment,legit
72bc7f9c-2d55-4936-91ed-951e3f1f0398,151737c7,2024-04-20,4359.34,payment,legit
be93e486-32c4-4375-964a-3f68ab9acd12,490f50c5,2024-11-11,9854.05,payment,legit
02b72dcf-5f34-4c4d-85e4-ead643e0b4cf,97949b93,2024-10-12,568.39,payment,legit
2b0e4459-0fd5-442c-905f-310def265452,771d519f,2024-12-05,7178.3,payment,legit
20e4733f-27ae-47bc-84e9-3f2167d9caaf,7f1605fe,2024-03-30,5810.16,payment,legit
cf7b92c6-3158-4254-961d-d6a0623d4b2d,ccf05ca3,2024-07-29,5005.4,withdrawal,legit
bd0d514f-3330-427c-bee9-082de938fa61,d02171cc,2024-04-10,9708.47,payment,legit
c9435fc0-558c-478d-adfa-ca983f40224f,5f02fe72,2024-10-27,1296.5,payment,legit
7e44b988-e38e-4c1e-beb7-ef0d6d8c78b3,270155eb,2024-01-02,8959.99,payment,legit
82b347fa-2549-4f2b-9a8f-cd2b63c6f229,e4f87def,2024-07-25,6912.4,transfer,legit
53977c0c-a8d7-4e94-a445-eb4581d92deb,b4223bfa,2024-05-03,2589.96,payment,legit
d8db584a-5915-4e36-8a4a-42e1420fd712,62287cb0,2024-04-27,9016.69,payment,legit
8d8a9bda-87eb-4220-bf89-5b9d4318123d,4bed6fd4,2024-08-23,4292.95,withdrawal,legit
96ff37f7-0df8-4b95-86b4-90e9e959e733,6f9d4e42,2024-11-06,8142.27,payment,legit
6c1f74b6-826d-4977-a3c8-7a739441b7cf,aee73e8d,2024-08-10,3888.37,payment,legit
f085b92b-7fe8-410a-8e2f-1d027426a7e8,cb016fc7,2024-11-07,8509.31,payment,legit
d22135c9-ef82-4ea2-8258-dce85219bfad,74ea008a,2024-04-06,6366.29,transfer,legit
7e91b220-1eb7-47e7-9121-3e5ff20f312a,9e95ade5,2024-07-08,1410.47,transfer,legit
6d53c5b2-3733-4f86-bc74-cc11478d1cbc,806c7901,2024-06-13,6496.63,transfer,legit
03a540b1-c0fe-4236-b2cc-08f7f6275ff7,05847e78,2024-01-05,1913.45,withdrawal,legit
6387e8f5-24dd-4e90-9630-d940a7315b74,a98b40b8,2024-07-22,4119.23,payment,legit
b286e36a-3f98-4705-bd98-4777972492fe,682d58e5,2024-08-29,1702.96,payment,legit
335af505-5c38-4d6e-a8ea-d6424fd39219,87dc1745,2024-08-04,220.16,payment,legit
d2468cec-6f99-4f8d-ac6f-c0f1a8f611a9,2ea8ebd3,2024-09-25,2118.87,withdrawal,legit
8ed99d24-bf82-41bf-8e3a-27c8e4dea83c,8311112b,2024-07-27,5363.72,payment,legit
be691159-3c82-46df-a510-347f53c61519,7c4e3a37,2024-01-25,4815.61,withdrawal,legit
b0a8042a-6f58-4b03-9f9f-2e0fab97cae8,36a888ce,2024-02-12,5014.97,payment,legit
5b2286a6-8635-408e-9cdb-76846765d343,66a22ea2,2024-08-05,2476.87,transfer,legit
6c59851c-7ab5-42ac-9920-4f591c7fc9e0,dbab9249,2024-04-10,6851.61,payment,legit
40880de7-8d84-43da-b3bc-970c8ce16951,eee2a2e6,2024-01-30,7042.63,transfer,legit
8c154e8c-5346-4b60-9394-805c140db5f4,1bf76396,2024-06-05,3579.68,payment,legit
55ff46cb-8321-4ac6-900f-77d99ed404b4,c4d65633,2024-07-21,8811.7,payment,legit
146f08d2-02ae-4490-9e0a-c2f9c4410ba8,ec972ff0,2024-04-29,6440.23,payment,legit
758d5ea9-9ffe-4978-8394-c6a3839b3c62,83681e96,2024-09-19,7130.39,payment,legit
d94b3c33-cffe-4b91-a2ce-0a6539ee79f3,63a628f0,2024-08-22,2773.4,payment,legit
8879209a-a070-4f81-a327-e17cfdeda0e3,55baeefd,2024-05-01,6.12,withdrawal,fraud
1d4104a2-3f11-458c-984c-c1cf38bde0a2,b807bed9,2024-10-02,8653.76,payment,legit
bdd7d9b4-a770-4ee5-a86c-df9f0536cd19,b7aa165f,2024-08-24,8224.24,payment,legit
7e6a1353-a3d8-4989-aec6-d0d91ca7d68b,0049b8f1,2024-08-20,1231.92,payment,legit
73480806-f627-4997-9d72-9ea10dddecb4,6f4e8fc7,2024-07-21,3741.05,payment,legit
1544c35e-480d-4eb0-a7d1-55939cdcc761,ca71c87d,2024-01-05,6613.39,transfer,legit
74f8af7d-ce5d-4351-a10c-09d1c2a1e73a,b1148a58,2024-09-11,6521.11,transfer,legit
8142ba4c-196a-4a55-b651-e3f25784cac9,088c18f3,2024-05-17,8603.5,withdrawal,legit
6812836b-58fd-47cc-8a44-df0b0cc9a038,41cdddc0,2024-12-10,1402.68,payment,legit
14cedcfa-aed2-4d09-810e-88e2f91a3ed6,5377c7e2,2024-10-25,4299.4,payment,legit
f54f9f14-a2ee-4e70-96b0-96fd043b3401,b2112760,2024-08-02,972.24,payment,legit
27a51752-ff4b-4268-b8e2-2674fe0b5707,613cd3e0,2024-04-02,3895.95,payment,legit
ad2c9feb-1a44-4f06-95a1-eb4ae8e0d79c,341241a1,2024-03-15,151.07,withdrawal,legit
97f3e609-dc69-4d4e-8873-ed1133bb9936,0a8fc597,2024-05-04,8982.73,payment,legit
5cdd5ada-793e-4ffd-8f86-ea6ef324e31a,528e64bb,2024-06-22,5270.44,payment,legit
2e64cec8-730c-4ec7-8447-8e9c3c9ec025,e4a0d156,2024-04-18,8498.02,transfer,legit
7be26f98-93bc-4c3e-ac98-975d2598dd88,298a655c,2024-07-06,599.05,payment,legit
b306999a-e0a7-42c1-96ee-84a5a03dacba,1cce13be,2024-03-01,2274.58,payment,legit
f1730a35-cf21-41fd-9b22-4f83adacf0cd,07b6d907,2024-12-22,2593.8,transfer,legit
32d91ba0-bf1a-490d-a8e0-fe93d97db598,8262a24f,2024-02-09,3866.91,payment,legit
3fa3bcdd-c369-4e00-8845-03e883b50299,e6a36979,2024-12-06,8028.66,withdrawal,legit
862bc798-8eea-4042-bfa0-d8ed278fba07,d3805183,2024-11-29,3865.58,payment,legit
7791fb58-7e67-4774-aac2-b65aa5b64ba9,5fdb0f7a,2024-07-10,2046.54,payment,legit
15f6c100-8bd5-4a06-b792-03ff46dae6ce,a99367e9,2024-09-21,649.9,payment,legit
82002110-43d9-4db4-96e3-217838c524a9,4eff115a,2024-06-08,794.92,payment,legit
3e9fd4cb-85f1-40b9-964b-3a8f07eedac6,667fcd9c,2024-08-17,7600.47,payment,legit
3eef4e21-d279-4541-a1da-4a6d682f1dd1,5154a5f0,2024-05-04,4448.03,payment,legit
6f4571b3-aaca-4174-a49b-e9db815d91ef,bd4077f7,2024-04-19,7261.81,payment,legit
cf4c9339-d976-4748-9f5a-2c9e27e52746,cb2263d2,2024-07-30,6822.87,payment,legit
635cc22d-6e1f-4818-ab1f-f84a9bbdf0c7,79ad5b37,2024-06-30,1353.62,payment,legit
266d026e-2966-4c6e-b093-dc810715802e,8bd718c1,2024-07-30,1428.88,payment,legit
7cd881c2-e690-424b-b39b-b5beb1fc649c,794747e8,2024-04-14,7553.42,withdrawal,legit
2a40214e-a52d-4e08-96cb-5f5d54fcd28f,01d41292,2024-05-13,7212.68,transfer,legit
0b3484ff-47a5-42bb-8e8f-4c4381e00b7c,35079459,2024-01-31,3780.31,payment,legit
e4d2b022-b502-4215-b90c-b6b5c0e3a7c3,2675ef09,2024-01-20,774.22,payment,legit
009659ee-621a-47ea-96c7-ed58cef78e9c,fa88ac90,2024-04-02,120.98,payment,legit
cf842118-d9a1-4919-8aa3-05b750f98988,3ae4741b,2024-01-28,2881.57,payment,legit
1ffd9e79-2bc8-4056-97bb-89528da2da68,0b4f45ce,2024-02-07,92.22,payment,legit
6df86d84-6ae7-4142-800c-2bf4b1eeff6e,30f1e7fe,2024-10-23,2300.73,payment,legit
6d6bff89-caf0-492f-ae56-5494452204b5,fe0cbf7f,2024-01-15,4195.01,payment,legit
b7ee5ba6-fd42-4124-a505-0842267988c5,e521ac0b,2024-08-28,1214.16,payment,legit
b76eb3fb-1bbd-43ee-a015-46f531e4a245,9472837d,2024-04-09,1042.78,transfer,legit
99256075-8127-45b9-be8b-e65da75e3a70,ae91d82b,2024-11-14,8964.37,payment,legit
46c77325-612d-40b6-bba9-d09871b70c8a,5dcac035,2024-06-26,5854.7,payment,legit
c941aa68-4eb0-44b1-9ae8-e71fe66b2d47,94b87f8f,2024-04-21,9344.56,transfer,legit
53c19555-e2da-46f0-ad60-f31e339f8055,4f99282a,2024-07-07,3458.26,transfer,legit
f7f48d51-6fa8-49d2-a64c-a8e16ab709d1,d9af59a9,2024-05-19,6771.45,payment,legit
5fbb662b-624d-4026-bf88-10c4cbfffa8a,e9712088,2024-07-24,2046.92,withdrawal,legit
3efb6e05-a850-4f60-95f6-150eac09dec5,33cc350b,2024-02-11,6183.4,payment,legit
9bce5282-5c87-4f09-be59-535385f73d8b,c4af328d,2024-12-29,1295.86,payment,fraud
bea1e517-beec-41e5-8911-90c4e9d0f98d,8038ceb2,2024-06-04,20.81,payment,legit
63957736-821c-4486-b089-b52668aee5c4,a6338065,2024-05-07,9315.32,transfer,legit
a9e6bdef-13c1-4ee9-8294-49fcae96d869,ea6a7f15,2024-09-16,5548.94,payment,legit
1b6fbd8c-76f7-4f59-88f3-d31d44b4a903,6109217f,2024-05-12,9269.41,payment,legit
e352cd77-fb8f-43b9-aead-f2aa7beb226e,bfd21b58,2024-10-31,3338.32,payment,legit
0526e12e-9b12-4767-81e2-e6309b67f588,14b6e5ef,2024-06-14,3277.86,payment,legit
8f923e8f-4173-4a7f-850a-91e887d065af,6d5f1dc7,2024-09-19,4006.55,payment,legit
de4eb6df-db4a-43b9-8e2d-3f915292d446,4989c4de,2024-02-09,7060.41,payment,legit
a6f8d331-6850-4a89-9903-991fa3d01bef,48f4d6d9,2024-11-04,5658.09,payment,legit
6ebc73e3-a994-4f86-be64-2c5f6e409ab7,53939827,2024-09-25,9253.55,payment,legit
63153ee4-626a-46ff-96e7-425e63da2df5,51439272,2024-03-18,254.41,payment,legit
29f9800b-34b2-4f6f-b66d-ea1114da3afe,683a81e0,2024-02-23,7081.96,transfer,legit
05cf261c-e363-48e1-8754-830b56b04410,7c658b63,2024-04-25,3303.28,payment,legit
3d367770-1fb9-4779-82b4-4b1734f1069d,e706d4ec,2024-12-22,1802.34,payment,legit
9ab86c31-314e-4e65-9491-71d4f6c33211,58a7a983,2024-04-03,5103.96,withdrawal,legit
5db6848c-92f4-4acb-b5a2-7a3632ec36bb,0f63ba63,2024-06-15,5050.64,payment,legit
60bda3d6-8bff-469c-a12d-538979fce34f,e8b50a1c,2024-01-11,1370.11,payment,legit
8628c429-34ad-4dd8-88b0-deb1e7973b6b,27caf6a7,2024-05-24,2018.96,payment,legit
73b7fbd5-226c-4a5e-b0ae-8f238e586f06,ad3437a0,2024-07-27,4081.65,payment,legit
240349ba-577f-45af-9581-341cc21c0029,0a27fed0,2024-12-13,4088.11,payment,legit
2a7658f3-70d7-4b79-bab5-384ad53dbaa3,90ac0849,2024-07-07,3175.58,payment,legit
a14d8c5d-7ef7-4055-981a-7b43e87c2014,504dd8de,2024-10-25,1485.45,payment,legit
71672064-729d-40a9-9139-2780ff346c63,9d19cf5b,2024-07-18,43.74,payment,legit
f9bc8aaf-9b46-45d5-82a1-d3320853d6c4,0c042e64,2024-01-15,9702.35,payment,legit
480412d7-08c2-4701-81d4-c7d3e4214e37,267b6288,2024-04-24,9434.99,withdrawal,legit
7247f6bf-78ad-461b-ac55-8fefeff46bc5,4242e533,2024-07-29,4836.5,transfer,legit
c715143e-e2e1-4e1d-a04d-9cd6090363be,1f670f3a,2024-12-12,9950.52,payment,legit
827ccc35-dd86-48b6-8360-6bbf1b1ceeb2,f4535f75,2024-11-09,6736.54,payment,legit
70895adb-e2cf-4607-a120-d6bbf565c8a5,98b4e0e8,2024-03-24,688.58,payment,legit
ba3694f9-ca35-42f9-b119-75e60ee00e23,8982f54a,2024-03-21,1177.18,payment,legit
cec5fb30-14b2-421e-9c4d-c16f4753e106,ce5bc123,2024-03-14,9161.11,transfer,legit
6472505d-0a89-4671-a741-4d7d011c7024,2c807bbf,2024-12-02,6300.52,payment,legit
931a8dfa-05f8-4823-8dea-d2089b024b03,89bcbf0e,2024-11-07,8431.84,payment,legit
772f4b34-f492-4f0a-8a0f-b5f7533d4ef9,48e5c10b,2024-10-09,8982.7,payment,legit
142ac86c-b3e9-490f-b6ba-c696f7a5a2b2,9dd38ef0,2024-05-23,4479.42,payment,legit
65025bdb-833b-4843-9053-d39382a32bde,fc67bea4,2024-07-03,485.26,payment,legit
4212c9d7-421b-4346-82e4-4defd5a8b0b6,02fefbfc,2024-06-18,1882.8,payment,legit
45546292-393e-425f-bd9d-e38f0d2219ab,e2c8763b,2024-04-02,665.72,payment,legit
1b705870-0214-4881-b61c-86bb1e123f5e,4bd09740,2024-07-03,1887.4,withdrawal,fraud
739119ac-2a3f-44ae-870a-838a5e3c7662,c516ee2c,2024-01-12,4105.33,payment,legit
c733cdc5-9d17-4ac3-9d85-0bfe0904ddab,152f2895,2024-02-18,1181.97,transfer,legit
e3dd23d9-37f2-48ca-8ab3-9cd5238aa7f3,61245e8b,2024-11-19,1667.33,transfer,legit
ace8d06f-881c-4648-bbcd-3560793b2994,4100289a,2024-10-01,4458.22,payment,legit
167d3a88-8078-4fa3-8c7a-316cc59af806,e0af82f1,2024-06-03,3401.71,payment,legit
447828ca-60b5-47ef-be88-d77d20a12eab,34686285,2024-07-07,4676.58,payment,legit
6ba3c58d-3100-47d6-9242-5322574e25ae,5ca29093,2024-05-15,4291.72,payment,legit
6c414186-78aa-4d9c-a6b8-37dd6eed5471,cf0a9072,2024-09-27,6444.78,payment,legit
7434f81f-bd96-4a59-a007-65d5d76d1161,921d836b,2024-10-13,9371.9,payment,legit
14a9ad33-d21b-482d-a6a0-a8961d0ef7c4,da4ffd21,2024-10-05,1078.64,payment,legit
b636a210-80b8-4c2b-99c9-e525e78c9c5a,30598ebd,2024-09-20,992.6,transfer,legit
e15171cd-5239-40d4-9679-acad89e941bc,55eca190,2024-03-15,8528.06,withdrawal,legit
007d6667-33f5-43f3-949b-5eb95441bc0c,59129e9e,2024-05-03,5063.97,payment,legit
68296d6c-7301-484d-a2b8-261a42111eec,a04567c3,2024-06-20,7664.05,payment,legit
cc6a592c-2738-4f4f-a53c-84204edfdeae,7b31abac,2024-04-30,2154.22,withdrawal,legit
bc490673-8106-4861-b853-352f649d8814,51f6ebe3,2024-10-02,8288.63,payment,legit
5c294619-9652-45ed-9406-07003619249f,9b832b32,2024-04-30,9238.47,payment,legit
1db2368e-ec90-4471-9819-b40d432c9559,f3d475b3,2024-02-20,6354.83,payment,legit
056b80f6-aaca-48bd-ab34-21d53817ee1a,9932171d,2024-05-25,1058.79,withdrawal,legit
33f40d86-0b1c-4614-8739-d5542ab796d5,8dbe90ca,2024-12-23,8952.95,payment,legit
fde8e3a8-a7a2-4ef9-bbb2-4f21766df7f3,b7cb18b8,2024-03-23,7924.88,payment,legit
ca920410-b28c-45ef-9ad2-f86fc73fc76f,4f2c29f9,2024-08-11,7508.78,payment,legit
54e4a3a1-ecd3-4e82-b1e3-ba8342634ef6,90cd0b9e,2024-06-07,367.28,transfer,legit
e1da3495-700b-4c07-870c-c2369d39f955,55fd27e5,2024-01-26,7989.63,withdrawal,legit
b99aa456-4d18-4bed-954e-9aaba29f174d,c390c4c3,2024-06-27,1379.51,payment,legit
296bc2d7-e450-4c7e-a117-d961ed16f980,1f80cdbf,2024-09-13,2223.86,withdrawal,legit
5843eb03-d76d-4d65-be55-57534b1cb637,a08537c7,2024-07-06,5771.35,payment,legit
46157252-091b-4775-b9dd-f6ed93e097b0,14cf3d7e,2024-11-14,2649.81,payment,legit
8e2748e8-f533-4ca2-a6d8-fd6374f52cb6,fdc0c457,2024-04-15,6613.48,withdrawal,legit
3615c9b1-820e-4f25-affc-16d894c72824,0bd5062c,2024-02-01,6080.7,payment,legit
d3108c04-d97f-4b8b-9d0e-2b0eef554dac,89b7c2ad,2024-12-07,1081.5,payment,legit
b61a2d15-f2d2-4edd-8933-cd9495c98260,9e124746,2024-05-18,6560.15,payment,legit
9539931f-0320-45d6-9c01-871d264bf806,ea2cc4d2,2024-07-29,9239.55,transfer,legit
53abd6f2-7b45-4425-9664-ad73a409d854,f86b423e,2024-10-16,1611.1,transfer,legit
e0b1650a-1ab2-44d2-b3fa-8ed90c4b0fb1,c98a71b0,2024-04-28,5970.62,withdrawal,legit
e93f2efa-212f-4487-b728-45dd198f6cfc,36493150,2024-09-18,3418.65,payment,legit
4214a92e-59a4-4082-a543-991c219a6cab,9659e667,2024-02-19,4596.12,withdrawal,legit
b2699ce0-4547-4156-bdec-88b52bde1ef5,6d2bb353,2024-04-16,2870.0,payment,legit
f8059039-8ebd-41c0-9bd4-b57485602cb8,172a5de2,2024-02-22,3541.31,payment,legit
047d6eff-f075-4d3a-a5cd-505dec0ff276,a5d60c1d,2024-10-23,289.12,transfer,legit
55fdd600-3fa3-414e-a895-4520152d51e4,45ebb88b,2024-03-22,9815.52,payment,legit
21b15fb8-0794-4b69-a6c6-84375c933bd8,6e272c69,2024-09-18,6248.0,payment,legit
46640655-77fb-4532-951c-02ad08df28b4,1d25226e,2024-12-10,5007.06,payment,legit
a4ffcbce-e940-4d2d-9d22-07099bb1e2fc,5e51eea9,2024-07-11,3837.15,payment,legit
e22a8ec5-e838-4965-b556-463b27ee1191,2f2d64a3,2024-07-16,5393.75,payment,legit
14789576-fbe9-4076-993d-3bde5a0b021b,dddb6b15,2024-06-17,3801.06,payment,legit
8b41a4dc-973a-4e93-bcff-9ee96c11a639,dbdfade5,2024-04-28,3599.08,payment,legit
4889fc05-388c-40d5-be4d-e54961522e8f,1bfe93ba,2024-06-22,4639.47,payment,legit
c0eec949-343a-4e1e-9277-02b4b3fee2b9,e7549228,2024-08-08,2759.83,transfer,legit
81b722e2-1fc4-4a59-ad0c-d04bccf10d81,f75b5b52,2024-12-25,1800.5,payment,legit
6c665f7c-b874-49f7-aed6-c2bb09d64af6,d2194812,2024-12-08,5566.06,payment,legit
08bfa33b-70a0-4088-9952-d07e0b131b3c,3ead4873,2024-11-10,8427.65,payment,legit
cfbd1bb8-6923-4e0d-a674-5ec1d59d71a1,5a5ba756,2024-11-20,1528.28,transfer,legit
0cb6e602-12f6-4b53-a92a-8bbed2e7dac4,8d12f1de,2024-06-19,327.34,payment,legit
9da8bc0f-8e83-4a62-89a5-5d4da7ca4f3e,9dcd732c,2024-08-27,2468.12,payment,legit
5f04bbba-955f-4fad-a894-34e77c132ddc,29bc3fc4,2024-11-22,9797.21,withdrawal,legit
0663febd-d52b-4b5a-9e8e-19f36a717a9c,2360fda5,2024-05-23,8287.58,payment,legit
d450c3cc-6307-4f93-a444-0101c8d69025,62f2d2d0,2024-12-17,5958.66,withdrawal,legit
9e8ec9bf-882d-4739-aaa9-fc6615386725,def06cfd,2024-05-31,9292.49,payment,legit
4209c678-0b8c-4457-94d2-5ff0fb936a51,373c43b7,2024-08-07,4452.79,payment,legit
e5071a70-bad3-4b37-801e-31a98922ceba,7e95f514,2024-09-16,9832.81,payment,legit
cb3b7c02-62d8-419e-8373-5851bb21642f,99df67e6,2024-12-12,2963.02,payment,legit
3d16cb96-bee4-4a65-85b0-baf44655496c,45726da3,2024-03-30,2403.06,withdrawal,legit
e7ea564e-7907-4df3-b769-2dacbf474007,426ab996,2024-09-29,6380.48,withdrawal,legit
7f8955b6-6ef9-4e50-8b98-1de4e65c468f,3005c5ef,2024-07-09,3781.54,withdrawal,legit
5534ad92-9796-41d6-8f45-fd7544828d0c,75875978,2024-04-08,6263.66,withdrawal,legit
b3dbb5be-3d65-4ca2-9a87-15b2c49e37b8,686841e0,2024-10-10,3049.96,transfer,legit
682f60fe-fe7e-4eaa-b4f3-fbd04938e787,f2769569,2024-07-20,6179.18,payment,legit
75a207d6-63f3-4de5-9551-ea314449c5bd,7a3cfb28,2024-08-29,2757.46,transfer,legit
d8161011-ccb4-4e19-a08d-093353b6520c,b40c9b2e,2024-04-27,509.72,payment,legit
13f80850-0bab-4849-a622-f0b937f736ce,4ee5b766,2024-06-24,9121.36,payment,legit
d03b9c6b-64c2-4e3b-8fae-8674a272cf51,81c6ab39,2024-08-13,8832.05,payment,legit
5635e2e4-f87d-4726-8e94-7de842131ad8,2b5c4996,2024-05-27,9707.98,withdrawal,legit
3b319ffa-5486-41bb-a39a-4f108f61f45a,3311e196,2024-03-13,7165.27,payment,legit
bee4e98d-54c9-4868-ae62-8df2fb2cebdd,95fe4b60,2024-12-16,6827.21,transfer,legit
4b7a5779-484a-4c28-8d8a-18f3a8bed1a5,9c397518,2024-07-05,5590.03,payment,legit
bd4450a7-0c97-4bc4-a28c-c2941e821e94,0a957291,2024-09-24,1259.42,transfer,legit
0cfc157e-0b2a-4c58-8a05-d2955d7a82fd,001df506,2024-05-30,1892.35,withdrawal,legit
9839af1e-cf52-4761-a02c-cdd4fa2dad51,2f663a2b,2024-05-09,2894.7,payment,legit
ba6cbc0a-39ca-4c62-af74-7c674cd8bee4,811426cb,2024-05-28,8901.56,withdrawal,legit
0fe487c1-60a6-4b1f-b6c1-e1bfdf63d23a,31098fcd,2024-05-29,1729.7,payment,legit
bae2f96f-434a-4c4b-b042-86dfe59a87e2,a50f44f7,2024-07-17,9228.73,payment,legit
0d73da1c-5171-46a4-94b0-5bd1cd2692dd,d71f7646,2024-07-17,5227.86,withdrawal,legit
16934aa6-fe95-4be7-b7e5-3e2eefa1cc35,c07079fd,2024-06-30,7155.7,payment,legit
644af60c-c37f-4db3-93aa-a9a5c0ddbb92,331e63a6,2024-02-19,1102.44,payment,legit
4472ea53-ca2e-402a-a1bd-393a91d491e0,50bbf087,2024-06-30,2690.34,payment,legit
223a29af-74ab-45ff-8869-2c56a3b3d81e,7899f254,2024-03-02,9585.19,payment,legit
0fea6843-591f-4598-930b-f4b97bf9b2d0,07de5403,2024-02-16,2661.5,payment,legit
3b9dc41a-9937-4be7-b4c7-473d8517c74b,3eae576a,2024-12-06,2965.22,payment,legit
a94d8a90-4ad9-43a1-8cae-da1fe1ff0c3e,1d21ddec,2024-08-08,1975.97,withdrawal,legit
006c16ec-0629-4b70-af31-9e30c7bd6b28,d3b4851a,2024-08-28,1290.74,payment,legit
7237d8d0-4042-4364-bd29-91ea7bb44330,e5338616,2024-05-26,2332.58,payment,legit
b967a631-0a1a-4635-af84-bace1ac07edc,b71b6bc6,2024-11-27,6423.27,withdrawal,legit
8137ac11-5a79-4c8f-bfc7-40c2f5053384,1fc78b75,2024-08-20,4553.68,withdrawal,legit
5b45ad59-babe-41e8-b7bf-2108367931e6,ddeb268a,2024-10-07,5537.56,transfer,legit
785088d4-ad35-442b-aa33-a55ee4c7ebaa,975ac8d1,2024-05-14,1223.65,payment,legit
851be02a-5de5-4047-85e8-ca7e5fe2ecf3,55b72620,2024-12-16,8021.16,payment,legit
6756e4df-c6fd-4d5c-b6c1-6dd0cd64cdaa,d807d5db,2024-10-26,7840.95,payment,legit
d3e275d0-f7f6-42d7-84e3-bb2ecaccf654,0685dc1f,2024-11-07,215.9,payment,legit
80e12ef1-5564-49a3-8a55-22a64a902a0a,2d84869c,2024-03-03,3835.15,transfer,legit
ca4564a6-0b78-4868-a816-1988c718e374,591e63f4,2024-04-08,687.71,payment,legit
103b072b-e2d0-4fe3-990c-1b60fdec57db,1d86a4f0,2024-04-14,7921.06,payment,legit
2a09d00f-48fc-4caa-b283-be7d1ff131f6,bf943fe5,2024-04-08,7372.7,payment,legit
18af6e3d-5dd3-4f81-8ced-4f4749e94126,6234df76,2024-11-08,9019.88,payment,legit
c047b159-f8ae-43d6-a2fb-2fee6ed3d53d,b53db17d,2024-01-12,2364.04,payment,legit
dedbb206-b129-4fac-bbed-5513d1336acb,8cc0dcd1,2024-01-28,4562.96,transfer,legit
55b640d1-4d95-41e4-b899-e4d202707325,798f0dce,2024-04-09,1844.88,payment,legit
948aa4f1-0437-4e3c-a12a-a3ccc1db7990,f552b81d,2024-03-13,3712.35,payment,legit
0d2bc3da-a5ca-47c9-8449-256b5b61b55c,c9c2b26d,2024-03-25,5222.43,payment,legit
fadc29e4-65d5-43eb-9207-8a187580feb5,fae08caf,2024-10-18,533.31,payment,legit
367ed167-fc7a-4ab4-8047-b088c7351a0a,bb64cffb,2024-07-24,7148.7,payment,legit
1f29fbf6-8ee3-4d87-a393-d5eab5d669b9,c2fba936,2024-01-03,5432.93,payment,legit
b049702d-a98c-49a3-b61d-15fd68844b2f,31a7f266,2024-06-05,8289.59,payment,legit
520b3c11-e947-4f66-a5ca-fdf02e15c727,1e438d25,2024-05-28,2717.81,withdrawal,legit
c270a364-b522-4963-9c9e-9e8d7c106b94,f4fca2f9,2024-02-11,9033.21,payment,legit
bd1523b7-754f-4153-aaa7-39abcf6219b4,983191d5,2024-09-03,9986.94,payment,legit
be9f77ca-da0a-4fa5-a80d-5b5ec6440da6,4301592f,2024-09-13,9192.98,payment,legit
5cd57af7-727c-4a74-a2b7-f8a405fc0ef5,136697ac,2024-09-20,7778.92,payment,legit
74ac1eea-dbd8-4e7f-bc0d-d044984fccd4,56041067,2024-09-22,8123.69,payment,legit
a0ced6ec-007a-427c-a0fe-b10478baebc6,336d6b5e,2024-01-01,5737.44,payment,legit
37937671-9e26-4229-b912-f93a213a7cd3,7170b6dd,2024-12-14,1901.54,payment,legit
d0ef3536-1941-4611-b855-7a0c136235f5,a2d590d1,2024-10-24,6770.41,payment,legit
47c40729-4024-44c2-a099-7286fea762f4,19794051,2024-11-25,7127.53,payment,legit
f0ad6779-666f-4575-a7c4-9368417be7dc,d757e30f,2024-01-06,9853.85,payment,legit
913a11dd-afa1-47f2-b5fa-4f3d2fd7ef59,193d5d18,2024-12-06,5413.01,payment,legit
de7a59ad-2c90-40ef-b5e0-714eb66ca81f,70d9a9bc,2024-10-22,2713.69,transfer,legit
3b9b15c4-0309-4bf5-bf01-f081b25ae755,4952ac39,2024-11-01,6836.73,payment,legit
a548ef02-05c2-4adf-a540-d1e6b0656ee4,938eda01,2024-02-04,9793.76,payment,legit
01b7f450-0368-4440-97e8-8290737d8772,c4e0d581,2024-09-26,1772.14,withdrawal,legit
a35d3ece-0e94-4e6f-bc97-16f50834a13a,28d74d48,2024-12-16,3259.98,payment,legit
99a4fecc-f0f2-40b9-ba2f-d23e97cab655,5c6541b4,2024-09-04,5418.81,payment,legit
2d01246b-8b0e-4074-9b7a-82f15fc1490d,6e4c6477,2024-07-27,1702.15,transfer,legit
f641f042-3cff-4294-9e34-885bf443cd95,0676c331,2024-12-11,222.21,payment,legit
fb8b047d-bff0-4273-86bb-5af4794c1cd2,e69da510,2024-06-10,3369.83,transfer,legit
c87438fa-5632-48bd-951b-4c2e8ca6b9fe,04dcd6ec,2024-08-06,8653.71,payment,legit
8cd61243-f6e7-4a88-a495-7bee5bd9dd99,4dcefec8,2024-06-22,434.68,payment,legit
f4732aed-79aa-480d-a689-ffb7dfaa6817,85ec0d99,2024-12-06,4289.29,payment,legit
0dd0414c-258b-41bd-ab2e-f3a80b38f94c,327d44c2,2024-01-28,7622.01,payment,legit
35815fd4-ab86-4fc9-8d35-5ee8014f4602,ddeee87b,2024-07-01,9531.83,payment,legit
65014f86-38cb-4456-b138-7f3a1f48679d,6e8bbb51,2024-09-07,9854.75,payment,legit
107dbadc-2f49-4c5e-9d51-2b66fb5026c4,00a94739,2024-10-16,4219.69,payment,legit
0984a324-76eb-4ce9-9922-33cddaf097f4,f41c028d,2024-07-31,9503.84,payment,legit
ca7b3762-b81f-4e18-83cd-4a81b6ebc25a,61935439,2024-11-27,354.19,payment,legit
4ace6d91-bf63-4ac0-86eb-d9432c53e94d,32a82500,2024-12-09,7459.17,withdrawal,legit
494ac1fa-dcd9-4797-9e39-4b8f8cef86c6,ffb9d1b9,2024-01-24,6427.46,withdrawal,legit
ad487b43-a791-46f4-bf0a-2f3fb2a7bc24,a9c587d7,2024-05-26,2495.22,withdrawal,legit
f7288233-834b-452c-829a-0704f2cf2ae5,d775fa99,2024-01-09,5073.19,payment,legit
f137bc3d-7446-4155-9adf-e7e94e0cad56,6fbcb558,2024-04-30,1295.54,payment,legit
e95cbf9e-abe2-4535-a447-14e81b604b9e,d7afea47,2024-07-14,8715.97,payment,legit
c42c3f3d-c75d-44ab-9296-53214915e17e,e719bdcd,2024-11-28,3578.98,payment,legit
d011b7e6-dd32-4dda-9ec9-774f14c33c97,418b466e,2024-11-04,6260.44,payment,legit
7df7fc1d-1807-427e-842b-6ef5d39e16e2,50d87827,2024-02-16,1587.76,payment,legit
e55f7f77-9f52-470d-9b8a-8ea91b35db50,0d94f53e,2024-02-03,2061.65,payment,legit
b5019fd2-4cf8-49ed-98f3-f357f6fe54ea,4370a063,2024-08-03,9919.56,payment,legit
106f65cc-4e51-4ed2-aeda-ba3a9576046a,2a58fcb2,2024-07-13,7530.86,payment,legit
fee5db98-5080-4b97-96cf-c82c246f7e12,f0907f5b,2024-04-07,9619.72,payment,legit
c764723f-bb0a-4316-9360-28706d8c78cb,451e8521,2024-11-24,2958.51,payment,legit
7eb5a0bf-182c-41f5-bb4f-2a9ba37edc35,383e132d,2024-12-04,1645.63,payment,legit
8264d7da-8271-49f3-b168-28fca09c758c,7d8b1351,2024-05-26,5030.68,payment,legit
5606af8b-0f23-4376-bfb6-9d6c51e96f77,164284d2,2024-11-20,4946.68,transfer,legit
d61872e6-04f2-4e1e-a65b-2332b873c63a,7dc2c44f,2024-05-20,1749.47,payment,legit
f9a21c8c-66e4-4e10-a47c-6f7310b44c4a,c4477121,2024-09-25,7332.2,transfer,legit
eef8b012-d1ef-4d9b-af73-bbd5140f395a,db5a5028,2024-06-22,3617.78,payment,legit
c8e25250-83de-4efc-a9c2-8a13e65e376c,51a877db,2024-02-14,1863.65,payment,legit
c202a206-6ab9-4658-b932-651e5b0486a4,7436d13d,2024-12-04,3319.83,payment,legit
b0c8ea90-2377-43d7-a2f2-dda5c9cb727a,47b1b6ea,2024-06-14,5636.59,withdrawal,legit
46b71d90-5fed-4809-a639-b2dda2bd8acb,14799b76,2024-09-25,7264.71,payment,legit
5b23393d-3abe-4677-857b-c12ae4a329fb,6624a79b,2024-05-14,4818.91,payment,legit
a5892226-1975-4dc3-9435-7f2a53949a0b,10c71df4,2024-01-07,5255.95,payment,legit
36f408f3-1c96-499a-b26b-4bae0e0dd342,d80baf8b,2024-02-06,1389.46,payment,legit
04058774-46c9-495c-b6ae-831850b7de20,53b46e0f,2024-06-30,9146.91,payment,legit
df2fd1fe-bd69-4979-b6a1-b0211da58ef0,d1d0af91,2024-09-08,9287.24,payment,legit
1800a752-a1b8-40d8-af8e-2e03875f5ff7,fe18d947,2024-05-02,6834.27,payment,legit
b87329ab-9624-45ba-8d07-6cc0ec504a45,96408790,2024-09-10,176.31,payment,legit
d9b75372-6284-492e-a7f3-ae08a9bbba53,ff92641d,2024-09-12,5370.74,transfer,legit
4eb57bb3-1c0f-463a-add9-630ec4eb1d2e,75560b18,2024-09-13,6292.19,payment,legit
a3d4e336-7a57-4aac-987f-00f328495544,cd846017,2024-06-28,9946.54,payment,legit
9fdce459-0ac6-4730-8925-67a6902a6101,a7403fed,2024-11-29,9960.67,withdrawal,legit
01d862e9-c235-44c2-8fe0-3afc38bdcc86,2966606b,2024-06-27,8576.11,payment,legit
44d794d8-c791-4e97-9c83-59415eaa64ef,805e0817,2024-06-13,638.31,payment,legit
8fab14cd-5898-4317-a7a5-db46ad65e1e1,9a21fc60,2024-03-13,9532.76,payment,legit
137b37af-9ca5-4179-aa76-e6ed3610b01c,8b0e08ef,2024-04-22,6126.61,payment,legit
81b9a373-9dda-415c-8dc7-aa8ad469a8ce,8fa8aa8e,2024-01-16,8008.87,payment,legit
163c5e28-42fd-4a19-9a1c-c72a1ccde5df,d0c6511f,2024-08-19,4071.93,withdrawal,legit
a8c62f25-a2d1-4071-a0eb-fceb0dd9d867,0129a8ae,2024-03-31,3196.69,payment,legit
5c90f442-c88e-47a8-97cf-affb6d7f8a84,a77baea1,2024-04-21,4632.44,payment,legit
8c5113db-ac07-4e1b-8d1d-7a7771ee149a,389aec2a,2024-10-08,1468.75,withdrawal,legit
f71edd5e-e902-4abd-8fd3-a70fa3bb9198,62162f85,2024-04-29,3570.66,withdrawal,legit
7eadaa9d-dbe6-439c-99a4-df778c6f0a5f,830e6ddf,2024-03-29,8576.17,payment,legit
2fd5ccea-5d96-4498-9a64-53f610690df5,f850ada4,2024-03-02,379.5,transfer,legit
9dc68e15-6af2-4319-9f94-d8843ae0f72f,4357159b,2024-10-09,1508.78,payment,legit
c416e376-11e5-4dbd-9361-ae1c2d6781b3,b0c01576,2024-02-17,1251.16,transfer,legit
8bbe6fd4-fb18-4a9b-8557-bc786ac475aa,ee82f62e,2024-06-14,4030.76,withdrawal,fraud
3753321f-9f4e-49b8-8fb3-fcee9ff95998,7fb32554,2024-07-04,9969.87,payment,legit
912e0eaa-1ff1-4b97-9435-a7f9cac56fe3,6de631fc,2024-09-07,1733.58,payment,legit
27f0d475-e815-4603-98b6-b9a35e734a68,eed1f2f7,2024-08-19,1454.83,payment,legit
c9365491-a46e-44e3-8df6-c7a6dbbf1e1c,fdee4472,2024-10-22,9150.56,payment,legit
b0bdb910-df30-4ac6-85f6-c22214713b94,228b6bb5,2024-01-17,8820.51,payment,legit
b552fd1c-18b3-41a1-b7f0-11d22f9cac91,759e6891,2024-04-18,322.4,transfer,legit
aad7002e-cc0d-44f2-abae-3a3fd250d475,73dd2028,2024-04-12,7517.06,payment,legit
2680b990-097d-441f-97ba-12ec980e205b,667fd4b8,2024-02-23,6554.66,payment,legit
46c6810a-1055-429e-ae30-ae471a273a03,07fff2ac,2024-04-15,7677.41,transfer,legit
d41a0e08-2e24-4821-921f-b95347f930bd,1a3f6bde,2024-04-23,4945.02,payment,legit
d041ceb1-0c56-43b0-9c4c-231498539a82,de3bedfd,2024-07-09,9913.79,payment,legit
653fb3ff-eb48-4d84-a9f1-aeb79ebd6f3c,80204e88,2024-08-30,438.47,payment,legit
7d36aac4-b45c-43d6-9cd2-c671de39bd06,25f80926,2024-05-19,2343.72,payment,legit
625d0855-af1a-4767-9edd-0ecfe11cd5d1,ff252941,2024-09-19,3965.46,payment,legit
937cf08d-e966-4b0d-aa66-96751a0e4d64,124e8c1b,2024-05-02,4497.78,transfer,legit
035b75ba-be75-40b3-8d12-285544902832,471c927e,2024-04-15,9213.67,payment,legit
1846a6a9-6fcf-4b1d-9cf1-0c5744f4e4ba,559e5442,2024-07-16,5600.04,payment,legit
c9c67285-d5f3-4998-8ab5-27efc2a1400f,52c42364,2024-01-09,451.11,payment,legit
200ffd64-c228-4c20-9820-9db7c57b7310,30b38397,2024-01-30,4078.63,payment,legit
ad50d685-3747-481b-b44d-3cfc3d13efc7,35ff30bd,2024-06-01,4164.9,payment,legit
9bd94e64-1830-4e9e-ab9a-a17387bd5a58,db38806b,2024-12-10,9654.91,payment,legit
62fe1b6b-8f9f-4592-8137-b8c28d00c8e2,54f5c21c,2024-09-20,5991.97,withdrawal,legit
2c8c68f7-5e06-4032-ade8-62230ed8d436,3845ebc5,2024-02-02,6356.51,payment,legit
1e4afcdd-68db-4990-b1e0-6e5e7a04ba82,48291c16,2024-11-04,7132.53,payment,legit
d1c8c097-e18e-427f-913b-687ae2229407,3ea6c1a7,2024-09-24,7700.39,payment,legit
51be7407-e849-438d-ba7b-c8e24592d654,9c317532,2024-08-10,6350.51,transfer,legit
79a0c401-0db1-4c04-91a1-c086be46fa5c,b3eace4d,2024-10-26,2371.94,payment,legit
364548a8-4e01-415c-badd-4dc401a5c995,ab623770,2024-05-27,8740.46,payment,legit
00dc226a-daf7-4e14-92c8-6c28ce564647,2bd70764,2024-03-21,7321.2,payment,legit
1691aee7-36be-4653-9e9a-50c4c7904d33,7b6df924,2024-07-05,7418.7,payment,legit
a50795e2-3b51-4544-90b7-1ba636e94d55,790f8ecc,2024-07-19,9965.57,payment,legit
79194389-ba4a-4d57-b8ab-01faf7ff9244,46386412,2024-07-15,8025.27,transfer,legit
7a88b339-08fa-434d-8bcb-bfdbd9f5b444,067a7e5f,2024-07-25,8291.51,withdrawal,legit
49a844a7-2f56-40f0-90b3-89000b49286c,f6ada9d5,2024-12-12,9514.06,payment,legit
c3f8d8c7-8fdf-45b0-a2f3-b31c83f31c6d,b588b934,2024-11-25,1511.34,payment,legit
de74d2a3-3a0c-40f9-a5ca-8c547dbf66c8,e5ba13b0,2024-11-15,4977.27,payment,legit
00021201-2302-4f38-9674-5a62a5195714,a7e1125e,2024-10-19,5805.67,payment,legit
ba6cb748-6c01-4d95-a494-ca3d2eca6810,c56be036,2024-12-10,3292.76,payment,legit
ddce8fad-6c0f-417c-b287-c84a8021c40b,5b920647,2024-02-05,8394.03,payment,legit
bd1f43f4-1350-4333-a081-9be141f1d85e,1815047a,2024-04-06,7624.2,payment,legit
857287e6-04b4-4925-a09d-d5406c22ecbf,89a35cc5,2024-06-29,7208.83,payment,legit
6a39c6ee-a094-4618-b108-2b89c311b11d,65504447,2024-11-04,9971.49,payment,legit
a93ee03a-d029-401a-99bf-2687498e079e,3b4ba074,2024-07-03,2593.81,payment,legit
c9201610-2de1-4183-8d14-031f19fecbb2,25c92b5d,2024-09-30,7354.57,payment,legit
9a6c87d8-86bb-409c-a0f9-f6188583cb03,0d7c1b9f,2024-02-20,5514.04,payment,legit
549bdcc9-bd28-4c2e-b662-6bff8bcc6b6b,ff43b507,2024-04-02,3129.89,payment,legit
76aa9a68-d7cc-4d9d-8fd4-b8b370b1a764,66f72469,2024-09-24,1605.87,payment,legit
9e4473cc-5627-474b-87ba-a9d083ffa2d0,65ab4967,2024-03-01,8958.84,withdrawal,legit
be4a8e12-2786-4654-b6f4-47dc36337ea0,26ee85e9,2024-05-08,5954.55,payment,legit
bf88b1ba-4d64-463c-a5b8-4ae181333a53,1f61d8d7,2024-04-06,8249.34,payment,legit
d76fc955-492e-4568-9e1c-0858d4b30acb,c81e02d2,2024-05-07,5453.45,payment,legit
075a5c33-4588-4bcf-92be-a7243b76ee97,1c53e0d9,2024-09-15,2199.77,payment,legit
9ff4f703-7281-4c97-a71b-17743b095bdc,e510cc3f,2024-05-14,3375.49,payment,legit
e5a53193-15a3-42e5-9519-6a66a7b23ba2,f3f11e62,2024-07-21,3815.39,payment,legit
d43e44d3-ef47-4b17-94e6-84c882e4671d,80dc9711,2024-02-06,9729.35,payment,legit
da80d7ec-7781-48b7-b7bd-17b419f781a1,1e47022b,2024-10-20,56.33,payment,legit
ea84a6a7-5f28-4d0d-8abb-62798972bc49,ad4e719d,2024-05-15,9856.66,payment,legit
64223516-002f-4572-bd0d-090340da6668,a4c128f0,2024-08-24,9804.62,payment,legit
895b9273-920e-4786-8959-1838a565cc49,04ca33f1,2024-09-21,9961.51,payment,legit
81ab68d5-9f58-4096-a6d5-81d72a4cf6f0,5c91a6ba,2024-03-17,4765.88,payment,legit
3595ff01-7bd0-42b0-b4e4-2e99d59dcf5a,d18929bb,2024-11-18,9638.09,transfer,legit
340e8c69-4f82-43c0-9be0-43ec4403d4f9,ef6afb25,2024-08-12,3955.99,payment,legit
0e631a31-7599-48e6-b0f9-16394a646e0c,32b34daf,2024-06-05,262.94,withdrawal,legit
72054f05-5b72-4e8c-872f-cf8d07743bd0,0d1c1203,2024-03-07,2243.47,payment,legit
ade09bb8-3998-48f5-8ea7-a1a655832a5c,13856a16,2024-12-09,9452.96,payment,legit
365701dc-ef38-496b-9e6c-6254564e4635,e35f7321,2024-10-02,137.65,payment,legit
3577c13e-2ad0-4263-a50a-c86a50c73ebe,33e92fdb,2024-03-16,5459.94,payment,legit
1a0337d0-5041-48a7-876e-dd348d869181,b64ea157,2024-05-03,756.02,withdrawal,legit
83fd14cc-1338-4e10-a97f-ae89beb4c678,cc5e6d67,2024-10-22,2863.97,payment,legit
a7611f60-1ad8-4d80-ad13-822ea80e49a0,c1a62d8f,2024-09-10,880.93,payment,legit
795d65ee-18d9-411e-a783-33d234b2431e,149019c6,2024-10-06,8595.29,payment,legit
21e0f68b-6caf-434e-8bca-a176659be0d0,a0b7c0c0,2024-06-10,5910.71,payment,legit
7bc98a89-76f4-4497-b574-5984fda19d4c,834db4c3,2024-09-18,9021.06,payment,legit
1d0ccf50-4833-4469-867e-bf0e34010811,542249fa,2024-05-21,6883.53,transfer,legit
b3de580e-0e4e-4904-920a-b0bb0b3f8771,663f1974,2024-03-18,9710.29,payment,legit
593ff792-e5ad-4c80-8d4a-7a96886f63c9,b32cd707,2024-08-18,5098.78,payment,legit
bf4e70e5-21ca-4461-84bf-00b8bde2d960,bbcbae5e,2024-12-22,6387.11,payment,legit
2724e70e-8d55-4586-a974-354599a7ae30,76c4ea79,2024-04-23,5763.09,withdrawal,legit
471e1064-e088-4598-84b2-e0b8b0df1b73,dc0b7be7,2024-06-17,4842.6,transfer,legit
7f5b905b-8f6a-40a9-a9f2-4ba60b6956ca,214ccfe4,2024-09-03,8459.59,payment,legit
448892f8-001b-46cc-b7d9-a78d0dbf8302,cf0fdc52,2024-07-16,6445.25,withdrawal,legit
ad5327a1-42c0-413e-b538-73221cda34b0,7129702a,2024-11-03,8013.12,payment,legit
9c315f16-dd79-443f-889e-d08f5f0a7c9b,afc7a074,2024-10-05,7863.64,payment,legit
81cd2627-3bb6-4395-a19d-a607f23cd80e,5e3f4882,2024-01-22,1910.45,payment,legit
d12a9c47-9384-40f8-aac8-465caecec490,f8709c97,2024-12-30,6501.64,payment,legit
b957bcd3-7bfc-44cb-966b-bbe4e754d10f,e77be57a,2024-10-01,1996.48,payment,legit
619c4299-9e65-4135-81a5-95ea304e55ee,f46e3c91,2024-11-11,5833.2,payment,legit
2135e31c-e567-4575-942e-b2e36a0cb2db,994c5d04,2024-08-25,6774.35,payment,legit
3e1a8630-cf17-49ed-a058-b5e99cd87101,57a6b636,2024-11-08,9972.35,payment,legit
2d87304d-dfb6-4e27-a329-7f4776596efc,7f4d0a33,2024-02-11,305.42,payment,legit
e4896a27-6d99-4d2b-a367-57f4580edd01,071d73f1,2024-05-06,912.42,transfer,legit
903cf9ee-ac35-493e-b1ce-95bcabd5c7b9,1e0f11c0,2024-11-15,770.27,payment,legit
46efe6e5-86f1-412f-8c09-bff91589c32f,92e6d929,2024-03-14,3983.61,payment,legit
1597ef95-60d0-4eba-8185-fe82bb047ec5,89e96892,2024-01-29,8215.88,payment,legit
82590f60-1fd6-4764-8316-92fa5233511a,aab67355,2024-10-14,8440.56,withdrawal,legit
7e13254b-35d2-4bfc-b03f-2f11e204b4c6,ce9c5983,2024-10-31,7369.8,payment,legit
c41e2c80-b32e-45d8-837f-21a18c0f8891,a03ae90c,2024-02-29,8968.78,payment,legit
e933d212-9269-4f1e-85f0-7f43a804c604,b92e9c51,2024-11-07,3228.6,payment,legit
f50f309b-3aac-45c0-a297-c366ea57008c,6bd16a5f,2024-09-07,881.55,transfer,legit
5c128b3d-3f30-4648-a7a5-78f0cba8b164,a18c04a2,2024-07-08,581.53,payment,legit
d4aea102-59ed-4a43-b3e1-99e12a4b48e9,5f2037d8,2024-10-30,8521.33,payment,fraud
0b304c1d-faaf-49a7-8d73-bf7457846b77,361fee72,2024-06-02,7304.36,payment,legit
d7476154-0d6c-4c4e-8564-2ce869f83900,3225d489,2024-03-11,6986.15,withdrawal,legit
f0825fe0-3d5b-466b-acfb-3a9c6a6b6496,6b1ad8b9,2024-04-13,3396.76,payment,legit
ef8c4149-86b3-4b37-a2cd-b4faede03669,c56cdd7d,2024-07-03,3799.05,payment,legit
631cc1eb-2255-4737-a1d2-f27662b1e00d,415d492f,2024-07-12,9581.14,payment,legit
ecb93a8c-3087-4181-b081-53e7c25e3bc5,6f182293,2024-10-21,638.05,payment,legit
4a9370af-b031-40bb-a510-73ce99e2a97b,7636e212,2024-10-15,7737.32,payment,legit
4d15db60-2efb-432b-bde2-0b5352bb934f,40abf404,2024-07-31,3096.33,transfer,legit
ccbf32b5-84e0-4806-a220-dccb41da1d5e,823f9118,2024-10-11,390.55,withdrawal,legit
8bcc2686-94c7-43a5-85dc-debd55c690d4,d8516e44,2024-03-10,7425.7,payment,legit
cca91194-d8ad-413b-a37f-0ab39be1f87b,0462557c,2024-01-19,3309.12,payment,legit
a087f5d8-e688-4527-a923-242d355fbea5,c5feb369,2024-11-14,7221.48,payment,legit
6f2b599c-3ce7-4baf-b484-f416c55200c2,af3eee23,2024-01-28,7076.54,payment,legit
c7910cdd-a18d-4907-b8a5-ffbf9cebdd88,abf233ea,2024-03-31,5347.87,payment,legit
f607aca2-0312-4af1-a98a-076ad6b7bb99,e6606432,2024-09-10,7773.73,payment,legit
0c3016fc-98db-4cb9-8fd2-b9775a1df192,20795f6f,2024-05-29,5810.38,payment,legit
04d9bc80-b114-4e9a-bd75-265c785afc00,96f0e684,2024-11-15,2866.37,payment,legit
8386a5ed-d215-4fb7-9386-75a462a9038a,509d1c17,2024-04-18,7341.15,withdrawal,legit
67b224df-b66a-4022-8a74-450886e245a5,ddd023d0,2024-01-05,5891.4,payment,legit
de025ab0-56da-4925-a305-662dd383de23,27136062,2024-04-19,127.27,transfer,legit
d2fdf659-112a-44d2-86d9-b2af83c4d45b,04105c2e,2024-07-29,9016.44,withdrawal,legit
29503db4-ce91-4535-bbc4-6e9d921468d2,caa011e8,2024-05-17,5456.44,withdrawal,legit
3d170967-f785-41ec-a308-63fa901ffd2c,62bb051e,2024-07-14,8686.27,payment,legit
0f12b32e-9586-48f4-b2b7-f43c6bc3d453,084769e3,2024-11-15,8827.37,payment,legit
a1835017-c355-4428-a0bb-45cb21a49830,d5b61e78,2024-11-29,4449.67,payment,legit
49933e09-9c46-4aee-aa76-d8e993739992,a789a73d,2024-04-07,5076.6,transfer,legit
4f0e57cb-83ba-4ff8-88e3-afaa573d0971,74f7836c,2024-06-17,4157.54,payment,legit
778390c2-dedf-474d-8724-ceb19c5100cf,fe607561,2024-07-19,4494.37,withdrawal,legit
a8ec0604-2019-4335-bcfa-84482987a4d9,ee223688,2024-12-12,8951.47,payment,legit
7ad5ce58-1360-40d9-bb5a-106cfc54f5a0,6c9104f2,2024-12-30,7881.44,payment,legit
744c0b73-3b62-474f-8fe5-b6cd7b070b43,b4f096ab,2024-03-26,1265.26,payment,legit
3cc66434-5608-4d92-873e-04c34eac6ef9,b00654e7,2024-09-22,6103.08,transfer,legit
393f1763-8703-480e-8ccb-d26b547a8294,e97065ad,2024-05-17,9959.07,payment,legit
beca726a-b7aa-48f7-b9db-d1d9f4ec6221,0afd2435,2024-01-03,5955.51,payment,legit
43d09c18-aa1e-499c-bc92-cea65ae3d1a3,2833c3f3,2024-01-04,7858.72,payment,legit
ed52bc30-3fe8-428c-8c42-2feb23c94b9d,84a13cb0,2024-06-17,7690.61,payment,legit
32717dad-be0f-41d5-b737-f1fbdff8d0f1,19d92648,2024-06-27,3503.18,payment,legit
56c2f270-cd9c-423c-bc36-a00b35eeb7f2,2c5fba5f,2024-01-09,3718.49,payment,legit
57147a58-a918-485c-8e4b-de9efcad2de6,b430ee4f,2024-09-07,7240.76,payment,legit
60fdc70f-4cfa-42b6-a3b6-1adacc57846b,9543da45,2024-04-17,4999.84,payment,legit
0ed0f567-4da6-47e3-984e-e1e334e4a3fa,2632a13f,2024-07-23,5705.71,withdrawal,legit
c1bce59c-6095-4eb6-978a-68c1dde2aa6f,97c72bde,2024-04-19,7129.06,withdrawal,legit
e0fb897c-90d1-459b-aae0-3c9e9659e266,58b2577c,2024-03-02,7775.75,payment,legit
d1391131-0e3e-41f5-b417-a980852c63f7,309fd016,2024-05-28,2715.17,payment,legit
2dab3901-0d2b-41c9-8f43-99b4990162ee,a96edc76,2024-03-25,1467.94,payment,legit
d9cdc3a9-04de-44ef-b99e-946262ed2f37,3efb2dc3,2024-07-14,2917.95,withdrawal,legit
93622e25-55eb-449a-8b9c-f6939f8d3397,b6ca1e3f,2024-03-13,5075.38,payment,legit
f8488477-1655-45a2-b613-48b42f08c6f8,d91eb696,2024-07-04,3421.41,payment,legit
3fbe6090-da9d-42f6-93ef-3295fe5967ed,6c4455be,2024-02-27,5683.63,payment,legit
f18ec1d8-55a6-49c2-9006-1e1430cce850,9b805a38,2024-09-01,534.66,payment,legit
95554c38-9795-4f7c-a5ae-b5e0b9cc5882,35e94c93,2024-10-02,5097.5,payment,legit
abfa1e5a-322f-4bb9-8d05-abbc5f5f2e57,dbd8f68b,2024-02-10,3679.85,transfer,legit
a37a54f4-b477-497c-a3a4-2d09206da9b6,bd03bd30,2024-06-19,5346.67,payment,legit
07360c75-d945-499b-b1b2-cfc191a07786,bdbb1680,2024-01-26,4225.33,payment,legit
f02fe08a-fc7c-4d30-80ae-f6026b3e2ceb,c90e1d8c,2024-08-06,2842.26,payment,legit
a7ef990d-02d5-4487-9bed-dfc38739992a,4868a40e,2024-04-06,9041.08,transfer,legit
83b2f563-fd78-467a-8ae4-22d4552f16cf,7accd1bc,2024-07-11,1847.65,payment,legit
bb24ee16-4f58-4e0f-b218-7bc07392a9a3,86d29d25,2024-07-07,6813.66,payment,legit
ac42df53-0269-4b57-af4a-b19f38a37f56,8af92c6b,2024-12-03,9246.45,payment,legit
5e52bbd4-c4f0-4b44-bc67-c658a56e903a,e370a510,2024-07-19,5386.7,withdrawal,legit
85dfb398-f74a-40d2-91bd-4a64619b1184,e348a0bc,2024-07-31,8764.08,payment,legit
8534e9ec-92e5-4cb2-b323-b337efb182c7,06727a71,2024-05-26,1248.51,payment,legit
c6f2f959-b0ef-433c-9c90-14e8ee97fa56,c30cec4d,2024-12-12,4937.89,payment,legit
55cd1d91-7471-4706-844d-8e9b4a3303fa,e806f3e7,2024-10-10,4570.25,withdrawal,legit
38c4b9d1-fba7-4ed0-b7df-373b4df1c087,7624439c,2024-04-14,81.19,payment,legit
befa3171-50d2-450f-ad14-69d9e96dbaf5,45ddd36a,2024-11-04,4432.57,payment,legit
76e426d7-9122-4189-bf7a-f7cf459016e4,4ccc02a2,2024-06-06,3690.3,payment,legit
9a887041-f876-414e-a17b-95e9bbe969dc,06289419,2024-10-29,6697.99,payment,legit
c91ad2ee-5a55-425e-8101-f9bf56e6d2b1,5fcf228e,2024-10-27,9383.3,payment,legit
62e0f13d-f244-424c-b664-278fef511ddc,ada06543,2024-03-09,857.91,withdrawal,legit
e15cbe39-1583-49ac-a0bd-f9ca8e3222c1,f9171105,2024-09-12,3274.76,payment,legit
abab1034-d234-4f48-9cf4-a3892a9d1358,4deb9a20,2024-04-16,4440.65,withdrawal,legit
dfb528c6-dd00-4f84-8c41-eec534d091a3,6f1abc32,2024-04-18,4551.85,payment,legit
0cc7f5fe-1273-4134-83ce-97a62a2a23e2,cd60b3d5,2024-04-18,7748.1,withdrawal,legit
aa534748-02a9-4a8d-af18-df0456d6bfc7,e55f0019,2024-09-21,4433.96,payment,legit
a8de72ce-377e-4085-b0ca-4b4e9a645030,35ff9c85,2024-03-24,271.61,payment,legit
53c1504b-2fbf-4aee-9796-0af3063e24d5,d4d81634,2024-01-01,7101.04,payment,legit
dfd69130-b81e-4c3d-abac-7f10d6bfea21,a9e4ee96,2024-09-18,8848.3,payment,legit
d50dca25-49d8-404c-98a3-95795d6af845,46c1333e,2024-03-03,5139.05,payment,legit
dda8f2d7-bd3a-4a4c-81a4-96b8231daf45,989b64ef,2024-02-08,5811.09,payment,legit
0e7e1249-0a5f-4eb9-b4c5-7cb6d100a21f,2a77e201,2024-03-27,1629.36,payment,legit
b0166c31-2a78-41bd-939d-ebf36c458032,18abea61,2024-05-18,2206.46,payment,legit
c90f9498-e07d-4447-bc02-92419f56c983,74d1f10d,2024-06-22,2351.7,transfer,legit
193ba1fe-3d8d-4efa-a856-18b76f7a8f33,0a19364c,2024-01-17,4307.42,payment,legit
c93cfc0c-37f4-4b4f-a71c-874399463d80,ffe839b8,2024-12-20,9281.45,withdrawal,legit
3b67432b-0072-4ff5-903f-8cf1865ed4b5,7d484205,2024-09-18,5217.85,withdrawal,legit
2441bb8f-e33d-42b9-a8a6-31a1acecd9fe,f21a7591,2024-04-27,1920.98,payment,legit
d2a268fe-c475-4933-8410-223ab1677f3e,ca97d1b8,2024-04-26,2660.88,payment,legit
6ec302b9-ced1-4da5-b2d5-faeceb7cda6b,bcace45b,2024-06-12,3840.15,payment,legit
a3c8cb23-6823-43c7-a192-cb77cea68cad,3ff3e1eb,2024-08-16,6232.59,payment,legit
b9fbf761-4697-4d42-88a3-9978a2778ef1,91c615d0,2024-02-23,4400.33,payment,legit
74c7cc73-6188-4b02-b323-77aeaf91b7a9,22f969f6,2024-03-09,3924.45,payment,legit
372aa726-0827-409b-af41-fa7b62e6f33b,481729eb,2024-11-09,5647.29,payment,legit
8826e800-ddd3-4fe5-9e50-91dd9482c67e,ceb66089,2024-04-03,2418.35,payment,legit
13b1363d-c9c5-4ac7-8ae6-bf69ae3aa607,04ded70e,2024-05-18,789.03,payment,legit
51ae77ff-b480-4c79-baf8-3a1ba0198628,3e758397,2024-11-14,244.14,withdrawal,legit
e710af90-c8f5-4705-9668-cabbfa659712,9f9aafc8,2024-08-30,2512.59,payment,legit
3e0a82fc-1073-4c4a-965d-51c8d3a0ec8f,62100e66,2024-05-04,915.92,payment,legit
c2370019-13e3-4d06-afe7-a6b03f7cbb0b,2099239f,2024-09-06,3363.41,payment,legit
1d437f0d-28de-41ab-8b09-9f21767bc936,eaa5e9b9,2024-01-08,7729.34,payment,legit
5f512d05-e197-43ef-94e7-4f64f817a40d,07ef0735,2024-09-25,7162.94,payment,legit
e70a0eb8-e2f0-4692-b4ef-19cc0b465c12,838502e0,2024-06-26,6109.28,payment,legit
b859d506-791b-4387-8a94-c694529ae02f,efac7360,2024-10-23,8525.0,payment,legit
cea13e83-cf53-44ee-8be2-73433af4549a,1f4ba7f2,2024-12-14,2820.68,payment,fraud
d1cfcbd4-8d10-4727-b826-855ffa83a119,0fb67996,2024-12-03,8850.54,payment,legit
da37a845-93dd-4ec5-8bbd-7de74386a674,d6083016,2024-11-27,3992.39,payment,legit
c3048d18-dc2e-4364-9826-3d383b970f20,801eefb1,2024-07-05,4008.93,payment,legit
f792bb1f-f41b-4df6-bfe9-979b992e6560,2ac7052b,2024-05-11,4053.52,payment,legit
4a7f263e-1ce0-4272-acc8-ee06ebcce89d,5d6c729c,2024-06-18,980.94,payment,legit
0268a302-f2f5-4fa8-ba63-55874b6519a5,325e9469,2024-09-08,9754.9,transfer,legit
e426ee5a-cc05-4b13-b293-8343be95c7f5,41609287,2024-11-18,1385.07,payment,legit
955229e9-daca-445b-9ce6-5b8bbacaa0eb,8cea5c23,2024-03-16,3408.86,payment,legit
da718756-2358-4fb9-b0ec-93017136f9be,a550a928,2024-12-01,3193.0,payment,legit
640d90a1-ec7d-4dea-a8c0-d9d73cf7cdf3,bfb2fee7,2024-10-24,746.79,transfer,legit
e820b65d-01f9-42d5-8a7c-c68e3bbea60d,abab7bbb,2024-12-23,1522.6,transfer,legit
cf1e3a20-d64e-4d9d-931f-54310780fd1e,b812ad03,2024-11-17,448.58,transfer,legit
b538468b-95dd-4109-8dd0-36c55b5f3c68,8a09e332,2024-04-12,2924.04,payment,legit
18fefbdd-2165-4b8f-b63d-b48f8489bef0,09db2aff,2024-02-08,8666.57,transfer,legit
1f9e1a79-70ee-4530-9b5a-f3071cb3f3f8,567107c6,2024-02-10,3394.42,payment,legit
d00c2df1-0872-4c4e-bb82-e63556ce4d7b,99be85d3,2024-04-16,1236.92,payment,legit
e936900c-9d73-4495-bc47-23ac984538be,5bce49a9,2024-08-12,6456.94,payment,legit
ca9d9364-1ab3-4a86-8450-fe12b84104d8,7272beb5,2024-10-20,9966.01,payment,legit
5944c64a-1757-49d7-b6c7-24c248241a03,716438af,2024-11-24,2323.24,payment,legit
b688899e-6f24-41df-bae9-d32b91f7a6d4,c54fc14f,2024-08-15,2795.71,payment,legit
dc7d4eee-a29b-4b64-b4e1-5dd62cd0701b,ca65a4c8,2024-01-03,9718.47,transfer,legit
fda3972f-58f0-4404-88e7-9f36304da9fd,e8d480f0,2024-03-09,1787.76,withdrawal,legit
703b9db3-5d1a-4872-b8d1-934f5f795ef8,fa2f7d39,2024-02-06,5112.14,payment,legit
104c9ca1-00ba-462a-81fc-c16d30732364,6404d859,2024-05-12,2396.52,payment,legit
1f14a577-4c1e-437b-b7e9-e200c409757b,c9a451c0,2024-07-01,9323.52,transfer,legit
67e29033-f34e-4843-a8b8-e1c8cf217548,2d4ff78a,2024-01-16,9815.21,transfer,legit
38bf17cd-3d2c-4539-91f8-f1fb483cfde5,6aa6fd71,2024-05-07,8146.98,payment,legit
91ba68f7-6570-40df-a75a-d1b64ca0d0e2,d1c973fc,2024-03-06,3147.84,payment,legit
bf824d85-2659-4742-9a05-a32a6f67f63a,68468d6d,2024-08-24,4034.87,payment,legit
fb5919db-cfb5-400c-a838-dce47651d470,cf25dc23,2024-06-18,2423.06,payment,legit
15548489-ca1d-4f85-a433-58c5d018ef7a,744886b4,2024-06-29,8907.58,payment,legit
3fb7c39b-6f8b-485d-8e1b-fcc4ce49dba5,d2b627ec,2024-06-05,9145.58,payment,legit
a10c68fb-9cdd-4856-bff6-df3bb535d1e1,a13eca50,2024-12-14,4188.71,payment,legit
8b007754-173c-4a81-b018-a4c865019802,1838d61b,2024-03-19,6565.33,payment,legit
fa7e972a-4401-41a1-9e87-a3fe5341dbea,a5bdce1a,2024-07-07,1655.53,transfer,legit
9ced7493-9b88-46ea-aab4-d3339e057724,4ec3a7f7,2024-09-25,4349.36,payment,legit
0ce914e7-37c6-4cd9-b38e-d22752822e8d,52f5ada8,2024-07-22,6314.99,payment,legit
1675cc04-cc7e-487f-a832-fba34369c484,577a7289,2024-12-05,3854.03,transfer,legit
a2ea0f12-0e16-4aa4-b53e-5b2c225cd898,511e15cc,2024-05-17,3576.0,payment,legit
28611f92-da14-4e4f-a6b6-823161fa08bc,ddd88cb4,2024-06-18,9.99,payment,legit
ab207047-98e4-4921-870f-ffefab16b8ee,60843c90,2024-02-02,8042.93,payment,legit
f6ba8167-b426-4927-a744-844bfca9c295,51dfb94a,2024-08-10,8893.38,transfer,legit
1cfb7fb2-c677-4212-887e-772a4e03c1f5,5ce2ef31,2024-04-15,9694.64,withdrawal,legit
65414747-f1d9-4175-bf22-3811ac482095,76bc5c90,2024-02-28,7192.71,payment,legit
8d5ffff3-d637-488b-893e-3097f407a75a,1a95efd0,2024-07-17,5487.92,transfer,legit
9aeed566-e52d-4d14-b519-a938063693fd,0cfa8495,2024-07-13,2692.85,payment,legit
8adde6e3-48f8-42e6-bec2-4e5e9deca5a5,c994ce38,2024-01-28,9992.99,withdrawal,legit
53a0fb43-71d1-47b6-ace6-72a3909fde50,97f43865,2024-09-11,5897.53,withdrawal,legit
79bf5797-fd6f-40fc-9f87-abdefd0d56b3,8b7e18c5,2024-08-15,6811.54,payment,legit
c4450292-55db-433b-9b4a-9a65b845bbca,8e77fb50,2024-03-09,6824.06,transfer,legit
14f68286-d147-435e-878f-d3422a0759a8,3762a227,2024-06-20,8452.52,payment,legit
2bd1d30e-db31-43c4-8d21-6522720c606b,2d42f6b4,2024-09-19,96.73,payment,legit
b9d1cfb6-849b-4fff-ae7e-eaed15b2ac73,a2f9364a,2024-07-12,2202.47,withdrawal,legit
e48ca18c-e8a7-4715-9481-41980a7ff03b,fb575e0a,2024-05-24,6655.34,payment,legit
5070a45a-0379-4ef7-9dce-6a6c8c96ed45,08621e49,2024-04-27,8951.46,payment,legit
a804fa05-27db-4dc5-ab49-c2a8e319afb4,5c49ce1c,2024-08-10,6853.39,payment,legit
bfe1bd52-76ba-430c-ae81-e1b68da499c4,a0ea7540,2024-12-08,4134.91,withdrawal,legit
cdfe4c6c-265e-4dd7-b1f0-3db181f4d0c1,1343aca5,2024-09-02,3615.55,transfer,legit
aeeac971-ea3a-4f3e-9489-8d0381b601d6,8cfae8a6,2024-01-28,7379.48,payment,legit
bb56a884-aa32-464c-bc20-4f5e19c14681,9b966ed1,2024-06-17,7412.38,payment,legit
fc493728-cbd0-454e-b82f-f3bfff125994,f2b679e4,2024-11-21,6070.58,withdrawal,legit
5a8ed3a0-f0e2-4f22-9ff7-640270d6c1d9,92b30106,2024-02-04,2914.67,payment,legit
da2631da-2dd3-4e98-b8d2-92a095d3ac14,5f980dae,2024-12-26,9251.55,withdrawal,legit
90b6e19c-6ef9-46c3-b55a-be79734f67c9,575dd2c7,2024-12-12,5518.8,transfer,legit
267d9d75-a7e2-46cc-a613-781e3a0b6271,a39b80ab,2024-01-29,7904.92,payment,legit
6c223c67-2b2b-45e2-83a5-9962bd529ddc,96ecebd5,2024-12-06,2143.08,payment,legit
96a70b4a-69e0-438a-bbfd-2ffb4900430e,16c83e15,2024-05-12,3440.41,payment,fraud
e9164ecb-d1a3-46b3-a495-0ef7cf5fb253,c11f9982,2024-11-04,8745.8,payment,legit
bd55f219-e863-410c-9389-85e95f845cea,b1e5ff2c,2024-06-01,501.07,payment,legit
806a601f-2003-4fa0-9422-51e28792167e,75b50c29,2024-06-09,5123.15,transfer,legit
3bdd6017-3567-42fc-9287-4e1f85949484,3046ed9b,2024-08-19,4817.05,transfer,legit
bcd89432-3a54-46f3-80bc-a91be57997ff,57eaa0cb,2024-10-09,7512.3,payment,legit
aee76750-b29f-4989-9dad-294634b7d118,5afa2987,2024-01-13,2818.94,transfer,legit
85fe8740-43fa-417c-a2c6-c3f3ee7d5374,6b8756d9,2024-08-04,2190.67,payment,legit
ed19298e-969a-4c2f-aa2b-0f46dad5569b,4b937204,2024-03-09,9261.33,payment,legit
e940f25b-3865-421e-97bf-fb8cc571882e,d5308f78,2024-05-06,5717.1,payment,legit
08b71ba4-dcba-4225-ae2f-728c0f1b3a2a,607aad0f,2024-05-07,1046.9,withdrawal,legit
a380ca5f-698f-4f2b-8c18-d542cd1fc4c2,d2cc107f,2024-06-20,1930.36,payment,legit
79cc2382-919b-4891-8ae5-e434e911d6d6,113276dd,2024-05-01,9988.26,payment,legit
6b55e452-8738-4602-84c6-f3df1e3f0785,3c3a060b,2024-02-09,1956.09,payment,legit
6b23a55d-26a4-47a9-9ec7-a5f99425dd06,aff492d8,2024-02-23,6104.76,payment,legit
74b9dd5b-0d1e-4eb0-85c4-ef99fb181884,362d90a1,2024-01-13,4201.28,payment,legit
cfa76332-f9c2-4056-b647-735c7edd0aa6,ad2047ca,2024-06-20,8855.99,payment,legit
82eb0648-b7a5-44f3-870a-ad380fddca16,be41253e,2024-12-14,7551.69,transfer,legit
f4af978c-71b0-4769-9db5-4ac29ed2b2db,fa21b70f,2024-02-12,5969.51,payment,legit
570e2abf-c6b2-43f2-b416-f94fb06ebe66,5267a91e,2024-12-11,107.39,payment,legit
3671794b-a570-4b19-814e-7bfa68450a36,504d82c1,2024-09-24,8797.95,payment,legit
a8c8b121-cdb5-448d-a93e-32b40c17f9a3,e792f227,2024-08-20,4446.67,withdrawal,legit
3ec8e33a-c805-453d-9359-399fb3fadd96,f5f0b1d8,2024-08-23,9315.78,payment,legit
c30ea657-80c2-4372-bb03-75093af9e3fc,f9e53339,2024-10-28,4955.39,transfer,legit
823fdd21-144b-4b93-9515-5ae8e9ebe39d,c32127f9,2024-02-09,6942.24,transfer,legit
948494cd-5696-4a53-b1f2-df95ab7b0467,11fa1686,2024-07-03,692.93,transfer,legit
da97097c-2889-41f0-831c-fc5423d030c1,ec93871a,2024-09-11,7451.52,transfer,legit
2696d2f3-c080-42e2-bafd-f69c251a9f68,3be08f88,2024-08-02,3379.96,payment,legit
22153d1e-c994-4aef-9bdc-83e7c2f791ef,ba4218d3,2024-10-30,3513.59,payment,legit
0a4c7246-d605-4bfc-8a00-d09dd2de767f,c5290f34,2024-01-27,1186.56,payment,legit
7c42e039-cfc7-4537-8dff-f059452f8f8b,e5217063,2024-09-09,1468.57,transfer,legit
a08590bd-0139-447a-aaec-b460c85f7e05,66f6150a,2024-07-13,1857.59,withdrawal,legit
272b234b-6bc0-4d74-a8ba-82582453fc17,05e52041,2024-05-18,3282.06,withdrawal,legit
e3ae1b04-f266-47ba-95cc-6acd02857af4,981b6793,2024-05-04,8919.7,payment,legit
8ca4b365-800a-42b3-8ed7-8459e65d03b9,8c0e33de,2024-08-14,3682.6,payment,legit
ed3d02dd-b8c4-4a93-ad25-2aab73dbec8e,23c55b47,2024-11-21,7243.63,payment,legit
55da8350-9c11-4f49-8f6f-35264ab0b58b,1a42b1d4,2024-06-30,827.48,payment,legit
6fe00d8c-c0fc-437b-9c6e-c9f7ec130a27,756119da,2024-10-28,5910.99,payment,legit
5fc13f25-43e7-40a4-a111-91baf5c0c985,7bb9c33c,2024-05-26,4818.91,payment,legit
d1737186-f979-40aa-88e4-27bc7eaa7a80,9dd9e254,2024-02-07,9779.58,withdrawal,legit
cf32a2d1-f51e-4165-bf3b-f98a70cbf365,380304da,2024-01-23,8462.08,payment,legit
eef8e53c-d9ac-4f9b-8d6a-28f729c505d1,9a81bfcc,2024-01-19,4548.3,payment,legit
137b063b-7ade-4204-957a-8d7472a05d65,344a2a0a,2024-05-18,7751.43,payment,legit
c1ad12b0-c230-4bd4-a66e-ad2e41de0731,d8ac0235,2024-05-03,1930.39,payment,legit
b8f71216-fd39-4691-b4a2-3f1f0dc9eb0f,5089b3d9,2024-09-19,5623.36,withdrawal,legit
5abd9bfc-9fa7-4fe8-8660-3d0e763a1a6a,b8455c59,2024-09-28,746.19,payment,legit
5a6be11a-a8aa-40e1-a57d-66cf7b2e3000,3172dba1,2024-01-19,3480.89,payment,legit
6d9ca701-4274-4f22-bddb-e6efef4640ac,c9f14e98,2024-03-21,2258.62,payment,legit
7e144eea-a4de-4e81-9e6d-c09e32f5da83,9a6eaced,2024-04-10,7189.1,withdrawal,legit
288e30ea-e7b1-4d6b-994a-f37508854713,c94af929,2024-07-18,4900.91,payment,legit
5d44b080-3c76-4c4e-8136-349988793421,b8c7db63,2024-02-22,7510.7,payment,legit
4ad23db6-da9c-40d9-b994-120483a8d136,4e4b8100,2024-02-18,5152.95,payment,legit
ac80aa98-a43d-4f0c-a527-32bdfa66ed5c,03a8e100,2024-12-10,864.84,payment,fraud
e1bf760e-e1af-49ff-b16a-ca1b0c6bf3d6,a6c24a0d,2024-10-20,7353.68,withdrawal,legit
17a3061d-6e44-4b5b-90c6-4f1d19710a00,e29a6324,2024-03-06,8332.29,payment,legit
9924b292-a337-4e96-beb7-cc348147fc00,72744754,2024-05-28,9035.31,payment,legit
4299fae9-b9e9-49b2-841d-52ce3de8f1d1,a9a01979,2024-05-09,5719.92,payment,legit
25c1c528-0749-4b89-97a0-3848622b28cf,7daaf9f7,2024-10-15,7535.85,withdrawal,legit
8536aff7-8e11-4127-849c-7b3e68227247,1ce054b6,2024-07-05,7520.44,payment,legit
db80e60b-a220-4e04-bd80-500ebbad2b9c,0ac9c47b,2024-02-16,1557.5,transfer,legit
0a32ae1e-3d83-483a-ad5b-bf995618e5b1,8b9c065a,2024-09-26,1642.21,payment,legit
b3509de4-906c-4ff7-82ed-2419df4f3d1a,fcc9a3ea,2024-05-24,708.86,transfer,legit
2f8c16f0-2707-4abe-887d-e5d3f2ca8295,b81bfb52,2024-04-05,3199.14,withdrawal,legit
d2237175-5c77-4e37-b3d1-f3b42d65d6e0,834bfdda,2024-05-17,4735.09,payment,legit
2476cfd3-6e60-45c0-b524-aa77b55e70f9,cf65b618,2024-06-30,9978.98,payment,legit
dd9543c5-7a8a-419e-afa4-2c9a8a825b98,63a46019,2024-05-05,4309.93,payment,legit
b10d7e31-27ac-4770-8fbc-853618e4cf01,4bdbb294,2024-03-29,7262.43,transfer,legit
367a8d9e-467e-441b-ad36-c793ed098310,34ecd8d5,2024-05-25,6933.97,payment,legit
b7c98c92-8f2e-4c92-99c4-d19518276393,80965b91,2024-01-07,2044.82,payment,legit
c32ac429-a1a2-4464-acb5-5ca89e70cf80,8e4e8254,2024-10-08,585.07,payment,legit
270e09cb-f3a4-49fb-a600-3b0acd1f7b99,dd6a07e0,2024-03-03,5460.07,payment,legit
73ee6a06-ebf1-4dbd-b355-ee676c3ef01c,4330b0a4,2024-01-17,7003.06,payment,legit
86aa41cd-82a2-4fc9-8d8f-51a3871544cf,0b0e19ee,2024-08-26,9982.52,withdrawal,legit
2e174c9e-b696-49cf-8311-06edf4ec723d,a46e0f29,2024-10-09,3586.11,withdrawal,legit
19feab94-31ae-4b66-8e47-fcfaaf4a4cdc,a3ddeecd,2024-10-24,8963.65,payment,legit
73820308-af0f-4d05-9649-10f13f854523,ce5fba22,2024-06-29,3819.32,payment,legit
615b8b65-2030-46e8-b62b-8befc0f59659,408b984c,2024-03-15,6894.12,payment,legit
36d4bc34-697d-4759-a1c1-e511de06cf32,95b84ef8,2024-09-26,5982.53,transfer,legit
6b3232bc-04d9-4206-b014-195822a35ddc,b5bf8007,2024-09-12,529.79,payment,legit
ee69c0db-d120-4b42-9991-4ae814d94a17,0ee95a8e,2024-03-30,783.88,payment,legit
2fc34e0d-8c86-4920-9734-fde762f7f381,95b2c159,2024-11-25,207.64,payment,legit
950a1bff-f5e4-44ce-ac39-21f8eba290c3,a4ec1429,2024-02-08,3708.34,transfer,legit
f1f9bbc4-d0a7-4ec9-ba9c-114e298bcdc1,5c547e7d,2024-12-24,7458.01,payment,legit
45a922dc-479b-4f57-a00f-e4009397e726,b22607a8,2024-11-09,1727.55,payment,legit
7edf8497-85f4-4636-ab0e-b98588cbe33b,59856e23,2024-09-08,6058.53,payment,legit
ed3d2068-db19-40ee-86cf-f3b490239964,653ee40c,2024-12-08,2888.28,payment,legit
e3c12fc4-3a61-43e3-8db9-c06045707025,375b96b0,2024-09-20,7969.93,payment,legit
dd6808bf-7b05-49c8-9e63-4986b9a0ff2a,ad067b6f,2024-03-10,7983.96,payment,legit
33d8d3e9-c63c-40b3-bd5a-5381c40159ac,b655b820,2024-06-10,7754.15,payment,legit
cdef046b-8bfc-4aee-a3e4-297ce4569e74,7922ab4a,2024-01-27,5248.34,transfer,legit
8624da70-6159-4b07-a08d-1a1095a2d78d,c4aef199,2024-05-22,2845.67,payment,legit
2e04a3bb-2e8a-443d-af6d-f17f435c3b00,2069f17f,2024-09-27,8094.44,payment,legit
6161e8f6-33d4-47fa-85ce-66edca1ff0bf,1167109e,2024-05-21,1861.01,payment,legit
5211c419-d667-40bb-8530-ff4099ec0897,4e9c7591,2024-04-30,2897.6,payment,legit
1d195edf-db95-4f03-99a3-cb7fd6271667,5ba7baad,2024-08-05,1839.48,payment,legit
1eda5ed5-9024-400c-8407-e64a398e46eb,e2bdde6a,2024-11-14,6742.1,transfer,legit
25ea5e6a-5c86-48f7-a733-b249e4642949,6d81c124,2024-01-18,6862.36,payment,legit
68b455c6-af52-490c-bc89-84d1791fe7a2,ffe73fc7,2024-05-20,6525.1,withdrawal,legit
053537bb-d10f-4649-b877-60d5780e02cc,c2a86fee,2024-02-27,4156.01,withdrawal,legit
51a3bbe8-8611-4845-960e-c86734e00676,aa1addc2,2024-09-10,1001.71,payment,legit
a1d8947e-9798-43f7-b20b-19b8f4f1998e,2a02c13b,2024-02-08,9111.7,transfer,legit
c87e2e12-7418-4898-8824-b64f4248d231,96cd8ebf,2024-08-30,5077.31,payment,legit
2fbbb4d6-2a0c-49d4-a994-ae7077d62236,48c337be,2024-04-14,4069.72,payment,legit
dff59af4-51db-4c92-afdd-e41ba8f924ac,de19fa21,2024-03-13,5888.25,withdrawal,legit
08f498f6-9c1b-49d2-b1bc-9879407c3254,0c3117d0,2024-12-07,1927.9,payment,legit
109a4e51-6a12-4146-8193-32a6fd8066ee,9224947d,2024-01-07,1325.49,payment,legit
31a37ff9-7a35-4859-996b-6161eabe16f7,2e8968b3,2024-06-08,4055.25,payment,legit
897fb0f9-6107-4564-af94-7095aca8b62e,df794b7b,2024-01-08,2272.21,payment,legit
5f7eda51-c666-4e92-9f0b-bc8f7201b4eb,5d998ebd,2024-06-25,2442.9,payment,legit
d498a21c-a984-46be-b106-8fd4e30c7073,96b7a640,2024-07-01,8925.11,withdrawal,legit
7eb089dd-0805-4b9f-aa85-2096fa3f15b0,f51e8647,2024-04-27,5307.59,payment,legit
9ef72bad-9460-4e30-ae26-4ddcb8b4239b,afc5662f,2024-02-18,4834.69,transfer,legit
45834e93-883e-4f22-8169-5e115e5b9387,deef6318,2024-05-17,6894.8,payment,legit
a487bbd9-a9a0-4cde-bb6e-12c9e0ab4fbd,91d992ef,2024-09-02,9515.48,payment,legit
349a44ca-91be-47a5-9411-a2b737f9ba11,10ad6d31,2024-10-12,1121.99,payment,legit
d988a038-060e-4277-8070-9cfcb3f1187b,872bc07c,2024-07-12,8335.35,payment,legit
c89ff541-ba35-4fb0-a136-5e6afa7ef7ae,a4782a7f,2024-08-03,5840.19,payment,legit
53ddba3a-7f29-4d3f-9f01-f22daf7d1e68,4e5ae805,2024-03-14,1461.65,withdrawal,legit
2c27c079-be84-4a7f-9d31-8036d3bc4182,2fe98974,2024-04-14,2971.49,payment,legit
9c89e69a-3e1f-4eb6-bf88-38ad36af94f3,8420c2a3,2024-02-29,4823.61,payment,legit
3e62828c-56fd-4665-ba3a-def1c15a15a2,6e7e40cd,2024-03-31,6911.77,payment,legit
44ec222c-0cd9-469c-8b1a-2cc05de815ea,52ac600c,2024-03-23,2426.07,payment,legit
1f205022-381a-40ff-8e8f-a964a8bd1698,2c518a79,2024-07-08,5348.79,payment,legit
218d2b5a-09d9-44b6-bf6a-a111e3e4832a,2ed21486,2024-07-24,6846.72,payment,legit
f5f41ea4-0602-4153-94cb-d3da6f1322ef,0f9ff213,2024-12-10,4487.41,withdrawal,legit
d3e15d49-acbe-426a-a278-d646c1e924b1,1c82610c,2024-03-12,8630.26,transfer,legit
3192f4d5-68ac-4de1-b5a1-6b57fae0701f,a3d1ef35,2024-08-22,8694.59,payment,legit
8caf3e3d-9889-4d0f-8b96-730fb94b50c6,ef8e4f59,2024-10-25,4706.91,payment,legit
40b087fd-53fe-49d5-8b6d-e58bc90dd198,6b8d8325,2024-07-23,9729.26,payment,legit
60ae55ff-9edb-4b55-bb41-11a0ab5fa22a,de6b7da3,2024-04-03,755.85,transfer,legit
895e1aa4-c40f-4d87-9273-37546fd7eade,53c86640,2024-04-05,33.62,transfer,legit
c16ff43d-6493-4963-8baa-6f0661e5ae0b,e54a7cb8,2024-01-15,3806.68,transfer,legit
82c5e448-13b8-4d3e-a179-b7d19b7071c6,df3ce0b2,2024-04-21,6010.97,payment,legit
3d54917e-2afa-42e2-bfae-bc80f1678d2c,61775d8a,2024-09-28,6292.0,payment,legit
a5025d26-ff9b-4efc-9e75-ba88127056e9,9fc10c3c,2024-01-18,4764.46,payment,legit
dbf58810-1cfe-4144-aee6-73a5a36dc456,6abaa6eb,2024-03-21,1248.83,withdrawal,legit
57b1467c-6bc6-4c77-81a8-706310930c89,eeb6e5a2,2024-09-14,1704.98,withdrawal,legit
190e1458-0576-4dcd-a7a6-ca82b4ce1b3c,5c8d4dac,2024-10-12,8521.48,payment,legit
d162f6e8-5f39-4c68-b99c-228b47f62a66,27ffe617,2024-06-15,8679.11,transfer,legit
ef2d6c6f-0526-4ee2-9e8c-cd9f9a0d4817,8dad8322,2024-09-11,6738.99,withdrawal,legit
b1fb133a-6295-41ce-924f-21e8cf7ccca4,b6686ac0,2024-05-21,6642.18,payment,legit
b12e14b8-52d5-4a59-a6c1-b0ace805fecb,3608fa06,2024-02-28,5976.82,transfer,legit
5b8d2d20-0b2e-4ed9-ba9a-3bc1e0c9b3e6,df15654f,2024-05-25,2029.26,payment,legit
c55f840b-30b5-4c47-a3c4-f477eb7467c5,e3330d0a,2024-07-30,4282.51,payment,legit
98bea066-38e9-401a-931e-7dd71c7cb4fc,1521896c,2024-12-12,6958.95,payment,legit
43aceda6-f0e4-4216-9bf3-fb409e58b58e,daeaac93,2024-01-26,5372.52,payment,legit
9d51d83f-14c1-4fac-a391-d3f64f3b07fa,bd6fa6b9,2024-07-04,185.8,transfer,legit
0bae8be8-f5ec-4268-939f-fd76004b31c6,9b6507ab,2024-04-30,9535.57,payment,legit
b80677b0-ccad-49cf-976c-f79f449736fd,6bbd978c,2024-07-04,8448.16,payment,legit
50ca3f2d-4f2a-424b-9f3a-d8b269ce25eb,f614e70b,2024-01-09,2605.45,payment,legit
11254d88-be1d-4ad7-a4da-e79647d9e728,86c34ab4,2024-04-24,6164.59,payment,legit
22cc6992-62a0-40c1-afcd-ce2fddca54e4,36b2114a,2024-10-26,9232.39,payment,legit
a2942139-3d8b-4cbd-a537-a5c1f467d992,5868f9bd,2024-07-21,960.11,payment,legit
c434fce9-15df-415c-82df-bc74d4cdf99f,6c30ef8a,2024-06-13,5030.29,payment,legit
2109afac-8024-4fa2-a507-b0be8ef19537,21849161,2024-04-14,4562.43,transfer,legit
7078d1dd-d7ea-4354-bdbc-1c5f51784e55,359f32f9,2024-04-18,4102.05,withdrawal,legit
bb8670e7-474d-4d2e-afbd-2b05fb33b95c,60f6ef2f,2024-05-19,8355.89,payment,legit
d4d64fde-a3d4-4124-ac16-404d7a5074d9,5f91367a,2024-10-31,3806.46,transfer,legit
ccf8caf9-c82b-428e-bb6b-8e7b00a68e0c,fd39937c,2024-12-19,636.63,withdrawal,legit
a32a485a-2b7b-44ce-9a7d-2f6e26216105,817e9102,2024-06-09,658.38,payment,legit
7f33746d-f6e6-4813-b479-afda1ee70b20,2310f47b,2024-05-23,427.45,payment,legit
238cd7ee-5252-46b9-a32c-9d678b23c5df,13a895ae,2024-11-04,4091.45,transfer,legit
1a7f35a6-98e3-46de-8658-7eb6c40ba757,59582869,2024-06-04,7184.06,payment,legit
51baa9aa-c1c5-40d1-8ca2-f154f934a6da,ba63d288,2024-07-20,2037.22,payment,legit
cd969458-2280-4b68-8002-3c6424294f15,beec3b92,2024-03-25,6464.69,transfer,legit
001b5e2d-afef-4e71-b6cb-a608cb2694a7,0af4f63d,2024-09-28,6870.88,payment,legit
a228fe39-f0e9-41b1-8f32-4df05d28f8b6,c5ac1298,2024-07-13,2552.02,withdrawal,legit
d40cb4ce-4063-4cc3-b2e2-aafa5efa297d,55bc765b,2024-10-22,6005.58,payment,legit
4c7bd71c-3a66-4948-adee-47de1ff6a7d4,33b82dab,2024-10-11,6848.68,payment,legit
962e6d71-b303-415b-bd8d-73a7ed6d67c8,697c8837,2024-03-19,4666.14,payment,legit
374f8ca8-ce69-414c-ad46-2ed5f8b2f266,6a6a0bd2,2024-09-18,3367.17,payment,legit
173b0fc2-7eba-480b-ab80-e3acd494e560,d2c89a50,2024-10-19,6191.52,transfer,legit
6176cb95-65ee-4cd6-974d-66071911b507,ec3403ae,2024-05-06,9778.47,payment,legit
b491925d-9399-41e4-a11e-8b79fbd7d5af,b6bdcedc,2024-03-04,4268.41,withdrawal,legit
cd1914e2-e17b-49cc-9359-49fe0d6e409a,587dd78b,2024-01-01,3917.35,payment,legit
e3306f4a-306b-43b6-b7a0-327ef517f169,4e7a2a05,2024-06-13,4642.67,payment,legit
e7c04677-d5de-45a0-9757-95afd85dd571,68e58f1d,2024-05-08,762.18,withdrawal,legit
ae406d63-85d2-497a-a8b3-556b34a9b7d3,194069d0,2024-07-21,5531.63,payment,legit
ec1501f1-9c89-4e52-8641-8af82ce6a075,392fcb56,2024-03-09,3286.97,transfer,legit
bcbc14e4-e7e2-44df-9bbe-135d26443430,116d21b1,2024-11-09,1214.22,payment,legit
1bf31177-d6c3-4913-8f37-eb1c43bf908e,8f4704a1,2024-04-04,4662.57,transfer,legit
97cd4a9b-4051-4ab3-a41f-53ae62e32e16,1af48f53,2024-03-23,33.84,payment,legit
f2246554-5b8d-423e-863f-e487dcef8358,daa3d656,2024-06-24,4017.85,withdrawal,legit
9001bc49-8634-43b4-94a6-4c1a42fb9a48,c8461c47,2024-07-01,1057.35,withdrawal,legit
5618d384-5f31-4494-9e26-00bf96dcede0,205e068f,2024-03-19,242.93,payment,fraud
f6c33426-27ca-4782-8fcc-69d19fe259be,d555a60b,2024-04-09,8244.75,payment,legit
e91c55cd-ce0b-4989-af98-7a731074c742,152c908f,2024-03-02,9162.49,payment,legit
ea96c05e-cd91-4521-be23-6afa1633cb18,408291ad,2024-09-19,2076.75,payment,legit
7dcc19af-19d2-4410-8f6c-ce8c8f92e47b,3beeae9a,2024-10-08,5392.98,payment,legit
529d0bec-9719-491d-a470-a1bc8bb3df60,dd08aeeb,2024-06-17,2779.58,payment,legit
f0e70b71-6b8a-4536-a012-a641a7f45537,5534d6be,2024-09-17,4935.77,payment,legit
da4bb0b4-08b9-4ed2-8dbf-c063d9ab4550,c1f4fdd3,2024-09-25,4366.31,payment,legit
5192d987-6334-4f3f-b8d6-4995dbed6991,aebb356f,2024-02-20,2690.51,withdrawal,legit
727f73f6-f817-4dbc-b8dc-49c71916c531,cbe264f2,2024-12-18,7003.94,transfer,legit
4327a22c-df55-4d85-aef3-650d7ce31131,d1330b27,2024-10-26,1264.91,transfer,legit
e30397ab-82b8-4f52-b686-eb3a503107b4,6aae82b7,2024-03-15,530.73,payment,legit
619cd627-fa5e-4f97-a3e0-e4e44daf92a4,6bdec601,2024-03-08,7676.75,payment,legit
512b7cfb-85d5-4187-87a7-5afd36832e73,2d4028e3,2024-02-15,6659.3,payment,legit
4f3661df-5cd7-4f96-b838-7a9c195392bc,377d3ea4,2024-02-20,4985.26,withdrawal,legit
05d90f8f-0210-4d61-a5f6-3771b4077d7b,b0407798,2024-09-30,4677.9,payment,legit
e8642147-2167-4b0d-83ae-a989c103786d,4c4dce72,2024-06-20,4974.11,payment,legit
52eee497-27ec-4454-8991-b669e9f00b9a,b3daff63,2024-10-12,4370.24,payment,legit
2aa3b8d1-e214-4a6f-8835-eb2c2a70b1b9,7cdd7713,2024-09-29,3928.92,payment,legit
4c0f9fdc-814b-4597-a641-c640596c9918,ef69dead,2024-08-08,4996.91,payment,legit
5529904f-1770-42d9-a373-7d82ff930abc,84e45b99,2024-09-07,5285.15,payment,legit
2e571e45-1273-480f-b7c9-05cccaf48279,8a035f61,2024-01-07,6919.02,payment,legit
56138e88-84e6-4790-934f-fd4b3a74eaba,a968b850,2024-04-23,7112.07,payment,legit
856b64fe-f049-4770-a6d2-9054891c61a9,18f1e51d,2024-08-20,3776.29,payment,legit
cb5a475a-0fdf-495f-ad3a-4e5c37fde1f5,947acc9d,2024-01-04,4135.41,payment,legit
7a64594c-be97-4a7a-ab0e-1d952d2b0d74,21ed15a9,2024-01-13,3736.97,transfer,legit
264158db-7c84-4ea7-a245-e64ba86e56bc,2214d0e8,2024-11-06,5365.36,payment,legit
0c392637-2aab-4659-9f90-dd3ecd9fd275,85cafe07,2024-09-06,4533.54,payment,legit
d697afaa-d250-4006-85e1-7874050aa5f8,392a8689,2024-04-06,8895.96,withdrawal,legit
5654a5a5-cdb2-4678-b9b9-4a2345b33fc1,2099c14f,2024-09-08,6963.61,withdrawal,legit
48178f14-d15f-419c-99c7-39abcf128299,4f282685,2024-10-16,8986.56,payment,legit
2c0fa46d-9c8f-4747-b2ff-e3a655a80364,70e751da,2024-04-21,7091.37,payment,legit
e312591a-4fc2-4e19-953d-6e1a79a104d3,26bd2b38,2024-01-14,9709.92,transfer,legit
22dded19-c93b-4137-b691-af6d7e9aaa68,29eb0ce4,2024-12-06,6357.37,payment,legit
6f864a9f-4657-4b94-8be3-264a06e9673e,be90472f,2024-05-05,9635.5,withdrawal,legit
fab9322d-b7fe-4959-b3ec-045f332cf924,049cc615,2024-02-08,1581.7,payment,legit
d2c43d87-33c0-4004-b34c-3563ec527995,9835b620,2024-06-28,524.78,withdrawal,legit
08f241cb-4143-4c53-8024-96a296c648a3,2b730054,2024-10-07,5791.25,payment,legit
35879dc5-a4f8-4acb-967d-22854da29373,b6ca907d,2024-03-21,9834.93,transfer,legit
2e614ad0-2183-4303-9073-3486ac54af26,c1ad79a1,2024-04-08,4176.05,payment,legit
88287ec5-777d-4082-b99c-4b19d31b7f7d,f3e0f4fc,2024-03-29,2120.43,withdrawal,legit
fc5039de-8465-4a8b-8d1d-0e2bc3bfba17,047c4fab,2024-12-27,5215.41,payment,legit
7ffb05dd-25eb-467e-8543-45076aa05d36,417f76c2,2024-03-13,6487.99,payment,legit
e44e5502-e010-40cd-b9f6-b6cc30eb2f5f,ddc6abe5,2024-07-29,3151.79,payment,legit
f9114a46-ee29-4a90-b038-43feb27c86c2,f0c39b1c,2024-12-03,7147.69,withdrawal,legit
205eafe2-99f0-4b9d-80d9-aea2e4c1e03d,8d242c84,2024-02-23,9751.15,payment,legit
30f77de2-115b-4240-a3d9-129d1ae40e79,45a5fe2f,2024-12-20,8969.63,payment,legit
300aec37-6daa-4a0f-a52e-73aff5887f09,5d1e5418,2024-12-11,2915.85,payment,legit
0e628252-d9d8-402c-89bc-711a5f74101c,62b6d6a0,2024-11-18,3267.24,withdrawal,legit
2df5c936-f446-44a6-84e2-fb31a5c478a9,83e4dbee,2024-03-19,3715.41,payment,legit
f286c8cb-de61-47ca-b616-25067e751068,ada94053,2024-08-19,3945.53,payment,legit
b43a43c7-e5c8-4d5c-b121-80a262f5896e,3ad34599,2024-10-04,1003.19,transfer,legit
d1c05057-2818-4368-8be6-e6dc4f82e32d,5d4de493,2024-12-25,7619.63,transfer,legit
f2d793c2-b520-4b97-9c89-7c1c482d6c96,4c1809d3,2024-03-06,3653.39,payment,legit
bd74142e-8d49-4d68-9c7c-7d1dce5dc72f,6f7fe80f,2024-10-06,8798.2,payment,legit
2bc97e9a-e6ab-4f53-b764-f997015ddf91,e6d53d64,2024-05-03,9269.41,payment,legit
ef36a157-d8fa-4e0b-9e66-09e32f11e039,a3d8a81b,2024-03-05,244.31,payment,legit
235f3e91-4952-43e3-8d25-9401871af7f7,61439734,2024-06-02,9885.03,payment,legit
3a43b02e-9347-4a10-907d-76e47feda351,3015d997,2024-10-16,7100.23,payment,legit
f95be8e6-adb8-47df-8698-c76c9727ec68,50b4db64,2024-06-18,5203.92,withdrawal,legit
02367237-c130-4187-ba35-6ebf4eaf4a95,ef7a9b62,2024-07-15,3895.28,payment,legit
70306a8b-efcc-41f3-ac48-b48152e5e24d,bc184702,2024-12-29,5185.18,transfer,legit
47e0d8f9-e111-4508-acd7-3782fd4fd18e,14510320,2024-05-25,3246.25,payment,legit
bdd47748-c223-43f9-85d4-63a16d5d7a75,b5a5f4f8,2024-08-12,6226.88,payment,legit
68981f00-56fe-4973-aac2-1326962045a8,78b98385,2024-05-13,929.8,payment,legit
db4ee82f-aad5-431c-99b9-91194b38cc25,a0ffcea4,2024-05-23,6211.23,withdrawal,legit
4bf44333-65f4-4269-8f4f-2a4bf3774600,c0ccc732,2024-09-10,2753.45,payment,legit
7ee4c5ec-c272-4231-bd85-4e998b6233d6,87d7b81e,2024-12-08,176.35,payment,legit
206f71d6-9942-4526-b008-b1d2f6056010,a41e797e,2024-07-16,5527.06,payment,legit
5d9f9f3b-7f37-434f-9a65-957dbb78002e,7e8216bd,2024-10-07,5784.48,payment,legit
1e295223-ad35-4aa4-bf22-cd7bea586e23,7d71f6ad,2024-02-02,4265.69,payment,legit
8970d387-3193-4e1a-8adb-867cad906b33,621388e5,2024-03-18,722.86,transfer,legit
f91dd227-3b10-423f-91ab-4a2f1a7938c5,56c2fa60,2024-07-02,8933.43,transfer,legit
3d13475a-f26d-48af-b367-44ad332b411e,ee7c05aa,2024-01-08,6114.31,payment,legit
81d4834c-36ab-4d06-a13a-42a805b750e4,e9d65126,2024-04-02,1157.13,withdrawal,legit
1bca6985-e7d4-49ef-824b-4cff77560d7d,4ef0429f,2024-07-07,5109.31,payment,legit
cc6437e2-d01f-4fca-a5ab-98f470bb0ce0,1670211d,2024-01-06,4972.54,transfer,legit
c1fa0e4c-599d-42cf-b265-904c357e183d,b202d3cd,2024-04-06,604.02,payment,legit
36923bfc-3137-4a6f-af70-cbcfa96a802b,ccc3a0c6,2024-07-06,6068.6,withdrawal,legit
a1968e80-411e-4eb4-8931-0391d10dd7ff,d31a3e63,2024-07-28,8083.26,transfer,legit
d4a81088-1acf-4137-b0fe-b3415eb91f34,337a831b,2024-12-03,7490.08,withdrawal,legit
4c6df128-9bac-460f-aaed-f0b187d0d816,074f160f,2024-08-23,2029.69,payment,legit
0f4c1ead-79cd-4372-ae17-d661254b9582,4de37004,2024-05-31,8622.93,payment,legit
956725cd-18a6-42db-b686-d3f2c01cf08f,36d3376f,2024-12-05,3425.42,transfer,legit
425880fa-1dc7-4175-9d87-a74cb1eeb46a,855162c7,2024-10-13,9465.08,transfer,legit
91bb7d76-a0f1-4ed8-9baa-9634f10d2bd8,68252033,2024-03-14,717.48,payment,legit
84850f35-8397-4d12-a0b5-aa1338728dca,602ac0b5,2024-02-17,4862.09,payment,fraud
7d95f65a-28c3-4097-83b8-bfd6d10fe8d0,0fa8ad32,2024-09-03,5971.24,payment,legit
7e83402e-6119-455a-aa8d-a6ca277972ce,fae85b37,2024-07-23,2476.5,payment,legit
99ef3db4-33d5-4688-b26d-fa809172b06a,ba9d41d7,2024-10-15,7713.8,withdrawal,legit
45dbaa93-5339-4f33-af92-24b0b523ef2b,6964f600,2024-09-26,6268.96,transfer,legit
c7dfdd93-2496-4da0-bfe1-2564fe6d3183,e2bbda99,2024-08-16,181.09,payment,legit
af2dea4f-e88f-4dfd-978d-ab388d141e43,e0173625,2024-12-26,6083.69,withdrawal,legit
980dda2a-c4f3-4848-9f9c-b9bc37b6dc26,91223f1c,2024-07-13,4914.78,payment,legit
01eaff64-f2e7-4d6f-90b8-10875c1e8702,6331aa0c,2024-02-11,1960.29,payment,legit
2a97e5de-1644-4e3a-a6ed-e2b5b68d005b,c0aa3d7a,2024-10-29,9957.48,payment,legit
cd3aee74-dd39-4511-a2d6-923afebe9539,99a74be9,2024-04-01,8971.62,withdrawal,legit
cf2c7da0-daac-4554-a47c-a67529377817,314420a4,2024-10-10,2925.08,transfer,legit
53bb3acb-d712-4732-b33f-cf87989119d6,25f03876,2024-12-15,5410.71,payment,legit
781ac032-c736-4895-9c25-184b3d2f843a,b461ba1a,2024-09-11,3165.02,payment,legit
a7dea3a6-efa6-43a1-b6cd-5233d963bc2d,0e5e9a97,2024-08-05,7754.96,payment,legit
4b7ef066-30e5-4bbc-90cb-ea3fe253e887,1d5a312a,2024-06-17,9303.31,payment,legit
7af5f0d9-74ae-4fa5-85c2-00ee59120edd,e5c5df6e,2024-05-13,3588.29,payment,legit
669b5fd3-6cde-4d24-8601-e3fa1554ca6c,002e3e36,2024-05-08,8055.84,payment,legit
46ef2471-0880-45dc-8fc4-e3cdf03293fc,02cd6ab2,2024-08-20,4984.08,withdrawal,legit
8e1c36c5-f229-4012-827a-6c739a4d8873,83e468d6,2024-10-01,3965.79,payment,legit
c4bf1bf5-0802-44f9-855b-6903f2dd9b27,48382857,2024-09-04,9384.22,payment,legit
0e20526e-014d-4ce0-b766-79a6e91c4e26,c21a575c,2024-03-13,5104.05,payment,legit
27703607-e39d-41d1-9d02-932211efe72f,ae060f31,2024-06-29,4674.11,payment,legit
31435d5b-9f41-4279-abcd-abacfb4da432,82d7a29b,2024-10-15,6724.34,payment,legit
e96f9f4b-89db-43b2-a30c-ba6a0a7c96ca,7339df75,2024-06-22,2612.34,payment,legit
a165d6e7-a451-401d-8d34-d9ee1a47aec4,458a7f30,2024-07-14,3247.93,payment,legit
31e3c44d-cbb8-4326-80c0-4277382946e0,85b4c285,2024-10-08,9320.46,transfer,fraud
2cd43e3f-52a7-44e8-a2f7-1aefdf939645,4d901ebf,2024-08-29,6785.3,payment,legit
a67e10af-564a-4d15-83e8-5d9474c1a9da,e68e3315,2024-05-29,8266.37,payment,legit
5e7e0fda-e8fb-4433-ad10-971f6d9308f7,0cf5835b,2024-11-22,2711.12,withdrawal,legit
e38c1f97-54d6-4775-82ce-ecc6323b7311,1126c72c,2024-02-29,5437.9,payment,legit
8c68c2a9-bdf1-45e7-9713-4e0c3718b174,ac1b61c2,2024-12-29,9713.96,payment,legit
32b52d72-7e7c-484d-968b-8fbcfc0cf8b9,55f30c6c,2024-02-13,3187.04,payment,legit
5d055cdc-e6dc-4e2f-b2e7-33576cd9c658,f6b6a14e,2024-01-06,1604.76,payment,legit
d7e344ac-2d04-4010-a7bf-e9dfcf492637,28c0b552,2024-11-20,5108.86,payment,legit
edb38cef-0543-46de-beb8-f3224b171bbd,4cb1bbf5,2024-03-30,3878.21,payment,legit
f7873036-b817-433d-a132-a6e1f2adab24,155c5269,2024-09-23,1595.77,withdrawal,legit
19ee24cd-07c9-4c94-8cb4-9e94b139e252,c9958dab,2024-10-23,8885.51,transfer,legit
31d74829-a757-4705-9999-97b0dd87473c,122a7e63,2024-11-09,9907.24,payment,legit
454cba9e-83e6-4c26-a9d7-ff3c504a4301,45c8d519,2024-12-27,5685.82,payment,legit
902a571f-c860-4eb3-ac58-a240150cc3f7,9c3802b9,2024-04-17,7746.77,payment,legit
192295b7-96f5-4901-9dea-6af918b6a294,6f25974a,2024-09-16,8590.38,payment,legit
f0866040-4fb0-40f5-bb03-6af7c3f98793,45dce6ba,2024-02-12,7009.82,payment,legit
1735036f-34df-4b86-b36c-4ddf39cc255d,5d325665,2024-05-28,441.56,payment,legit
49ba4215-84cd-44ce-9f19-6ac0ac0f4c77,12090149,2024-11-05,1576.34,payment,legit
63137726-834e-4e8a-b906-364d42106b86,847a7adf,2024-05-14,709.89,payment,legit
88257041-1ee0-46c7-aca4-7d2193e92c71,c04f0999,2024-08-03,98.8,payment,legit
02b1d9e2-1e93-4845-bcd3-5d360c553718,7ebb3ebd,2024-07-02,3059.96,payment,legit
cfa3b7a5-09ab-4ad0-a009-c1d76a9df09a,480efe36,2024-08-23,3923.56,payment,legit
5f664dd2-0b60-44f9-837f-f2c62a8461f5,273f6347,2024-12-21,2410.3,payment,legit
b7f79bbb-c2fb-43c2-a5c5-e4ab66d6ab90,7ca7f315,2024-01-21,646.05,payment,legit
3a07acf5-5423-47e2-86c6-5b1569f658df,7a289991,2024-07-28,5298.63,payment,legit
562f1649-773c-4c36-8ad7-3e07c5322fb6,a76c0e1b,2024-11-11,2733.19,payment,legit
754d1d2f-e978-42b3-8963-162652fab021,27a34d81,2024-06-24,7960.37,payment,legit
73e9e79f-7a87-495d-8c35-6509651d76f9,81385bb6,2024-01-29,80.53,payment,legit
0a58733a-ac7f-47f7-9a46-a129c91fb1b7,bc8eb7d8,2024-07-23,8425.27,payment,legit
62eaa436-d487-42e0-89b6-987bc3fcec78,b1d0d007,2024-05-01,9547.54,transfer,legit
443b3606-29c0-4518-9555-5f848bfce84c,be889ec6,2024-02-26,7161.35,payment,legit
8d6e2509-e813-4654-8fa2-f6bfba4dc40e,d00dd2ab,2024-11-05,7336.44,payment,legit
e715e342-437f-49eb-b2fc-3574bd19e5e5,2ac802a1,2024-07-09,9335.62,payment,legit
c7aa553f-9ac3-44fe-a8d7-5b7dae770761,73803dce,2024-12-06,2090.71,payment,legit
0815a5b1-e592-4ad1-862b-e6a32f48332e,04ae8505,2024-10-21,9945.66,payment,legit
63f5d785-7b6a-41ed-b30d-2138d68fa8de,937e092d,2024-09-09,7734.81,withdrawal,legit
638abd0c-e794-4284-b737-bdfa6b1f742f,082cfd20,2024-01-02,7265.71,transfer,legit
713543d2-b517-41fc-86c0-53a9dede588f,5ddd4df7,2024-06-05,3610.91,payment,legit
16a94b8b-718c-4c85-b27d-440fdc8720cc,401a1721,2024-03-13,5457.77,payment,legit
237442f6-70dd-4b63-b5cb-b29aeff1fd14,842e56e6,2024-11-28,6539.18,payment,legit
049928af-5a48-44a0-9441-d24d7172f4f8,50fffe83,2024-03-04,6203.43,payment,legit
a9c6d967-14c1-4714-a966-21cc590b799b,10539e61,2024-04-14,7049.85,transfer,legit
5ca81a14-4711-4f55-ae3e-00e55a338065,9170c2d4,2024-07-07,823.82,payment,legit
ac58a6ac-a617-4815-a842-9af8bffa860c,05ff4443,2024-04-06,3556.48,payment,legit
2ef66de0-54e1-44cf-8fc7-4fa15085f7b9,24f96991,2024-03-17,4340.0,payment,legit
ec23c7fc-7a5c-4824-8ac6-d083ad00892b,e6ab4ff3,2024-08-06,2606.29,payment,legit
388ec480-ea96-4e81-a2b8-f81260097134,c030f106,2024-02-02,1726.27,withdrawal,legit
ea1cc517-4bf1-4710-9fc5-d46d8e4ac048,b73c60d7,2024-01-22,1389.27,transfer,legit
c6b50e20-a728-47bd-b3ce-3a7057ccceb5,7f9089bf,2024-05-15,3663.83,transfer,legit
d60e2efc-401e-4d12-aeb4-8dc1b51bc880,d52884bc,2024-09-20,4934.42,payment,legit
c4dfccbe-e1d7-4fa7-9acb-30fd6c2d66da,c00c513d,2024-07-21,629.76,payment,legit
dc4e1f90-eda1-46f6-8006-ef2c87c9c448,81259135,2024-06-03,9464.58,transfer,legit
8ab39875-6551-49b5-a11e-490176e4e33d,76070231,2024-07-25,7652.43,withdrawal,legit
4338e9b2-596c-45cb-b04d-cfdb59ee5372,c05440c2,2024-05-13,7308.52,payment,legit
57a24778-af87-497e-8d06-18dc5ccbaf27,23bfaceb,2024-12-07,1728.61,withdrawal,legit
bd0add59-b77f-40cc-acf4-089f602be7e7,e602889a,2024-01-21,6038.01,payment,legit
12581477-8b5c-4f2d-a504-59f3733b3516,495397cc,2024-09-02,5297.25,payment,legit
8c1d1f24-836c-4bca-b89e-54fb4b690a9c,8052e162,2024-11-21,9824.69,payment,legit
56d94515-614f-4015-aa55-491f18dcf13d,26d117d0,2024-10-20,7476.72,payment,legit
4bbc8e1e-beef-4a9e-a7aa-b15848fd0522,8c7e75aa,2024-03-08,5757.62,transfer,legit
09da9d26-b1cf-4817-8aad-d0c380b75400,972543cb,2024-04-18,8508.13,payment,legit
4dfe7ec1-4327-41dd-85e8-5de434de37ea,4f0810b8,2024-09-18,1550.94,withdrawal,legit
8216349b-a360-4eca-8079-95251838c271,34df4e32,2024-01-31,152.17,payment,legit
e0e1ffd6-696f-4948-a803-1adfaa6115f5,8ceb78cb,2024-10-23,6902.33,payment,legit
8c30c6fe-e896-4251-b0b5-c4f5ea677d70,e8f17d12,2024-09-19,983.11,transfer,legit
cda57ce2-4c7c-42af-9b6d-519d79cdced9,9a3116ff,2024-09-23,1154.34,payment,legit
c071b0e8-a0e2-4a2c-a944-a4714f77ead7,7c6173ed,2024-02-06,7446.81,transfer,legit
1ffeb654-6066-47ae-8b47-c0a70553636c,6880c01f,2024-09-18,2705.35,payment,legit
d097d88e-696e-4cec-b996-427c379df0bf,08b45b2d,2024-09-05,6286.31,payment,legit
ffeded50-3216-4851-88c1-ae6b5dc8026f,da89eb21,2024-10-30,9174.07,payment,legit
a063e0d0-7cb9-4c13-a6c4-8a0a0bcff3be,893ae23c,2024-01-16,3164.75,withdrawal,legit
7de58ca7-680c-45f8-857f-01fc510f8309,8a87dfe7,2024-01-09,2171.44,payment,legit
5cb34e4e-6f0c-4a67-b0ce-e5661adf1436,53d341ea,2024-05-16,1065.63,payment,legit
88b3b5f2-b9aa-4093-8736-69f50a74799e,391adddd,2024-02-24,1304.62,transfer,legit
a15af1ce-c1ea-4ef2-af36-43009eeacbb7,9f7ad0d8,2024-07-22,622.23,payment,legit
cb598630-d74b-4ccb-a7ff-968c4f4d9804,fed0bed6,2024-11-30,876.42,transfer,legit
3ca10738-ed06-41c2-8f50-5e0fce609b3e,c9cb3a5d,2024-05-22,4320.05,payment,legit
6ba301ce-2d75-4b4c-b024-604f2f5064a8,e00ef2d1,2024-11-04,3208.65,payment,legit
e0ea08b6-d779-41c5-92a8-bb092d87d1f7,0c645d58,2024-01-01,7065.61,payment,legit
5ac05ac4-71f2-4d34-9f52-cdd989df259a,e9325966,2024-03-02,8702.42,payment,legit
28bd5afb-ec0e-4bcf-9d07-7d6c57fad59e,c84c4cb2,2024-01-12,7847.73,payment,legit
61e3b476-af55-4905-83bb-c953741cb916,da8a17bc,2024-04-29,5306.37,payment,legit
8e0adc33-b8e3-4bc6-be79-f8909e54af8e,54b3757e,2024-11-27,1024.42,payment,legit
34938d01-9a59-4c10-b01c-a70cc58a719d,93e94507,2024-02-05,7097.67,payment,legit
71828f6e-67f9-4e19-aaa7-ec0524253320,885aeac6,2024-08-09,3628.29,payment,legit
f86c7d1a-c4fd-494d-a833-25ef98b49077,5afa3e20,2024-06-13,856.5,payment,legit
94cbb1c9-e9be-41c5-a0ab-1f524a9b114e,0856e8db,2024-12-08,8424.66,payment,legit
b7622e74-bfdc-4cc9-a957-f002edf79c83,8d8976ce,2024-02-14,3382.17,transfer,legit
e6fdb25d-29fc-42a4-bea5-cfc470359136,1930ffa4,2024-03-18,2182.49,payment,legit
d543543f-1c2f-4887-bd93-80d56248f23b,81a06b34,2024-01-11,8714.52,payment,legit
d04f0822-faf3-4fe7-af19-f635d1e012d4,3bbd1250,2024-06-07,9021.34,payment,legit
2074d3fe-e39c-413f-b30d-319ae4f9f82c,4d3699f6,2024-04-11,3389.71,payment,legit
ea1ecb3e-5acb-4700-b6bc-b44cb8a1cdc9,caf59565,2024-11-13,3548.01,payment,legit
14438018-bc87-4a00-b431-50025bf25051,1f004afd,2024-08-08,5796.29,transfer,legit
9d7073ea-0ceb-4a20-af6f-f55c9e8d06f5,63746bf4,2024-08-12,7334.41,withdrawal,legit
0d9db7b6-e665-4a32-a827-a6bca32627a9,003db8b9,2024-07-13,631.49,transfer,legit
9e8c6fd2-b9a7-4011-9fea-d2e7b65605b8,dbaf84fb,2024-02-03,5933.44,payment,legit
07290f1b-73b5-429d-bf16-55b9c4529d4d,be852b56,2024-06-11,9528.2,payment,legit
43715508-e451-4d33-8a52-82b255991454,828552ff,2024-12-30,2620.94,withdrawal,legit
d025a963-5b7a-4cb2-a9fc-81dd7d2e4c52,43268c17,2024-10-31,9088.27,payment,legit
1d148895-28f4-4c54-89d8-24d4b392ecc1,dd5d0feb,2024-11-22,9501.68,withdrawal,legit
bf86fc8a-0f27-4c19-98fc-3d5ad90524e1,77fa06e4,2024-10-27,2691.54,payment,legit
f3f519d3-8d1e-47c3-b302-2028d84ad4ac,354952fa,2024-02-07,7542.02,withdrawal,legit
fb8aa795-d13f-44e7-bf0d-dac45688cd6c,798e5dc2,2024-03-24,2387.75,withdrawal,legit
68310216-6ee5-4753-8a25-65101f444638,bb557958,2024-01-02,7376.11,payment,legit
93a364c3-fd84-474c-9da9-c7fa4d2c25b1,65f583e7,2024-04-20,7974.2,payment,legit
7df512a9-a08a-4510-9165-d8fa86512e53,987b9dae,2024-02-09,2472.06,payment,legit
0617ad53-1d5b-493d-9490-9a1895b1378f,f7d14743,2024-06-21,7158.7,withdrawal,legit
487ad1dd-55b6-4056-801a-ae8c0725416d,4e4f0e83,2024-09-04,8121.05,withdrawal,legit
3c896ded-62c4-4705-bb69-0f7dc8811833,6bccc025,2024-11-15,3585.79,payment,legit
b3444385-7ccc-4591-87fc-987e0bab3fca,69bcd3c3,2024-09-30,1677.03,payment,legit
a45d0397-640f-4560-a022-c22cd3f4e914,6ebb3af6,2024-12-08,919.65,transfer,legit
19becd16-7383-4bd3-8e05-40be009afb8d,6168a62c,2024-01-20,5753.82,payment,legit
a03598d8-4df6-4c7f-a7b3-7264d6966b3c,58a7bf74,2024-01-05,9780.98,transfer,legit
847272f1-1714-4554-b542-bf58457c45fa,df667f73,2024-08-29,8229.5,transfer,legit
02c80a6c-e3b9-43fd-974f-f92d0d6e47f8,5829e500,2024-04-15,4358.4,withdrawal,legit
ad77326a-089d-4da5-9d26-46cb13193f80,7c8f7bfa,2024-04-02,5366.21,payment,legit
e44f9d4d-55fd-4947-aca3-1d835841d192,2e3bd1a6,2024-04-30,2795.28,payment,legit
6c9dff3a-54f7-4373-b80b-9ca7b3128f32,c7fd34da,2024-04-08,1630.66,payment,legit
49eca354-1f04-4762-8e49-863e341717fc,e41a8450,2024-07-05,4820.81,withdrawal,fraud
4f22a463-1c73-46f7-94fa-2b3b173ef6fa,34001b09,2024-06-09,4635.02,payment,legit
30e2909b-f851-4a10-9c1e-98cd387dfefb,b4cede4f,2024-07-06,5219.3,payment,legit
eeb545e3-efef-403f-a89b-3c50ef25a8f1,46ddce54,2024-09-02,9528.05,payment,legit
f8a9b592-6932-48a8-8d54-8e9c9c8db603,32bf0b06,2024-05-21,6038.95,payment,legit
b1ce38cf-5e5c-4ba3-8c1c-c4184a40abca,327f7356,2024-04-01,6057.72,transfer,legit
63d7e482-bfcb-4493-bdd6-bfc5eab8d59f,af291941,2024-03-01,1280.25,transfer,legit
d9691aac-5e13-45c4-8f08-8de75cb04a1c,609742d2,2024-05-07,9964.89,payment,legit
9d64f896-0640-4555-a281-75384daf0c65,6a34046f,2024-09-27,7728.45,payment,legit
5f5a28cb-ab9f-4389-a74b-6048324134cd,fa022035,2024-10-03,8772.03,withdrawal,legit
34ad77e9-1fee-452e-9a45-5c0388cd5ad4,9dd45a67,2024-08-31,4143.0,payment,legit
ad1fa9dc-42e1-4536-8ab5-cdebd6764667,38c0cff5,2024-03-26,5021.28,payment,legit
dc1980ee-b74b-4846-b49b-9efac82285b6,a1015822,2024-08-02,5220.84,payment,legit
d0b35d88-7749-4c0a-8434-081b1b282530,e908c922,2024-07-27,1940.95,payment,legit
21f383a1-5bec-4397-9d77-fce3f5853ce3,dcaaf21f,2024-06-25,6894.89,payment,legit
328271ab-bce9-469b-91e8-c6d5f6224c21,d4eb23dc,2024-07-19,9029.77,payment,legit
aec38506-387e-4f94-a8d8-943f13412492,49ad2283,2024-06-28,1637.06,payment,legit
ac5fe7f3-998a-4ebd-8ca8-e689a9d7cfb7,e474b1f9,2024-07-25,863.18,payment,legit
0463de63-6d49-43e2-98b5-3cd55fac05bf,76cd70d7,2024-09-18,7382.19,payment,legit
918fb1ff-a250-48f8-bd91-2d282dff1d72,a6f04010,2024-02-10,2732.02,withdrawal,legit
045863c3-ecff-4186-8f97-71805a6cef88,724925dd,2024-09-30,6238.63,payment,legit
39161f42-5122-4c16-8153-f8e0ba9c2093,6dc5581d,2024-02-19,6957.58,payment,legit
7b362776-38e5-4609-8664-f2b6f6ffa6a2,f93ed4ea,2024-01-25,3219.11,payment,legit
84b5baca-35ca-4848-8d17-ef62b97d0caf,e8e71030,2024-12-22,8151.45,transfer,legit
7e7cea12-c0b7-4823-a9c8-6ac5b27c262f,01cb1ab6,2024-12-15,5499.89,payment,legit
b80848bb-c65c-42b0-b7ba-29930c8d87f5,aa80a7c2,2024-01-23,8689.99,withdrawal,legit
046776ee-b90d-475c-87d2-ffd309f26cbe,25e5235d,2024-06-10,7632.94,payment,legit
1a828215-1894-45dc-bc25-fa4466e7f856,188a726e,2024-03-08,8685.76,payment,legit
2f2553c6-b89b-40af-81eb-ec3a349ff55d,3a7f69d8,2024-06-26,201.61,payment,legit
75d8ce3b-d686-410d-998b-9ab48647bcc0,f8951688,2024-10-30,2435.06,payment,legit
524b608d-89e9-46ef-a8af-73a24a37ff2d,236e3854,2024-12-12,900.08,payment,legit
da0b8eb2-366e-4188-a1f7-431546fddc29,4885d093,2024-08-19,4420.83,payment,legit
8723a337-d033-4c52-bc3e-75f717b855fe,e4d12ef0,2024-05-09,8899.6,payment,legit
9ddc7795-1ff5-4c94-bea4-274bee034866,e7dde2a1,2024-08-08,4675.4,payment,legit
9d85f370-2b8c-4264-a893-6af85935856c,5fcb3450,2024-04-23,8497.13,withdrawal,legit
9eb18e18-413f-4420-8d94-c9e1de2c965a,e0f7674f,2024-11-28,3271.78,transfer,legit
8f95c972-f6d4-42fa-98d2-b3415a210115,1dcccb5d,2024-11-13,3395.7,payment,legit
887cf373-0ae6-4189-8137-915b2d10c4e0,f1617b75,2024-07-22,8955.62,payment,legit
9c2a0eb5-77e8-4d7d-b6a7-28bd99821d98,95cd0d6f,2024-04-28,4258.17,payment,legit
5625dcfc-9628-4c60-9707-6c764f51ba57,249a7f33,2024-04-17,7897.65,payment,legit
c9fec642-a342-4dfa-913e-096679b55017,0499e153,2024-01-13,2366.44,payment,legit
e2542d3a-8bba-4d30-9de6-7ba6715ee2df,7ee2e733,2024-10-24,9488.01,payment,fraud
80db1b81-a722-4784-a7dd-527e99bd1812,288f3555,2024-06-13,5745.78,payment,legit
d952b78f-f7c5-40b8-9d06-75f3d13f085b,1d780774,2024-04-28,7593.24,transfer,legit
4d6d5f1c-66ff-4087-86ed-1d6fbe1f4e14,80b73a2e,2024-06-20,895.16,payment,legit
165f65a2-0150-442e-ac9f-26e4b2017567,89ebb46a,2024-10-25,4926.64,payment,legit
9009fc7a-8e1f-40ae-acab-e50fd4c7dd88,a23ba769,2024-02-15,9010.38,payment,legit
77fad46c-f371-46e2-8e1f-ead14e914bd9,13be7c9c,2024-11-09,8770.39,withdrawal,legit
5ff03833-52a8-41ed-ba81-435f4bafb2e5,017b1d36,2024-11-23,468.14,transfer,legit
24763992-098d-4fd5-8f59-14f50c6cc100,35f5c47d,2024-12-11,3036.98,payment,legit
00feb937-0fb1-4795-841e-c853ced291bf,32ad4d60,2024-05-25,4433.2,payment,legit
71b0bd0d-987d-4f04-90eb-70e9e34370d5,7ba654e1,2024-03-20,1722.65,payment,legit
